Time,PMT
1760531508.059295,5827
1760531508.171508,6228
1760531508.272747,5432
1760531508.373478,5628
1760531508.474186,5709
1760531508.57492,5211
1760531508.788356,5549
1760531508.788356,5549
1760531508.889085,5420
1760531508.989816,5281
1760531509.090574,5597
1760531509.191278,5640
1760531509.295981,5872
1760531509.502455,5454
1760531509.603197,5399
1760531509.703928,5380
1760531509.810643,5539
1760531509.911885,5758
1760531510.015619,5366
1760531510.116349,5887
1760531510.217585,5986
1760531510.318798,5443
1760531510.419533,5221
1760531510.520263,5678
1760531510.620993,5380
1760531510.72188,5848
1760531510.925337,6399
1760531511.026067,5767
1760531511.126824,5667
1760531511.227529,4696
1760531511.328258,5023
1760531511.42899,5668
1760531511.529719,5271
1760531511.63045,5082
1760531511.73118,5718
1760531511.932642,5063
1760531512.033373,5946
1760531512.134103,5529
1760531512.234834,5827
1760531512.335564,5082
1760531512.436295,5182
1760531512.536975,5502
1760531512.637708,5311
1760531512.738438,5380
1760531512.839169,5241
1760531512.940897,5357
1760531513.144382,4734
1760531513.246107,5505
1760531513.346843,5360
1760531513.447645,5337
1760531513.549373,5583
1760531513.650103,5658
1760531513.750834,5301
1760531513.851565,5807
1760531513.952295,5341
1760531514.053027,5807
1760531514.154753,5170
1760531514.255435,5293
1760531514.456895,5372
1760531514.557627,5519
1760531514.658357,4963
1760531514.759087,5678
1760531514.859818,5767
1760531514.960548,5321
1760531515.061308,5696
1760531515.162011,5501
1760531515.26279,5646
1760531515.363519,5589
1760531515.464278,5815
1760531515.566483,5743
1760531515.669211,5837
1760531515.871669,5681
1760531515.972399,5430
1760531516.073723,5526
1760531516.174453,5609
1760531516.276182,5916
1760531516.376912,5956
1760531516.479638,5714
1760531516.580368,5787
1760531516.681098,5370
1760531516.882564,5489
1760531516.882564,5489
1760531517.085666,5672
1760531517.188391,5246
1760531517.289121,5618
1760531517.389852,5886
1760531517.490583,5807
1760531517.591313,5648
1760531517.692043,5618
1760531517.792807,5577
1760531517.893505,5531
1760531517.994256,5587
1760531518.094966,5580
1760531518.196695,5691
1760531518.399659,5896
1760531518.500897,5235
1760531518.601628,5331
1760531518.702863,5699
1760531518.804591,5259
1760531518.908819,5487
1760531519.00955,5539
1760531519.11278,5444
1760531519.214509,5494
1760531519.316745,6055
1760531519.520927,5686
1760531519.520927,5686
1760531519.622654,5672
1760531519.82462,5350
1760531519.925859,5482
1760531520.026589,5370
1760531520.127633,5740
1760531520.228869,5215
1760531520.331234,5583
1760531520.431964,5777
1760531520.533701,4678
1760531520.63542,5937
1760531520.738146,5792
1760531520.838876,5827
1760531520.941121,5818
1760531521.042837,5520
1760531521.246306,5301
1760531521.350029,5871
1760531521.451756,5268
1760531521.553484,5603
1760531521.655212,5450
1760531521.75601,5704
1760531521.857704,5723
1760531521.959484,5531
1760531522.060221,5439
1760531522.16095,5410
1760531522.362918,5530
1760531522.466153,5691
1760531522.568876,5721
1760531522.671116,5624
1760531522.772843,5926
1760531522.873574,5182
1760531522.976796,5483
1760531523.077549,5449
1760531523.178258,5759
1760531523.278988,5896
1760531523.381713,5685
1760531523.483445,5838
1760531523.584176,5489
1760531523.785638,5628
1760531523.785638,5628
1760531523.988124,5468
1760531524.089859,5907
1760531524.190555,6107
1760531524.292282,5180
1760531524.393013,5430
1760531524.495035,5567
1760531524.595791,5587
1760531524.696496,5610
1760531524.79724,5806
1760531524.999687,5023
1760531525.101414,5475
1760531525.202145,5678
1760531525.302875,5589
1760531525.4056,5714
1760531525.507328,5613
1760531525.608099,5348
1760531525.708819,5986
1760531525.80952,5441
1760531525.91126,5445
1760531526.01299,5917
1760531526.218442,5436
1760531526.320196,5778
1760531526.420909,5868
1760531526.52163,5867
1760531526.622361,5569
1760531526.723091,5350
1760531526.823823,5350
1760531526.92555,5406
1760531527.026281,5549
1760531527.128009,5789
1760531527.22874,5082
1760531527.431198,5360
1760531527.532926,5544
1760531527.633656,5509
1760531527.735383,5367
1760531527.836115,5102
1760531527.93787,5758
1760531528.038572,5292
1760531528.139303,5390
1760531528.240034,5519
1760531528.340764,5301
1760531528.441517,5389
1760531528.542226,5570
1760531528.743687,5321
1760531528.844445,5369
1760531528.945907,5578
1760531529.046638,5370
1760531529.148369,5632
1760531529.249127,5557
1760531529.34983,5829
1760531529.450352,5680
1760531529.551083,5638
1760531529.651815,5152
1760531529.753542,5121
1760531529.958524,5806
1760531530.059232,5610
1760531530.159963,5440
1760531530.260637,5492
1760531530.361367,5470
1760531530.462098,5996
1760531530.562828,5509
1760531530.663559,5867
1760531530.76429,5460
1760531530.86502,5380
1760531530.966107,5559
1760531531.168565,5271
1760531531.269323,5458
1760531531.370027,5392
1760531531.470757,5916
1760531531.571488,5688
1760531531.673216,5347
1760531531.773946,5857
1760531531.874705,5617
1760531531.97543,5420
1760531532.076138,5064
1760531532.176869,5221
1760531532.379355,5405
1760531532.480058,5481
1760531532.580788,5380
1760531532.681546,5498
1760531532.78225,5481
1760531532.883008,5518
1760531532.984709,5250
1760531533.08546,5439
1760531533.186169,5977
1760531533.287382,5740
1760531533.388121,5568
1760531533.491845,5331
1760531533.694303,5249
1760531533.795034,5638
1760531533.895791,6272
1760531533.996527,5757
1760531534.097225,5590
1760531534.198048,5355
1760531534.298779,5350
1760531534.399509,5201
1760531534.500241,5628
1760531534.600971,5360
1760531534.701701,5450
1760531534.802431,5618
1760531535.006885,5261
1760531535.107615,5072
1760531535.208345,5539
1760531535.309616,6171
1760531535.410347,3861
1760531535.511078,3891
1760531535.611808,5370
1760531535.713563,5562
1760531535.814299,5400
1760531535.914998,5243
1760531536.015756,5547
1760531536.11646,5650
1760531536.318376,5355
1760531536.419092,5202
1760531536.519821,5549
1760531536.620552,5331
1760531536.721304,5409
1760531536.822043,5548
1760531536.922765,5152
1760531537.023476,5451
1760531537.124205,5390
1760531537.224936,5837
1760531537.325666,5529
1760531537.426425,5736
1760531537.628883,5319
1760531537.730373,5507
1760531537.831136,5329
1760531537.931864,5490
1760531538.032633,5329
1760531538.133363,5549
1760531538.234095,5271
1760531538.334858,5418
1760531538.435583,5718
1760531538.536286,5580
1760531538.638014,5219
1760531538.840472,5638
1760531538.941719,5540
1760531539.042449,5489
1760531539.14318,5321
1760531539.24391,5569
1760531539.344642,5529
1760531539.446369,5544
1760531539.547198,5018
1760531539.647896,5600
1760531539.748626,5479
1760531539.849364,5439
1760531539.952089,5422
1760531540.156542,5380
1760531540.257506,3585
1760531540.359235,5340
1760531540.459964,5718
1760531540.561693,5430
1760531540.663421,5495
1760531540.764151,5380
1760531540.864881,5777
1760531540.965612,5539
1760531541.066371,5845
1760531541.167883,5230
1760531541.268615,5271
1760531541.373347,5178
1760531541.579782,5291
1760531541.680645,5046
1760531541.781377,4914
1760531541.882107,5460
1760531541.982837,5479
1760531542.084566,5023
1760531542.186294,4079
1760531542.289025,5353
1760531542.390754,5436
1760531542.491484,5112
1760531542.59231,5048
1760531542.694039,5013
1760531542.89949,4933
1760531543.00077,5104
1760531543.101528,5667
1760531543.203229,5122
1760531543.303987,5428
1760531543.404689,5074
1760531543.506785,5279
1760531543.607515,5648
1760531543.708246,4864
1760531543.808978,5251
1760531543.909707,5480
1760531544.111848,4973
1760531544.213575,5603
1760531544.315303,5465
1760531544.416033,5668
1760531544.517762,5583
1760531544.619489,5672
1760531544.720223,5589
1760531544.820951,5470
1760531544.921681,5609
1760531545.022412,5360
1760531545.12414,5738
1760531545.325603,5281
1760531545.426841,5333
1760531545.527592,5866
1760531545.629298,5083
1760531545.731026,5249
1760531545.831757,5082
1760531545.932487,4010
1760531546.033243,4744
1760531546.13694,5361
1760531546.237671,5192
1760531546.340396,5519
1760531546.442124,5318
1760531546.54485,5062
1760531546.749532,5437
1760531546.85126,5524
1760531546.952988,5475
1760531547.055716,5199
1760531547.158948,5272
1760531547.259679,5023
1760531547.360409,5360
1760531547.46114,5390
1760531547.561871,5072
1760531547.662602,5460
1760531547.76433,5534
1760531547.86506,5519
1760531547.965797,5281
1760531548.169495,5288
1760531548.270226,5827
1760531548.370956,5132
1760531548.472684,5436
1760531548.573457,5686
1760531548.674747,4985
1760531548.775478,5747
1760531548.876208,5460
1760531548.977936,5357
1760531549.184394,5387
1760531549.285147,5061
1760531549.386001,5612
1760531549.487728,5062
1760531549.588476,5340
1760531549.689189,5451
1760531549.78992,5053
1760531549.890651,5698
1760531549.991381,5777
1760531550.092112,5618
1760531550.193257,5586
1760531550.294013,4118
1760531550.495447,2531
1760531550.597195,3312
1760531550.698215,5335
1760531550.799942,5819
1760531550.900673,5479
1760531551.001403,5132
1760531551.102134,5261
1760531551.203207,5669
1760531551.30391,5501
1760531551.404658,5528
1760531551.505392,4933
1760531551.607122,5465
1760531551.707853,5817
1760531551.911451,4869
1760531552.013181,2241
1760531552.118898,3263
1760531552.222621,4596
1760531552.325346,5607
1760531552.426583,5798
1760531552.527315,5460
1760531552.628045,5122
1760531552.728796,5717
1760531552.829526,5767
1760531552.930257,5539
1760531553.030987,5678
1760531553.131719,5400
1760531553.334176,5160
1760531553.434907,5489
1760531553.535638,5609
1760531553.636369,5569
1760531553.7371,5470
1760531553.83783,6026
1760531553.938561,5092
1760531554.039291,5241
1760531554.140021,5489
1760531554.240752,6194
1760531554.442214,5797
1760531554.542944,5519
1760531554.643675,5748
1760531554.744405,5499
1760531554.845645,5472
1760531554.946375,5906
1760531555.047106,5728
1760531555.249576,6035
1760531555.351291,5731
1760531555.452023,5430
1760531555.552754,5549
1760531555.653485,5986
1760531555.754761,5470
1760531555.856488,5485
1760531555.957219,5331
1760531556.057949,5460
1760531556.15868,5410
1760531556.25941,5549
1760531556.360142,5638
1760531556.563597,5554
1760531556.664511,5886
1760531556.765241,5241
1760531556.865971,5728
1760531556.966702,5579
1760531557.067433,5738
1760531557.169164,2133
1760531557.269892,2382
1760531557.370622,2859
1760531557.471353,3335
1760531557.572589,4780
1760531557.774049,5857
1760531557.87478,5886
1760531557.976509,5721
1760531558.077239,5430
1760531558.177969,5728
1760531558.2787,5569
1760531558.37943,5618
1760531558.480465,5710
1760531558.581195,6294
1760531558.681926,5440
1760531558.782657,5817
1760531558.883387,5499
1760531558.985115,5642
1760531559.188571,6204
1760531559.289302,5539
1760531559.390447,6119
1760531559.491178,5757
1760531559.591909,5718
1760531559.69264,5281
1760531559.79337,5807
1760531559.8941,5609
1760531559.994841,6194
1760531560.095562,5768
1760531560.197801,5770
1760531560.401263,5456
1760531560.501994,6204
1760531560.602725,5797
1760531560.703456,5479
1760531560.804186,6085
1760531560.904916,5440
1760531561.005648,5450
1760531561.106377,5748
1760531561.207447,5619
1760531561.308177,5132
1760531561.408908,5340
1760531561.612364,5712
1760531561.713094,5291
1760531561.819809,6115
1760531561.920539,5688
1760531562.02127,5201
1760531562.122431,5812
1760531562.223162,6055
1760531562.323892,5946
1760531562.424624,5886
1760531562.525381,5796
1760531562.726843,5676
1760531562.828543,5545
1760531562.929273,5331
1760531563.030003,5589
1760531563.130737,5320
1760531563.231465,5430
1760531563.332196,5946
1760531563.432926,5976
1760531563.533657,5817
1760531563.634388,5738
1760531563.736115,5613
1760531563.837844,5593
1760531563.939083,5936
1760531564.143535,5740
1760531564.244266,5430
1760531564.344997,5837
1760531564.445728,5867
1760531564.546458,5499
1760531564.647189,5946
1760531564.747919,5410
1760531564.849254,5733
1760531564.954966,5475
1760531565.061681,5730
1760531565.162412,5529
1760531565.264139,5554
1760531565.36487,5827
1760531565.568328,6045
1760531565.669776,5391
1760531565.770507,5579
1760531565.871238,5450
1760531565.971969,5936
1760531566.074695,5227
1760531566.176421,5927
1760531566.277153,5430
1760531566.377884,5648
1760531566.481607,5628
1760531566.583334,5563
1760531566.687057,5519
1760531566.889515,5308
1760531566.889515,5308
1760531567.097465,5607
1760531567.201186,5611
1760531567.301917,5946
1760531567.403645,5740
1760531567.504381,5936
1760531567.606108,5426
1760531567.70684,5936
1760531567.80757,6055
1760531567.90833,5805
1760531568.009031,5978
1760531568.111784,5537
1760531568.213484,5830
1760531568.314216,5658
1760531568.416941,5480
1760531568.619399,5544
1760531568.72013,5837
1760531568.822855,5568
1760531568.923586,5152
1760531569.025313,5731
1760531569.126044,5787
1760531569.227772,5318
1760531569.329787,4860
1760531569.430517,5877
1760531569.531248,5747
1760531569.734704,5936
1760531569.835434,5767
1760531569.937162,5632
1760531570.03889,5652
1760531570.139621,3931
1760531570.24186,5448
1760531570.343589,5648
1760531570.446313,5441
1760531570.548042,5632
1760531570.649769,5642
1760531570.750499,5340
1760531570.85123,5668
1760531570.95454,5759
1760531571.157819,5495
1760531571.259542,5534
1760531571.36127,5377
1760531571.462,5867
1760531571.562731,5211
1760531571.66446,4905
1760531571.767199,5937
1760531571.867915,5381
1760531571.968646,5241
1760531572.070374,5612
1760531572.172102,5877
1760531572.274827,5636
1760531572.37623,5147
1760531572.577691,5708
1760531572.577691,5708
1760531572.78015,5593
1760531572.880881,5489
1760531572.982648,5404
1760531573.084376,5770
1760531573.187101,5406
1760531573.287832,5410
1760531573.391556,5678
1760531573.493282,5406
1760531573.595011,5701
1760531573.696738,5711
1760531573.797979,6242
1760531573.898716,5003
1760531573.999448,5251
1760531574.202904,5334
1760531574.304631,5475
1760531574.40636,5553
1760531574.50709,5043
1760531574.608819,5678
1760531574.711543,5432
1760531574.8128,5579
1760531574.914529,5593
1760531575.016256,5210
1760531575.117984,5524
1760531575.220222,5689
1760531575.32195,5848
1760531575.423678,5848
1760531575.627134,5938
1760531575.728257,5458
1760531575.829496,5511
1760531575.930226,5599
1760531576.030957,5559
1760531576.131688,5777
1760531576.232923,5630
1760531576.334651,5966
1760531576.436383,5848
1760531576.53811,6016
1760531576.640835,5704
1760531576.843377,5172
1760531576.843377,5172
1760531577.049826,5280
1760531577.151553,5691
1760531577.252283,5787
1760531577.354011,5730
1760531577.454742,5092
1760531577.557215,5308
1760531577.660939,5543
1760531577.762474,5190
1760531577.863205,5400
1760531577.963935,5549
1760531578.064693,5260
1760531578.266506,5370
1760531578.266506,5370
1760531578.469471,5583
1760531578.570708,3812
1760531578.672436,5495
1760531578.773672,5393
1760531578.875741,4624
1760531578.976978,2627
1760531579.080702,5622
1760531579.181939,5650
1760531579.28267,5420
1760531579.383912,5076
1760531579.484642,5033
1760531579.686104,5261
1760531579.686104,5261
1760531579.89007,5139
1760531579.991796,5780
1760531580.092528,5330
1760531580.195253,5889
1760531580.298976,5743
1760531580.399706,5489
1760531580.500464,5547
1760531580.601168,5819
1760531580.702895,5573
1760531580.803625,5063
1760531580.904357,4834
1760531581.106815,5728
1760531581.207671,5492
1760531581.311394,5553
1760531581.41263,5571
1760531581.513359,5609
1760531581.615593,4929
1760531581.718319,5188
1760531581.819049,5539
1760531581.920778,5301
1760531582.022014,5492
1760531582.123252,5175
1760531582.224491,5136
1760531582.327215,5344
1760531582.529183,5479
1760531582.630664,5124
1760531582.731398,5737
1760531582.832786,5424
1760531582.934514,5787
1760531583.035649,5487
1760531583.137377,2742
1760531583.239105,511
1760531583.340832,466
1760531583.441563,625
1760531583.542294,446
1760531583.644022,560
1760531583.744752,546
1760531583.950204,550
1760531584.051405,583
1760531584.154131,885
1760531584.256366,1075
1760531584.358096,1409
1760531584.459012,1506
1760531584.561744,1965
1760531584.663474,2054
1760531584.764203,2521
1760531584.865439,3398
1760531584.96617,5261
1760531585.066903,5678
1760531585.168632,5750
1760531585.372309,5872
1760531585.372309,5872
1760531585.576362,5396
1760531585.678089,5386
1760531585.778821,5380
1760531585.879551,5599
1760531585.980282,6025
1760531586.08201,5898
1760531586.183738,5475
1760531586.285768,5851
1760531586.387495,5613
1760531586.489224,5632
1760531586.592946,4512
1760531586.7999,3783
1760531586.7999,3783
1760531587.002358,5152
1760531587.104085,5288
1760531587.205814,5579
1760531587.306544,5618
1760531587.411776,6024
1760531587.512505,5410
1760531587.613743,5817
1760531587.71547,6016
1760531587.817705,5383
1760531587.918435,5281
1760531588.020178,5356
1760531588.223635,5777
1760531588.223635,5777
1760531588.42709,6016
1760531588.528328,5748
1760531588.629058,6125
1760531588.72979,6264
1760531588.831028,5709
1760531588.932261,5591
1760531589.032992,5767
1760531589.133722,5688
1760531589.23463,5787
1760531589.33536,5261
1760531589.436091,5708
1760531589.537135,5710
1760531589.639864,5509
1760531589.842835,5313
1760531589.944563,5681
1760531590.0458,6035
1760531590.146531,5599
1760531590.24777,5521
1760531590.348501,5589
1760531590.449737,5284
1760531590.550468,5549
1760531590.653194,5831
1760531590.754922,5632
1760531590.857159,5790
1760531590.958887,6084
1760531591.059629,5251
1760531591.26387,5811
1760531591.365598,5730
1760531591.466328,5599
1760531591.567059,5688
1760531591.669785,5435
1760531591.770515,5529
1760531591.871245,5559
1760531591.972973,5406
1760531592.074701,6134
1760531592.175937,5837
1760531592.278663,5967
1760531592.483115,5440
1760531592.584844,5986
1760531592.686572,5935
1760531592.787302,5896
1760531592.888037,5479
1760531592.988767,5708
1760531593.090496,5777
1760531593.193551,5880
1760531593.295283,5956
1760531593.39701,5544
1760531593.498739,5698
1760531593.599721,5911
1760531593.700445,6274
1760531593.801176,5698
1760531593.902914,5170
1760531594.10636,5731
1760531594.208087,5386
1760531594.308819,6035
1760531594.410099,5548
1760531594.510836,5668
1760531594.611565,5757
1760531594.714291,5490
1760531594.815022,5678
1760531594.91675,5599
1760531595.01748,5668
1760531595.119208,5878
1760531595.322664,5986
1760531595.424671,5215
1760531595.525402,5708
1760531595.627129,5386
1760531595.72786,5450
1760531595.829098,5383
1760531595.929829,5460
1760531596.030559,5420
1760531596.131878,4322
1760531596.232609,2998
1760531596.333963,3729
1760531596.434694,4814
1760531596.536422,5907
1760531596.740875,5750
1760531596.841606,5499
1760531596.943334,5876
1760531597.044064,5718
1760531597.144794,5787
1760531597.246706,5806
1760531597.347436,5589
1760531597.449117,5909
1760531597.550843,5514
1760531597.651574,5807
1760531597.752305,5668
1760531597.857026,5799
1760531598.058486,4378
1760531598.15973,5629
1760531598.260464,5449
1760531598.361195,5996
1760531598.461925,5817
1760531598.562656,5499
1760531598.663387,6035
1760531598.764117,6294
1760531598.864848,5331
1760531598.965578,6045
1760531599.066309,6214
1760531599.167969,5843
1760531599.370427,5281
1760531599.471156,5857
1760531599.571887,5400
1760531599.672618,5370
1760531599.773349,5767
1760531599.874079,5688
1760531599.974829,3811
1760531600.075556,3236
1760531600.176287,3990
1760531600.277018,5420
1760531600.377749,5877
1760531600.579714,5410
1760531600.680437,5649
1760531600.781168,5350
1760531600.881898,5589
1760531600.982629,5767
1760531601.083359,5499
1760531601.18409,5857
1760531601.284821,5857
1760531601.385551,5400
1760531601.486282,5549
1760531601.587013,5271
1760531601.690736,5765
1760531601.893194,5554
1760531601.994636,5175
1760531602.095378,5558
1760531602.196087,5491
1760531602.296817,5321
1760531602.397548,5509
1760531602.498786,5057
1760531602.599689,5193
1760531602.700422,5033
1760531602.801153,5430
1760531602.901883,5350
1760531603.105845,5609
1760531603.206597,5399
1760531603.308302,5348
1760531603.409033,4993
1760531603.510269,3872
1760531603.610999,2918
1760531603.711731,3236
1760531603.812461,4973
1760531603.913193,5539
1760531604.014431,5393
1760531604.115162,5430
1760531604.215892,5549
1760531604.318619,5081
1760531604.521078,5259
1760531604.621809,5896
1760531604.72254,5658
1760531604.823924,5345
1760531604.924975,5165
1760531605.025727,5042
1760531605.12696,5324
1760531605.227692,5400
1760531605.328421,5162
1760531605.429152,5340
1760531605.529882,5420
1760531605.630614,5678
1760531605.835762,5262
1760531605.936492,5152
1760531606.037223,5628
1760531606.137954,5698
1760531606.238684,5390
1760531606.339415,5350
1760531606.440145,5152
1760531606.541416,5134
1760531606.643109,5762
1760531606.744591,5222
1760531606.845321,5509
1760531606.946052,5599
1760531607.149507,5470
1760531607.250238,5182
1760531607.35097,5271
1760531607.451699,5569
1760531607.553427,5229
1760531607.654672,5333
1760531607.755497,5127
1760531607.856231,5181
1760531607.956961,5182
1760531608.057693,5410
1760531608.158423,5390
1760531608.361878,5278
1760531608.46261,5569
1760531608.563345,5251
1760531608.664074,5748
1760531608.764805,5331
1760531608.865535,5013
1760531608.966266,5658
1760531609.066996,5112
1760531609.167727,5450
1760531609.268457,5390
1760531609.369188,5311
1760531609.469919,5996
1760531609.672377,5609
1760531609.773108,5549
1760531609.873866,5478
1760531609.974903,5255
1760531610.075633,5231
1760531610.176363,5579
1760531610.277094,5162
1760531610.378331,5541
1760531610.479796,5115
1760531610.580526,5251
1760531610.681257,4904
1760531610.781988,5400
1760531610.984446,5534
1760531611.085177,5648
1760531611.185907,5599
1760531611.286638,5470
1760531611.387368,5817
1760531611.488099,5281
1760531611.58883,5450
1760531611.68956,5688
1760531611.790291,5688
1760531611.891021,5400
1760531611.99275,5632
1760531612.093481,5430
1760531612.296936,5416
1760531612.397666,5470
1760531612.498397,5589
1760531612.599136,5687
1760531612.699859,5043
1760531612.800589,4884
1760531612.901319,5529
1760531613.00205,5390
1760531613.102781,5569
1760531613.204019,5817
1760531613.30475,5718
1760531613.40548,5489
1760531613.60794,5380
1760531613.709667,5455
1760531613.81339,5582
1760531613.91412,5410
1760531614.014851,5956
1760531614.116579,5318
1760531614.220301,5042
1760531614.321032,4854
1760531614.421762,5579
1760531614.52349,4974
1760531614.624221,5440
1760531614.724951,5321
1760531614.826679,5727
1760531615.029644,5448
1760531615.130377,5142
1760531615.231105,5271
1760531615.331835,5301
1760531615.435558,5315
1760531615.535856,5364
1760531615.636582,5132
1760531615.738317,4944
1760531615.842582,5313
1760531615.944299,5426
1760531616.047037,5674
1760531616.250481,5613
1760531616.352505,5263
1760531616.454232,5731
1760531616.55596,5563
1760531616.65669,5341
1760531616.758419,5209
1760531616.861144,5504
1760531616.962872,5229
1760531617.063603,5162
1760531617.165331,5229
1760531617.269519,5464
1760531617.371247,5563
1760531617.47198,5440
1760531617.674465,5120
1760531617.674465,5120
1760531617.775345,5174
1760531617.978801,5589
1760531618.079532,5251
1760531618.180262,5251
1760531618.284983,5420
1760531618.385713,5341
1760531618.488438,5499
1760531618.590165,4865
1760531618.692892,2880
1760531618.794647,4746
1760531618.895349,6027
1760531619.097817,5505
1760531619.097817,5505
1760531619.302262,5489
1760531619.403989,5475
1760531619.505246,5698
1760531619.60597,5579
1760531619.7067,5638
1760531619.807432,5668
1760531619.908162,5559
1760531620.008893,5112
1760531620.109623,5450
1760531620.210354,5122
1760531620.311085,5946
1760531620.412321,5413
1760531620.513052,5331
1760531620.617281,5382
1760531620.82045,5796
1760531620.921181,5430
1760531621.021911,5152
1760531621.122642,5380
1760531621.223372,5509
1760531621.325101,5780
1760531621.425831,5479
1760531621.52756,5377
1760531621.629287,5809
1760531621.731015,5671
1760531621.936466,5281
1760531622.037677,5374
1760531622.138411,5440
1760531622.239141,5688
1760531622.34087,5337
1760531622.4416,6135
1760531622.543328,5298
1760531622.645064,5130
1760531622.745793,5430
1760531622.847522,5465
1760531622.949815,5826
1760531623.153271,5579
1760531623.153271,5579
1760531623.355729,5907
1760531623.457457,5298
1760531623.559727,5411
1760531623.661041,5645
1760531623.762772,5357
1760531623.863501,5470
1760531623.964232,5460
1760531624.064962,5728
1760531624.168686,5871
1760531624.269416,5708
1760531624.370147,5569
1760531624.571608,5499
1760531624.672338,5618
1760531624.773363,5196
1760531624.874127,5319
1760531624.974856,5400
1760531625.075555,5283
1760531625.176286,5340
1760531625.277016,5460
1760531625.377747,5380
1760531625.478983,5255
1760531625.681163,5415
1760531625.781922,5220
1760531625.882624,5819
1760531625.983355,5360
1760531626.084085,5241
1760531626.184816,5162
1760531626.285457,5425
1760531626.386182,5827
1760531626.486912,5817
1760531626.587616,5580
1760531626.790102,5379
1760531626.890805,5600
1760531626.992533,5583
1760531627.093769,5353
1760531627.194502,5350
1760531627.295234,5618
1760531627.395963,5172
1760531627.496693,5390
1760531627.597424,5748
1760531627.698282,5730
1760531627.799013,5896
1760531627.899743,5549
1760531628.000474,5331
1760531628.103705,4620
1760531628.306196,5746
1760531628.406895,5590
1760531628.507624,5291
1760531628.608882,4799
1760531628.710609,5583
1760531628.81134,5420
1760531628.912557,5720
1760531629.014288,5504
1760531629.115048,5557
1760531629.215748,5580
1760531629.41721,5757
1760531629.518939,5301
1760531629.620666,5534
1760531629.721396,5221
1760531629.823631,5561
1760531629.925358,5858
1760531630.026115,5389
1760531630.126818,5233
1760531630.22755,5460
1760531630.32828,5331
1760531630.432003,5142
1760531630.547693,5091
1760531630.750152,5593
1760531630.850883,5599
1760531630.951613,5400
1760531631.052377,5041
1760531631.153074,5054
1760531631.253805,5648
1760531631.355079,5806
1760531631.455809,5648
1760531631.55654,5807
1760531631.657271,5857
1760531631.758002,5221
1760531631.861724,5509
1760531632.064182,5495
1760531632.164913,5648
1760531632.265643,5231
1760531632.366374,5499
1760531632.467104,6095
1760531632.567837,5886
1760531632.668566,6006
1760531632.769297,5380
1760531632.870027,5539
1760531632.970758,6006
1760531633.071521,5339
1760531633.172768,5106
1760531633.375192,3873
1760531633.475922,2084
1760531633.577159,2123
1760531633.67789,2382
1760531633.77862,3663
1760531633.879351,5460
1760531633.980082,5331
1760531634.080812,5519
1760531634.181551,5648
1760531634.282274,5480
1760531634.383047,6003
1760531634.58497,5499
1760531634.685701,5301
1760531634.786465,5726
1760531634.888195,5249
1760531634.98955,5288
1760531635.090281,5817
1760531635.191046,5577
1760531635.292517,5942
1760531635.393247,5450
1760531635.493977,5281
1760531635.594735,5438
1760531635.695439,5809
1760531635.796169,5301
1760531635.897819,5509
1760531636.101274,5485
1760531636.202031,5071
1760531636.302737,5302
1760531636.404266,5752
1760531636.505214,5299
1760531636.606944,5308
1760531636.707674,5152
1760531636.808405,5549
1760531636.909135,5241
1760531637.009866,6155
1760531637.110624,5359
1760531637.211327,5253
1760531637.416478,5100
1760531637.51723,5508
1760531637.617966,5062
1760531637.718669,5729
1760531637.8194,5589
1760531637.92013,5668
1760531638.020893,5775
1760531638.121592,5402
1760531638.222355,5488
1760531638.424383,5847
1760531638.52611,5583
1760531638.628836,5188
1760531638.730563,5849
1760531638.831295,5033
1760531638.933021,5337
1760531639.033752,5142
1760531639.134991,5590
1760531639.235721,5757
1760531639.336452,6055
1760531639.437182,5628
1760531639.537915,5926
1760531639.640638,5490
1760531639.843098,5259
1760531639.944137,5374
1760531640.044905,5517
1760531640.145626,5609
1760531640.24643,5257
1760531640.347172,5280
1760531640.447902,5509
1760531640.548611,5560
1760531640.649287,5592
1760531640.749988,5431
1760531640.850718,5698
1760531641.054174,5544
1760531641.154904,5162
1760531641.255881,5238
1760531641.363596,5529
1760531641.465323,5455
1760531641.566054,5460
1760531641.667782,5337
1760531641.769024,5274
1760531641.869754,5549
1760531641.970485,5321
1760531642.071216,5231
1760531642.172454,5689
1760531642.273185,5589
1760531642.474841,5380
1760531642.575568,5301
1760531642.676298,5559
1760531642.777029,5321
1760531642.87776,5013
1760531642.978491,5470
1760531643.07922,5261
1760531643.179951,5321
1760531643.280682,5579
1760531643.381414,5469
1760531643.482143,5023
1760531643.582874,4973
1760531643.785332,5499
1760531643.886063,5628
1760531643.986815,5756
1760531644.087524,5352
1760531644.188255,5529
1760531644.288985,5470
1760531644.389716,5420
1760531644.490685,5140
1760531644.591416,5321
1760531644.692147,5549
1760531644.793385,5333
1760531644.896109,5436
1760531645.098568,5450
1760531645.200296,5671
1760531645.301026,5390
1760531645.401763,5271
1760531645.502492,5539
1760531645.603731,5324
1760531645.705458,5583
1760531645.807186,5151
1760531645.907916,3216
1760531646.008647,3901
1760531646.109378,4794
1760531646.210109,5489
1760531646.41157,5410
1760531646.5123,5470
1760531646.61303,5370
1760531646.713761,5748
1760531646.814492,5628
1760531646.915222,5470
1760531647.015953,5122
1760531647.116711,3195
1760531647.217922,1047
1760531647.318654,5559
1760531647.420381,5180
1760531647.521112,5450
1760531647.724569,5652
1760531647.826296,5465
1760531647.927534,5166
1760531648.028264,5301
1760531648.128993,5281
1760531648.230721,5033
1760531648.331451,5539
1760531648.432182,5529
1760531648.532913,5410
1760531648.633643,5460
1760531648.835104,5400
1760531648.935835,5608
1760531649.036907,5629
1760531649.137636,5569
1760531649.238367,4983
1760531649.339097,5142
1760531649.440334,5215
1760531649.541572,4978
1760531649.642303,2293
1760531649.743034,3196
1760531649.945003,5146
1760531650.045734,5192
1760531650.146465,4993
1760531650.247195,5251
1760531650.348432,5324
1760531650.450159,5485
1760531650.55089,5311
1760531650.651621,5162
1760531650.752351,5152
1760531650.853082,5360
1760531650.953812,5162
1760531651.055541,5386
1760531651.156272,5609
1760531651.257998,5583
1760531651.462452,5259
1760531651.563183,4864
1760531651.663913,5579
1760531651.765074,5328
1760531651.865805,5231
1760531651.966536,5380
1760531652.067266,5202
1760531652.167997,5053
1760531652.37245,5239
1760531652.474181,5465
1760531652.575911,5583
1760531652.67815,5402
1760531652.778882,5618
1760531652.880097,5601
1760531652.98185,5493
1760531653.08355,5162
1760531653.185278,5465
1760531653.287007,5563
1760531653.388734,5691
1760531653.489466,5291
1760531653.69293,5499
1760531653.794656,5701
1760531653.897382,5431
1760531653.999109,5416
1760531654.09984,5628
1760531654.201595,5130
1760531654.302299,5471
1760531654.404028,5504
1760531654.506342,5774
1760531654.607075,5529
1760531654.709801,5259
1760531654.810531,5390
1760531654.91226,5386
1760531655.113725,5321
1760531655.21596,5467
1760531655.317689,5777
1760531655.418926,5511
1760531655.519657,5718
1760531655.620597,5498
1760531655.721327,5271
1760531655.822064,5092
1760531655.922792,5420
1760531656.023544,5617
1760531656.124254,5292
1760531656.224999,5508
1760531656.426967,4953
1760531656.527729,5200
1760531656.628736,5296
1760531656.729421,5373
1760531656.830668,5807
1760531656.931399,5360
1760531657.03213,5321
1760531657.132861,5201
1760531657.234097,5096
1760531657.334855,4644
1760531657.436065,4851
1760531657.637583,5289
1760531657.738485,5906
1760531657.839215,5132
1760531657.939946,5023
1760531658.041317,5544
1760531658.142075,5051
1760531658.242806,5390
1760531658.343536,5202
1760531658.444745,5394
1760531658.545476,5062
1760531658.746937,5102
1760531658.847833,5015
1760531658.949546,5584
1760531659.050594,5472
1760531659.151325,5321
1760531659.252615,5489
1760531659.353346,4785
1760531659.454077,5221
1760531659.554895,5475
1760531659.656098,5187
1760531659.756828,4914
1760531659.858064,5195
1760531660.060036,5827
1760531660.160766,5609
1760531660.262005,5570
1760531660.36274,4983
1760531660.463971,5077
1760531660.564701,4844
1760531660.665968,5312
1760531660.767666,5172
1760531660.868904,5126
1760531660.969635,5489
1760531661.070872,5492
1760531661.274833,5195
1760531661.375563,5430
1760531661.4768,5136
1760531661.577531,5460
1760531661.678768,5442
1760531661.779498,5926
1760531661.880258,5478
1760531661.981981,5691
1760531662.08324,5283
1760531662.184724,5380
1760531662.285454,5638
1760531662.492264,5349
1760531662.593502,5936
1760531662.694205,5560
1760531662.794983,5308
1760531662.895742,5577
1760531662.996445,5402
1760531663.097684,5126
1760531663.198884,5652
1760531663.299614,5569
1760531663.400348,5509
1760531663.501106,4992
1760531663.602823,5446
1760531663.808279,5401
1760531663.909009,5450
1760531664.00974,5698
1760531664.11047,5877
1760531664.211661,5623
1760531664.31236,5491
1760531664.413604,5501
1760531664.514335,5499
1760531664.615082,5439
1760531664.715812,5509
1760531664.816543,5489
1760531664.920266,5775
1760531665.021994,5504
1760531665.226447,5470
1760531665.327177,5559
1760531665.428413,5590
1760531665.529018,5387
1760531665.630478,5066
1760531665.73224,5316
1760531665.83296,5837
1760531665.9337,5092
1760531666.0344,5392
1760531666.135101,4905
1760531666.337067,5241
1760531666.337067,5241
1760531666.439302,5343
1760531666.642265,5245
1760531666.742997,4387
1760531666.844233,5334
1760531666.945549,5379
1760531667.047782,5526
1760531667.148535,5607
1760531667.249777,5393
1760531667.350526,5627
1760531667.451657,5230
1760531667.553355,5300
1760531667.655588,4939
1760531667.757314,5042
1760531667.959282,5092
1760531668.060522,5482
1760531668.161759,5037
1760531668.262491,5489
1760531668.363224,5489
1760531668.464444,5749
1760531668.565153,5302
1760531668.666389,5413
1760531668.76712,5728
1760531668.968581,5628
1760531668.968581,5628
1760531669.172548,5593
1760531669.273784,5511
1760531669.376509,5451
1760531669.477744,6163
1760531669.579473,5848
1760531669.680709,5689
1760531669.782437,4109
1760531669.883167,4864
1760531669.983898,5926
1760531670.085625,5327
1760531670.186357,5688
1760531670.387819,5668
1760531670.387819,5668
1760531670.591273,5750
1760531670.692985,5574
1760531670.793718,5618
1760531670.895446,5445
1760531670.997175,5668
1760531671.097904,5450
1760531671.199632,5465
1760531671.30136,6025
1760531671.40209,5499
1760531671.503819,5524
1760531671.606573,5848
1760531671.808067,5557
1760531671.909768,5339
1760531672.011496,5780
1760531672.113224,5278
1760531672.213955,5519
1760531672.315682,5888
1760531672.416423,5707
1760531672.518152,5455
1760531672.618872,5629
1760531672.720599,5495
1760531672.822829,5428
1760531672.924585,5483
1760531673.025286,5749
1760531673.228743,4688
1760531673.33047,5052
1760531673.431782,5606
1760531673.533509,5396
1760531673.634241,5698
1760531673.735989,5828
1760531673.837696,5421
1760531673.938427,5718
1760531674.042151,5608
1760531674.143877,6055
1760531674.247601,5539
1760531674.349768,5246
1760531674.453479,5659
1760531674.656935,4983
1760531674.758663,5347
1760531674.861879,4921
1760531674.96261,5499
1760531675.063341,5311
1760531675.165068,3637
1760531675.266796,4423
1760531675.368524,5554
1760531675.470253,5718
1760531675.570983,5599
1760531675.672711,5608
1760531675.773441,5341
1760531675.876167,5577
1760531676.079623,5886
1760531676.181351,5563
1760531676.282082,5499
1760531676.383808,5475
1760531676.484539,5201
1760531676.58527,5043
1760531676.686001,5509
1760531676.786732,5509
1760531676.890454,5389
1760531676.992203,5680
1760531677.093909,5909
1760531677.194641,5579
1760531677.296369,5495
1760531677.498828,5787
1760531677.600556,5190
1760531677.701287,6085
1760531677.803013,5839
1760531677.904941,5270
1760531678.005725,5754
1760531678.108454,5704
1760531678.210181,5573
1760531678.312415,5363
1760531678.414143,5259
1760531678.515871,5539
1760531678.6166,5182
1760531678.717331,5420
1760531678.918837,5618
1760531678.918837,5618
1760531679.121326,5454
1760531679.222056,5341
1760531679.324841,5350
1760531679.426569,5465
1760531679.5273,5658
1760531679.629027,5524
1760531679.730756,5721
1760531679.832483,5298
1760531679.935209,5072
1760531680.03594,5122
1760531680.13667,4844
1760531680.238398,5003
1760531680.340126,5321
1760531680.544579,5688
1760531680.645315,5271
1760531680.748041,5470
1760531680.849277,5660
1760531680.950009,5638
1760531681.050739,5549
1760531681.153236,6019
1760531681.253979,5260
1760531681.358687,5351
1760531681.459417,5529
1760531681.560329,5539
1760531681.762426,5152
1760531681.864154,5514
1760531681.964885,4904
1760531682.066119,5037
1760531682.168849,5548
1760531682.270576,5563
1760531682.372305,5569
1760531682.474203,5230
1760531682.574929,5599
1760531682.676656,5327
1760531682.777387,4685
1760531682.879115,5495
1760531682.979845,5450
1760531683.185297,5268
1760531683.286574,5361
1760531683.387303,5380
1760531683.490028,5249
1760531683.590759,5460
1760531683.692487,5298
1760531683.794215,5809
1760531683.895943,5318
1760531683.996673,5251
1760531684.098401,5426
1760531684.200128,5298
1760531684.301857,5544
1760531684.405581,5900
1760531684.608038,5291
1760531684.608038,5291
1760531684.711761,5231
1760531684.915217,5281
1760531685.019937,5599
1760531685.120667,5539
1760531685.222905,5858
1760531685.32463,5642
1760531685.426358,5618
1760531685.528086,5937
1760531685.631738,5315
1760531685.733466,5190
1760531685.835194,5888
1760531686.037,5468
1760531686.037,5468
1760531686.238465,5589
1760531686.340191,5426
1760531686.444523,5472
1760531686.545254,5698
1760531686.646981,5662
1760531686.747712,5698
1760531686.850438,6093
1760531686.952165,5888
1760531687.052895,5638
1760531687.153626,6006
1760531687.254358,5837
1760531687.456815,5698
1760531687.557546,6065
1760531687.658278,5728
1760531687.759007,5877
1760531687.860735,5946
1760531687.961467,5350
1760531688.063194,5569
1760531688.163925,5460
1760531688.265011,6321
1760531688.366738,5672
1760531688.46747,5668
1760531688.569197,5563
1760531688.670925,6194
1760531688.772655,5308
1760531688.873386,5638
1760531689.076707,5723
1760531689.177437,5519
1760531689.278168,6035
1760531689.378899,5589
1760531689.482621,5681
1760531689.584349,5514
1760531689.68508,6174
1760531689.786812,6123
1760531689.88954,5762
1760531689.991267,5947
1760531690.091999,5688
1760531690.294469,5896
1760531690.395015,5659
1760531690.495746,5470
1760531690.598498,5508
1760531690.705186,5437
1760531690.805916,5609
1760531690.908642,5470
1760531691.009372,5976
1760531691.110103,5926
1760531691.210833,5966
1760531691.311564,5668
1760531691.412295,5529
1760531691.513052,5577
1760531691.614752,5791
1760531691.715484,5658
1760531691.91894,5858
1760531692.020667,5681
1760531692.122404,1779
1760531692.223252,198
1760531692.323983,297
1760531692.425475,285
1760531692.526178,357
1760531692.627934,265
1760531692.728755,257
1760531692.829991,316
1760531692.932513,364
1760531693.139958,253
1760531693.139958,253
1760531693.347402,277
1760531693.449131,393
1760531693.550859,297
1760531693.651589,297
1760531693.75232,317
1760531693.85357,434
1760531693.954302,357
1760531694.055032,466
1760531694.155763,426
1760531694.25749,471
1760531694.358221,655
1760531694.56068,4705
1760531694.662407,5898
1760531694.764689,5530
1760531694.866388,5535
1760531694.970604,5373
1760531695.071366,5637
1760531695.172065,5888
1760531695.273792,5593
1760531695.375029,5995
1760531695.476757,5809
1760531695.577487,5817
1760531695.679216,5829
1760531695.781941,5733
1760531695.884666,5402
1760531696.088122,5327
1760531696.189849,5301
1760531696.29058,5807
1760531696.391401,5544
1760531696.49313,6202
1760531696.593859,5738
1760531696.695587,5937
1760531696.797316,5609
1760531696.898075,5756
1760531696.999775,5732
1760531697.101502,5327
1760531697.202233,6313
1760531697.405689,5511
1760531697.506419,5847
1760531697.60715,5350
1760531697.708877,5524
1760531697.809609,5460
1760531697.910366,5726
1760531698.012066,5570
1760531698.112797,5460
1760531698.214525,5966
1760531698.315277,5190
1760531698.41699,4955
1760531698.518712,5328
1760531698.621437,5529
1760531698.822929,5299
1760531698.822929,5299
1760531699.027382,5071
1760531699.129138,5306
1760531699.232325,5313
1760531699.333055,5559
1760531699.434784,5400
1760531699.535514,5479
1760531699.637242,5514
1760531699.737972,5499
1760531699.839701,4875
1760531699.940431,5043
1760531700.04216,5311
1760531700.143887,5347
1760531700.346863,5164
1760531700.447594,5152
1760531700.548324,5321
1760531700.649055,5261
1760531700.749786,5201
1760531700.850517,5648
1760531700.951247,5152
1760531701.051977,5360
1760531701.152828,5076
1760531701.25356,5559
1760531701.355332,5433
1760531701.556821,5440
1760531701.657557,5171
1760531701.758283,5569
1760531701.858987,5729
1760531701.960713,5328
1760531702.061446,5003
1760531702.162176,5221
1760531702.262933,5319
1760531702.364634,5024
1760531702.465394,5389
1760531702.566095,5392
1760531702.767515,5439
1760531702.868257,5280
1760531702.968984,5569
1760531703.069713,5202
1760531703.170416,5491
1760531703.271148,5539
1760531703.371878,5291
1760531703.472637,5518
1760531703.573378,5082
1760531703.674109,5400
1760531703.774844,5221
1760531703.978326,5518
1760531704.079057,5321
1760531704.179759,5749
1760531704.28049,5618
1760531704.381221,5043
1760531704.481978,5508
1760531704.582683,5133
1760531704.683937,5155
1760531704.784668,5589
1760531704.885433,5448
1760531704.986136,5312
1760531705.187625,5319
1760531705.288355,5638
1760531705.38906,5531
1760531705.489789,5619
1760531705.59052,5658
1760531705.691252,5489
1760531705.792688,5313
1760531705.893417,4854
1760531705.994148,5450
1760531706.095875,5878
1760531706.196607,5400
1760531706.398583,5392
1760531706.499304,5480
1760531706.600036,5380
1760531706.701511,5528
1760531706.802242,5400
1760531706.902973,5618
1760531707.003703,5658
1760531707.105432,5436
1760531707.206162,5499
1760531707.30789,5554
1760531707.40862,5450
1760531707.509351,5221
1760531707.610082,5996
1760531707.815532,5589
1760531707.916478,5270
1760531708.01721,5698
1760531708.118447,5442
1760531708.219177,5698
1760531708.319938,5577
1760531708.420668,5072
1760531708.521399,5340
1760531708.622129,4894
1760531708.72286,5489
1760531708.824589,4629
1760531709.026049,5748
1760531709.12678,5331
1760531709.22751,5827
1760531709.328241,5460
1760531709.428972,5440
1760531709.529702,5390
1760531709.631431,5937
1760531709.832892,5221
1760531709.93462,5563
1760531710.03635,6006
1760531710.137077,5083
1760531710.237808,5698
1760531710.339537,5475
1760531710.440267,5450
1760531710.540997,5827
1760531710.641728,5857
1760531710.742458,5460
1760531710.84319,5182
1760531710.943921,5172
1760531711.045648,5172
1760531711.251098,5455
1760531711.352827,4816
1760531711.454554,5877
1760531711.560272,5240
1760531711.661002,5082
1760531711.761747,5042
1760531711.862463,5222
1760531711.964007,5101
1760531712.064738,5559
1760531712.165469,5738
1760531712.268194,5198
1760531712.37092,5436
1760531712.572887,5561
1760531712.674123,5590
1760531712.774821,5352
1760531712.875551,5489
1760531712.976282,5092
1760531713.077012,5271
1760531713.177744,5350
1760531713.278474,6016
1760531713.379205,5489
1760531713.479963,5468
1760531713.684389,5370
1760531713.785471,5263
1760531713.887198,5160
1760531713.987929,5787
1760531714.088661,5847
1760531714.189391,5291
1760531714.290121,5370
1760531714.390851,5678
1760531714.491583,5450
1760531714.592346,5607
1760531714.693047,4945
1760531714.794778,4698
1760531714.895508,3871
1760531715.096969,5847
1760531715.1977,5698
1760531715.298431,5609
1760531715.399161,5112
1760531715.499892,5331
1760531715.600622,5738
1760531715.701353,6016
1760531715.803081,5799
1760531715.903839,3940
1760531716.004542,4895
1760531716.1053,5418
1760531716.30724,5255
1760531716.407971,5142
1760531716.508701,5837
1760531716.609433,5698
1760531716.710163,5301
1760531716.810893,5231
1760531716.911833,5458
1760531717.012566,5797
1760531717.113806,5758
1760531717.214537,5519
1760531717.315267,5678
1760531717.417641,5841
1760531717.6201,5475
1760531717.72083,5549
1760531717.821561,5519
1760531717.922563,5296
1760531718.023294,6234
1760531718.124023,6016
1760531718.224774,5816
1760531718.326482,5574
1760531718.428211,5485
1760531718.528942,5261
1760531718.730402,5638
1760531718.831133,5638
1760531718.931863,5311
1760531719.032594,5489
1760531719.133324,5847
1760531719.234057,5499
1760531719.334788,5628
1760531719.435518,5559
1760531719.53625,5747
1760531719.637976,5898
1760531719.739024,5433
1760531719.943855,5588
1760531720.045581,5239
1760531720.146313,2869
1760531720.247042,3415
1760531720.347773,4368
1760531720.448504,5906
1760531720.549235,5668
1760531720.649965,5986
1760531720.750695,5867
1760531720.851426,5807
1760531720.952157,5698
1760531721.05588,5562
1760531721.158605,5529
1760531721.361063,5622
1760531721.461794,5837
1760531721.562524,5489
1760531721.663255,5678
1760531721.763985,5867
1760531721.86572,5504
1760531721.966951,5867
1760531722.067683,6135
1760531722.168412,5797
1760531722.269143,6313
1760531722.370201,5511
1760531722.472774,5995
1760531722.5745,6242
1760531722.775961,6125
1760531722.876691,6522
1760531722.977422,5599
1760531723.080148,6135
1760531723.181875,5426
1760531723.282606,6085
1760531723.383586,6209
1760531723.484316,5738
1760531723.586044,5750
1760531723.686775,6204
1760531723.891794,6190
1760531723.993026,5689
1760531724.095751,5868
1760531724.198484,6122
1760531724.301209,6006
1760531724.40194,5867
1760531724.506169,5504
1760531724.606899,5708
1760531724.70763,5896
1760531724.809358,6055
1760531724.913083,6440
1760531725.014808,5514
1760531725.115539,5678
1760531725.317,5628
1760531725.317,5628
1760531725.520455,5380
1760531725.622185,5976
1760531725.723905,5698
1760531725.825631,5837
1760531725.926362,5579
1760531726.027845,6227
1760531726.129082,5729
1760531726.229813,5261
1760531726.33105,5343
1760531726.43178,5440
1760531726.53493,5777
1760531726.737896,5531
1760531726.737896,5531
1760531726.941859,5906
1760531727.043586,5386
1760531727.144823,5590
1760531727.247548,5850
1760531727.348786,5877
1760531727.450139,6087
1760531727.553341,5280
1760531727.655069,5613
1760531727.755587,5600
1760531727.85632,5598
1760531727.957051,5777
1760531728.15854,5776
1760531728.25927,5658
1760531728.360479,5473
1760531728.462207,5052
1760531728.563444,5956
1760531728.665171,5799
1760531728.766408,5906
1760531728.867351,6033
1760531728.969079,5380
1760531729.070807,5229
1760531729.171537,6462
1760531729.272829,5726
1760531729.374557,6330
1760531729.577016,5553
1760531729.67877,5415
1760531729.779474,5421
1760531729.881237,5620
1760531729.981968,5837
1760531730.08366,5673
1760531730.184907,4780
1760531730.28663,3489
1760531730.388361,5420
1760531730.489119,5686
1760531730.59082,5899
1760531730.691616,5764
1760531730.79232,5193
1760531730.995776,5327
1760531731.097503,5662
1760531731.199239,5789
1760531731.300966,5524
1760531731.403692,5500
1760531731.505421,5632
1760531731.607657,5751
1760531731.708387,5251
1760531731.810116,5470
1760531731.910846,5350
1760531732.013571,5258
1760531732.115299,5957
1760531732.218455,5651
1760531732.420915,5519
1760531732.522647,5819
1760531732.623378,5946
1760531732.72462,5857
1760531732.825354,5231
1760531732.927102,5719
1760531733.028803,5550
1760531733.129554,5518
1760531733.232273,5749
1760531733.333987,5623
1760531733.434495,5492
1760531733.535226,5956
1760531733.636273,5690
1760531733.838501,5706
1760531733.940256,5460
1760531734.04395,6183
1760531734.144681,5053
1760531734.246409,5740
1760531734.348137,5750
1760531734.449889,5434
1760531734.550596,5739
1760531734.651327,5420
1760531734.753054,5436
1760531734.853785,5211
1760531734.954516,5301
1760531735.056244,5389
1760531735.258703,5590
1760531735.360448,5209
1760531735.461161,6007
1760531735.562888,4895
1760531735.66368,5178
1760531735.76554,5478
1760531735.866272,5877
1760531735.967001,5539
1760531736.067736,5310
1760531736.175471,5411
1760531736.27619,5708
1760531736.377902,5053
1760531736.479166,5441
1760531736.682594,5479
1760531736.783352,5270
1760531736.885055,4709
1760531736.986275,5127
1760531737.086979,5491
1760531737.188707,5485
1760531737.290435,5628
1760531737.391165,5499
1760531737.491923,5637
1760531737.592626,5789
1760531737.693573,5557
1760531737.794306,5459
1760531737.995805,5787
1760531738.096536,5648
1760531738.197774,5817
1760531738.298505,5489
1760531738.399236,5390
1760531738.499967,5331
1760531738.601695,5357
1760531738.70442,5360
1760531738.806147,5701
1760531738.906878,5648
1760531739.007608,5360
1760531739.108338,5569
1760531739.209097,5686
1760531739.411529,5241
1760531739.512285,5915
1760531739.613022,5668
1760531739.713742,5450
1760531739.81445,5481
1760531739.915181,5053
1760531740.015971,5536
1760531740.116679,5769
1760531740.217431,5349
1760531740.318414,5278
1760531740.419147,5410
1760531740.520875,5180
1760531740.722336,5708
1760531740.823012,5463
1760531740.923773,5398
1760531741.024473,5620
1760531741.125205,5618
1760531741.225935,5072
1760531741.326687,4873
1760531741.427901,5157
1760531741.528632,5728
1760531741.629362,5470
1760531741.730093,4953
1760531741.830846,5448
1760531742.032307,4834
1760531742.133037,5271
1760531742.233768,5370
1760531742.334498,5499
1760531742.435551,4799
1760531742.536284,5023
1760531742.637013,5231
1760531742.737743,5678
1760531742.839471,5780
1760531742.940202,5787
1760531743.041439,4968
1760531743.14217,5608
1760531743.34496,5333
1760531743.445692,5618
1760531743.546421,5757
1760531743.647153,5519
1760531743.747883,5638
1760531743.848614,5142
1760531743.949344,5698
1760531744.050075,5470
1760531744.150806,5231
1760531744.251794,5663
1760531744.352525,5221
1760531744.553986,5470
1760531744.654717,5440
1760531744.755448,5569
1760531744.856177,5569
1760531744.956908,5201
1760531745.057638,5559
1760531745.158879,5274
1760531745.260115,5077
1760531745.360871,5726
1760531745.461576,5521
1760531745.562306,5112
1760531745.66304,5271
1760531745.864498,5331
1760531745.965228,5221
1760531746.065966,5191
1760531746.167009,5839
1760531746.267739,5420
1760531746.36847,5718
1760531746.469201,5489
1760531746.569932,5440
1760531746.670662,4785
1760531746.771393,5211
1760531746.872123,5549
1760531746.973066,5240
1760531747.174528,5479
1760531747.276255,5593
1760531747.376986,5777
1760531747.477717,5519
1760531747.578359,5564
1760531747.679068,5689
1760531747.779799,5112
1760531747.88053,5797
1760531747.98126,5221
1760531748.081991,5410
1760531748.182721,5331
1760531748.28646,5660
1760531748.490913,5241
1760531748.591644,5261
1760531748.692374,5926
1760531748.793478,5568
1760531748.894091,5575
1760531748.994822,5966
1760531749.095553,5599
1760531749.196283,5172
1760531749.297014,5321
1760531749.397772,5438
1760531749.499472,4847
1760531749.6012,4679
1760531749.701932,5549
1760531749.905387,5083
1760531750.006117,5479
1760531750.106848,5331
1760531750.207578,5569
1760531750.308309,5728
1760531750.40904,5420
1760531750.510302,5461
1760531750.611006,5828
1760531750.711736,5658
1760531750.812493,5706
1760531750.915192,5472
1760531751.028292,5487
1760531751.130021,5190
1760531751.332204,5515
1760531751.43344,5630
1760531751.534196,5766
1760531751.635272,5639
1760531751.736002,5311
1760531751.836734,5330
1760531751.937464,5499
1760531752.038196,5797
1760531752.139922,5465
1760531752.241651,5925
1760531752.344406,5196
1760531752.446105,5771
1760531752.548829,5432
1760531752.752313,5627
1760531752.853015,5551
1760531752.953746,5350
1760531753.054508,5597
1760531753.155207,5561
1760531753.255979,6033
1760531753.356712,5271
1760531753.457443,5797
1760531753.558172,5450
1760531753.658903,5618
1760531753.760139,6065
1760531753.86087,6075
1760531753.964592,5678
1760531754.167051,6035
1760531754.267781,5360
1760531754.368542,5855
1760531754.46932,6142
1760531754.570051,5618
1760531754.670781,5043
1760531754.771827,5739
1760531754.872556,5420
1760531754.973287,5757
1760531755.075015,6134
1760531755.175746,5618
1760531755.276893,5595
1760531755.480375,5975
1760531755.582077,5820
1760531755.683312,5472
1760531755.787541,6160
1760531755.888699,5852
1760531755.991397,6192
1760531756.093157,5188
1760531756.19585,5657
1760531756.296967,5706
1760531756.397697,5529
1760531756.499425,5681
1760531756.600157,5519
1760531756.701885,5603
1760531756.904356,5747
1760531757.006071,5977
1760531757.108164,4260
1760531757.208895,4685
1760531757.309631,5846
1760531757.413354,5765
1760531757.514084,5638
1760531757.615812,5573
1760531757.71754,5789
1760531757.818303,6004
1760531758.019731,5789
1760531758.019731,5789
1760531758.221193,5390
1760531758.322921,5662
1760531758.426332,5318
1760531758.527062,5599
1760531758.627793,6055
1760531758.728524,5688
1760531758.830265,5728
1760531758.930982,5540
1760531759.031713,5450
1760531759.133448,5642
1760531759.234179,5489
1760531759.436637,5132
1760531759.538366,5504
1760531759.641091,5870
1760531759.742818,5917
1760531759.843994,5406
1760531759.945721,5593
1760531760.047449,5681
1760531760.149178,5406
1760531760.250413,5778
1760531760.352141,5760
1760531760.453875,5420
1760531760.554599,5520
1760531760.65533,5261
1760531760.857927,5569
1760531760.95985,5533
1760531761.061578,5809
1760531761.163306,5337
1760531761.265034,5489
1760531761.366762,5445
1760531761.467493,5767
1760531761.569221,5573
1760531761.671745,5811
1760531761.772475,5827
1760531761.874203,5787
1760531761.974946,5568
1760531762.07766,5594
1760531762.17839,5281
1760531762.279123,5847
1760531762.485351,5599
1760531762.5871,5818
1760531762.687808,5560
1760531762.789537,5534
1760531762.890268,5430
1760531762.990998,5678
1760531763.093724,6125
1760531763.195462,5415
1760531763.298182,5361
1760531763.399911,5465
1760531763.500642,5340
1760531763.704618,5193
1760531763.805369,5052
1760531763.90609,6284
1760531764.007807,5299
1760531764.108538,5668
1760531764.209267,5251
1760531764.31299,5591
1760531764.41372,5311
1760531764.514452,5807
1760531764.615181,5688
1760531764.715913,5738
1760531764.817709,5235
1760531764.920428,5691
1760531765.12372,5489
1760531765.224857,5181
1760531765.32559,5261
1760531765.427318,5470
1760531765.528049,5956
1760531765.629776,5210
1760531765.732503,5209
1760531765.834229,5337
1760531765.934961,5519
1760531766.035691,5559
1760531766.136422,5648
1760531766.339878,5420
1760531766.441662,5315
1760531766.544006,5315
1760531766.64673,5568
1760531766.747462,5460
1760531766.849418,5698
1760531766.950151,5440
1760531767.051913,5630
1760531767.152643,5559
1760531767.254371,5436
1760531767.356099,5475
1760531767.457828,5298
1760531767.558585,5676
1760531767.762014,5777
1760531767.864739,5529
1760531767.966467,5455
1760531768.068211,5327
1760531768.17092,6007
1760531768.272648,5681
1760531768.373662,5444
1760531768.475389,5347
1760531768.57612,5430
1760531768.677848,5082
1760531768.778578,5678
1760531768.879791,5246
1760531768.982516,5870
1760531769.185972,5271
1760531769.287209,5847
1760531769.387965,5617
1760531769.489693,5534
1760531769.590424,5221
1760531769.691154,5529
1760531769.791889,5727
1760531769.892619,5509
1760531769.993352,5450
1760531770.095078,5681
1760531770.195808,5678
1760531770.296539,5628
1760531770.398267,5662
1760531770.600725,5331
1760531770.701456,5499
1760531770.802187,5777
1760531770.902917,5350
1760531771.003649,5380
1760531771.104383,5579
1760531771.205113,5410
1760531771.305871,5746
1760531771.406575,5680
1760531771.508302,5219
1760531771.609038,5837
1760531771.812492,5579
1760531771.913223,5370
1760531772.013953,5549
1760531772.114684,5489
1760531772.215414,5221
1760531772.316145,5509
1760531772.416876,5063
1760531772.517627,5508
1760531772.618891,5658
1760531772.719594,5243
1760531772.820325,5420
1760531772.922054,5160
1760531773.124512,5082
1760531773.225242,5400
1760531773.325973,5470
1760531773.426703,5509
1760531773.528036,5565
1760531773.628767,5549
1760531773.729449,5641
1760531773.831176,5445
1760531773.931907,5539
1760531774.032637,5609
1760531774.133369,5529
1760531774.336284,5270
1760531774.436992,5123
1760531774.537726,5698
1760531774.639483,5247
1760531774.740181,5302
1760531774.840912,5251
1760531774.941643,5450
1760531775.042401,5021
1760531775.143104,5441
1760531775.244502,5720
1760531775.345204,5223
1760531775.445935,5251
1760531775.546672,5211
1760531775.749631,5389
1760531775.851358,4718
1760531775.953088,5221
1760531776.056319,5221
1760531776.157178,5254
1760531776.258904,5485
1760531776.359635,5589
1760531776.460366,5460
1760531776.561105,5489
1760531776.662053,5190
1760531776.762786,4953
1760531776.964247,5549
1760531777.064978,4814
1760531777.166213,5264
1760531777.266943,5261
1760531777.367674,5628
1760531777.468404,5092
1760531777.569158,5379
1760531777.670886,5357
1760531777.771616,5241
1760531777.872346,4993
1760531777.973077,5122
1760531778.175697,5369
1760531778.276401,4786
1760531778.377131,5241
1760531778.47789,4892
1760531778.578593,4796
1760531778.67935,4982
1760531778.780053,4816
1760531778.88076,5401
1760531778.981494,5330
1760531779.082223,4963
1760531779.183952,4905
1760531779.38641,5033
1760531779.487141,5331
1760531779.587871,4705
1760531779.688602,5063
1760531779.789333,4933
1760531779.890063,5410
1760531779.990793,5192
1760531780.091525,5162
1760531780.192255,5013
1760531780.293964,5161
1760531780.498417,5259
1760531780.598942,4894
1760531780.699878,4943
1760531780.800609,5301
1760531780.90134,4914
1760531781.002097,5389
1760531781.102801,5014
1760531781.203531,3335
1760531781.304262,2730
1760531781.404992,3712
1760531781.505725,5509
1760531781.610472,4875
1760531781.814896,5013
1760531781.915627,5678
1760531782.016357,5162
1760531782.117654,4975
1760531782.218363,5699
1760531782.319134,5408
1760531782.419864,5013
1760531782.520595,5360
1760531782.621353,5488
1760531782.722056,4766
1760531782.823251,5721
1760531782.92398,5311
1760531783.127436,5559
1760531783.228167,5003
1760531783.328898,5013
1760531783.429628,5152
1760531783.530358,5112
1760531783.631091,5013
1760531783.73182,5212
1760531783.83255,5182
1760531783.93328,5082
1760531784.034011,4973
1760531784.13574,5229
1760531784.237468,5524
1760531784.338198,5072
1760531784.540657,5406
1760531784.641387,5420
1760531784.742118,5201
1760531784.842848,5340
1760531784.943579,5261
1760531785.04431,4914
1760531785.145041,6125
1760531785.245771,5450
1760531785.346746,5337
1760531785.447483,5936
1760531785.548185,5987
1760531785.648916,4725
1760531785.852372,5357
1760531785.953102,6135
1760531786.053927,4066
1760531786.154657,1975
1760531786.258661,4519
1760531786.359391,3901
1760531786.461119,5298
1760531786.562386,5924
1760531786.663627,5709
1760531786.76436,4258
1760531786.967354,6003
1760531787.068166,6060
1760531787.168899,5321
1760531787.26963,5916
1760531787.37036,5499
1760531787.471092,5867
1760531787.571821,5976
1760531787.672552,5529
1760531787.774313,5552
1760531787.875327,5543
1760531787.977052,5387
1760531788.178513,6115
1760531788.280241,5603
1760531788.38197,5544
1760531788.484694,5436
1760531788.585425,5648
1760531788.687153,5554
1760531788.787884,5718
1760531788.890609,6113
1760531788.991342,5757
1760531789.09207,5758
1760531789.293532,5757
1760531789.395271,5278
1760531789.495991,5698
1760531789.59672,5857
1760531789.697451,5658
1760531789.79869,5353
1760531789.899474,6459
1760531790.000176,6246
1760531790.101905,5485
1760531790.202668,5706
1760531790.303398,5827
1760531790.404124,5946
1760531790.508818,5776
1760531790.610545,5740
1760531790.813519,5866
1760531790.914248,5916
1760531791.01495,6256
1760531791.115683,5618
1760531791.216414,5718
1760531791.317885,5242
1760531791.419615,5622
1760531791.520374,5537
1760531791.621076,6077
1760531791.721807,5658
1760531791.925196,5936
1760531792.025953,5428
1760531792.126656,5709
1760531792.227387,5370
1760531792.328118,5906
1760531792.428848,6145
1760531792.5301,5362
1760531792.630834,5866
1760531792.731561,5668
1760531792.832292,5847
1760531792.93336,5778
1760531793.034118,5667
1760531793.23655,5350
1760531793.33728,5509
1760531793.438017,5241
1760531793.538745,6155
1760531793.639498,5627
1760531793.740258,5795
1760531793.840962,5898
1760531793.941692,5579
1760531794.049914,5314
1760531794.151641,5386
1760531794.25226,6042
1760531794.352991,5489
1760531794.455717,5451
1760531794.658177,5251
1760531794.758906,5331
1760531794.859658,5707
1760531794.960367,5858
1760531795.061097,5777
1760531795.162046,5527
1760531795.26278,5767
1760531795.36351,5410
1760531795.464241,5509
1760531795.564971,5648
1760531795.666207,5334
1760531795.867668,5688
1760531795.969396,5406
1760531796.070127,5499
1760531796.170889,5418
1760531796.272149,5372
1760531796.37288,5201
1760531796.47361,5559
1760531796.575338,5367
1760531796.676069,5996
1760531796.776799,5092
1760531796.87753,5380
1760531796.97826,5420
1760531797.079989,5259
1760531797.281449,5063
1760531797.382181,2918
1760531797.482911,5380
1760531797.583673,5359
1760531797.684372,5630
1760531797.785102,5777
1760531797.885833,5837
1760531797.986564,5886
1760531798.087295,6145
1760531798.188025,5807
1760531798.288756,5648
1760531798.389991,5640
1760531798.592423,5668
1760531798.693195,5755
1760531798.793957,5627
1760531798.89466,5501
1760531798.995426,5974
1760531799.096141,5619
1760531799.196852,5421
1760531799.298606,5552
1760531799.39931,5928
1760531799.500041,5767
1760531799.602766,5524
1760531799.805224,5797
1760531799.905955,5747
1760531800.007683,4816
1760531800.108417,5440
1760531800.209146,5738
1760531800.309875,5132
1760531800.410606,5718
1760531800.511336,5340
1760531800.612068,5628
1760531800.713794,4148
1760531800.814525,5797
1760531801.015986,5301
1760531801.116717,5380
1760531801.217448,5827
1760531801.318409,6150
1760531801.419133,5867
1760531801.519891,5667
1760531801.620594,5560
1760531801.721325,5301
1760531801.822561,5334
1760531801.924289,5740
1760531802.025019,5509
1760531802.12575,5837
1760531802.3312,5947
1760531802.431931,5509
1760531802.532661,5728
1760531802.633392,5360
1760531802.734123,5589
1760531802.834854,5767
1760531802.935584,5906
1760531803.036315,5579
1760531803.137045,5142
1760531803.237775,5946
1760531803.342004,5841
1760531803.443122,5656
1760531803.646607,6014
1760531803.747339,5916
1760531803.848049,5620
1760531803.949769,5741
1760531804.0505,5132
1760531804.151231,5529
1760531804.251962,5926
1760531804.352692,5628
1760531804.453422,5807
1760531804.554154,5599
1760531804.755632,6135
1760531804.755632,6135
1760531804.857343,5437
1760531805.0598,5549
1760531805.160531,5698
1760531805.262259,5731
1760531805.363987,5589
1760531805.465715,5691
1760531805.569414,5650
1760531805.671141,5819
1760531805.772868,4374
1760531805.874598,2536
1760531805.97735,3504
1760531806.178784,5599
1760531806.279514,5628
1760531806.380654,5863
1760531806.481387,5281
1760531806.582126,5539
1760531806.683845,5210
1760531806.784576,5738
1760531806.885177,5536
1760531806.985908,5251
1760531807.086667,5577
1760531807.18737,5819
1760531807.388831,5182
1760531807.388831,5182
1760531807.591289,5827
1760531807.693328,5674
1760531807.795063,5251
1760531807.896787,5583
1760531807.998515,5400
1760531808.099242,5708
1760531808.200966,5544
1760531808.302721,5503
1760531808.40542,5715
1760531808.507148,5599
1760531808.607877,5380
1760531808.810364,5647
1760531808.911667,5567
1760531809.013394,5229
1760531809.115096,5398
1760531809.216823,5449
1760531809.319085,4898
1760531809.4208,5381
1760531809.521532,5420
1760531809.622261,5827
1760531809.72399,5396
1760531809.825717,5524
1760531809.928442,5534
1760531810.031168,5227
1760531810.234624,3742
1760531810.234624,3742
1760531810.43808,5489
1760531810.53881,5400
1760531810.639541,5112
1760531810.741267,5849
1760531810.843993,5675
1760531810.945721,5534
1760531811.046452,5549
1760531811.14818,5799
1760531811.250906,5102
1760531811.361609,5004
1760531811.462339,4953
1760531811.563071,5807
1760531811.666793,5437
1760531811.767523,5559
1760531811.968985,5640
1760531812.070712,5180
1760531812.171443,5082
1760531812.272201,5696
1760531812.372932,5787
1760531812.473663,5479
1760531812.574876,4890
1760531812.676606,5357
1760531812.778333,5121
1760531812.879064,5301
1760531813.081533,5191
1760531813.081533,5191
1760531813.285591,5141
1760531813.387321,5367
1760531813.488052,5281
1760531813.589779,5455
1760531813.69051,5648
1760531813.791241,5827
1760531813.891971,5162
1760531813.992702,5539
1760531814.093433,5708
1760531814.194164,5251
1760531814.294894,5291
1760531814.49738,5488
1760531814.598115,5598
1760531814.699811,5575
1760531814.801539,5308
1760531814.903268,5111
1760531815.004996,5052
1760531815.105726,5589
1760531815.207454,5386
1760531815.309182,5504
1760531815.410909,5534
1760531815.512637,5465
1760531815.614365,5131
1760531815.717091,5392
1760531815.91955,5390
1760531816.021304,5238
1760531816.123005,5392
1760531816.223737,5340
1760531816.324466,5380
1760531816.425196,5628
1760531816.525928,5271
1760531816.626657,5192
1760531816.72785,5454
1760531816.828582,5102
1760531816.929312,5718
1760531817.030042,5718
1760531817.130753,5212
1760531817.231705,5042
1760531817.433165,5599
1760531817.533896,5261
1760531817.635133,5215
1760531817.73613,5643
1760531817.836862,5380
1760531817.937594,5420
1760531818.038324,4884
1760531818.139337,5474
1760531818.240715,5316
1760531818.341412,5372
1760531818.542874,5560
1760531818.542874,5560
1760531818.744867,5419
1760531818.84563,5369
1760531818.946392,4952
1760531819.047125,5956
1760531819.148363,4701
1760531819.249092,5311
1760531819.349823,5202
1760531819.450554,5301
1760531819.551312,5399
1760531819.652037,5559
1760531819.752746,5123
1760531819.855888,5177
1760531820.061342,5593
1760531820.162073,5847
1760531820.26319,5112
1760531820.363921,5360
1760531820.464651,5549
1760531820.565409,5974
1760531820.666112,5570
1760531820.767169,5610
1760531820.867921,5945
1760531820.96863,5570
1760531821.170596,5887
1760531821.271329,5728
1760531821.37206,5599
1760531821.47279,5777
1760531821.573521,5251
1760531821.674574,5640
1760531821.775332,6173
1760531821.876035,5650
1760531821.976767,5797
1760531822.077497,5867
1760531822.178227,5996
1760531822.278958,5648
1760531822.379688,5678
1760531822.483411,5422
1760531822.685873,5898
1760531822.786605,5549
1760531822.888332,5288
1760531822.989063,5470
1760531823.089793,5936
1760531823.190525,5559
1760531823.291255,5529
1760531823.392983,5701
1760531823.49391,5667
1760531823.594641,5053
1760531823.696369,4708
1760531823.898828,5837
1760531823.999558,5271
1760531824.100289,5579
1760531824.201042,5806
1760531824.30175,5540
1760531824.402481,5797
1760531824.503211,5281
1760531824.603943,5896
1760531824.704672,5628
1760531824.805404,5628
1760531824.906134,5638
1760531825.009857,5519
1760531825.112582,5733
1760531825.315878,5602
1760531825.417306,5964
1760531825.518036,5728
1760531825.618767,5797
1760531825.719519,5826
1760531825.820229,5868
1760531825.920972,6015
1760531826.021685,6007
1760531826.122461,5497
1760531826.223435,6110
1760531826.325163,5711
1760531826.429391,5689
1760531826.634842,5760
1760531826.735582,5757
1760531826.836304,6006
1760531826.937061,5706
1760531827.037765,5441
1760531827.138517,5339
1760531827.239254,5251
1760531827.339956,5451
1760531827.440687,5102
1760531827.541979,5518
1760531827.642709,5172
1760531827.74344,5906
1760531827.946896,5750
1760531828.048278,5839
1760531828.149036,5796
1760531828.250337,5587
1760531828.351035,5581
1760531828.451766,5489
1760531828.553004,5837
1760531828.653734,5479
1760531828.754465,5738
1760531828.955926,5799
1760531829.056657,5579
1760531829.159396,5101
1760531829.260218,5534
1760531829.360949,5559
1760531829.462678,5947
1760531829.563408,5489
1760531829.665136,5436
1760531829.765866,5887
1760531829.867594,6025
1760531829.969323,5440
1760531830.070053,5301
1760531830.171781,5529
1760531830.373254,5568
1760531830.373254,5568
1760531830.575216,5668
1760531830.675946,5400
1760531830.776677,5797
1760531830.877411,5529
1760531830.978138,5579
1760531831.078869,5757
1760531831.180597,5347
1760531831.281328,5529
1760531831.382058,5519
1760531831.482789,5638
1760531831.58352,4794
1760531831.68425,5688
1760531831.885711,5509
1760531831.986442,6224
1760531832.087172,5767
1760531832.187903,5946
1760531832.288636,5628
1760531832.389365,5509
1760531832.490095,5678
1760531832.591181,5579
1760531832.691912,5728
1760531832.792644,5460
1760531832.893402,5379
1760531833.09683,5436
1760531833.198062,5116
1760531833.298793,5479
1760531833.399523,5698
1760531833.500257,5549
1760531833.600989,5648
1760531833.701719,5738
1760531833.802477,5865
1760531833.903205,5499
1760531834.003935,5043
1760531834.104602,5284
1760531834.309057,5240
1760531834.410818,5336
1760531834.511514,5740
1760531834.613241,5426
1760531834.713973,5271
1760531834.814703,5271
1760531834.915469,5626
1760531835.016165,5471
1760531835.116895,5678
1760531835.217653,5528
1760531835.318619,5635
1760531835.419352,5678
1760531835.620842,5567
1760531835.721543,5690
1760531835.822295,5518
1760531835.923004,5570
1760531836.023735,5390
1760531836.124466,5470
1760531836.225196,5618
1760531836.325927,5718
1760531836.426658,5688
1760531836.527388,5281
1760531836.628118,5400
1760531836.729392,5420
1760531836.830123,5579
1760531837.033087,5760
1760531837.134325,5156
1760531837.235056,5390
1760531837.335786,5877
1760531837.436517,5579
1760531837.537266,5201
1760531837.637999,5618
1760531837.739235,5413
1760531837.839993,5686
1760531837.941202,5335
1760531838.041961,5408
1760531838.143198,5709
1760531838.345165,5758
1760531838.445895,5499
1760531838.546641,6124
1760531838.647384,5757
1760531838.748103,5728
1760531838.849071,5229
1760531838.949803,5479
1760531839.050534,6035
1760531839.151411,5481
1760531839.252142,5311
1760531839.352872,4755
1760531839.555015,4378
1760531839.655719,5401
1760531839.757085,5652
1760531839.857816,5708
1760531839.958547,5807
1760531840.059277,5877
1760531840.160008,5579
1760531840.26073,5222
1760531840.361826,5796
1760531840.462556,5053
1760531840.564791,5565
1760531840.665522,4914
1760531840.868488,5524
1760531840.969779,5192
1760531841.071508,5809
1760531841.172744,5432
1760531841.273475,5579
1760531841.374552,5668
1760531841.475324,5348
1760531841.576013,5531
1760531841.676743,5916
1760531841.778472,5618
1760531841.980439,5185
1760531842.081169,5678
1760531842.183406,5389
1760531842.284267,5185
1760531842.385504,5264
1760531842.486234,5668
1760531842.587497,5727
1760531842.689225,5789
1760531842.791433,5691
1760531842.99988,5388
1760531843.100606,5370
1760531843.202335,5190
1760531843.30506,5402
1760531843.40579,5132
1760531843.507518,5848
1760531843.608249,5638
1760531843.709976,5141
1760531843.810707,5549
1760531843.912434,5455
1760531844.013331,5312
1760531844.115059,4679
1760531844.217784,5110
1760531844.42124,5142
1760531844.523,5739
1760531844.623699,5233
1760531844.725426,4905
1760531844.826157,5479
1760531844.92732,5318
1760531845.028052,5430
1760531845.129828,5580
1760531845.231556,5003
1760531845.332821,5223
1760531845.433526,5223
1760531845.534256,5321
1760531845.636982,5295
1760531845.838443,5450
1760531845.940287,5115
1760531846.041218,6063
1760531846.142975,5257
1760531846.243685,5481
1760531846.345405,5701
1760531846.446647,5185
1760531846.548374,5740
1760531846.651099,5298
1760531846.75183,5827
1760531846.85256,5708
1760531846.953291,5340
1760531847.055019,5122
1760531847.25648,5509
1760531847.35724,5537
1760531847.457974,5003
1760531847.558672,5392
1760531847.659402,5340
1760531847.760133,5559
1760531847.860864,5996
1760531847.962334,5459
1760531848.063063,5509
1760531848.163795,5996
1760531848.264524,5817
1760531848.365255,5360
1760531848.567717,5662
1760531848.669447,5249
1760531848.770177,5360
1760531848.870908,5599
1760531848.971638,5867
1760531849.072369,5321
1760531849.1731,5509
1760531849.27383,5946
1760531849.374561,5271
1760531849.475292,5599
1760531849.576022,5489
1760531849.676752,5877
1760531849.880388,5161
1760531849.981121,5221
1760531850.081851,5202
1760531850.182581,5271
1760531850.283312,5102
1760531850.384043,5271
1760531850.484773,5370
1760531850.585504,5410
1760531850.686236,5469
1760531850.789958,5736
1760531850.890688,5152
1760531850.993413,5782
1760531851.19687,5340
1760531851.2976,5430
1760531851.39833,5082
1760531851.499061,5529
1760531851.599791,5370
1760531851.700522,5221
1760531851.801253,5321
1760531851.901983,5450
1760531852.002713,5082
1760531852.103444,5271
1760531852.205173,5603
1760531852.407144,5323
1760531852.507874,5748
1760531852.608605,5450
1760531852.709336,5549
1760531852.810066,5202
1760531852.910798,5331
1760531853.01254,5415
1760531853.113708,5258
1760531853.214433,5430
1760531853.315171,5678
1760531853.41591,5747
1760531853.5176,5428
1760531853.722053,5120
1760531853.823576,5584
1760531853.924301,5589
1760531854.025037,5479
1760531854.125769,5440
1760531854.226477,5769
1760531854.327203,5827
1760531854.427933,5648
1760531854.528688,5309
1760531854.629397,5401
1760531854.730127,5499
1760531854.831872,5995
1760531855.035339,5375
1760531855.13607,5817
1760531855.236772,5531
1760531855.337503,5261
1760531855.438908,5335
1760531855.539606,5422
1760531855.640338,5281
1760531855.741067,5777
1760531855.841798,5579
1760531855.942609,5197
1760531856.04434,5986
1760531856.145399,5313
1760531856.247104,5633
1760531856.449562,5791
1760531856.550292,5658
1760531856.651023,5380
1760531856.751753,5648
1760531856.852485,5658
1760531856.953215,5559
1760531857.053945,5817
1760531857.154676,5549
1760531857.255408,5519
1760531857.357135,5819
1760531857.457865,5956
1760531857.659349,5847
1760531857.761054,5447
1760531857.861785,5549
1760531857.962516,5549
1760531858.063657,5437
1760531858.164898,5709
1760531858.265629,5450
1760531858.366359,5549
1760531858.46709,5767
1760531858.567961,5680
1760531858.671686,5534
1760531858.773442,5493
1760531858.975873,6232
1760531859.076603,5728
1760531859.177355,5399
1760531859.278064,6126
1760531859.378826,5379
1760531859.479573,5568
1760531859.580304,5460
1760531859.681034,5221
1760531859.782762,5485
1760531859.883493,2809
1760531859.984389,327
1760531860.089078,372
1760531860.190806,275
1760531860.292605,294
1760531860.494575,248
1760531860.595306,248
1760531860.696036,397
1760531860.796767,446
1760531860.898496,226
1760531861.000223,255
1760531861.103945,408
1760531861.206698,330
1760531861.307401,287
1760531861.408132,327
1760531861.50889,327
1760531861.609593,347
1760531861.812052,277
1760531861.912783,307
1760531862.013513,258
1760531862.114244,307
1760531862.214974,416
1760531862.315705,337
1760531862.417463,334
1760531862.521186,272
1760531862.621917,357
1760531862.722647,397
1760531862.925105,304
1760531862.925105,304
1760531863.026833,255
1760531863.229799,306
1760531863.33053,317
1760531863.431259,297
1760531863.531991,287
1760531863.632722,317
1760531863.733452,337
1760531863.834182,347
1760531863.934913,208
1760531864.035644,307
1760531864.138381,304
1760531864.340744,317
1760531864.442473,337
1760531864.442473,337
1760531864.650911,245
1760531864.751643,248
1760531864.85337,245
1760531864.9541,258
1760531865.055828,275
1760531865.157557,226
1760531865.258287,188
1760531865.361013,265
1760531865.46274,226
1760531865.563505,277
1760531865.664201,208
1760531865.76593,297
1760531865.969385,301
1760531866.071113,344
1760531866.173839,287
1760531866.274568,248
1760531866.376297,208
1760531866.477028,218
1760531866.577758,297
1760531866.679486,373
1760531866.780217,307
1760531866.882941,360
1760531866.98467,337
1760531867.087395,282
1760531867.191166,269
1760531867.292895,277
1760531867.495352,327
1760531867.596083,218
1760531867.696835,258
1760531867.797572,277
1760531867.898274,297
1760531867.999006,317
1760531868.099974,257
1760531868.200687,228
1760531868.302415,216
1760531868.403148,218
1760531868.605061,208
1760531868.705789,287
1760531868.806519,287
1760531868.907778,345
1760531869.008509,297
1760531869.110236,363
1760531869.211965,129
1760531869.312696,277
1760531869.414424,314
1760531869.516151,255
1760531869.616881,347
1760531869.718609,216
1760531869.820338,446
1760531870.021798,317
1760531870.122529,268
1760531870.223259,258
1760531870.32399,277
1760531870.425719,275
1760531870.527445,344
1760531870.62917,377
1760531870.7309,393
1760531870.83215,424
1760531870.933878,314
1760531871.034609,287
1760531871.249313,327
1760531871.350043,268
1760531871.451771,432
1760531871.558486,186
1760531871.663206,202
1760531871.763936,297
1760531871.867382,409
1760531871.969109,294
1760531872.074827,285
1760531872.175557,277
1760531872.277285,285
1760531872.378016,307
1760531872.478978,396
1760531872.680442,287
1760531872.680442,287
1760531872.886889,340
1760531872.987619,268
1760531873.088351,307
1760531873.190078,353
1760531873.292803,350
1760531873.394469,275
1760531873.4952,248
1760531873.595931,337
1760531873.696662,367
1760531873.797392,317
1760531873.898123,228
1760531874.099587,198
1760531874.099587,198
1760531874.201312,275
1760531874.402773,307
1760531874.503504,268
1760531874.604967,354
1760531874.705698,258
1760531874.806429,297
1760531874.907159,268
1760531875.007891,277
1760531875.108621,317
1760531875.209351,248
1760531875.311079,294
1760531875.51382,306
1760531875.615549,226
1760531875.716279,228
1760531875.817545,236
1760531875.919829,303
1760531876.021596,343
1760531876.122322,317
1760531876.223618,345
1760531876.326346,294
1760531876.427075,357
1760531876.527807,357
1760531876.628537,287
1760531876.729496,316
1760531876.831225,344
1760531876.931956,327
1760531877.136409,294
1760531877.23714,297
1760531877.33787,327
1760531877.439597,363
1760531877.540329,228
1760531877.642077,353
1760531877.743806,278
1760531877.844535,277
1760531877.946244,327
1760531878.048237,235
1760531878.148942,278
1760531878.356387,373
1760531878.457116,287
1760531878.560087,255
1760531878.661794,294
1760531878.763173,286
1760531878.865925,253
1760531878.966628,377
1760531879.068847,322
1760531879.171575,294
1760531879.272338,337
1760531879.376028,194
1760531879.477756,344
1760531879.57999,215
1760531879.783051,337
1760531879.883782,238
1760531879.984512,268
1760531880.08624,245
1760531880.187968,265
1760531880.289696,324
1760531880.391424,327
1760531880.493151,255
1760531880.595878,226
1760531880.697605,285
1760531880.799332,265
1760531880.90106,265
1760531881.002233,286
1760531881.204692,248
1760531881.204692,248
1760531881.407151,481
1760531881.507881,258
1760531881.608611,347
1760531881.710339,324
1760531881.812578,283
1760531881.916295,294
1760531882.018023,275
1760531882.118753,317
1760531882.219484,337
1760531882.320719,286
1760531882.422448,324
1760531882.627898,221
1760531882.729625,285
1760531882.830357,327
1760531882.932576,293
1760531883.033306,367
1760531883.1357,332
1760531883.238411,389
1760531883.340139,324
1760531883.440869,307
1760531883.54259,265
1760531883.644319,265
1760531883.745975,265
1760531883.848701,292
1760531884.05116,258
1760531884.152491,266
1760531884.152491,266
1760531884.354949,367
1760531884.455593,308
1760531884.556811,246
1760531884.65854,255
1760531884.75927,268
1760531884.861026,265
1760531884.962267,424
1760531885.062965,248
1760531885.164109,296
1760531885.264867,258
1760531885.466301,277
1760531885.568095,334
1760531885.670806,314
1760531885.772535,334
1760531885.873266,287
1760531885.975989,350
1760531886.077728,294
1760531886.179445,383
1760531886.281174,317
1760531886.381904,377
1760531886.483633,287
1760531886.584362,218
1760531886.686091,324
1760531886.888056,268
1760531886.989815,353
1760531887.091571,296
1760531887.1923,347
1760531887.294029,324
1760531887.394915,218
1760531887.495645,248
1760531887.597373,334
1760531887.700099,340
1760531887.801826,275
1760531887.902557,327
1760531888.004285,334
1760531888.106026,324
1760531888.310471,188
1760531888.412197,245
1760531888.412197,245
1760531888.618642,407
1760531888.7194,248
1760531888.820103,307
1760531888.92183,393
1760531889.023558,334
1760531889.124289,287
1760531889.226019,226
1760531889.326748,387
1760531889.428476,275
1760531889.531201,353
1760531889.733659,294
1760531889.834923,237
1760531889.936624,216
1760531890.038353,373
1760531890.140081,327
1760531890.241836,294
1760531890.343536,285
1760531890.445295,235
1760531890.546993,235
1760531890.64872,304
1760531890.749451,377
1760531890.851212,265
1760531890.952935,314
1760531891.154369,277
1760531891.256096,334
1760531891.35783,442
1760531891.459579,206
1760531891.561282,314
1760531891.662451,316
1760531891.764182,287
1760531891.865926,275
1760531891.968635,275
1760531892.071382,369
1760531892.173088,238
1760531892.274816,314
1760531892.377549,330
1760531892.579002,367
1760531892.579002,367
1760531892.782459,275
1760531892.884186,422
1760531892.985914,277
1760531893.086646,258
1760531893.187376,347
1760531893.288617,246
1760531893.390345,397
1760531893.49307,340
1760531893.595796,324
1760531893.696526,337
1760531893.799251,330
1760531894.016671,297
1760531894.016671,297
1760531894.12139,276
1760531894.22212,337
1760531894.322853,337
1760531894.527304,265
1760531894.628035,307
1760531894.728766,268
1760531894.829496,297
1760531894.930227,337
1760531895.043926,369
1760531895.149641,305
1760531895.259103,1178
1760531895.360037,901
1760531895.460767,1151
1760531895.562495,1366
1760531895.66522,982
1760531895.765951,1240
1760531895.866681,1191
1760531896.068652,1244
1760531896.170378,1518
1760531896.271109,1240
1760531896.371839,1389
1760531896.47257,1221
1760531896.5733,1101
1760531896.674031,1191
1760531896.774762,1151
1760531896.877487,1268
1760531896.981209,1205
1760531897.081941,1290
1760531897.18267,1151
1760531897.283817,1225
1760531897.486781,1169
1760531897.587512,1171
1760531897.688242,1171
1760531897.788973,1409
1760531897.889704,1250
1760531897.990434,1260
1760531898.091165,1032
1760531898.192893,1081
1760531898.294628,560
1760531898.395358,416
1760531898.496088,307
1760531898.596819,476
1760531898.800247,347
1760531898.901493,335
1760531899.002223,1221
1760531899.103952,1159
1760531899.204682,1250
1760531899.305413,1221
1760531899.406143,1181
1760531899.506877,1360
1760531899.607605,1121
1760531899.810064,1350
1760531899.911793,1395
1760531900.016028,1256
1760531900.11779,1139
1760531900.218487,1181
1760531900.319218,1350
1760531900.419949,1141
1760531900.520679,1201
1760531900.62141,1131
1760531900.722168,1161
1760531900.822871,1161
1760531900.92363,1210
1760531901.025329,1199
1760531901.12606,1101
1760531901.328519,1131
1760531901.429251,1221
1760531901.529979,1171
1760531901.6308,1180
1760531901.731561,1250
1760531901.832285,1280
1760531901.932994,1141
1760531902.033725,1161
1760531902.134455,1121
1760531902.235186,1280
1760531902.336914,1181
1760531902.441655,1179
1760531902.647499,1199
1760531902.748257,1111
1760531902.849231,1228
1760531902.949997,1180
1760531903.050725,1379
1760531903.151454,1092
1760531903.252158,1499
1760531903.352888,1320
1760531903.560334,1069
1760531903.560334,1069
1760531903.664075,1243
1760531903.766799,1218
1760531903.969257,1429
1760531904.069988,1161
1760531904.170718,1151
1760531904.271449,1350
1760531904.372207,1032
1760531904.472911,1102
1760531904.574639,1258
1760531904.675369,1141
1760531904.7761,1181
1760531904.87683,1231
1760531904.977562,1260
1760531905.080286,1395
1760531905.285835,1227
1760531905.387543,1199
1760531905.489269,1140
1760531905.589999,1310
1760531905.691727,1258
1760531905.792485,1042
1760531905.893216,1141
1760531905.993947,1479
1760531906.09465,1280
1760531906.195408,1151
1760531906.296138,1389
1760531906.39784,1258
1760531906.499567,1189
1760531906.70402,1231
1760531906.80475,1280
1760531906.90548,1221
1760531907.006214,1151
1760531907.10794,1209
1760531907.20867,1191
1760531907.3094,1250
1760531907.411128,1419
1760531907.513362,1173
1760531907.615089,1218
1760531907.716817,1454
1760531907.818028,1156
1760531908.020623,1278
1760531908.12138,1558
1760531908.222084,1290
1760531908.323492,1232
1760531908.424223,1399
1760531908.524953,1419
1760531908.625683,1092
1760531908.726414,1151
1760531908.82914,1187
1760531908.93097,1394
1760531909.032699,1012
1760531909.134426,1150
1760531909.236156,1307
1760531909.440608,1197
1760531909.541338,1320
1760531909.642068,1360
1760531909.7428,1528
1760531909.845525,1343
1760531909.946256,1290
1760531910.049978,1464
1760531910.151705,1317
1760531910.252436,1379
1760531910.353168,1379
1760531910.453924,1359
1760531910.65537,1449
1760531910.757086,1769
1760531910.859811,2122
1760531910.961539,2310
1760531911.062271,3285
1760531911.163003,3305
1760531911.265735,4068
1760531911.367032,4847
1760531911.470756,5837
1760531911.574506,5937
1760531911.682194,5905
1760531911.782921,6333
1760531911.883652,6502
1760531911.98538,6910
1760531912.087205,6108
1760531912.188932,6094
1760531912.391924,6358
1760531912.494703,6201
1760531912.595433,6323
1760531912.696164,6482
1760531912.796894,6174
1760531912.898132,6627
1760531912.998894,6113
1760531913.100619,5996
1760531913.202346,6596
1760531913.303321,6645
1760531913.405048,6254
1760531913.50782,6519
1760531913.609547,6320
1760531913.813003,6438
1760531913.913762,5845
1760531914.014465,6246
1760531914.11719,6541
1760531914.218918,6212
1760531914.32021,7019
1760531914.420913,6782
1760531914.522151,6213
1760531914.623358,6501
1760531914.724091,6661
1760531914.825325,5996
1760531914.927054,6214
1760531915.029314,5906
1760531915.232223,5817
1760531915.332955,6512
1760531915.433706,6173
1760531915.534944,5995
1760531915.635679,6502
1760531915.736915,6114
1760531915.837652,6660
1760531915.938883,6737
1760531916.039614,6204
1760531916.141368,5935
1760531916.343827,6570
1760531916.445529,6204
1760531916.546258,5817
1760531916.647986,6841
1760531916.749714,6125
1760531916.850446,6432
1760531916.952173,6704
1760531917.053198,6186
1760531917.153928,6293
1760531917.25563,6204
1760531917.358358,6775
1760531917.460086,6723
1760531917.560817,6611
1760531917.662546,5966
1760531917.763276,6403
1760531917.965735,6702
1760531918.066491,5974
1760531918.167362,6424
1760531918.268093,5956
1760531918.369822,6730
1760531918.471571,6722
1760531918.573785,6540
1760531918.674515,6711
1760531918.775246,6353
1760531918.876974,6782
1760531918.979207,6687
1760531919.181692,6044
1760531919.181692,6044
1760531919.385121,6462
1760531919.486102,6050
1760531919.586802,7020
1760531919.688529,6782
1760531919.789261,6184
1760531919.890502,6341
1760531919.99224,6105
1760531920.09296,6443
1760531920.193692,6830
1760531920.396159,6343
1760531920.49689,6293
1760531920.599621,6473
1760531920.701344,6153
1760531920.802074,6790
1760531920.902805,5996
1760531921.00405,5916
1760531921.105778,6733
1760531921.207507,6379
1760531921.310231,6025
1760531921.413954,6609
1760531921.514684,6641
1760531921.616413,6428
1760531921.819869,7137
1760531921.921596,6224
1760531922.025319,5919
1760531922.127046,6468
1760531922.228921,6822
1760531922.330648,6615
1760531922.431378,6730
1760531922.533107,6743
1760531922.634283,6711
1760531922.735014,7038
1760531922.835746,6988
1760531922.937474,6890
1760531923.039201,6251
1760531923.241661,6674
1760531923.343388,6625
1760531923.445116,6399
1760531923.546844,6399
1760531923.648572,6254
1760531923.749303,7098
1760531923.852029,7067
1760531923.953762,6939
1760531924.054493,6095
1760531924.155224,6174
1760531924.25795,7166
1760531924.359676,6871
1760531924.460408,6859
1760531924.662867,6971
1760531924.765592,6814
1760531924.866144,6553
1760531924.966875,6631
1760531925.069126,6366
1760531925.170844,6282
1760531925.271576,6790
1760531925.373303,7087
1760531925.474034,6244
1760531925.574764,6701
1760531925.675496,6373
1760531925.776557,6214
1760531925.980013,6298
1760531926.08573,6668
1760531926.186461,6155
1760531926.287292,6565
1760531926.389022,6487
1760531926.489753,5797
1760531926.59148,6173
1760531926.698203,6565
1760531926.799132,6777
1760531926.899864,5926
1760531927.001082,6698
1760531927.102811,6254
1760531927.208526,6460
1760531927.309257,6502
1760531927.512731,6551
1760531927.512731,6551
1760531927.71519,6661
1760531927.81592,6790
1760531927.918382,6558
1760531928.02011,6271
1760531928.120841,6045
1760531928.221571,6194
1760531928.322303,6730
1760531928.424112,6600
1760531928.525842,6492
1760531928.62757,6822
1760531928.728806,6687
1760531928.931771,6418
1760531929.033687,6956
1760531929.134418,6512
1760531929.236145,6094
1760531929.338871,6681
1760531929.440106,6193
1760531929.540867,6063
1760531929.642594,6566
1760531929.745323,6405
1760531929.847048,6035
1760531929.948783,6379
1760531930.050578,6267
1760531930.151281,6534
1760531930.359235,6257
1760531930.359235,6257
1760531930.562704,6034
1760531930.664466,6230
1760531930.765196,5877
1760531930.866322,5784
1760531930.970044,6719
1760531931.071772,6055
1760531931.172967,6492
1760531931.273718,6868
1760531931.37542,6434
1760531931.477154,6497
1760531931.579873,6629
1760531931.783329,6350
1760531931.783329,6350
1760531931.986784,6409
1760531932.088512,6881
1760531932.19274,6543
1760531932.294467,6055
1760531932.395198,5837
1760531932.495961,5924
1760531932.596663,6246
1760531932.697243,6363
1760531932.799969,6454
1760531932.901697,6782
1760531933.002427,6462
1760531933.10316,6492
1760531933.21087,6081
1760531933.412331,6820
1760531933.515056,6162
1760531933.616785,6800
1760531933.717514,6909
1760531933.818246,6512
1760531933.919482,6726
1760531934.020212,6224
1760531934.120943,6075
1760531934.221674,6740
1760531934.322404,6720
1760531934.423136,6720
1760531934.523893,6927
1760531934.625133,6410
1760531934.831581,6492
1760531934.933309,6271
1760531935.036542,6360
1760531935.14126,5777
1760531935.242321,6154
1760531935.344048,6704
1760531935.44478,6671
1760531935.546506,7264
1760531935.647237,6075
1760531935.748233,6455
1760531935.848964,6145
1760531935.949694,6899
1760531936.050426,6353
1760531936.151182,6113
1760531936.355608,7038
1760531936.456366,6897
1760531936.558088,6714
1760531936.66071,6860
1760531936.762441,6851
1760531936.868158,6417
1760531936.969885,7008
1760531937.070617,6403
1760531937.171379,6689
1760531937.272077,6703
1760531937.372807,6313
1760531937.477542,6177
1760531937.579256,6724
1760531937.782712,7028
1760531937.883442,6532
1760531937.984173,6323
1760531938.084903,6323
1760531938.185635,6681
1760531938.287787,7197
1760531938.388517,6393
1760531938.48925,6105
1760531938.590976,6271
1760531938.692706,6800
1760531938.794433,5898
1760531938.89616,5514
1760531938.997888,6251
1760531939.200511,5799
1760531939.301242,6552
1760531939.40297,6350
1760531939.5037,6462
1760531939.605114,6300
1760531939.705845,6581
1760531939.806575,6691
1760531939.907263,6395
1760531940.007999,6571
1760531940.110794,6916
1760531940.314582,6025
1760531940.415874,6634
1760531940.517603,6792
1760531940.62332,6470
1760531940.725049,6517
1760531940.825778,6582
1760531940.926508,6810
1760531941.028267,6220
1760531941.128994,6383
1760531941.230724,6163
1760531941.332131,6537
1760531941.432861,6194
1760531941.533591,6174
1760531941.634322,6502
1760531941.838775,7008
1760531941.939507,6760
1760531942.041233,6006
1760531942.14396,6507
1760531942.244945,6198
1760531942.345676,6750
1760531942.4484,6804
1760531942.551126,6385
1760531942.652394,6961
1760531942.753318,6797
1760531942.85405,6492
1760531942.95478,6631
1760531943.055511,6343
1760531943.257987,6674
1760531943.366697,6045
1760531943.468424,6694
1760531943.569155,6383
1760531943.670392,6460
1760531943.771075,6545
1760531943.872514,6861
1760531943.973262,6799
1760531944.074973,6282
1760531944.175715,6332
1760531944.276456,6204
1760531944.378142,6783
1760531944.481864,6102
1760531944.684343,6451
1760531944.785081,6730
1760531944.88582,6442
1760531944.989542,6324
1760531945.090847,6199
1760531945.191577,6979
1760531945.293305,6910
1760531945.39405,6650
1760531945.495763,5898
1760531945.596494,5559
1760531945.797955,7882
1760531945.797955,7882
1760531945.905668,7307
1760531946.012383,6784
1760531946.21484,6889
1760531946.315701,5760
1760531946.417218,6471
1760531946.517949,6909
1760531946.618681,6512
1760531946.71941,6750
1760531946.82014,6611
1760531946.920899,6262
1760531947.021602,6673
1760531947.225076,6693
1760531947.225076,6693
1760531947.430509,7136
1760531947.531239,6760
1760531947.632247,6900
1760531947.733974,6674
1760531947.834705,6780
1760531947.936433,6537
1760531948.037164,6363
1760531948.137894,6462
1760531948.238625,6035
1760531948.339355,6840
1760531948.440086,6770
1760531948.541325,7447
1760531948.642056,6085
1760531948.743784,7372
1760531948.947239,6143
1760531949.04797,6442
1760531949.148701,7842
1760531949.249431,7028
1760531949.350163,6353
1760531949.453885,6286
1760531949.661331,6261
1760531949.661331,6261
1760531949.864787,6654
1760531949.966513,6340
1760531950.070236,6366
1760531950.170967,6730
1760531950.271697,5867
1760531950.373425,6743
1760531950.474606,6236
1760531950.576337,6212
1760531950.679062,6502
1760531950.780789,6222
1760531950.881521,6155
1760531951.084983,6278
1760531951.084983,6278
1760531951.188701,7076
1760531951.392122,6293
1760531951.494263,6285
1760531951.594988,6056
1760531951.695697,6414
1760531951.796428,6859
1760531951.898157,6271
1760531951.999884,6478
1760531952.100615,6413
1760531952.201964,6689
1760531952.302695,7256
1760531952.40542,6317
1760531952.50615,6214
1760531952.607879,6595
1760531952.809339,6552
1760531952.91007,6939
1760531953.010749,7062
1760531953.112732,6911
1760531953.213463,7227
1760531953.316188,6687
1760531953.418941,7143
1760531953.519644,6841
1760531953.621402,6584
1760531953.722103,5938
1760531953.824004,6633
1760531953.925732,6733
1760531954.027004,6576
1760531954.230189,6534
1760531954.33092,6442
1760531954.431651,6164
1760531954.532381,6482
1760531954.633112,7266
1760531954.733842,6135
1760531954.834573,6214
1760531954.935303,7336
1760531955.036069,7065
1760531955.137763,6782
1760531955.342216,6419
1760531955.443945,6389
1760531955.545672,6989
1760531955.646402,6959
1760531955.748158,6397
1760531955.849254,6469
1760531955.958962,6623
1760531956.059691,6065
1760531956.160422,6274
1760531956.262149,6193
1760531956.36288,5797
1760531956.46361,6452
1760531956.564341,6432
1760531956.665071,6681
1760531956.86753,6114
1760531956.969259,6468
1760531957.070496,6776
1760531957.171228,6591
1760531957.272955,6920
1760531957.373686,6760
1760531957.475414,6566
1760531957.57814,6849
1760531957.679868,6664
1760531957.780597,6443
1760531957.881329,6849
1760531957.983062,6968
1760531958.185519,6507
1760531958.287252,6526
1760531958.388975,6222
1760531958.490138,6593
1760531958.593861,7317
1760531958.695588,6714
1760531958.796319,7237
1760531958.898047,6360
1760531958.998783,7177
1760531959.099897,7288
1760531959.201628,7415
1760531959.302388,6540
1760531959.407844,6825
1760531959.610302,7089
1760531959.711033,6750
1760531959.81276,6829
1760531959.913491,6462
1760531960.015219,6369
1760531960.116099,6334
1760531960.21683,6512
1760531960.317607,6400
1760531960.419356,6172
1760531960.521053,6666
1760531960.621784,6284
1760531960.722537,6550
1760531960.823282,6471
1760531961.026739,6319
1760531961.129463,6541
1760531961.230194,7127
1760531961.330924,6303
1760531961.431654,6502
1760531961.53338,6998
1760531961.633979,6898
1760531961.734709,6442
1760531961.835439,5708
1760531961.936191,6252
1760531962.037047,5978
1760531962.138286,6489
1760531962.23902,6283
1760531962.443474,7058
1760531962.544203,6403
1760531962.644934,6492
1760531962.748658,6285
1760531962.850385,6527
1760531962.951121,6452
1760531963.052848,6684
1760531963.153579,6681
1760531963.254337,6828
1760531963.356059,6871
1760531963.559493,7036
1760531963.660251,6738
1760531963.760954,6504
1760531963.862683,6532
1760531963.963413,7207
1760531964.064143,6135
1760531964.164875,6214
1760531964.266603,5947
1760531964.367339,6521
1760531964.468068,6939
1760531964.568801,6224
1760531964.77026,6961
1760531964.870991,6998
1760531964.971721,6631
1760531965.072452,6363
1760531965.173182,5906
1760531965.273913,6413
1760531965.374644,6512
1760531965.475377,7008
1760531965.576106,6065
1760531965.676836,6939
1760531965.777566,7048
1760531965.879294,6527
1760531966.08275,6320
1760531966.184478,6458
1760531966.285209,6542
1760531966.386112,6570
1760531966.486843,6105
1760531966.587573,6701
1760531966.688304,6413
1760531966.789035,6194
1760531966.889765,6572
1760531966.990495,6750
1760531967.091226,6512
1760531967.193955,6736
1760531967.397407,6517
1760531967.498137,6820
1760531967.599071,7252
1760531967.700801,6969
1760531967.801532,6740
1760531967.902263,6591
1760531968.002993,7306
1760531968.103724,6512
1760531968.204454,6194
1760531968.306184,6542
1760531968.406913,6075
1760531968.507644,6512
1760531968.608376,6542
1760531968.814823,6794
1760531968.915554,6810
1760531969.016283,6631
1760531969.117013,6244
1760531969.217744,6780
1760531969.318476,6194
1760531969.419206,5986
1760531969.519936,6393
1760531969.620667,5638
1760531969.722901,6242
1760531969.82563,6346
1760531970.028087,6323
1760531970.128819,6889
1760531970.231543,6074
1760531970.332296,6391
1760531970.433004,6702
1760531970.533735,6204
1760531970.634973,6203
1760531970.735703,6740
1760531970.836461,6073
1760531970.937195,5727
1760531971.037898,6275
1760531971.142615,6279
1760531971.246338,6584
1760531971.448801,6870
1760531971.549531,6651
1760531971.650262,6840
1760531971.750993,6055
1760531971.85272,6487
1760531971.953451,6393
1760531972.054182,6522
1760531972.154912,6571
1760531972.25565,6164
1760531972.356377,5827
1760531972.457108,6631
1760531972.560835,6430
1760531972.763289,5976
1760531972.865017,6576
1760531972.965748,6353
1760531973.067622,6586
1760531973.16835,6641
1760531973.269587,6568
1760531973.370318,5976
1760531973.471049,6998
1760531973.57178,6949
1760531973.67251,6492
1760531973.774238,6900
1760531973.876964,6142
1760531974.081416,5839
1760531974.182157,6075
1760531974.282905,6640
1760531974.383608,6097
1760531974.484339,6284
1760531974.585091,6421
1760531974.685828,6432
1760531974.786531,6126
1760531974.888263,6723
1760531974.98899,6155
1760531975.090144,6959
1760531975.194189,6840
1760531975.399638,7018
1760531975.504357,6170
1760531975.607082,5957
1760531975.707812,6502
1760531975.808543,6879
1760531975.910271,6468
1760531976.011999,6369
1760531976.11273,6532
1760531976.213461,6433
1760531976.314191,6343
1760531976.414922,6184
1760531976.518644,6723
1760531976.62536,6777
1760531976.727088,6301
1760531976.929573,6461
1760531977.030276,6265
1760531977.131007,6998
1760531977.232734,6615
1760531977.333465,5857
1760531977.434223,5935
1760531977.534974,6798
1760531977.636702,6822
1760531977.73843,6596
1760531977.83916,6661
1760531977.939892,6691
1760531978.041619,5613
1760531978.143347,6369
1760531978.247777,6463
1760531978.45177,6191
1760531978.552528,7126
1760531978.654228,6912
1760531978.754959,6254
1760531978.856687,6458
1760531978.957418,6293
1760531979.058148,5986
1760531979.158879,6571
1760531979.259609,6710
1760531979.361337,6782
1760531979.463065,6379
1760531979.667026,5778
1760531979.768754,5819
1760531979.869485,5738
1760531979.972248,6626
1760531980.073976,6723
1760531980.176702,6658
1760531980.277442,6392
1760531980.378163,6453
1760531980.478893,6234
1760531980.579624,6125
1760531980.680354,6125
1760531980.781085,6164
1760531980.982547,6662
1760531981.084274,6340
1760531981.185007,6710
1760531981.286734,6714
1760531981.398434,6216
1760531981.500162,6694
1760531981.600893,6532
1760531981.701623,6601
1760531981.802364,6491
1760531981.903084,5748
1760531982.003816,6462
1760531982.10491,6795
1760531982.20564,6432
1760531982.407103,6820
1760531982.508831,5848
1760531982.610558,6369
1760531982.712285,5927
1760531982.816008,6415
1760531982.917245,6282
1760531983.017976,6681
1760531983.118706,6244
1760531983.219437,6701
1760531983.320168,5966
1760531983.424887,6455
1760531983.525618,7068
1760531983.627346,6360
1760531983.829805,6849
1760531983.930535,6383
1760531984.032263,6881
1760531984.133024,6391
1760531984.238712,5705
1760531984.340439,5583
1760531984.441197,6322
1760531984.542419,6223
1760531984.645146,6849
1760531984.75137,6159
1760531984.856598,6456
1760531984.958325,6399
1760531985.059088,6500
1760531985.159818,6701
1760531985.267888,6098
1760531985.369615,6124
1760531985.472221,6619
1760531985.676153,6786
1760531985.78091,6357
1760531985.88211,6511
1760531985.98284,6294
1760531986.083683,6971
1760531986.184386,6345
1760531986.284965,7019
1760531986.385783,6328
1760531986.486514,7108
1760531986.587245,7117
1760531986.687975,6155
1760531986.788706,6244
1760531986.890465,6594
1760531987.091895,6919
1760531987.192628,6542
1760531987.294353,6281
1760531987.397079,6468
1760531987.497809,6591
1760531987.59854,6115
1760531987.700268,6733
1760531987.800999,6442
1760531987.901729,6174
1760531988.00246,6720
1760531988.105692,6151
1760531988.207422,5711
1760531988.411874,6531
1760531988.514599,5655
1760531988.61533,5926
1760531988.71606,7028
1760531988.816791,6274
1760531988.91852,6320
1760531989.019249,6224
1760531989.119979,6810
1760531989.22071,7376
1760531989.321441,3901
1760531989.422172,2213
1760531989.527166,3186
1760531989.627924,3830
1760531989.729162,4869
1760531989.933644,5996
1760531990.034396,6481
1760531990.136136,6811
1760531990.237891,6289
1760531990.338595,6524
1760531990.440322,6851
1760531990.541556,6341
1760531990.642287,6492
1760531990.743018,6423
1760531990.843778,5736
1760531990.945477,6666
1760531991.047232,6220
1760531991.250661,6655
1760531991.351391,6264
1760531991.452148,6887
1760531991.552879,6631
1760531991.653582,6444
1760531991.754314,6770
1760531991.856042,6124
1760531991.956799,6073
1760531992.057529,6581
1760531992.162227,6705
1760531992.26395,6360
1760531992.366676,6853
1760531992.570132,6164
1760531992.671859,6379
1760531992.775582,6959
1760531992.876344,6808
1760531992.977043,6067
1760531993.077773,6532
1760531993.178504,6025
1760531993.279235,6333
1760531993.380071,6525
1760531993.480869,6666
1760531993.581601,6810
1760531993.682327,6234
1760531993.884757,6212
1760531993.985492,6125
1760531994.087216,6183
1760531994.188944,6595
1760531994.290672,6409
1760531994.391402,6701
1760531994.493131,6301
1760531994.593861,7118
1760531994.695593,6015
1760531994.798314,6350
1760531994.900042,6261
1760531995.000803,6053
1760531995.202233,6115
1760531995.202233,6115
1760531995.40569,6552
1760531995.507418,6770
1760531995.610142,6824
1760531995.71187,6792
1760531995.812602,7246
1760531995.914329,6517
1760531996.01506,5807
1760531996.115791,6482
1760531996.216521,6800
1760531996.318261,6447
1760531996.420994,6262
1760531996.627422,6125
1760531996.728152,6820
1760531996.828884,6432
1760531996.930611,6900
1760531997.032345,5946
1760531997.135073,6473
1760531997.236528,6278
1760531997.338277,6476
1760531997.440002,6261
1760531997.541185,6147
1760531997.643938,6247
1760531997.745638,6351
1760531997.846403,6311
1760531997.947663,6498
1760531998.152148,6800
1760531998.254347,6450
1760531998.356076,5956
1760531998.456807,6472
1760531998.558536,6556
1760531998.662259,6555
1760531998.762988,6810
1760531998.863719,6591
1760531998.964449,6075
1760531999.06518,6065
1760531999.166417,6223
1760531999.267147,5956
1760531999.367877,5946
1760531999.469606,6360
1760531999.571334,6704
1760531999.775367,5907
1760531999.876098,6363
1760531999.976829,6115
1760532000.077559,7197
1760532000.178715,6573
1760532000.279473,6292
1760532000.380178,6295
1760532000.481905,6831
1760532000.688353,6395
1760532000.790081,5966
1760532000.892806,6346
1760532000.993536,6403
1760532001.097259,6546
1760532001.197989,6810
1760532001.298741,6550
1760532001.400449,6626
1760532001.502176,6134
1760532001.603903,6252
1760532001.704634,6085
1760532001.805365,6254
1760532001.906129,6589
1760532002.006826,6117
1760532002.110277,6314
1760532002.312753,6124
1760532002.414464,7491
1760532002.516192,6790
1760532002.61792,6890
1760532002.718649,6452
1760532002.81938,6085
1760532002.921108,6016
1760532003.022836,6281
1760532003.123566,6472
1760532003.224297,5976
1760532003.326025,6360
1760532003.528484,6601
1760532003.629214,6353
1760532003.730942,5976
1760532003.831676,6512
1760532003.932922,6074
1760532004.037643,6025
1760532004.142362,7085
1760532004.244123,6692
1760532004.345327,7341
1760532004.446058,6740
1760532004.546788,6224
1760532004.750246,6181
1760532004.851514,6507
1760532004.954209,6261
1760532005.055963,6358
1760532005.157373,6922
1760532005.260096,6502
1760532005.362821,6452
1760532005.467541,6350
1760532005.569269,6428
1760532005.673988,6713
1760532005.775986,6287
1760532005.876716,6959
1760532005.977474,6957
1760532006.078206,6720
1760532006.179907,6440
1760532006.283656,6506
1760532006.518002,6436
1760532006.923917,4616
1760532007.535281,3841
1760532007.758685,5681
1760532008.230929,4179
1760532008.457858,6417
1760532008.457858,6417
1760532008.674712,6225
1760532008.775442,6849
1760532008.876436,5950
1760532008.977166,6641
1760532009.077897,6830
1760532009.178628,6343
1760532009.279358,6264
1760532009.380089,5906
1760532009.48082,6413
1760532009.581551,6492
1760532009.68228,7098
1760532009.783011,6542
1760532009.883743,6561
1760532010.088194,6271
1760532010.188925,6661
1760532010.289657,5956
1760532010.390386,6174
1760532010.491117,6323
1760532010.591848,6601
1760532010.692713,6275
1760532010.794445,6192
1760532010.895203,6550
1760532010.995906,6742
1760532011.096637,6343
1760532011.30109,6440
1760532011.40182,6373
1760532011.502551,6363
1760532011.603282,6542
1760532011.709997,6493
1760532011.810727,6165
1760532011.912455,6517
1760532012.014184,6084
1760532012.115911,6035
1760532012.21764,6343
1760532012.318876,6005
1760532012.420608,6536
1760532012.524331,5746
1760532012.727787,6115
1760532012.828517,6433
1760532012.929248,6085
1760532013.030975,6438
1760532013.131711,7326
1760532013.232461,6124
1760532013.333198,6303
1760532013.433919,6592
1760532013.534629,5937
1760532013.636141,6284
1760532013.737869,6143
1760532013.942322,6458
1760532014.043054,6363
1760532014.143783,6512
1760532014.245018,6637
1760532014.345749,6790
1760532014.44648,6164
1760532014.549206,6463
1760532014.650934,6527
1760532014.752175,6262
1760532014.852906,6552
1760532014.953636,6482
1760532015.054367,6353
1760532015.256826,6360
1760532015.357578,5647
1760532015.458286,6494
1760532015.559018,6591
1760532015.659747,6204
1760532015.760429,6028
1760532015.861158,6224
1760532015.961889,6284
1760532016.06262,6343
1760532016.163403,6647
1760532016.265077,5901
1760532016.365808,6502
1760532016.568267,6271
1760532016.669995,6704
1760532016.770726,6303
1760532016.871457,6611
1760532016.973692,6201
1760532017.07542,6399
1760532017.17615,6601
1760532017.277878,6251
1760532017.37861,6770
1760532017.479372,6897
1760532017.5801,6532
1760532017.680831,5877
1760532017.781535,6077
1760532017.985988,6251
1760532018.087716,6261
1760532018.188446,7048
1760532018.289177,6522
1760532018.389908,3236
1760532018.490638,1360
1760532018.591369,1211
1760532018.692099,1161
1760532018.793336,1244
1760532018.895064,1218
1760532018.995794,1429
1760532019.09803,1203
1760532019.205745,1169
1760532019.411195,1111
1760532019.51392,1265
1760532019.614651,1250
1760532019.716378,1189
1760532019.817109,1062
1760532019.917839,1022
1760532020.019569,1327
1760532020.121295,1199
1760532020.222026,1221
1760532020.32278,1300
1760532020.423488,1191
1760532020.524218,1141
1760532020.729176,1161
1760532020.830935,1316
1760532020.932633,1533
1760532021.033362,1330
1760532021.134093,1191
1760532021.234823,1290
1760532021.335554,1320
1760532021.436285,1250
1760532021.537016,1350
1760532021.638771,1454
1760532021.739474,1161
1760532021.840204,1101
1760532021.941932,1435
1760532022.044199,1241
1760532022.249621,1169
1760532022.350353,1608
1760532022.451082,1231
1760532022.551813,1201
1760532022.652543,1191
1760532022.753274,1369
1760532022.854036,1190
1760532022.95527,1234
1760532023.055974,1320
1760532023.156732,1409
1760532023.257436,1380
1760532023.461889,1201
1760532023.562619,1369
1760532023.663861,1224
1760532023.764591,1052
1760532023.865322,1350
1760532023.967049,1513
1760532024.069197,1166
1760532024.169927,1300
1760532024.270658,1191
1760532024.371389,1340
1760532024.47212,1280
1760532024.680561,1067
1760532024.680561,1067
1760532024.88302,1320
1760532024.984775,1395
1760532025.085479,1241
1760532025.186209,1161
1760532025.286941,1320
1760532025.388668,1563
1760532025.490066,1242
1760532025.590796,1399
1760532025.691688,1258
1760532025.793417,1405
1760532025.894148,1379
1760532026.096606,1141
1760532026.096606,1141
1760532026.300589,1268
1760532026.401319,1052
1760532026.504044,1454
1760532026.604793,1379
1760532026.705505,1717
1760532026.80768,1693
1760532026.909164,1970
1760532027.010418,2429
1760532027.111149,2471
1760532027.211879,3137
1760532027.314616,3825
1760532027.516498,5579
1760532027.516498,5579
1760532027.719955,5907
1760532027.820685,5877
1760532027.922413,7097
1760532028.023143,6085
1760532028.123902,5925
1760532028.22501,6438
1760532028.33116,6217
1760532028.432887,6537
1760532028.536611,7057
1760532028.63734,6750
1760532028.738071,6154
1760532028.838801,6125
1760532028.940531,6242
1760532029.046246,6593
1760532029.249239,5233
1760532029.349942,6822
1760532029.450672,6770
1760532029.55143,6431
1760532029.652164,6353
1760532029.752864,6087
1760532029.854112,6163
1760532029.954834,6671
1760532030.05559,6987
1760532030.157399,6129
1760532030.361852,6882
1760532030.361852,6882
1760532030.563314,6363
1760532030.665047,6625
1760532030.767767,5870
1760532030.869005,6321
1760532030.969737,5757
1760532031.070979,6094
1760532031.173217,6499
1760532031.273947,6572
1760532031.374678,6015
1760532031.475408,5896
1760532031.576138,6035
1760532031.779595,6419
1760532031.882324,6911
1760532031.98305,6264
1760532032.083782,6274
1760532032.184511,6403
1760532032.285275,6272
1760532032.386997,6321
1760532032.488699,5899
1760532032.589429,6671
1760532032.690159,6274
1760532032.79089,5589
1760532032.89162,6343
1760532032.994052,6384
1760532033.198506,6570
1760532033.299236,6840
1760532033.399967,6790
1760532033.501716,6103
1760532033.602455,6710
1760532033.703182,6075
1760532033.803886,6236
1760532033.904616,6542
1760532034.005639,6562
1760532034.106372,6512
1760532034.20713,6540
1760532034.409561,5837
1760532034.510999,5077
1760532034.61173,5986
1760532034.712461,6542
1760532034.813191,6393
1760532034.913954,7472
1760532035.01468,7465
1760532035.115384,7129
1760532035.216619,7527
1760532035.318347,7495
1760532035.420075,7657
1760532035.525792,7706
1760532035.629335,7195
1760532035.834261,6966
1760532035.934992,7316
1760532036.035722,7187
1760532036.136453,7237
1760532036.237184,7525
1760532036.337915,7733
1760532036.438666,7285
1760532036.53928,7374
1760532036.640009,7644
1760532036.740761,6878
1760532036.841498,8288
1760532036.943199,7472
1760532037.044926,7500
1760532037.247385,7763
1760532037.348115,7862
1760532037.449843,6999
1760532037.550574,7316
1760532037.651332,7582
1760532037.752057,7724
1760532037.852767,7010
1760532037.953497,6194
1760532038.054227,6125
1760532038.154985,6312
1760532038.255609,6549
1760532038.360332,6474
1760532038.464055,6785
1760532038.668284,5847
1760532038.769983,6558
1760532038.870714,5807
1760532038.971444,6591
1760532039.072176,5837
1760532039.172906,6343
1760532039.273637,6949
1760532039.375365,6281
1760532039.476095,6661
1760532039.576826,6611
1760532039.677556,6333
1760532039.778286,6542
1760532039.983809,6669
1760532040.08656,6637
1760532040.187262,6822
1760532040.287994,6284
1760532040.388723,5986
1760532040.489454,6174
1760532040.590185,6701
1760532040.690915,6631
1760532040.791928,6543
1760532040.892658,5827
1760532040.99339,6204
1760532041.194853,6671
1760532041.297578,6595
1760532041.399306,6409
1760532041.500036,5807
1760532041.600768,6988
1760532041.701498,6224
1760532041.80226,6202
1760532041.902989,6174
1760532042.00372,6155
1760532042.10445,5827
1760532042.305912,6581
1760532042.406642,6274
1760532042.507406,6301
1760532042.608145,6978
1760532042.708875,6264
1760532042.810603,6458
1760532042.911805,6827
1760532043.012532,6502
1760532043.113264,6105
1760532043.213993,5996
1760532043.314723,7177
1760532043.415456,6651
1760532043.517183,6517
1760532043.721663,6111
1760532043.822674,6514
1760532043.923431,6123
1760532044.024147,6384
1760532044.125464,6415
1760532044.226193,6085
1760532044.326923,5996
1760532044.427832,6114
1760532044.528562,6691
1760532044.629293,6045
1760532044.730056,6629
1760532044.831751,6136
1760532045.035207,6566
1760532045.136602,6351
1760532045.237332,6274
1760532045.338063,6363
1760532045.438793,6442
1760532045.539524,6492
1760532045.640255,6423
1760532045.740985,6363
1760532045.841716,6939
1760532045.942492,6410
1760532046.043738,6340
1760532046.145466,6478
1760532046.346927,5787
1760532046.447591,6665
1760532046.548349,7324
1760532046.64908,6343
1760532046.749783,6663
1760532046.850514,6621
1760532046.951369,6127
1760532047.052099,6581
1760532047.15283,6393
1760532047.253561,6571
1760532047.35469,6783
1760532047.457528,6680
1760532047.56125,6960
1760532047.666541,6529
1760532047.776246,6572
1760532047.979729,6142
1760532048.080464,6343
1760532048.181163,6524
1760532048.281925,6311
1760532048.382628,6812
1760532048.483358,6323
1760532048.584125,6480
1760532048.68482,6246
1760532048.786942,6276
1760532048.890658,6357
1760532048.991389,6224
1760532049.193851,6350
1760532049.295575,6389
1760532049.396306,6075
1760532049.497541,6015
1760532049.59927,6164
1760532049.700997,6350
1760532049.802236,6756
1760532049.902994,7116
1760532050.003696,5987
1760532050.105424,6242
1760532050.206155,6591
1760532050.307883,6468
1760532050.513333,6458
1760532050.615065,5927
1760532050.715797,6691
1760532050.816528,5876
1760532050.918256,6065
1760532051.019982,6468
1760532051.120713,6770
1760532051.221443,6264
1760532051.322174,6452
1760532051.422905,6552
1760532051.526627,6729
1760532051.627358,5162
1760532051.830814,6153
1760532051.932542,5400
1760532052.033272,6383
1760532052.13403,7046
1760532052.234734,6752
1760532052.335464,6303
1760532052.438189,6697
1760532052.539918,7185
1760532052.741378,6055
1760532052.741378,6055
1760532052.844105,6171
1760532053.047559,6910
1760532053.14829,6363
1760532053.250018,6360
1760532053.350749,7108
1760532053.451511,6609
1760532053.55221,6286
1760532053.653965,6260
1760532053.754696,6502
1760532053.855427,6571
1760532053.956129,6762
1760532054.057858,6625
1760532054.163575,6044
1760532054.366061,5696
1760532054.467761,6155
1760532054.568492,6383
1760532054.669224,6085
1760532054.770951,6890
1760532054.872678,6714
1760532054.973442,6808
1760532055.075137,4395
1760532055.175899,5091
1760532055.276598,5571
1760532055.377329,5658
1760532055.579788,7048
1760532055.579788,7048
1760532055.681544,6662
1760532055.883984,6453
1760532055.984736,6153
1760532056.085434,6226
1760532056.187163,5819
1760532056.287893,5966
1760532056.388624,5827
1760532056.490351,6252
1760532056.591083,6085
1760532056.691834,5975
1760532056.797542,6404
1760532056.899257,6449
1760532057.101738,6759
1760532057.204442,6831
1760532057.306169,6232
1760532057.408403,6509
1760532057.512124,6787
1760532057.612855,6542
1760532057.714605,6584
1760532057.815314,6057
1760532057.916705,6489
1760532058.018583,6845
1760532058.119316,6115
1760532058.223039,6734
1760532058.325763,6609
1760532058.426518,6223
1760532058.632481,5687
1760532058.734206,6556
1760532058.834937,6998
1760532058.935668,6691
1760532059.036873,6511
1760532059.137613,6432
1760532059.238337,5986
1760532059.339068,6849
1760532059.439798,7038
1760532059.540529,6323
1760532059.642256,6750
1760532059.84671,6929
1760532059.84671,6929
1760532060.051671,6642
1760532060.15291,6203
1760532060.253673,6024
1760532060.354434,6311
1760532060.456163,6409
1760532060.557408,6103
1760532060.658139,6333
1760532060.759867,6537
1760532060.860597,6145
1760532060.962325,6763
1760532061.067558,6370
1760532061.168287,6879
1760532061.269019,6194
1760532061.371743,6522
1760532061.5752,6651
1760532061.675934,6264
1760532061.77741,6277
1760532061.879139,6482
1760532061.981376,6371
1760532062.089086,6879
1760532062.190814,6252
1760532062.293539,6424
1760532062.395294,6545
1760532062.495998,6812
1760532062.596728,6552
1760532062.698457,6591
1760532062.799187,6442
1760532063.004154,6252
1760532063.10695,6110
1760532063.208676,7244
1760532063.312904,6626
1760532063.413633,6423
1760532063.514364,6432
1760532063.615096,6561
1760532063.715825,6998
1760532063.817706,6321
1760532063.918441,6829
1760532064.019171,6284
1760532064.119901,6413
1760532064.321363,6095
1760532064.42309,6232
1760532064.523821,6651
1760532064.624551,6760
1760532064.725282,6274
1760532064.826013,6532
1760532064.926743,6859
1760532065.027474,6492
1760532065.128205,6502
1760532065.228946,6769
1760532065.329666,7406
1760532065.430397,6601
1760532065.633006,6235
1760532065.73573,6327
1760532065.83646,6641
1760532065.937191,6323
1760532066.037923,6522
1760532066.138652,6830
1760532066.239382,6234
1760532066.340113,6373
1760532066.440843,7177
1760532066.541574,6899
1760532066.642305,6155
1760532066.743036,6194
1760532066.944338,6440
1760532067.046059,6793
1760532067.146762,6434
1760532067.247492,7088
1760532067.349221,6409
1760532067.450281,6649
1760532067.550983,6663
1760532067.651714,6740
1760532067.753463,6191
1760532067.85427,6041
1760532067.954969,6355
1760532068.0557,6840
1760532068.156437,7236
1760532068.360883,6546
1760532068.461614,6859
1760532068.562366,6788
1760532068.664073,6174
1760532068.764803,6651
1760532068.865534,6601
1760532068.966264,6105
1760532069.067022,6540
1760532069.168723,6283
1760532069.269455,6333
1760532069.370184,6621
1760532069.470915,6840
1760532069.672882,6400
1760532069.773613,4040
1760532069.874344,4268
1760532069.975076,5837
1760532070.076803,6556
1760532070.178043,6726
1760532070.278774,7197
1760532070.379538,6986
1760532070.481232,6352
1760532070.581963,6710
1760532070.682694,6849
1760532070.783424,6621
1760532070.985884,6360
1760532071.087756,6262
1760532071.188565,6348
1760532071.289288,6761
1760532071.390019,7098
1760532071.491253,7191
1760532071.592508,6834
1760532071.794968,6829
1760532071.895697,5807
1760532071.996906,6392
1760532072.097637,6611
1760532072.198368,6333
1760532072.299098,6254
1760532072.400006,6798
1760532072.500737,6681
1760532072.601979,7002
1760532072.70271,6194
1760532072.80344,6959
1760532072.90417,6403
1760532073.005523,7153
1760532073.107246,6557
1760532073.310734,6182
1760532073.41184,6122
1760532073.513561,6625
1760532073.614293,6045
1760532073.715022,7048
1760532073.815753,7703
1760532073.916484,7455
1760532074.017214,7217
1760532074.117945,6830
1760532074.218675,6591
1760532074.319426,6382
1760532074.421134,6872
1760532074.626586,6883
1760532074.728312,6684
1760532074.829554,6568
1760532074.930314,6351
1760532075.031786,6543
1760532075.132517,6790
1760532075.233247,6313
1760532075.333978,5896
1760532075.434708,6671
1760532075.535438,7237
1760532075.636837,6390
1760532075.73757,6085
1760532075.839806,6631
1760532076.045284,6633
1760532076.145989,6682
1760532076.246719,6492
1760532076.348446,6438
1760532076.450198,7086
1760532076.550928,6810
1760532076.651659,6998
1760532076.753387,6458
1760532076.854118,6293
1760532076.954875,6193
1760532077.05558,6951
1760532077.158305,6629
1760532077.361759,6546
1760532077.46249,7247
1760532077.563221,6512
1760532077.663952,6631
1760532077.764682,6849
1760532077.865917,6736
1760532077.966648,5986
1760532078.068381,6253
1760532078.176608,6301
1760532078.278673,5996
1760532078.380375,6562
1760532078.481136,6460
1760532078.582834,6647
1760532078.684587,6948
1760532078.890011,6458
1760532078.990742,6353
1760532079.091471,6095
1760532079.192202,6482
1760532079.293929,5819
1760532079.39466,6194
1760532079.495403,6442
1760532079.69858,6948
1760532079.69858,6948
1760532079.902037,5867
1760532080.002767,6204
1760532080.103498,6631
1760532080.204228,6353
1760532080.305446,6520
1760532080.406176,6750
1760532080.506907,6204
1760532080.608144,6776
1760532080.708902,6927
1760532080.810603,6863
1760532080.911334,6363
1760532081.014059,6123
1760532081.22051,6615
1760532081.321241,6909
1760532081.42197,6562
1760532081.522952,6624
1760532081.623683,6562
1760532081.724416,6194
1760532081.825143,6860
1760532081.928866,7047
1760532082.029596,7257
1760532082.130829,6361
1760532082.233557,6979
1760532082.335284,6723
1760532082.43622,6677
1760532082.637681,6740
1760532082.738412,6393
1760532082.839142,6323
1760532082.939872,7276
1760532083.040639,6262
1760532083.141368,6552
1760532083.243096,6134
1760532083.343827,6432
1760532083.444557,6879
1760532083.545288,6869
1760532083.648014,6434
1760532083.749741,6360
1760532083.852467,6823
1760532084.055923,6645
1760532084.156653,6145
1760532084.258381,6124
1760532084.359111,6740
1760532084.459842,6214
1760532084.560573,6115
1760532084.661306,5469
1760532084.762039,6869
1760532084.86277,6889
1760532084.9635,6164
1760532085.067959,6576
1760532085.170688,6872
1760532085.274411,6825
1760532085.475872,6760
1760532085.57663,7354
1760532085.679328,6446
1760532085.780086,6808
1760532085.88079,6901
1760532085.982517,6566
1760532086.084021,6364
1760532086.184784,6212
1760532086.285511,6601
1760532086.38721,6096
1760532086.589136,6827
1760532086.691829,6469
1760532086.793574,6644
1760532086.898278,6685
1760532087.000037,7144
1760532087.100737,6534
1760532087.202464,5927
1760532087.303194,7118
1760532087.403958,6887
1760532087.504655,6137
1760532087.606415,6151
1760532087.707132,6076
1760532087.807845,6334
1760532087.90867,6625
1760532088.113651,6288
1760532088.214359,6136
1760532088.315595,6776
1760532088.416325,6591
1760532088.517626,6317
1760532088.61835,6483
1760532088.719081,6055
1760532088.819812,6532
1760532088.921164,6590
1760532089.021893,6492
1760532089.122624,6333
1760532089.223356,7256
1760532089.32958,6401
1760532089.432304,6687
1760532089.636285,6192
1760532089.738012,6861
1760532089.838743,6780
1760532089.939475,6571
1760532090.041202,6714
1760532090.14293,6114
1760532090.243661,5936
1760532090.344418,5964
1760532090.445121,6414
1760532090.546852,6949
1760532090.750307,6193
1760532090.851572,6310
1760532090.952304,6144
1760532091.053513,6175
1760532091.154244,6452
1760532091.255482,6341
1760532091.356212,6105
1760532091.457448,6954
1760532091.559176,6900
1760532091.659907,6859
1760532091.760685,6638
1760532091.86189,6412
1760532092.06685,6588
1760532092.168578,6399
1760532092.269903,6405
1760532092.371598,6037
1760532092.472576,6268
1760532092.574009,6694
1760532092.674742,6601
1760532092.775492,6709
1760532092.876462,6348
1760532092.977194,6194
1760532093.077924,6383
1760532093.179652,6310
1760532093.382258,5919
1760532093.484982,6356
1760532093.585712,6303
1760532093.68744,6232
1760532093.788172,6413
1760532093.888924,6580
1760532093.98966,6601
1760532094.090363,6216
1760532094.191094,6145
1760532094.292312,6639
1760532094.393064,6888
1760532094.493773,6910
1760532094.594504,6343
1760532094.798432,5553
1760532094.899669,6716
1760532095.000399,7276
1760532095.101318,6470
1760532095.203043,6350
1760532095.304584,6381
1760532095.405315,6720
1760532095.506102,6330
1760532095.606833,6840
1760532095.70786,7107
1760532095.80859,6552
1760532095.909828,7072
1760532096.113242,6010
1760532096.214001,6202
1760532096.314704,6861
1760532096.415467,6579
1760532096.517048,6920
1760532096.617778,6472
1760532096.718509,7177
1760532096.819239,6840
1760532096.91997,7098
1760532097.021698,6782
1760532097.122429,6452
1760532097.223159,6820
1760532097.426615,6949
1760532097.527889,6704
1760532097.62862,6621
1760532097.729607,6426
1760532097.831334,6930
1760532097.932571,6223
1760532098.033303,6949
1760532098.134034,6929
1760532098.234763,6651
1760532098.336,5966
1760532098.43673,6800
1760532098.537481,6064
1760532098.64021,6298
1760532098.84368,6388
1760532098.945407,6517
1760532099.046155,6630
1760532099.146858,7110
1760532099.247589,7028
1760532099.349317,6556
1760532099.451045,6576
1760532099.552801,6250
1760532099.6545,6853
1760532099.755436,6340
1760532099.856197,6907
1760532099.956902,6613
1760532100.058629,6016
1760532100.263082,6183
1760532100.363813,6522
1760532100.464543,6224
1760532100.565274,6691
1760532100.66651,6420
1760532100.76724,6035
1760532100.86797,6939
1760532100.969699,5867
1760532101.07043,6045
1760532101.171161,6661
1760532101.374616,6472
1760532101.476344,6625
1760532101.577074,6979
1760532101.677805,6323
1760532101.779869,6698
1760532101.880815,5834
1760532101.982537,6419
1760532102.084266,6271
1760532102.186993,6261
1760532102.28872,6055
1760532102.394437,6704
1760532102.495167,6343
1760532102.595931,7304
1760532102.696659,6373
1760532102.908044,6531
1760532102.908044,6531
1760532103.112875,6045
1760532103.213606,6710
1760532103.314336,6194
1760532103.415066,5996
1760532103.515797,5956
1760532103.616542,6203
1760532103.717258,6483
1760532103.818989,6350
1760532103.920716,6173
1760532104.021446,6502
1760532104.122177,6343
1760532104.2259,7076
1760532104.326658,6411
1760532104.528119,6332
1760532104.628822,6772
1760532104.730279,7234
1760532104.830983,6812
1760532104.932222,6598
1760532105.03395,6507
1760532105.135705,6702
1760532105.236918,6017
1760532105.338646,6851
1760532105.439376,6472
1760532105.540107,5698
1760532105.641344,6045
1760532105.744069,5662
1760532105.949548,7026
1760532106.050251,6216
1760532106.151487,6835
1760532106.253216,6635
1760532106.354943,6094
1760532106.455674,5658
1760532106.557402,6419
1760532106.65913,6164
1760532106.760858,6782
1760532106.861589,6353
1760532106.962319,6303
1760532107.064048,6360
1760532107.164778,5757
1760532107.368234,6566
1760532107.469503,6744
1760532107.570772,6023
1760532107.671493,6860
1760532107.772229,6224
1760532107.872935,6523
1760532107.974215,6763
1760532108.075946,7373
1760532108.177673,6576
1760532108.278405,6452
1760532108.483856,6444
1760532108.483856,6444
1760532108.587577,6035
1760532108.790545,6548
1760532108.891276,6313
1760532108.992033,5905
1760532109.093735,6115
1760532109.19549,5670
1760532109.297191,6764
1760532109.398919,6143
1760532109.500646,6788
1760532109.601377,6035
1760532109.702107,5887
1760532109.903601,6520
1760532110.005193,6270
1760532110.105927,6700
1760532110.206658,6284
1760532110.307388,6025
1760532110.408119,6492
1760532110.508872,6113
1760532110.60958,6354
1760532110.710323,6323
1760532110.811081,5994
1760532110.911854,6251
1760532111.013585,5888
1760532111.216064,6791
1760532111.317314,6943
1760532111.419065,6800
1760532111.519775,6632
1760532111.621897,6315
1760532111.722627,6164
1760532111.823942,6218
1760532111.924672,6234
1760532112.025767,6202
1760532112.126496,5926
1760532112.227227,6095
1760532112.327992,5835
1760532112.531414,5976
1760532112.635137,6691
1760532112.736864,5622
1760532112.838592,5799
1760532112.939338,6461
1760532113.040066,6721
1760532113.140797,6293
1760532113.241528,6343
1760532113.342259,6184
1760532113.443502,6430
1760532113.544228,5837
1760532113.645957,6510
1760532113.746687,6562
1760532113.94937,6399
1760532114.050072,5987
1760532114.150803,6810
1760532114.251534,6432
1760532114.352769,6381
1760532114.454497,6202
1760532114.556226,6313
1760532114.656956,6343
1760532114.757687,6452
1760532114.875881,5161
1760532114.976611,6512
1760532115.077342,6105
1760532115.178072,6472
1760532115.278803,6145
1760532115.480266,6403
1760532115.581502,5926
1760532115.683232,7107
1760532115.784307,6411
1760532115.88501,6653
1760532115.98574,5976
1760532116.086499,6520
1760532116.187201,6206
1760532116.287977,6400
1760532116.38966,6028
1760532116.490418,6441
1760532116.693368,7032
1760532116.79413,5726
1760532116.894829,6544
1760532116.995594,6530
1760532117.09629,6325
1760532117.19702,6313
1760532117.297752,6264
1760532117.398509,6510
1760532117.500209,6047
1760532117.601449,6212
1760532117.702688,6321
1760532117.803419,6840
1760532117.908139,6445
1760532118.110597,6393
1760532118.211328,6393
1760532118.312059,6492
1760532118.41279,6085
1760532118.51352,6274
1760532118.614251,6740
1760532118.715003,6491
1760532118.815739,6353
1760532118.916481,6402
1760532119.018209,6242
1760532119.11894,6244
1760532119.219692,6133
1760532119.423604,6363
1760532119.524335,5996
1760532119.625065,6294
1760532119.725797,6075
1760532119.827032,6183
1760532119.927762,6204
1760532120.028493,6522
1760532120.129251,6738
1760532120.230952,5693
1760532120.331609,6080
1760532120.43234,5936
1760532120.53307,6433
1760532120.737525,6353
1760532120.839252,6704
1760532120.94001,6183
1760532121.040715,6504
1760532121.141442,6830
1760532121.243682,6627
1760532121.347404,6575
1760532121.450129,5831
1760532121.55086,5648
1760532121.651591,6194
1760532121.752349,7076
1760532121.853052,6603
1760532121.953783,6244
1760532122.158263,6348
1760532122.258966,6653
1760532122.359666,6822
1760532122.460397,6174
1760532122.561128,6006
1760532122.662025,6531
1760532122.76275,6165
1760532122.86348,6820
1760532122.964211,6363
1760532123.06515,6261
1760532123.16588,6482
1760532123.369337,5976
1760532123.472083,5917
1760532123.573551,6218
1760532123.674282,6363
1760532123.775013,6115
1760532123.875743,6800
1760532123.976474,6333
1760532124.077205,7118
1760532124.177935,6591
1760532124.278666,6393
1760532124.379424,6510
1760532124.480127,6822
1760532124.681621,6391
1760532124.78232,6395
1760532124.884054,6045
1760532124.984785,6720
1760532125.085515,6800
1760532125.186246,5946
1760532125.286978,6462
1760532125.387708,6502
1760532125.488459,7136
1760532125.589168,6781
1760532125.689899,6016
1760532125.79251,6415
1760532125.89324,6433
1760532125.99686,6572
1760532126.205303,6310
1760532126.306039,6700
1760532126.406749,6295
1760532126.508477,6104
1760532126.609207,6432
1760532126.709938,6522
1760532126.810669,6274
1760532126.9114,5976
1760532127.012129,6939
1760532127.11286,6204
1760532127.213591,6452
1760532127.318312,5958
1760532127.522764,6723
1760532127.624492,6242
1760532127.725022,6276
1760532127.82575,6095
1760532127.926481,6859
1760532128.027757,5973
1760532128.128452,5819
1760532128.229183,6562
1760532128.329913,6641
1760532128.430651,6650
1760532128.632145,6502
1760532128.632145,6502
1760532128.734852,6727
1760532128.936299,6433
1760532129.038541,6389
1760532129.139271,6035
1760532129.240002,6542
1760532129.340675,6645
1760532129.441405,6393
1760532129.54413,6385
1760532129.645859,6113
1760532129.747587,5986
1760532129.849316,6691
1760532129.953038,6324
1760532130.054767,6310
1760532130.265445,6403
1760532130.366175,6572
1760532130.466906,6006
1760532130.567809,6590
1760532130.668561,6739
1760532130.76927,6662
1760532130.870998,6586
1760532130.971728,6472
1760532131.073456,6310
1760532131.1747,6815
1760532131.377738,6428
1760532131.478974,6993
1760532131.579705,6502
1760532131.680463,6431
1760532131.781188,6463
1760532131.88193,6789
1760532131.982907,6833
1760532132.083672,6817
1760532132.184402,6204
1760532132.285134,6174
1760532132.38589,6590
1760532132.487618,6546
1760532132.588349,7246
1760532132.78981,6790
1760532132.891538,6889
1760532132.99429,6647
1760532133.094995,6087
1760532133.195726,5966
1760532133.298452,6531
1760532133.400179,6979
1760532133.500911,6343
1760532133.704366,6301
1760532133.805096,5956
1760532133.907823,6448
1760532134.008552,6532
1760532134.112498,6618
1760532134.214258,6544
1760532134.315777,7052
1760532134.417019,6528
1760532134.519744,6716
1760532134.621472,6232
1760532134.722217,6710
1760532134.823143,6252
1760532134.923874,5996
1760532135.024604,6452
1760532135.125335,6998
1760532135.327797,6512
1760532135.429542,5956
1760532135.53028,6015
1760532135.630982,6385
1760532135.734212,7091
1760532135.834942,6939
1760532135.93667,6487
1760532136.037432,6857
1760532136.139129,6401
1760532136.240857,6360
1760532136.342588,6556
1760532136.545044,6790
1760532136.545044,6790
1760532136.747502,6625
1760532136.848259,6927
1760532136.952953,7319
1760532137.053704,6580
1760532137.154414,5977
1760532137.255659,6528
1760532137.356384,6234
1760532137.458138,6584
1760532137.558842,6663
1760532137.660597,5994
1760532137.763295,6587
1760532137.965755,6409
1760532137.965755,6409
1760532138.171726,6310
1760532138.272456,6353
1760532138.373186,6482
1760532138.473953,6678
1760532138.574677,6592
1760532138.675409,6065
1760532138.776478,6916
1760532138.877209,6770
1760532138.977942,6671
1760532139.07867,6969
1760532139.17943,6996
1760532139.282636,6835
1760532139.484094,6969
1760532139.585853,6770
1760532139.686582,6770
1760532139.788042,6997
1760532139.888805,6391
1760532139.989503,6504
1760532140.090233,6810
1760532140.190985,6034
1760532140.291776,6736
1760532140.392506,6194
1760532140.493209,6395
1760532140.594937,6571
1760532140.79832,7036
1760532140.899029,6513
1760532140.99976,6601
1760532141.10049,6711
1760532141.201221,6452
1760532141.301951,6581
1760532141.402682,6274
1760532141.503434,6292
1760532141.604937,6994
1760532141.705668,6323
1760532141.806398,6403
1760532141.908154,5628
1760532142.113112,6681
1760532142.213843,6472
1760532142.314574,6720
1760532142.415305,6750
1760532142.516035,6651
1760532142.617763,6350
1760532142.718494,6959
1760532142.820222,6409
1760532142.920952,6591
1760532143.021682,5638
1760532143.122414,6830
1760532143.223144,6988
1760532143.326867,6363
1760532143.531507,6733
1760532143.632238,6879
1760532143.733967,6461
1760532143.834696,5946
1760532143.935427,6780
1760532144.037009,6743
1760532144.13874,6694
1760532144.239498,6143
1760532144.3402,7139
1760532144.440964,6510
1760532144.542433,6760
1760532144.644162,6571
1760532144.845622,6532
1760532144.946352,6671
1760532145.047083,6889
1760532145.148084,6722
1760532145.248815,6254
1760532145.349546,6472
1760532145.45227,6242
1760532145.55699,6101
1760532145.657721,6562
1760532145.758452,6790
1760532145.859183,5867
1760532145.959912,6869
1760532146.060644,6571
1760532146.26361,6615
1760532146.364341,6194
1760532146.465071,6194
1760532146.565802,6720
1760532146.666504,6692
1760532146.767234,6234
1760532146.867994,6242
1760532146.968727,6313
1760532147.069748,6582
1760532147.171476,6261
1760532147.272207,6681
1760532147.373935,6940
1760532147.57739,7087
1760532147.678122,6909
1760532147.779849,6527
1760532147.880831,6020
1760532147.982011,6681
1760532148.082742,7068
1760532148.183472,7028
1760532148.284203,6571
1760532148.384933,5966
1760532148.485664,7256
1760532148.586395,6462
1760532148.688123,6871
1760532148.891584,6353
1760532148.994309,6707
1760532149.095039,6383
1760532149.19577,6770
1760532149.297067,6535
1760532149.397797,6859
1760532149.498528,6800
1760532149.59926,6671
1760532149.700986,7097
1760532149.801717,6303
1760532149.902448,6234
1760532150.004175,5957
1760532150.105904,6419
1760532150.311354,6681
1760532150.412507,6850
1760532150.514238,6890
1760532150.615238,6495
1760532150.715969,6889
1760532150.817207,7032
1760532150.917938,6204
1760532151.019173,6549
1760532151.119904,7187
1760532151.221142,6874
1760532151.321873,6591
1760532151.525329,6393
1760532151.626059,6770
1760532151.72679,6373
1760532151.828025,6677
1760532151.928756,6284
1760532152.029992,6134
1760532152.131722,6477
1760532152.233448,6861
1760532152.341162,6910
1760532152.445388,6514
1760532152.549121,6385
1760532152.652842,6584
1760532152.753572,6343
1760532152.854304,6244
1760532152.955035,6869
1760532153.158496,6684
1760532153.259726,6302
1760532153.360457,6661
1760532153.461191,6462
1760532153.561922,6482
1760532153.663169,6390
1760532153.764894,5858
1760532153.865624,6174
1760532153.966864,6608
1760532154.069591,6911
1760532154.170072,6070
1760532154.271276,6116
1760532154.374001,6113
1760532154.478234,6373
1760532154.680202,6213
1760532154.780933,6413
1760532154.884164,6228
1760532154.984894,6631
1760532155.08613,6499
1760532155.186782,6656
1760532155.289523,6725
1760532155.391251,6340
1760532155.491982,6552
1760532155.592712,5986
1760532155.693443,6949
1760532155.797166,6220
1760532156.004611,6123
1760532156.106339,6271
1760532156.20758,5995
1760532156.30831,6492
1760532156.409041,6770
1760532156.51028,6697
1760532156.611041,6222
1760532156.711771,6164
1760532156.812503,6145
1760532156.913263,6510
1760532157.114694,6333
1760532157.216457,6613
1760532157.317161,6613
1760532157.417884,5788
1760532157.518643,6451
1760532157.619374,6274
1760532157.720105,7117
1760532157.820836,6532
1760532157.921567,6532
1760532158.022297,6562
1760532158.123045,6590
1760532158.22376,6473
1760532158.327481,6386
1760532158.531934,6502
1760532158.633694,6387
1760532158.734393,6216
1760532158.835123,6462
1760532158.935853,6512
1760532159.036585,6909
1760532159.137343,6302
1760532159.23808,6164
1760532159.338777,6296
1760532159.439507,5996
1760532159.540238,6909
1760532159.640996,6500
1760532159.74469,6229
1760532159.952135,6142
1760532160.053869,5809
1760532160.154613,6303
1760532160.255331,6056
1760532160.356062,6661
1760532160.456824,6718
1760532160.557523,6643
1760532160.658253,6879
1760532160.758983,6274
1760532160.859714,6482
1760532161.062172,6244
1760532161.163191,6434
1760532161.264916,6153
1760532161.365646,6323
1760532161.466792,7326
1760532161.567523,6403
1760532161.669252,6949
1760532161.770008,6342
1760532161.870743,6194
1760532161.971442,6355
1760532162.072678,6529
1760532162.178396,6328
1760532162.380855,6055
1760532162.482582,5947
1760532162.583346,6242
1760532162.684043,6613
1760532162.784774,6383
1760532162.886272,6049
1760532162.986966,6048
1760532163.087697,6145
1760532163.188428,6750
1760532163.289159,6333
1760532163.389889,5946
1760532163.491617,6291
1760532163.69308,6591
1760532163.793841,6441
1760532163.894539,6574
1760532163.996267,6124
1760532164.096998,5777
1760532164.197729,6284
1760532164.298459,6145
1760532164.399222,6559
1760532164.499948,6522
1760532164.600651,6246
1760532164.701886,6687
1760532164.803613,6920
1760532164.905344,6497
1760532165.107801,6497
1760532165.208531,6562
1760532165.309262,6065
1760532165.41002,6302
1760532165.51084,6486
1760532165.611569,6165
1760532165.712301,6472
1760532165.81303,6671
1760532165.913764,6512
1760532166.014491,6830
1760532166.115223,6432
1760532166.217973,6219
1760532166.421403,6125
1760532166.522162,6183
1760532166.622865,6851
1760532166.723596,6075
1760532166.825323,6458
1760532166.926054,6323
1760532167.026784,6611
1760532167.127517,6978
1760532167.228778,6320
1760532167.330479,6145
1760532167.431208,6611
1760532167.633668,6125
1760532167.735423,6476
1760532167.836158,6412
1760532167.936856,6534
1760532168.037601,6868
1760532168.13832,6761
1760532168.240067,6250
1760532168.341801,6320
1760532168.442505,5948
1760532168.543265,5696
1760532168.643965,6325
1760532168.744696,6115
1760532168.946157,6452
1760532169.046922,6728
1760532169.147646,6026
1760532169.248349,6851
1760532169.349081,6343
1760532169.451805,6006
1760532169.552535,6919
1760532169.653266,6631
1760532169.753996,6413
1760532169.855725,6261
1760532169.956456,6740
1760532170.057207,7096
1760532170.159911,6659
1760532170.261348,6358
1760532170.464803,6251
1760532170.565534,6135
1760532170.666265,6988
1760532170.767992,6810
1760532170.871715,6493
1760532170.973442,6704
1760532171.07517,6232
1760532171.175901,6909
1760532171.276632,6373
1760532171.37836,6694
1760532171.480088,6586
1760532171.581816,6841
1760532171.785271,6439
1760532171.887013,6516
1760532171.987757,6799
1760532172.088461,6156
1760532172.189191,6552
1760532172.289958,6390
1760532172.39165,6067
1760532172.492412,5775
1760532172.593111,6196
1760532172.693843,6939
1760532172.795597,6751
1760532173.010993,6279
1760532173.010993,6279
1760532173.215016,6594
1760532173.316248,6183
1760532173.417483,6776
1760532173.51872,6144
1760532173.61945,6760
1760532173.720208,6977
1760532173.820985,6777
1760532173.92268,6460
1760532174.024408,6979
1760532174.125139,7058
1760532174.22587,6155
1760532174.3266,6492
1760532174.42836,5876
1760532174.530056,6405
1760532174.732981,6374
1760532174.833711,6720
1760532174.934953,6657
1760532175.035684,6710
1760532175.13841,6979
1760532175.23914,6184
1760532175.339871,6790
1760532175.440601,6403
1760532175.541285,6495
1760532175.64401,6785
1760532175.74474,6979
1760532175.845471,6661
1760532176.049952,6292
1760532176.150676,6135
1760532176.251417,6273
1760532176.353114,7178
1760532176.453844,6800
1760532176.554793,6864
1760532176.655525,6651
1760532176.757279,6918
1760532176.857985,6891
1760532176.958713,7078
1760532177.059444,7028
1760532177.160174,7167
1760532177.260905,6224
1760532177.464855,6599
1760532177.565586,6909
1760532177.666317,6085
1760532177.767075,6669
1760532177.869802,6823
1760532177.970533,6720
1760532178.071264,6373
1760532178.172022,6867
1760532178.272724,6673
1760532178.373455,6621
1760532178.475193,6693
1760532178.575923,6303
1760532178.778381,6379
1760532178.879139,6947
1760532178.980861,6409
1760532179.081598,6700
1760532179.183329,6841
1760532179.284051,6235
1760532179.384759,7050
1760532179.485491,6323
1760532179.587218,6861
1760532179.687951,7187
1760532179.892405,6239
1760532179.994153,6653
1760532180.095875,6527
1760532180.197588,5849
1760532180.299317,6611
1760532180.401043,6202
1760532180.501774,6571
1760532180.603502,6438
1760532180.705231,5976
1760532180.805961,6572
1760532180.906692,6571
1760532181.007422,6601
1760532181.108185,7274
1760532181.209901,7029
1760532181.312607,6410
1760532181.522833,6047
1760532181.626554,6498
1760532181.727284,6532
1760532181.829012,5976
1760532181.929743,6800
1760532182.030473,6423
1760532182.131204,6631
1760532182.231935,6621
1760532182.332665,6442
1760532182.433396,6155
1760532182.534126,6770
1760532182.634858,6353
1760532182.837316,6684
1760532182.938046,6889
1760532183.038777,6770
1760532183.139507,5668
1760532183.240238,6482
1760532183.340968,6383
1760532183.441699,6055
1760532183.543427,5888
1760532183.644158,5896
1760532183.744889,6095
1760532183.847614,6853
1760532183.94906,6279
1760532184.049792,6254
1760532184.152518,5685
1760532184.356971,6311
1760532184.4577,6333
1760532184.558431,6552
1760532184.66016,6074
1760532184.761631,6208
1760532184.862361,6502
1760532184.963092,6820
1760532185.063822,6730
1760532185.164553,6452
1760532185.265284,6611
1760532185.367012,6497
1760532185.56947,5827
1760532185.6702,6383
1760532185.770932,6373
1760532185.871662,6909
1760532185.972392,6691
1760532186.073478,6054
1760532186.174208,6433
1760532186.274939,6293
1760532186.375669,7207
1760532186.4764,6720
1760532186.577131,6115
1760532186.677861,6452
1760532186.781584,6931
1760532186.984402,6894
1760532187.086129,6094
1760532187.18686,6710
1760532187.287591,6403
1760532187.388322,6780
1760532187.489047,6582
1760532187.590775,6291
1760532187.691505,6452
1760532187.793248,5946
1760532187.893964,6553
1760532187.994694,6115
1760532188.095425,6333
1760532188.297883,6173
1760532188.398616,6353
1760532188.499345,6244
1760532188.600077,6422
1760532188.700806,6234
1760532188.801536,6373
1760532188.902267,6621
1760532189.002997,6393
1760532189.10373,6611
1760532189.204487,6679
1760532189.305219,6492
1760532189.40595,6244
1760532189.609405,6462
1760532189.711133,6409
1760532189.811864,6651
1760532189.912596,6194
1760532190.014322,6478
1760532190.116053,6497
1760532190.216783,6304
1760532190.318513,6782
1760532190.419242,5867
1760532190.520469,6381
1760532190.621785,6346
1760532190.724474,6397
1760532190.829194,6269
1760532191.03265,6861
1760532191.13341,5974
1760532191.234111,5908
1760532191.334842,6750
1760532191.435572,6403
1760532191.536304,6095
1760532191.637065,6659
1760532191.737796,6542
1760532191.838495,6127
1760532191.939241,6660
1760532192.040004,6956
1760532192.140731,6393
1760532192.346154,6115
1760532192.44742,6171
1760532192.548151,6681
1760532192.649883,6792
1760532192.750582,6603
1760532192.851342,6986
1760532192.952043,6375
1760532193.053278,6479
1760532193.153958,6595
1760532193.254691,6333
1760532193.457068,6749
1760532193.557798,6413
1760532193.658529,6512
1760532193.759259,6522
1760532193.85999,6174
1760532193.960721,6244
1760532194.061451,6333
1760532194.162541,6321
1760532194.2643,6426
1760532194.365036,6720
1760532194.46577,6522
1760532194.566465,6216
1760532194.669185,5987
1760532194.871643,6389
1760532194.972374,7227
1760532195.073613,6943
1760532195.174344,5996
1760532195.275074,6274
1760532195.375805,6691
1760532195.477044,6627
1760532195.577799,6113
1760532195.67852,5986
1760532195.779264,6531
1760532195.880104,6426
1760532195.981835,6517
1760532196.187286,6999
1760532196.290011,5568
1760532196.391738,7126
1760532196.492469,6244
1760532196.5932,6502
1760532196.69393,6383
1760532196.794661,6512
1760532196.89543,6043
1760532196.99616,6691
1760532197.096891,6800
1760532197.197621,6492
1760532197.401079,6242
1760532197.503802,6152
1760532197.607524,6372
1760532197.708256,6919
1760532197.808986,6164
1760532197.909716,5390
1760532198.010417,6643
1760532198.112145,6124
1760532198.213873,6497
1760532198.314603,6621
1760532198.415333,6572
1760532198.516085,6689
1760532198.616795,5987
1760532198.820756,6635
1760532198.921487,6363
1760532199.022218,6006
1760532199.122948,6899
1760532199.223679,6403
1760532199.325407,5898
1760532199.426274,6523
1760532199.527005,6581
1760532199.627735,6323
1760532199.72897,6124
1760532199.830699,6674
1760532199.932461,6475
1760532200.033157,6325
1760532200.136879,6527
1760532200.34136,6143
1760532200.442215,6910
1760532200.542946,6978
1760532200.643698,6213
1760532200.744407,6305
1760532200.845138,6045
1760532200.945869,5777
1760532201.046598,6303
1760532201.14733,6025
1760532201.248414,6212
1760532201.351139,6570
1760532201.454871,6025
1760532201.658317,6223
1760532201.759075,6470
1760532201.859778,6623
1760532201.960509,6293
1760532202.061239,5936
1760532202.161936,6415
1760532202.263666,6625
1760532202.364405,6015
1760532202.465127,6066
1760532202.565858,6919
1760532202.667591,6389
1760532202.77231,6006
1760532202.975766,6522
1760532203.076497,6284
1760532203.177228,6611
1760532203.277958,6204
1760532203.378688,6155
1760532203.479289,6540
1760532203.58002,6403
1760532203.680751,5053
1760532203.781481,6115
1760532203.88224,6431
1760532203.983791,6558
1760532204.08449,6544
1760532204.186218,6094
1760532204.388666,5946
1760532204.489424,6262
1760532204.591125,6519
1760532204.691855,6562
1760532204.793584,5848
1760532204.894335,6233
1760532204.995045,5987
1760532205.095775,6631
1760532205.197503,6605
1760532205.298235,6611
1760532205.39897,6601
1760532205.499695,6542
1760532205.706143,6721
1760532205.807871,6192
1760532205.908601,6323
1760532206.010329,6851
1760532206.112057,6214
1760532206.214783,6142
1760532206.318505,6210
1760532206.419236,5767
1760532206.519966,6482
1760532206.620697,6363
1760532206.721427,6254
1760532206.82219,6579
1760532207.024342,6373
1760532207.12607,6065
1760532207.227797,6143
1760532207.329036,6114
1760532207.430765,6045
1760532207.532854,6602
1760532207.634582,6556
1760532207.736309,6045
1760532207.838059,6289
1760532207.938768,6106
1760532208.039498,6611
1760532208.140229,6105
1760532208.240991,6609
1760532208.342718,6419
1760532208.545176,6274
1760532208.646904,6566
1760532208.747698,6260
1760532208.85041,5724
1760532208.951647,6074
1760532209.053375,6094
1760532209.154613,6450
1760532209.258335,5743
1760532209.36158,6063
1760532209.46328,6479
1760532209.565008,6183
1760532209.666203,6650
1760532209.767931,6035
1760532209.869659,5927
1760532210.076613,5996
1760532210.179338,6173
1760532210.280068,6214
1760532210.380827,6580
1760532210.483063,6123
1760532210.586413,6898
1760532210.688112,5948
1760532210.788843,5509
1760532210.889573,6006
1760532210.991301,6507
1760532211.092031,6025
1760532211.195754,6247
1760532211.297482,6694
1760532211.400208,6093
1760532211.609648,6478
1760532211.711395,6201
1760532211.812105,5987
1760532211.912839,6403
1760532212.0136,6480
1760532212.114332,6432
1760532212.215027,5938
1760532212.316265,6479
1760532212.41899,6458
1760532212.51972,6244
1760532212.621449,6330
1760532212.825291,6166
1760532212.926022,6164
1760532213.026754,6492
1760532213.127515,5944
1760532213.228215,5958
1760532213.32945,6302
1760532213.431179,6143
1760532213.532938,6151
1760532213.633637,6713
1760532213.735364,6222
1760532213.836095,6581
1760532213.939819,6208
1760532214.145269,6298
1760532214.245999,7108
1760532214.346757,6629
1760532214.447479,6185
1760532214.54821,5787
1760532214.649628,6596
1760532214.750359,6343
1760532214.85109,6204
1760532214.952817,5681
1760532215.053548,6581
1760532215.255023,6283
1760532215.356739,6577
1760532215.457467,6452
1760532215.558198,6194
1760532215.658961,6023
1760532215.759659,6256
1760532215.861387,6143
1760532215.963115,5878
1760532216.063845,6125
1760532216.164577,5936
1760532216.265307,6333
1760532216.46675,6175
1760532216.46675,6175
1760532216.670206,6017
1760532216.770966,5964
1760532216.872665,6067
1760532216.973395,6244
1760532217.076133,5830
1760532217.178355,6671
1760532217.280085,6532
1760532217.382809,6648
1760532217.484537,6831
1760532217.586286,6810
1760532217.689988,6689
1760532217.891449,5797
1760532217.891449,5797
1760532218.094912,6310
1760532218.195635,6135
1760532218.296366,6790
1760532218.397096,7008
1760532218.497826,6264
1760532218.598557,6939
1760532218.700285,6537
1760532218.801016,6284
1760532218.901777,6351
1760532219.003062,6457
1760532219.103793,6383
1760532219.206528,6424
1760532219.407988,6184
1760532219.508746,6659
1760532219.609482,6680
1760532219.71018,6822
1760532219.811909,6369
1760532219.912642,6363
1760532220.01337,6353
1760532220.1141,6681
1760532220.214858,6073
1760532220.315561,6315
1760532220.416294,6730
1760532220.517528,6114
1760532220.724974,6575
1760532220.830722,6364
1760532220.931421,6633
1760532221.032152,6552
1760532221.132882,7465
1760532221.233614,6413
1760532221.334344,6125
1760532221.43558,6262
1760532221.536308,6522
1760532221.638034,6222
1760532221.738764,6204
1760532221.839495,7048
1760532222.043244,6413
1760532222.14497,6537
1760532222.245701,6234
1760532222.346431,6512
1760532222.447161,6601
1760532222.547893,6581
1760532222.648624,6710
1760532222.749809,7165
1760532222.850553,6521
1760532222.952268,6311
1760532223.052999,6452
1760532223.154177,6463
1760532223.255878,6420
1760532223.358756,6736
1760532223.560225,6362
1760532223.660983,6044
1760532223.762745,6456
1760532223.864441,6224
1760532223.965172,6274
1760532224.065902,6214
1760532224.16677,6652
1760532224.267528,7195
1760532224.368258,7127
1760532224.468962,6275
1760532224.569692,6333
1760532224.670423,6194
1760532224.872881,6900
1760532224.973611,6552
1760532225.074473,6603
1760532225.17517,5451
1760532225.2759,6194
1760532225.376631,6145
1760532225.477866,5956
1760532225.578597,6651
1760532225.680325,6645
1760532225.781055,7167
1760532225.881788,6839
1760532225.984512,6668
1760532226.187967,6393
1760532226.288713,6938
1760532226.390426,6567
1760532226.491157,6115
1760532226.591887,6284
1760532226.692619,6224
1760532226.794346,6517
1760532226.895518,6306
1760532226.997245,6546
1760532227.097976,6323
1760532227.199704,6291
1760532227.301431,6979
1760532227.504887,6419
1760532227.605618,6512
1760532227.706349,6234
1760532227.80708,5867
1760532227.907809,6393
1760532228.008543,6085
1760532228.109272,6740
1760532228.210511,6509
1760532228.311242,6959
1760532228.411977,6939
1760532228.514705,6648
1760532228.718341,6679
1760532228.819071,6075
1760532228.919801,6174
1760532229.020532,6115
1760532229.121768,6539
1760532229.222499,6601
1760532229.32323,6373
1760532229.42396,6194
1760532229.52469,6442
1760532229.625801,6408
1760532229.726534,6184
1760532229.827774,5946
1760532230.030233,6507
1760532230.130969,6402
1760532230.232691,6409
1760532230.333423,6849
1760532230.434153,6442
1760532230.535392,6578
1760532230.636123,6919
1760532230.736854,5916
1760532230.837584,5579
1760532230.938315,6184
1760532231.039552,6450
1760532231.140283,6383
1760532231.343262,6350
1760532231.443992,6562
1760532231.544749,6341
1760532231.645452,6315
1760532231.746183,6423
1760532231.846941,6609
1760532231.947679,6740
1760532232.048916,6262
1760532232.149646,6820
1760532232.250376,6482
1760532232.351111,6343
1760532232.451838,6244
1760532232.653299,6512
1760532232.754029,6651
1760532232.85476,6591
1760532232.955518,5319
1760532233.056222,4816
1760532233.156952,5966
1760532233.260675,6376
1760532233.361405,6552
1760532233.462136,6244
1760532233.562866,6671
1760532233.663597,6413
1760532233.764327,6581
1760532233.868285,5675
1760532234.070743,5907
1760532234.171474,6204
1760532234.272204,6125
1760532234.372935,6254
1760532234.473665,6780
1760532234.575421,6328
1760532234.676126,6603
1760532234.776855,6850
1760532234.877586,6730
1760532234.981817,6380
1760532235.084547,6628
1760532235.286513,6471
1760532235.38824,6527
1760532235.488971,6710
1760532235.589702,6681
1760532235.690432,6214
1760532235.791695,6734
1760532235.892398,6603
1760532235.993002,6530
1760532236.093734,6313
1760532236.194464,6671
1760532236.296192,6478
1760532236.398918,6444
1760532236.604368,6570
1760532236.604368,6570
1760532236.813807,6105
1760532236.914565,6848
1760532237.015341,6410
1760532237.116043,6504
1760532237.216773,6333
1760532237.317488,6612
1760532237.418249,5944
1760532237.518952,6742
1760532237.62068,6045
1760532237.721878,6976
1760532237.822582,6295
1760532237.924288,6115
1760532238.128764,6540
1760532238.230254,6059
1760532238.330957,6732
1760532238.432194,6598
1760532238.532927,6293
1760532238.633655,6075
1760532238.734231,6631
1760532238.834961,6959
1760532238.935691,6830
1760532239.036468,6539
1760532239.137228,6401
1760532239.237931,5759
1760532239.339659,6831
1760532239.542124,6531
1760532239.642855,6562
1760532239.743585,6859
1760532239.844316,6502
1760532239.945047,6065
1760532240.052759,6025
1760532240.154486,6311
1760532240.255269,6608
1760532240.356024,6431
1760532240.456728,5918
1760532240.558233,5911
1760532240.76217,6152
1760532240.8629,6055
1760532240.963631,6135
1760532241.065359,6760
1760532241.167087,6625
1760532241.267817,6403
1760532241.368548,6631
1760532241.469833,6338
1760532241.571561,5809
1760532241.672318,6570
1760532241.876745,6239
1760532241.977803,6679
1760532242.078549,6302
1760532242.180279,6369
1760532242.282973,5764
1760532242.384209,5748
1760532242.486935,5792
1760532242.588684,6840
1760532242.68975,6411
1760532242.790842,6202
1760532242.891544,6673
1760532242.992274,6145
1760532243.100984,6298
1760532243.201714,6214
1760532243.302445,6601
1760532243.40517,6230
1760532243.610657,6192
1760532243.712349,6450
1760532243.81308,6661
1760532243.913838,6272
1760532244.014541,5938
1760532244.115302,6282
1760532244.217002,6469
1760532244.317991,6782
1760532244.519454,6432
1760532244.519454,6432
1760532244.620843,6144
1760532244.823764,5919
1760532244.926489,6502
1760532245.028217,5927
1760532245.128948,6571
1760532245.231,6173
1760532245.331731,6512
1760532245.432461,5956
1760532245.534195,6074
1760532245.634926,6025
1760532245.735656,6472
1760532245.836387,6373
1760532245.937117,5857
1760532246.141571,6872
1760532246.243299,6566
1760532246.344029,6651
1760532246.44476,6313
1760532246.54549,6313
1760532246.64622,6959
1760532246.747949,6115
1760532246.848679,6611
1760532246.950681,6470
1760532247.052408,6330
1760532247.154136,6713
1760532247.357592,6143
1760532247.464306,6363
1760532247.464306,6363
1760532247.667438,6262
1760532247.768176,6065
1760532247.868905,5837
1760532247.969635,6562
1760532248.070366,6234
1760532248.171097,6254
1760532248.272846,6633
1760532248.373582,6422
1760532248.475327,5641
1760532248.678248,6341
1760532248.780974,5268
1760532248.881705,6343
1760532248.983432,6202
1760532249.085159,6704
1760532249.187885,6580
1760532249.289613,6487
1760532249.390344,6383
1760532249.492072,5976
1760532249.594797,6863
1760532249.696525,6537
1760532249.802242,6120
1760532249.902972,6333
1760532250.005894,6305
1760532250.20992,6704
1760532250.310688,6410
1760532250.411384,5988
1760532250.513109,6665
1760532250.614349,6706
1760532250.715095,6729
1760532250.817661,5799
1760532250.919388,6605
1760532251.021784,6728
1760532251.123512,5819
1760532251.224245,6412
1760532251.324978,6214
1760532251.427704,6379
1760532251.528947,6765
1760532251.732403,6576
1760532251.833135,6879
1760532251.933863,6869
1760532252.034594,5311
1760532252.135255,6497
1760532252.237981,5917
1760532252.338712,6363
1760532252.441618,5811
1760532252.542348,6214
1760532252.643079,6383
1760532252.744807,6045
1760532252.846048,5995
1760532252.94777,6458
1760532253.152223,6468
1760532253.252953,6224
1760532253.354188,6124
1760532253.454918,6691
1760532253.556153,6371
1760532253.657617,6504
1760532253.759345,6222
1760532253.861075,6482
1760532253.962803,6389
1760532254.063534,6303
1760532254.165261,6487
1760532254.265992,6303
1760532254.470953,6458
1760532254.571684,6869
1760532254.672414,6145
1760532254.773145,6075
1760532254.873876,6244
1760532254.974606,6572
1760532255.075354,6332
1760532255.17607,6692
1760532255.2768,6522
1760532255.377531,6274
1760532255.478267,6472
1760532255.57999,6350
1760532255.782448,6075
1760532255.883179,6333
1760532255.98429,5894
1760532256.085021,6303
1760532256.185752,6442
1760532256.286484,6095
1760532256.38821,6055
1760532256.488941,5589
1760532256.589671,6730
1760532256.690402,5748
1760532256.791637,6410
1760532256.894363,6576
1760532257.100811,6790
1760532257.202539,6782
1760532257.30327,6055
1760532257.404997,6419
1760532257.507003,6494
1760532257.607734,6343
1760532257.709462,6383
1760532257.811195,6123
1760532257.911928,5886
1760532258.016645,6274
1760532258.118375,6546
1760532258.219104,6174
1760532258.323825,6321
1760532258.52728,5937
1760532258.628011,6562
1760532258.729027,5999
1760532258.829757,6581
1760532258.930489,5996
1760532259.031218,5946
1760532259.131949,6065
1760532259.232679,6284
1760532259.33341,5996
1760532259.434141,5648
1760532259.536581,6491
1760532259.739222,5787
1760532259.840949,6615
1760532259.941679,6571
1760532260.04343,6476
1760532260.145135,6774
1760532260.245866,5946
1760532260.346598,6383
1760532260.447833,6154
1760532260.548564,5658
1760532260.650291,6330
1760532260.751303,5910
1760532260.953763,6222
1760532261.05549,6802
1760532261.15622,6601
1760532261.256955,6809
1760532261.35868,6291
1760532261.45941,6145
1760532261.56014,6125
1760532261.660871,6363
1760532261.762599,6910
1760532261.86333,6631
1760532261.964061,6244
1760532262.167529,5818
1760532262.269244,5731
1760532262.369795,6603
1760532262.470526,6313
1760532262.571256,6760
1760532262.671987,6293
1760532262.772717,6383
1760532262.873448,6750
1760532262.974685,6578
1760532263.075417,6651
1760532263.177145,6694
1760532263.277876,5926
1760532263.47948,6205
1760532263.580211,5817
1760532263.681938,6193
1760532263.782668,6363
1760532263.883399,6482
1760532263.98413,6413
1760532264.08486,6254
1760532264.18559,6234
1760532264.286322,6492
1760532264.389047,5724
1760532264.491772,5938
1760532264.5935,5632
1760532264.694233,5718
1760532264.796956,5996
1760532264.999414,5569
1760532265.100146,6353
1760532265.201873,6537
1760532265.302603,5757
1760532265.403334,5966
1760532265.505063,6462
1760532265.605793,6214
1760532265.706522,6254
1760532265.807253,6323
1760532265.907984,6383
1760532266.009114,6526
1760532266.10984,6433
1760532266.313295,6114
1760532266.414028,6244
1760532266.514756,6294
1760532266.616485,6350
1760532266.717216,6323
1760532266.8183,6232
1760532266.919265,6081
1760532267.019995,6194
1760532267.120725,6393
1760532267.221456,6720
1760532267.423914,6360
1760532267.524862,6656
1760532267.625591,6035
1760532267.726323,6879
1760532267.827851,6618
1760532267.928581,6442
1760532268.02931,5976
1760532268.130114,6031
1760532268.230848,6482
1760532268.331578,6343
1760532268.432309,6115
1760532268.533067,6153
1760532268.73849,6330
1760532268.839221,5579
1760532268.939951,6383
1760532269.040684,6700
1760532269.141412,6621
1760532269.242171,6957
1760532269.342874,6325
1760532269.443634,6004
1760532269.544365,5738
1760532269.644869,6626
1760532269.746598,6369
1760532269.847429,6248
1760532269.948032,6142
1760532270.152492,5691
1760532270.253216,5827
1760532270.353818,6500
1760532270.454549,6373
1760532270.555279,6581
1760532270.65601,5906
1760532270.756776,6629
1760532270.857471,6365
1760532270.958229,6431
1760532271.165647,6396
1760532271.165647,6396
1760532271.268119,7114
1760532271.470958,6567
1760532271.573684,6105
1760532271.675432,6054
1760532271.77617,5985
1760532271.877266,6449
1760532271.977975,6881
1760532272.079731,6820
1760532272.180433,6226
1760532272.281669,6519
1760532272.3824,6423
1760532272.483345,5973
1760532272.589214,6413
1760532272.689974,6401
1760532272.894429,6407
1760532272.995127,6176
1760532273.095858,6492
1760532273.199692,6223
1760532273.300422,6115
1760532273.402658,6475
1760532273.504385,6428
1760532273.606399,6098
1760532273.707117,6106
1760532273.807847,5867
1760532273.90858,6512
1760532274.011304,6358
1760532274.212766,6135
1760532274.314492,6320
1760532274.415224,6909
1760532274.516951,6330
1760532274.61868,6360
1760532274.720407,6360
1760532274.821643,6213
1760532274.922372,6582
1760532275.023125,6163
1760532275.123834,6186
1760532275.224915,6123
1760532275.325649,6214
1760532275.428375,6006
1760532275.529105,6790
1760532275.73256,6547
1760532275.834288,5986
1760532275.93502,6423
1760532276.037058,6693
1760532276.138783,6900
1760532276.240511,6291
1760532276.341276,6798
1760532276.444475,6692
1760532276.545232,6193
1760532276.645935,6673
1760532276.746667,6820
1760532276.847397,6333
1760532276.950489,6528
1760532277.151949,6691
1760532277.25268,7068
1760532277.353915,6341
1760532277.454646,6502
1760532277.555377,6303
1760532277.656107,6621
1760532277.757836,6674
1760532277.859564,6320
1760532277.961291,5780
1760532278.062022,6591
1760532278.266475,6792
1760532278.266475,6792
1760532278.370198,6257
1760532278.573654,6173
1760532278.674384,6025
1760532278.775144,2739
1760532278.876008,3291
1760532278.976745,3702
1760532279.078443,5368
1760532279.17921,6589
1760532279.279964,6699
1760532279.380668,6474
1760532279.484389,6623
1760532279.586123,6418
1760532279.788576,5927
1760532279.890304,5927
1760532279.992053,6250
1760532280.092763,6742
1760532280.19452,7134
1760532280.295221,7159
1760532280.396949,6989
1760532280.497706,6183
1760532280.599074,6767
1760532280.700802,7058
1760532280.802529,6546
1760532280.90326,6830
1760532281.105465,5946
1760532281.206194,6542
1760532281.310928,6798
1760532281.412645,7107
1760532281.513373,7078
1760532281.6151,6635
1760532281.715831,6939
1760532281.816562,6403
1760532281.920285,7105
1760532282.022012,6753
1760532282.125735,5898
1760532282.330189,6502
1760532282.431232,5522
1760532282.532959,6468
1760532282.634687,6772
1760532282.736427,6542
1760532282.840137,6542
1760532282.944858,6483
1760532283.046585,6822
1760532283.147344,6183
1760532283.248046,6146
1760532283.349581,6904
1760532283.451305,6488
1760532283.553033,6114
1760532283.653763,6681
1760532283.757489,6324
1760532283.858727,6460
1760532284.06318,6264
1760532284.163914,5936
1760532284.264641,6899
1760532284.365371,6661
1760532284.466102,6998
1760532284.567832,6919
1760532284.668561,5906
1760532284.769293,5688
1760532284.872018,6561
1760532284.973289,6181
1760532285.07502,6900
1760532285.17575,6016
1760532285.278475,6755
1760532285.481931,6910
1760532285.582661,6780
1760532285.683392,6373
1760532285.784122,7118
1760532285.884855,6780
1760532285.986581,6419
1760532286.087314,6532
1760532286.188043,6562
1760532286.288774,6571
1760532286.389504,6780
1760532286.594968,6487
1760532286.696683,6459
1760532286.79841,6831
1760532286.900146,6045
1760532287.000877,6214
1760532287.102605,6478
1760532287.204333,6383
1760532287.305064,6035
1760532287.406792,6281
1760532287.507521,6165
1760532287.608254,6095
1760532287.810711,6790
1760532287.911443,6244
1760532288.013169,5957
1760532288.114317,6386
1760532288.215048,6869
1760532288.316776,6753
1760532288.419502,6772
1760532288.522226,6502
1760532288.623969,6214
1760532288.726684,6999
1760532288.827415,6432
1760532288.929143,6733
1760532289.030871,6859
1760532289.235324,7195
1760532289.235324,7195
1760532289.439778,6181
1760532289.541505,6271
1760532289.642236,6284
1760532289.742967,6234
1760532289.844695,6055
1760532289.946931,6152
1760532290.048659,6284
1760532290.149389,6383
1760532290.250121,6760
1760532290.351849,6419
1760532290.456568,6851
1760532290.558296,6586
1760532290.660025,6293
1760532290.761264,6252
1760532290.963723,5976
1760532291.064453,6244
1760532291.166182,6615
1760532291.266911,6105
1760532291.367642,6462
1760532291.4685,6514
1760532291.569232,7524
1760532291.669962,7167
1760532291.771689,6812
1760532291.873418,6631
1760532292.077871,6831
1760532292.179598,6871
1760532292.281337,5759
1760532292.383054,6478
1760532292.484783,6790
1760532292.587506,6726
1760532292.688238,6313
1760532292.789966,6517
1760532292.890696,6264
1760532292.991427,6591
1760532293.092159,6264
1760532293.192889,6472
1760532293.399774,6274
1760532293.508484,6045
1760532293.610211,6635
1760532293.712937,6405
1760532293.815662,6240
1760532293.916394,6303
1760532294.01812,5986
1760532294.118851,6174
1760532294.220521,6521
1760532294.324244,6940
1760532294.425983,6536
1760532294.527699,5751
1760532294.629427,6448
1760532294.733151,6806
1760532294.936571,6273
1760532295.038621,6781
1760532295.141347,5801
1760532295.243075,6261
1760532295.344803,6625
1760532295.446531,7087
1760532295.548259,6790
1760532295.650984,6239
1760532295.752711,6320
1760532295.854439,6428
1760532295.95517,5609
1760532296.055901,5559
1760532296.156631,6532
1760532296.358092,6264
1760532296.358092,6264
1760532296.562546,6565
1760532296.663276,6125
1760532296.764007,6969
1760532296.865247,6785
1760532296.967974,6687
1760532297.069701,7058
1760532297.170432,6780
1760532297.271162,6363
1760532297.371893,6145
1760532297.473621,5878
1760532297.576346,6639
1760532297.779935,6682
1760532297.882174,6331
1760532297.984899,6765
1760532298.086626,6389
1760532298.188353,6822
1760532298.28959,6529
1760532298.391319,6281
1760532298.493046,5849
1760532298.593777,6760
1760532298.695374,6102
1760532298.797109,5985
1760532298.898829,6360
1760532298.99956,6423
1760532299.203016,6055
1760532299.304744,5121
1760532299.406472,5062
1760532299.5082,6222
1760532299.60967,6524
1760532299.711397,6684
1760532299.813126,6586
1760532299.914853,6940
1760532300.025558,6553
1760532300.126288,7564
1760532300.227561,7218
1760532300.328298,6373
1760532300.430022,6370
1760532300.53071,6554
1760532300.634411,6508
1760532300.735142,6631
1760532300.9376,5858
1760532301.040326,5986
1760532301.144049,6609
1760532301.249765,6388
1760532301.352492,6648
1760532301.455249,6627
1760532301.55699,5858
1760532301.658696,6184
1760532301.760424,5947
1760532301.862151,6016
1760532301.962911,6103
1760532302.064611,6027
1760532302.266072,6105
1760532302.266072,6105
1760532302.470892,6295
1760532302.571624,6959
1760532302.672352,6512
1760532302.77408,6025
1760532302.876807,6522
1760532302.978534,6222
1760532303.080261,6153
1760532303.180992,6224
1760532303.281751,6302
1760532303.382454,6464
1760532303.483185,6492
1760532303.685643,6701
1760532303.78737,5907
1760532303.888102,6284
1760532303.993818,6044
1760532304.094549,6552
1760532304.196276,6576
1760532304.297007,7008
1760532304.398735,7038
1760532304.499494,6828
1760532304.600232,6968
1760532304.702923,6753
1760532304.804651,6664
1760532304.90538,6423
1760532305.107896,6202
1760532305.211126,6866
1760532305.311857,7187
1760532305.413585,6713
1760532305.514315,6611
1760532305.615045,6502
1760532305.719765,6216
1760532305.821493,5839
1760532305.924216,6288
1760532306.025933,6144
1760532306.126664,6522
1760532306.227394,6303
1760532306.329123,7116
1760532306.43085,6950
1760532306.532578,6472
1760532306.636652,6866
1760532306.839111,6497
1760532306.940839,6782
1760532307.042566,6153
1760532307.143297,6621
1760532307.244027,6591
1760532307.345756,6654
1760532307.447483,6881
1760532307.550209,6395
1760532307.650963,6094
1760532307.751671,6404
1760532307.953133,6403
1760532307.953133,6403
1760532308.056855,6717
1760532308.259314,6389
1760532308.360043,6730
1760532308.46091,6840
1760532308.561641,6562
1760532308.662401,6351
1760532308.764133,6212
1760532308.864829,6137
1760532308.966558,6212
1760532309.173006,6212
1760532309.274734,6006
1760532309.375464,6899
1760532309.477192,6831
1760532309.577923,6293
1760532309.679651,6517
1760532309.780381,6383
1760532309.882109,6851
1760532309.982839,6959
1760532310.084567,6468
1760532310.185298,6383
1760532310.286028,7217
1760532310.393741,6668
1760532310.597406,6482
1760532310.698137,6254
1760532310.802858,5524
1760532310.904585,5986
1760532311.006814,6240
1760532311.107544,6482
1760532311.209273,6566
1760532311.311,6114
1760532311.412106,5865
1760532311.51284,6889
1760532311.613948,6349
1760532311.714707,6212
1760532311.816407,5889
1760532311.919132,6619
1760532312.12159,6482
1760532312.222347,6461
1760532312.323536,6216
1760532312.424267,6502
1760532312.526021,6269
1760532312.626752,6284
1760532312.727483,6661
1760532312.83018,6222
1760532313.03264,5787
1760532313.135366,6415
1760532313.239087,6478
1760532313.340814,6773
1760532313.441574,6371
1760532313.543273,6696
1760532313.644004,6393
1760532313.744735,6452
1760532313.84746,6220
1760532313.948218,6371
1760532314.049918,6253
1760532314.150649,6115
1760532314.253374,6142
1760532314.354105,6343
1760532314.454719,6470
1760532314.558442,6151
1760532314.760927,6338
1760532314.861629,6196
1760532314.96236,6552
1760532315.063092,6085
1760532315.163843,6014
1760532315.264552,6364
1760532315.365283,6164
1760532315.468009,6700
1760532315.569736,6124
1760532315.671465,6654
1760532315.875089,6997
1760532315.976817,6428
1760532316.078546,6133
1760532316.180273,5986
1760532316.281003,6065
1760532316.381734,6423
1760532316.483156,6300
1760532316.584886,6389
1760532316.687612,6395
1760532316.78934,6212
1760532316.892066,6163
1760532316.993817,6830
1760532317.094545,6045
1760532317.196251,6223
1760532317.397727,6581
1760532317.499441,6344
1760532317.600172,6194
1760532317.702897,6054
1760532317.804657,6200
1760532317.906352,6548
1760532318.00808,6645
1760532318.108812,6601
1760532318.209541,6165
1760532318.310273,6423
1760532318.411002,6224
1760532318.513729,6415
1760532318.720177,6017
1760532318.820906,6323
1760532318.922635,6502
1760532319.023365,6681
1760532319.125094,6490
1760532319.226822,6369
1760532319.32855,6055
1760532319.430277,6330
1760532319.531112,5821
1760532319.631822,6275
1760532319.73355,6900
1760532319.834289,6263
1760532319.937006,6474
1760532320.140318,6755
1760532320.241048,6760
1760532320.342775,5760
1760532320.444504,5966
1760532320.546232,6890
1760532320.648957,6448
1760532320.754674,6678
1760532320.855405,6313
1760532320.956135,6601
1760532321.057864,6671
1760532321.159591,6193
1760532321.261037,6377
1760532321.361767,5896
1760532321.462498,5589
1760532321.565223,6210
1760532321.769676,6234
1760532321.870913,6015
1760532321.972642,6333
1760532322.073879,6766
1760532322.174609,6323
1760532322.276337,6419
1760532322.377068,6135
1760532322.477799,6284
1760532322.579554,6397
1760532322.681254,6666
1760532322.782012,6639
1760532322.882716,6653
1760532322.984444,6432
1760532323.187095,6299
1760532323.288822,6782
1760532323.389553,5867
1760532323.490304,6431
1760532323.591016,6255
1760532323.693739,6561
1760532323.794498,6738
1760532323.896197,5811
1760532323.99992,6274
1760532324.100651,6025
1760532324.204373,6285
1760532324.305127,6838
1760532324.406832,6469
1760532324.611286,6162
1760532324.712015,6959
1760532324.817733,6914
1760532324.919488,6613
1760532325.0206,6013
1760532325.121728,6921
1760532325.222484,6451
1760532325.323947,6268
1760532325.424678,5916
1760532325.52541,6651
1760532325.626163,6064
1760532325.72687,6365
1760532325.827601,5966
1760532326.029629,6512
1760532326.13036,6075
1760532326.231097,6551
1760532326.331801,6454
1760532326.432531,6512
1760532326.533261,6095
1760532326.633993,5916
1760532326.734722,6949
1760532326.835997,6299
1760532326.936695,6037
1760532327.037426,6294
1760532327.238887,6164
1760532327.339617,5728
1760532327.440241,6191
1760532327.541475,6223
1760532327.642206,6254
1760532327.742937,5986
1760532327.843667,6214
1760532327.944433,6381
1760532328.045163,6691
1760532328.145894,6214
1760532328.246591,6018
1760532328.347322,6254
1760532328.548882,6085
1760532328.650612,6055
1760532328.751343,6095
1760532328.852074,6571
1760532328.952805,6562
1760532329.053535,6899
1760532329.154265,6274
1760532329.255077,6457
1760532329.356799,5888
1760532329.457529,6889
1760532329.55826,6760
1760532329.658991,6492
1760532329.863955,6006
1760532329.964685,6343
1760532330.065486,6587
1760532330.166217,6353
1760532330.266947,6045
1760532330.367677,6750
1760532330.468914,6914
1760532330.569644,6303
1760532330.670402,5895
1760532330.771133,6184
1760532330.871836,6027
1760532330.973564,6271
1760532331.17702,6085
1760532331.27775,6234
1760532331.378987,6124
1760532331.480743,6083
1760532331.581445,6186
1760532331.682176,6472
1760532331.782939,6867
1760532331.883593,6557
1760532331.984351,6351
1760532332.085053,6295
1760532332.185784,6403
1760532332.286848,6283
1760532332.489283,6979
1760532332.59101,6389
1760532332.69169,7429
1760532332.793418,6763
1760532332.894149,6542
1760532332.994879,6274
1760532333.095609,6571
1760532333.19634,7048
1760532333.297071,6969
1760532333.398804,6300
1760532333.60112,6605
1760532333.701849,6115
1760532333.802607,6073
1760532333.904337,6497
1760532334.005207,6632
1760532334.106938,6359
1760532334.207668,6254
1760532334.308426,5954
1760532334.409152,6592
1760532334.509892,6293
1760532334.61059,6504
1760532334.712318,6576
1760532334.813049,6840
1760532334.915796,6326
1760532335.11923,6517
1760532335.219961,6413
1760532335.320691,6105
1760532335.421422,6393
1760532335.522152,6393
1760532335.622883,6045
1760532335.723614,6472
1760532335.825341,6134
1760532335.926072,6522
1760532336.029795,5938
1760532336.133031,6104
1760532336.233763,6522
1760532336.437249,6999
1760532336.53798,6462
1760532336.638738,6193
1760532336.740213,6809
1760532336.840943,6403
1760532336.942645,6156
1760532337.043396,6679
1760532337.144135,6650
1760532337.244863,6175
1760532337.345566,6375
1760532337.448291,6308
1760532337.549022,6621
1760532337.751484,6340
1760532337.853238,6456
1760532337.953942,6474
1760532338.05567,6537
1760532338.156247,7158
1760532338.256949,5978
1760532338.358675,6094
1760532338.459413,6521
1760532338.562132,5986
1760532338.662864,6244
1760532338.764212,6512
1760532338.864943,6740
1760532339.069211,5957
1760532339.169941,6502
1760532339.270671,6562
1760532339.371429,6540
1760532339.472135,6613
1760532339.573906,6691
1760532339.676632,6343
1760532339.777389,6064
1760532339.880087,6494
1760532339.981922,6579
1760532340.082652,6691
1760532340.285111,6524
1760532340.386049,6657
1760532340.48678,6125
1760532340.587533,6223
1760532340.688241,6464
1760532340.788973,6591
1760532340.889703,6601
1760532340.990461,6659
1760532341.091164,6206
1760532341.191895,6284
1760532341.293641,6132
1760532341.396348,6241
1760532341.601799,6330
1760532341.703559,6338
1760532341.804257,6315
1760532341.904987,6135
1760532342.005719,6522
1760532342.106449,6482
1760532342.207179,6234
1760532342.307931,6947
1760532342.408641,6841
1760532342.510396,6210
1760532342.611099,6136
1760532342.711851,6600
1760532342.81256,6682
1760532342.917281,6312
1760532343.120736,6423
1760532343.22224,6285
1760532343.32368,6368
1760532343.424411,6323
1760532343.525142,6194
1760532343.625872,6979
1760532343.726603,6591
1760532343.827333,6125
1760532343.928063,6581
1760532344.028794,6939
1760532344.231252,6271
1760532344.231252,6271
1760532344.433713,5668
1760532344.534442,6383
1760532344.635173,6581
1760532344.735904,6184
1760532344.837631,6271
1760532344.938389,6550
1760532345.039093,6037
1760532345.139823,5837
1760532345.240554,6482
1760532345.341284,6492
1760532345.543743,6438
1760532345.645471,6281
1760532345.747199,6164
1760532345.847929,5757
1760532345.949657,6232
1760532346.050389,7008
1760532346.152115,6399
1760532346.252846,6661
1760532346.353577,6085
1760532346.455305,6369
1760532346.556035,6651
1760532346.656766,6115
1760532346.757497,6145
1760532346.958985,6302
1760532347.059715,5986
1760532347.16042,6543
1760532347.262174,5965
1760532347.362879,6116
1760532347.463608,5877
1760532347.564339,6313
1760532347.665575,6479
1760532347.766306,5569
1760532347.867035,6105
1760532347.967766,6214
1760532348.071516,6371
1760532348.274567,5781
1760532348.37527,6067
1760532348.476001,6055
1760532348.576731,6641
1760532348.677462,6393
1760532348.778192,5936
1760532348.878924,6512
1760532348.98021,6634
1760532349.080918,6305
1760532349.181621,6782
1760532349.285344,6171
1760532349.49279,6681
1760532349.594548,6859
1760532349.695248,6494
1760532349.795978,6562
1760532349.896709,6512
1760532349.998447,7018
1760532350.099161,6443
1760532350.200827,6413
1760532350.301558,6135
1760532350.402294,6174
1760532350.503436,6535
1760532350.605164,5896
1760532350.705895,6194
1760532350.911386,5651
1760532351.015099,6103
1760532351.115829,6313
1760532351.216559,6184
1760532351.31729,5787
1760532351.422011,6082
1760532351.522772,6619
1760532351.623499,5708
1760532351.724203,6246
1760532351.825931,6143
1760532351.926669,6164
1760532352.128706,6327
1760532352.22997,6191
1760532352.330674,5958
1760532352.431404,6075
1760532352.532135,6383
1760532352.632867,6403
1760532352.733596,6631
1760532352.834326,6323
1760532352.935057,6343
1760532353.041772,6218
1760532353.142503,6502
1760532353.243773,6220
1760532353.344504,6432
1760532353.546965,6035
1760532353.649687,6678
1760532353.750418,6085
1760532353.85813,6334
1760532353.95886,6274
1760532354.059592,6413
1760532354.160322,6462
1760532354.261052,6155
1760532354.361782,6204
1760532354.462978,6680
1760532354.563676,6921
1760532354.664407,6552
1760532354.765139,6184
1760532354.969591,6517
1760532355.070321,6820
1760532355.171052,6512
1760532355.271796,5856
1760532355.372513,6404
1760532355.473243,6651
1760532355.573974,5718
1760532355.674704,5996
1760532355.775941,6302
1760532355.876672,6214
1760532355.977403,7068
1760532356.078133,6294
1760532356.282607,6162
1760532356.383317,6205
1760532356.484048,6065
1760532356.584778,6383
1760532356.685509,6552
1760532356.786239,6234
1760532356.88697,6730
1760532356.9877,6333
1760532357.088431,6651
1760532357.293883,6152
1760532357.399599,6328
1760532357.501354,6554
1760532357.602084,6284
1760532357.702788,6931
1760532357.804516,5829
1760532357.905246,6413
1760532358.005977,6085
1760532358.107218,6361
1760532358.207948,6274
1760532358.308679,6502
1760532358.409438,6431
1760532358.51071,7089
1760532358.713136,6428
1760532358.813867,6343
1760532358.914598,4576
1760532359.015841,4415
1760532359.116601,4992
1760532359.217302,6176
1760532359.317961,6864
1760532359.418694,7028
1760532359.520422,6517
1760532359.621154,6422
1760532359.82766,6598
1760532359.932379,6102
1760532360.034106,6517
1760532360.135353,6192
1760532360.236083,6919
1760532360.336815,5728
1760532360.438027,6698
1760532360.538758,6949
1760532360.639489,6214
1760532360.740221,6224
1760532360.841509,6762
1760532360.942238,6730
1760532361.046958,6436
1760532361.148996,6664
1760532361.358925,6572
1760532361.460653,5809
1760532361.562543,4809
1760532361.663276,5628
1760532361.764004,6165
1760532361.864735,6155
1760532361.965465,6581
1760532362.066195,6442
1760532362.166926,6293
1760532362.267665,6094
1760532362.368395,6601
1760532362.572849,6212
1760532362.674576,6281
1760532362.775308,5986
1760532362.876038,6601
1760532362.977275,5501
1760532363.078007,6204
1760532363.178956,6250
1760532363.279687,6224
1760532363.380687,6554
1760532363.48142,6313
1760532363.583149,6183
1760532363.683879,6343
1760532363.786605,6210
1760532363.898306,6681
1760532364.001031,6291
1760532364.206019,5579
1760532364.306749,5926
1760532364.40748,6264
1760532364.508217,6144
1760532364.609939,5898
1760532364.710669,6373
1760532364.8114,7108
1760532364.912452,6471
1760532365.013186,6889
1760532365.115919,6482
1760532365.216649,5718
1760532365.317379,6284
1760532365.419111,6812
1760532365.622563,6293
1760532365.723294,6423
1760532365.824025,6373
1760532365.924755,6552
1760532366.025486,6135
1760532366.126216,6651
1760532366.226947,6353
1760532366.430403,6678
1760532366.533128,6570
1760532366.634856,6389
1760532366.736481,6477
1760532366.838209,6084
1760532366.939937,6301
1760532367.041665,6340
1760532367.143393,6095
1760532367.244123,6423
1760532367.345852,6153
1760532367.44758,6192
1760532367.54831,6323
1760532367.64904,5757
1760532367.749772,6075
1760532367.952229,6075
1760532368.052987,6232
1760532368.15671,6342
1760532368.25841,5948
1760532368.359141,6452
1760532368.459871,6383
1760532368.561673,6537
1760532368.662404,6591
1760532368.764132,6478
1760532368.864862,6353
1760532368.966604,6162
1760532369.170062,6387
1760532369.170062,6387
1760532369.372512,6163
1760532369.473994,5902
1760532369.57772,6314
1760532369.679447,6773
1760532369.780177,5847
1760532369.880908,6323
1760532369.981639,6740
1760532370.082369,6343
1760532370.183099,6085
1760532370.391513,6567
1760532370.494236,6065
1760532370.595964,6645
1760532370.696694,6661
1760532370.800417,6570
1760532370.901147,6621
1760532371.001905,6729
1760532371.102641,6472
1760532371.20334,6832
1760532371.304524,6265
1760532371.406253,6831
1760532371.507981,6340
1760532371.60971,6998
1760532371.71044,7286
1760532371.812168,6778
1760532372.015623,6654
1760532372.116386,6490
1760532372.217538,6495
1760532372.319266,7077
1760532372.419996,6373
1760532372.520727,6562
1760532372.622456,6261
1760532372.724192,6939
1760532372.824922,6502
1760532372.926648,6812
1760532373.032066,6321
1760532373.236738,6670
1760532373.340451,6701
1760532373.44118,6760
1760532373.542446,6300
1760532373.646169,6401
1760532373.746931,6619
1760532373.848187,5816
1760532373.949916,6517
1760532374.050876,6557
1760532374.151579,6861
1760532374.25233,6878
1760532374.354037,6125
1760532374.457787,7065
1760532374.55849,7278
1760532374.661216,6366
1760532374.864671,6723
1760532374.966345,6540
1760532375.068074,5936
1760532375.168804,6969
1760532375.269535,6313
1760532375.370266,6442
1760532375.471027,5944
1760532375.572724,6096
1760532375.673455,6383
1760532375.774185,5688
1760532375.874686,6248
1760532375.975447,6262
1760532376.176878,5976
1760532376.277636,6808
1760532376.378845,6293
1760532376.481275,6920
1760532376.582004,6403
1760532376.683733,6323
1760532376.784693,6576
1760532376.888124,5916
1760532376.989851,6379
1760532377.090582,6145
1760532377.192309,6684
1760532377.295036,6595
1760532377.396762,6802
1760532377.498145,6421
1760532377.7016,6497
1760532377.802404,6071
1760532377.903135,6432
1760532378.003865,6611
1760532378.104542,6019
1760532378.20627,6222
1760532378.307002,5807
1760532378.407731,6552
1760532378.509481,7036
1760532378.713913,6393
1760532378.81564,6320
1760532378.917369,6383
1760532379.019128,6770
1760532379.12282,6124
1760532379.224036,6263
1760532379.328759,6536
1760532379.430486,6773
1760532379.534209,6392
1760532379.635937,6094
1760532379.736668,6244
1760532379.837398,5827
1760532379.939127,6428
1760532380.142582,5997
1760532380.245309,6251
1760532380.346039,6333
1760532380.447767,5829
1760532380.549494,6251
1760532380.651222,6222
1760532380.752951,6251
1760532380.854996,5938
1760532380.955727,5916
1760532381.056458,6383
1760532381.157189,6115
1760532381.257919,6452
1760532381.361641,6228
1760532381.463369,6173
1760532381.564101,6045
1760532381.76955,6291
1760532381.871278,6045
1760532381.972009,6869
1760532382.075198,6648
1760532382.182883,6463
1760532382.284611,6674
1760532382.389332,6266
1760532382.490061,6115
1760532382.590792,6770
1760532382.692034,6884
1760532382.79576,6738
1760532382.89649,6711
1760532382.998227,6438
1760532383.199908,6323
1760532383.199908,6323
1760532383.404361,6541
1760532383.505596,5956
1760532383.606329,6353
1760532383.707061,6234
1760532383.810783,5765
1760532383.912511,5819
1760532384.013746,6558
1760532384.115474,6320
1760532384.216205,6145
1760532384.317934,5947
1760532384.420658,5928
1760532384.622229,6254
1760532384.622229,6254
1760532384.82768,6424
1760532384.929408,6271
1760532385.031158,5660
1760532385.132864,5909
1760532385.233594,5767
1760532385.334325,5946
1760532385.436314,6317
1760532385.540035,6102
1760532385.640766,4407
1760532385.742521,5365
1760532385.846756,6226
1760532385.949481,6132
1760532386.051209,6556
1760532386.15593,6900
1760532386.361614,6093
1760532386.462344,6611
1760532386.563084,6472
1760532386.663806,6463
1760532386.764536,6532
1760532386.865266,6303
1760532386.965997,6403
1760532387.067727,6330
1760532387.170516,6294
1760532387.271231,5987
1760532387.371949,6543
1760532387.473505,6429
1760532387.575236,6576
1760532387.778691,6497
1760532387.879423,6899
1760532387.98115,6448
1760532388.082202,6719
1760532388.182953,6262
1760532388.283663,5888
1760532388.384393,6681
1760532388.485124,6303
1760532388.585854,6224
1760532388.686585,5916
1760532388.787316,6482
1760532388.888047,5668
1760532388.993275,6319
1760532389.196787,6843
1760532389.297544,6758
1760532389.399244,6155
1760532389.499976,6313
1760532389.601703,5858
1760532389.705426,6376
1760532389.806156,6363
1760532389.908267,6208
1760532390.009994,5888
1760532390.111722,5937
1760532390.212453,6313
1760532390.313183,5966
1760532390.519631,6849
1760532390.623354,6220
1760532390.72459,6884
1760532390.825323,6462
1760532390.927051,6851
1760532391.028779,6360
1760532391.130507,6192
1760532391.23274,5732
1760532391.333497,6431
1760532391.4342,6494
1760532391.534932,5916
1760532391.636376,6446
1760532391.738104,6333
1760532391.846328,6416
1760532391.955036,5666
1760532392.158492,5996
1760532392.259224,6611
1760532392.359975,6600
1760532392.460712,6611
1760532392.562444,5858
1760532392.663269,6436
1760532392.764,6522
1760532392.864731,6542
1760532392.96648,6869
1760532393.067221,6630
1760532393.168945,6085
1760532393.270646,5978
1760532393.371375,6443
1760532393.573834,6822
1760532393.675069,6480
1760532393.7758,6184
1760532393.87653,6661
1760532393.977261,6293
1760532394.077991,6571
1760532394.178722,6571
1760532394.279453,6790
1760532394.380215,6530
1760532394.481268,2266
1760532394.581998,5122
1760532394.787472,6404
1760532394.888764,6357
1760532394.989495,5936
1760532395.091222,6497
1760532395.192951,6419
1760532395.294678,6586
1760532395.395409,6899
1760532395.498166,6734
1760532395.601327,6010
1760532395.702084,6530
1760532395.812761,6446
1760532395.913492,6284
1760532396.014222,6562
1760532396.114952,6462
1760532396.215714,6510
1760532396.322398,5989
1760532396.527864,6352
1760532396.628609,6580
1760532396.729367,6659
1760532396.830098,6502
1760532396.931826,6261
1760532397.034551,6609
1760532397.136283,6379
1760532397.238011,6839
1760532397.341735,7057
1760532397.442466,6859
1760532397.543225,6530
1760532397.644924,5270
1760532397.750419,6322
1760532397.852147,6360
1760532398.055216,6088
1760532398.155946,5886
1760532398.256677,6462
1760532398.358405,7156
1760532398.463125,6376
1760532398.563883,6461
1760532398.665584,6912
1760532398.767312,6527
1760532398.868042,6840
1760532399.070943,6792
1760532399.172698,6270
1760532399.273401,6524
1760532399.374159,6312
1760532399.474864,6812
1760532399.575593,6711
1760532399.676323,6532
1760532399.777054,6641
1760532399.877784,6433
1760532399.979019,6460
1760532400.079771,7027
1760532400.18048,6503
1760532400.281212,6502
1760532400.484667,7028
1760532400.585397,6075
1760532400.686128,6244
1760532400.787347,6856
1760532400.88808,6601
1760532400.988832,6044
1760532401.08957,6432
1760532401.190302,6720
1760532401.291003,6494
1760532401.391733,6601
1760532401.493462,7028
1760532401.595218,6771
1760532401.798862,6240
1760532401.899585,6185
1760532402.001292,6862
1760532402.102528,3941
1760532402.203258,1300
1760532402.303989,1628
1760532402.404719,2730
1760532402.505453,4824
1760532402.606693,6133
1760532402.707396,6365
1760532402.810122,6833
1760532402.910852,6849
1760532403.015602,6596
1760532403.119346,6053
1760532403.323778,6527
1760532403.424508,6294
1760532403.525763,6271
1760532403.626494,6393
1760532403.727528,5908
1760532403.828258,6403
1760532403.929495,6598
1760532404.030961,6425
1760532404.132199,6134
1760532404.232929,6879
1760532404.334166,6005
1760532404.436427,6678
1760532404.639883,6340
1760532404.741121,6697
1760532404.841852,6581
1760532404.943096,5718
1760532405.043827,6075
1760532405.145554,6134
1760532405.246285,6522
1760532405.347014,6462
1760532405.447746,5003
1760532405.548504,6212
1760532405.649239,6065
1760532405.852664,5688
1760532405.953421,6143
1760532406.054151,6254
1760532406.154876,6105
1760532406.255631,6203
1760532406.357393,6230
1760532406.458093,6464
1760532406.558823,6482
1760532406.659553,6571
1760532406.760991,6378
1760532406.861755,6778
1760532406.962481,6165
1760532407.06418,6381
1760532407.266638,6165
1760532407.367391,6540
1760532407.4681,5689
1760532407.568831,6581
1760532407.669562,6075
1760532407.770292,7237
1760532407.871023,6552
1760532407.971753,6552
1760532408.072957,5691
1760532408.174686,6591
1760532408.378141,7303
1760532408.478872,6284
1760532408.579602,5301
1760532408.68133,5789
1760532408.782062,6274
1760532408.883789,5563
1760532408.984519,6234
1760532409.085251,6174
1760532409.186008,5607
1760532409.286712,6196
1760532409.387441,6204
1760532409.488172,5986
1760532409.692628,5898
1760532409.793356,5966
1760532409.894114,5994
1760532409.994824,6335
1760532410.095548,6532
1760532410.196279,6254
1760532410.29701,6701
1760532410.39774,6571
1760532410.49847,6810
1760532410.599202,6065
1760532410.700935,6389
1760532410.803698,6004
1760532410.906416,6600
1760532411.118849,5957
1760532411.223566,5471
1760532411.325296,6222
1760532411.427023,5927
1760532411.529259,5906
1760532411.630985,5849
1760532411.731994,5662
1760532411.833725,5779
1760532411.934477,5955
1760532412.036215,6506
1760532412.137939,6458
1760532412.238642,5958
1760532412.339372,6482
1760532412.440103,5688
1760532412.543335,6296
1760532412.745819,6193
1760532412.846523,6335
1760532412.947787,6043
1760532413.048512,6185
1760532413.149221,6354
1760532413.249952,6452
1760532413.350713,6113
1760532413.451447,6978
1760532413.552179,6015
1760532413.653907,6242
1760532413.75763,6266
1760532413.961086,6438
1760532414.061815,6254
1760532414.176524,6485
1760532414.278252,6153
1760532414.37998,5740
1760532414.48071,6651
1760532414.581441,6879
1760532414.683169,6674
1760532414.783899,6313
1760532414.885135,6667
1760532414.986862,6232
1760532415.087593,6969
1760532415.189321,6035
1760532415.291049,6871
1760532415.494506,6645
1760532415.596233,6301
1760532415.697469,6104
1760532415.798709,6687
1760532415.899471,6351
1760532416.001168,6234
1760532416.101898,6562
1760532416.203135,6331
1760532416.303866,6353
1760532416.404596,6691
1760532416.505328,6045
1760532416.606057,5896
1760532416.707171,5706
1760532416.908632,5966
1760532417.00939,6560
1760532417.110601,5779
1760532417.211839,6805
1760532417.312569,6145
1760532417.413807,6025
1760532417.514537,6452
1760532417.615303,6559
1760532417.715999,6385
1760532417.817729,6978
1760532417.918457,6979
1760532418.019218,6609
1760532418.120916,6401
1760532418.326025,6399
1760532418.426756,6929
1760532418.527507,6004
1760532418.628217,6722
1760532418.729173,5200
1760532418.83061,5175
1760532418.932338,6468
1760532419.033069,6790
1760532419.134846,6435
1760532419.23852,6837
1760532419.339272,7066
1760532419.439981,6474
1760532419.644435,6736
1760532419.747159,6424
1760532419.847917,6550
1760532419.949617,7050
1760532420.050348,5817
1760532420.151079,6621
1760532420.25181,6303
1760532420.352541,6909
1760532420.45327,6492
1760532420.554002,5827
1760532420.654732,6800
1760532420.763442,6907
1760532420.968892,6251
1760532421.071617,6862
1760532421.174343,6487
1760532421.2751,6818
1760532421.375803,6107
1760532421.476534,6830
1760532421.578262,6163
1760532421.679016,7185
1760532421.779723,6573
1760532421.883711,6245
1760532422.085172,6016
1760532422.185903,6740
1760532422.288145,5917
1760532422.38938,5867
1760532422.493104,6619
1760532422.593855,6669
1760532422.694564,6851
1760532422.796292,7058
1760532422.897022,6373
1760532422.997753,6472
1760532423.101479,6726
1760532423.302939,6909
1760532423.404667,7067
1760532423.50633,6393
1760532423.608089,6662
1760532423.710816,6635
1760532423.811546,6204
1760532423.912278,6343
1760532424.014005,5966
1760532424.115733,6441
1760532424.216463,7028
1760532424.317195,6978
1760532424.41845,5925
1760532424.521176,6399
1760532424.623925,6073
1760532424.826557,6251
1760532424.927288,6621
1760532425.029016,5907
1760532425.129746,6353
1760532425.231475,5770
1760532425.332737,6399
1760532425.433468,6760
1760532425.53422,6163
1760532425.634929,6484
1760532425.735661,6373
1760532425.940113,6600
1760532426.040843,6681
1760532426.141595,6689
1760532426.242305,6553
1760532426.343035,6214
1760532426.443765,6035
1760532426.544525,6242
1760532426.645254,6542
1760532426.745958,7010
1760532426.846688,6075
1760532426.947446,6282
1760532427.04815,6156
1760532427.149018,6741
1760532427.351476,6723
1760532427.452208,6810
1760532427.552937,6095
1760532427.653668,6601
1760532427.754397,6820
1760532427.856126,6281
1760532427.956857,6552
1760532428.057588,6492
1760532428.158347,6550
1760532428.259077,6442
1760532428.462877,6369
1760532428.564604,6664
1760532428.665337,6750
1760532428.766096,6113
1760532428.867793,7030
1760532428.969522,6320
1760532429.070252,6720
1760532429.172007,6240
1760532429.272738,6373
1760532429.374438,6037
1760532429.475115,6138
1760532429.576846,6202
1760532429.677577,6522
1760532429.879884,6379
1760532429.981612,6202
1760532430.082343,6174
1760532430.183073,6502
1760532430.283804,5102
1760532430.384564,5657
1760532430.485265,5958
1760532430.585997,6194
1760532430.686727,6234
1760532430.787525,6260
1760532430.888283,6738
1760532430.988986,6623
1760532431.190447,6852
1760532431.291683,6361
1760532431.392413,6572
1760532431.493144,6333
1760532431.593907,6530
1760532431.694666,5716
1760532431.796376,6449
1760532431.898104,6772
1760532431.99929,6680
1760532432.100026,6373
1760532432.203744,6308
1760532432.304474,6313
1760532432.405205,6323
1760532432.511932,6474
1760532432.713407,6609
1760532432.814111,6216
1760532432.914842,6939
1760532433.015572,6313
1760532433.116327,6570
1760532433.217047,6185
1760532433.317765,6493
1760532433.419527,6161
1760532433.52078,6577
1760532433.621516,6641
1760532433.82354,6356
1760532433.925269,6654
1760532434.025999,6651
1760532434.126729,6353
1760532434.22746,6988
1760532434.32819,6532
1760532434.429435,6252
1760532434.530166,6432
1760532434.630897,6045
1760532434.731627,6284
1760532434.832357,6184
1760532434.933089,6184
1760532435.035352,7050
1760532435.2408,6115
1760532435.342042,6410
1760532435.442773,6284
1760532435.544353,6625
1760532435.645083,6651
1760532435.746812,6517
1760532435.847546,6134
1760532435.948273,6264
1760532436.049003,6264
1760532436.150731,6428
1760532436.251462,6651
1760532436.353189,6861
1760532436.455916,6327
1760532436.557644,6202
1760532436.66436,6195
1760532436.868838,6351
1760532436.969542,6305
1760532437.070273,6760
1760532437.171035,6292
1760532437.27239,6541
1760532437.37312,6244
1760532437.473852,6760
1760532437.575611,6171
1760532437.676309,6226
1760532437.77704,6075
1760532437.877771,6760
1760532437.980007,6494
1760532438.182779,6688
1760532438.283482,6345
1760532438.384209,6135
1760532438.484939,6760
1760532438.585697,6580
1760532438.686431,6849
1760532438.787636,6679
1760532438.888369,6949
1760532438.989101,5986
1760532439.089832,7038
1760532439.190562,6849
1760532439.395016,6971
1760532439.495933,5915
1760532439.596663,6522
1760532439.6979,6430
1760532439.798632,6611
1760532439.899362,6155
1760532440.000092,6333
1760532440.100826,5956
1760532440.201557,6482
1760532440.302287,6482
1760532440.40607,6455
1760532440.508794,6736
1760532440.610522,6969
1760532440.813486,6074
1760532440.914217,5867
1760532441.014948,6006
1760532441.115678,6204
1760532441.216409,6204
1760532441.316945,6644
1760532441.417675,6343
1760532441.518406,7207
1760532441.619136,6760
1760532441.719867,6135
1760532441.825584,6636
1760532441.927312,6212
1760532442.028267,6705
1760532442.231761,6239
1760532442.332526,6023
1760532442.433255,6333
1760532442.534333,6826
1760532442.635061,6393
1760532442.735792,6343
1760532442.837519,6006
1760532442.93825,6780
1760532443.038981,6403
1760532443.139711,6155
1760532443.242436,6648
1760532443.447888,6605
1760532443.549642,6967
1760532443.651343,6214
1760532443.752074,6730
1760532443.852834,6857
1760532443.953483,6438
1760532444.056208,6259
1760532444.157968,6151
1760532444.258697,6572
1760532444.364384,6415
1760532444.465116,6899
1760532444.67031,6417
1760532444.771638,6464
1760532444.872342,6901
1760532444.97407,6301
1760532445.074799,5926
1760532445.17553,6472
1760532445.276261,6562
1760532445.376991,6889
1760532445.477752,6540
1760532445.57945,6765
1760532445.68417,6750
1760532445.784901,6581
1760532445.988086,6581
1760532446.088816,6413
1760532446.189547,6790
1760532446.290278,6333
1760532446.391008,6234
1760532446.491739,6740
1760532446.592469,6631
1760532446.6932,6293
1760532446.794928,6301
1760532446.895658,6413
1760532446.996389,5976
1760532447.09712,7078
1760532447.198269,7049
1760532447.402722,6625
1760532447.503453,6095
1760532447.605127,6284
1760532447.708823,6558
1760532447.811547,6532
1760532447.912281,6154
1760532448.014005,6527
1760532448.116731,6570
1760532448.217461,6939
1760532448.318193,6502
1760532448.520912,6406
1760532448.520912,6406
1760532448.624635,6652
1760532448.831109,6840
1760532448.931813,6802
1760532449.032543,6720
1760532449.139258,6356
1760532449.240016,6778
1760532449.340746,6264
1760532449.441477,6800
1760532449.543178,6745
1760532449.644905,7117
1760532449.745636,6978
1760532449.846366,7088
1760532449.949091,6249
1760532450.049823,5896
1760532450.25328,6512
1760532450.354677,6785
1760532450.455402,6850
1760532450.556133,6532
1760532450.656863,6194
1760532450.757594,6691
1760532450.858324,6244
1760532450.959055,5926
1760532451.059787,6025
1760532451.162511,6532
1760532451.364924,6204
1760532451.466653,6822
1760532451.568596,6405
1760532451.670327,6389
1760532451.772055,6084
1760532451.873782,6419
1760532451.974566,6231
1760532452.075326,5706
1760532452.177026,5948
1760532452.278782,5493
1760532452.380483,6479
1760532452.48221,6291
1760532452.583939,7036
1760532452.786397,6363
1760532452.887127,6472
1760532452.987989,6583
1760532453.088719,5837
1760532453.18945,6502
1760532453.290208,5934
1760532453.39091,6345
1760532453.491642,6224
1760532453.592396,6441
1760532453.794979,6320
1760532453.794979,6320
1760532453.997499,6562
1760532454.098197,6206
1760532454.199295,6686
1760532454.300026,7088
1760532454.400757,7157
1760532454.501951,6443
1760532454.602682,6135
1760532454.703413,6631
1760532454.804173,6470
1760532454.904874,6484
1760532455.005605,6909
1760532455.208063,6274
1760532455.30979,5976
1760532455.411026,6094
1760532455.512755,6310
1760532455.61548,6301
1760532455.717208,6025
1760532455.817938,6552
1760532455.918669,6413
1760532456.020397,5662
1760532456.121127,6691
1760532456.221862,6333
1760532456.32274,6393
1760532456.423444,6315
1760532456.625902,5946
1760532456.72763,5986
1760532456.836339,6181
1760532456.939064,6609
1760532457.040794,6792
1760532457.14233,6736
1760532457.243061,6929
1760532457.343791,6730
1760532457.444522,6959
1760532457.54625,6596
1760532457.64698,5767
1760532457.747711,6085
1760532457.852431,6083
1760532458.055281,6668
1760532458.156012,6363
1760532458.256743,6562
1760532458.357475,6581
1760532458.458708,6697
1760532458.559439,7038
1760532458.661167,6851
1760532458.762895,6409
1760532458.863655,6262
1760532458.964808,5941
1760532459.065565,5667
1760532459.166317,5766
1760532459.372798,6328
1760532459.474534,6880
1760532459.575295,6381
1760532459.675997,5858
1760532459.776752,6103
1760532459.877889,6881
1760532459.978622,6194
1760532460.07935,6869
1760532460.18008,6264
1760532460.281316,6114
1760532460.384546,6534
1760532460.587005,6301
1760532460.687735,6552
1760532460.789293,6413
1760532460.890019,6204
1760532460.99075,6373
1760532461.091513,6351
1760532461.193209,6572
1760532461.293939,6562
1760532461.395176,6252
1760532461.495907,6432
1760532461.600137,6557
1760532461.802596,6164
1760532461.903327,6552
1760532462.004057,6423
1760532462.105784,6399
1760532462.206515,7018
1760532462.307273,6768
1760532462.407976,6712
1760532462.508739,6470
1760532462.609884,7059
1760532462.710643,6460
1760532462.811344,6712
1760532463.013858,6674
1760532463.115597,6428
1760532463.216317,6155
1760532463.317709,5907
1760532463.418462,6203
1760532463.519155,7031
1760532463.620636,6582
1760532463.721367,6274
1760532463.822127,6173
1760532463.923825,6755
1760532464.024555,6661
1760532464.229036,6355
1760532464.330748,5849
1760532464.431896,6436
1760532464.532627,6770
1760532464.633358,6889
1760532464.734088,6691
1760532464.835352,6408
1760532464.936083,6145
1760532465.037201,6180
1760532465.138932,6487
1760532465.24066,6350
1760532465.443463,5966
1760532465.545193,6694
1760532465.645924,6452
1760532465.746655,6264
1760532465.847385,5886
1760532465.948116,5906
1760532466.049844,6163
1760532466.150574,6671
1760532466.251305,6522
1760532466.352035,7217
1760532466.453764,6800
1760532466.554494,6343
1760532466.655729,6815
1760532466.858189,6664
1760532466.959916,6330
1760532467.060646,6512
1760532467.161447,6091
1760532467.263175,6566
1760532467.364321,6268
1760532467.465054,6194
1760532467.565814,6530
1760532467.667314,6798
1760532467.768014,5819
1760532467.868753,6571
1760532467.970472,6979
1760532468.172946,6113
1760532468.273656,6285
1760532468.374414,6252
1760532468.475636,6836
1760532468.576395,6609
1760532468.678095,6568
1760532468.778826,7078
1760532468.882549,7047
1760532469.086517,6824
1760532469.187596,6569
1760532469.289325,6254
1760532469.39205,6892
1760532469.493779,6910
1760532469.595506,6517
1760532469.698232,7193
1760532469.799959,6242
1760532469.902684,6707
1760532470.004412,6782
1760532470.10614,6713
1760532470.207867,6694
1760532470.308599,6839
1760532470.512055,6433
1760532470.613782,6310
1760532470.714514,7018
1760532470.815243,6383
1760532470.917476,6282
1760532471.018233,5815
1760532471.119935,6863
1760532471.221661,6025
1760532471.322897,6173
1760532471.424624,6134
1760532471.52735,6527
1760532471.628081,6691
1760532471.730897,6531
1760532471.933749,6071
1760532472.035477,6763
1760532472.139711,6267
1760532472.241439,6360
1760532472.342675,6193
1760532472.444909,6865
1760532472.546637,7441
1760532472.648364,6084
1760532472.750093,7116
1760532472.851833,6644
1760532472.95654,6421
1760532473.059389,6397
1760532473.160087,6425
1760532473.361601,6930
1760532473.462333,6998
1760532473.56406,6124
1760532473.665788,6487
1760532473.766518,6572
1760532473.868247,6222
1760532473.969832,6349
1760532474.071559,6340
1760532474.17229,6353
1760532474.274018,6193
1760532474.390706,6678
1760532474.493431,6775
1760532474.594161,6859
1760532474.695399,7121
1760532474.797126,6596
1760532474.898695,6507
1760532475.100158,6492
1760532475.201904,6172
1760532475.302621,6294
1760532475.404341,6232
1760532475.505086,6590
1760532475.608794,6354
1760532475.710523,6242
1760532475.811791,6872
1760532475.912522,6075
1760532476.01328,6322
1760532476.113983,6216
1760532476.214714,6423
1760532476.316443,7146
1760532476.521367,6517
1760532476.622124,6292
1760532476.722827,6911
1760532476.824555,6310
1760532476.925286,7008
1760532477.026017,5400
1760532477.126747,4209
1760532477.227478,5231
1760532477.328209,5628
1760532477.42894,6373
1760532477.529669,6353
1760532477.631398,6517
1760532477.732129,6710
1760532477.934587,6661
1760532478.035318,6780
1760532478.137046,5996
1760532478.237775,6294
1760532478.339504,6782
1760532478.442977,6581
1760532478.544241,6725
1760532478.646967,5928
1760532478.747719,6431
1760532478.849453,7146
1760532478.951154,6342
1760532479.051885,6432
1760532479.153611,5790
1760532479.35755,6792
1760532479.460276,6872
1760532479.562004,6684
1760532479.664732,6561
1760532479.765487,6332
1760532479.86619,6246
1760532479.96692,5718
1760532480.069677,6413
1760532480.170377,6325
1760532480.271134,6282
1760532480.472569,6641
1760532480.472569,6641
1760532480.676025,6713
1760532480.776754,6323
1760532480.877485,6482
1760532480.979213,6920
1760532481.082936,6084
1760532481.184664,6251
1760532481.288363,6335
1760532481.389092,6552
1760532481.490821,6478
1760532481.592547,5907
1760532481.693278,6393
1760532481.89474,5797
1760532481.996468,5937
1760532481.996468,5937
1760532482.204419,6264
1760532482.305149,6254
1760532482.40588,5916
1760532482.50661,6194
1760532482.608338,6438
1760532482.714057,7161
1760532482.814813,6510
1760532482.920504,6462
1760532483.021314,6814
1760532483.122044,6353
1760532483.222775,6760
1760532483.324502,6350
1760532483.42623,6645
1760532483.628721,6857
1760532483.729742,6652
1760532483.830472,5906
1760532483.931203,6800
1760532484.031933,6075
1760532484.132664,6343
1760532484.233395,6194
1760532484.335123,6234
1760532484.435853,6681
1760532484.536587,6273
1760532484.642301,5808
1760532484.743033,6125
1760532484.948475,6367
1760532485.0512,6843
1760532485.152437,6499
1760532485.254164,6330
1760532485.355401,6519
1760532485.457161,6377
1760532485.558367,5977
1760532485.660122,6466
1760532485.761008,4926
1760532485.862757,5857
1760532485.965488,6676
1760532486.066191,6444
1760532486.168425,6369
1760532486.373387,6324
1760532486.475116,6556
1760532486.576351,6549
1760532486.678078,6468
1760532486.782221,6088
1760532486.882983,6113
1760532486.984358,6165
1760532487.086085,5957
1760532487.190384,6529
1760532487.291116,7088
1760532487.391846,6433
1760532487.493601,6358
1760532487.594305,6702
1760532487.798757,7158
1760532487.901484,6609
1760532488.002213,6681
1760532488.10403,6580
1760532488.204759,6572
1760532488.306487,6369
1760532488.407726,5877
1760532488.509453,5839
1760532488.610693,6331
1760532488.71242,6183
1760532488.813657,6262
1760532488.915384,5976
1760532489.019636,6148
1760532489.222072,6204
1760532489.323504,6171
1760532489.425231,6340
1760532489.52698,6162
1760532489.628687,6503
1760532489.729444,6778
1760532489.836132,6645
1760532489.936862,6830
1760532490.037715,5889
1760532490.13944,5857
1760532490.24017,6363
1760532490.442629,6165
1760532490.544357,6202
1760532490.646085,6468
1760532490.747813,6133
1760532490.849994,6380
1760532490.951721,6999
1760532491.052452,6413
1760532491.156682,6325
1760532491.257921,6292
1760532491.359649,5878
1760532491.460379,5956
1760532491.56111,6313
1760532491.661875,5239
1760532491.766597,6006
1760532491.871317,6378
1760532492.072778,6135
1760532492.17502,6161
1760532492.278742,6298
1760532492.379473,6830
1760532492.480203,6512
1760532492.581452,6301
1760532492.682182,6800
1760532492.78391,7117
1760532492.885638,6264
1760532492.990357,6235
1760532493.093083,6376
1760532493.193768,6118
1760532493.295499,6363
1760532493.396229,5996
1760532493.497957,6084
1760532493.602678,6264
1760532493.809125,6125
1760532493.909855,6363
1760532494.010586,6204
1760532494.111326,6353
1760532494.212047,5957
1760532494.312778,6303
1760532494.413509,6988
1760532494.514239,7396
1760532494.61497,6423
1760532494.715728,6669
1760532494.816431,5928
1760532494.920138,6182
1760532495.124915,6710
1760532495.226644,6104
1760532495.327373,6443
1760532495.428103,6045
1760532495.530829,6379
1760532495.631593,6341
1760532495.733288,6194
1760532495.835016,6379
1760532495.935746,5519
1760532496.036984,7023
1760532496.138715,6517
1760532496.34217,6645
1760532496.443406,6539
1760532496.548128,6206
1760532496.649856,6546
1760532496.751584,6782
1760532496.853311,6841
1760532496.954042,6363
1760532497.054772,6423
1760532497.156501,6369
1760532497.258229,6271
1760532497.358959,6949
1760532497.460687,6301
1760532497.561418,5956
1760532497.763877,6704
1760532497.763877,6704
1760532497.968332,6576
1760532498.069062,6661
1760532498.169812,6461
1760532498.271519,6272
1760532498.373247,6438
1760532498.474483,5798
1760532498.576224,6880
1760532498.677942,6754
1760532498.77967,6753
1760532498.881398,7166
1760532498.983125,6153
1760532499.083856,6472
1760532499.185603,6693
1760532499.389551,6414
1760532499.492276,5898
1760532499.593007,6323
1760532499.694536,6362
1760532499.795267,6293
1760532499.895997,6333
1760532499.998723,6162
1760532500.100451,6959
1760532500.210158,7365
1760532500.312882,6648
1760532500.413614,6730
1760532500.514343,6284
1760532500.615103,6331
1760532500.716802,6627
1760532500.820526,6536
1760532501.027001,5788
1760532501.127703,5630
1760532501.228434,6125
1760532501.329165,6284
1760532501.429906,6551
1760532501.531634,6743
1760532501.632386,6649
1760532501.735091,6459
1760532501.838813,6444
1760532502.041271,6760
1760532502.041271,6760
1760532502.245724,6881
1760532502.34648,6014
1760532502.447187,7030
1760532502.547916,6284
1760532502.648647,6472
1760532502.749377,6750
1760532502.850109,6691
1760532502.950839,6581
1760532503.052566,6635
1760532503.255521,6697
1760532503.255521,6697
1760532503.459973,6173
1760532503.560704,6274
1760532503.662432,7197
1760532503.763163,6353
1760532503.866885,6343
1760532503.968619,6654
1760532504.06935,6929
1760532504.17008,6651
1760532504.27081,6760
1760532504.371562,6977
1760532504.472299,6134
1760532504.674272,6548
1760532504.674272,6548
1760532504.776001,7038
1760532504.978724,6383
1760532505.079454,6710
1760532505.180185,7386
1760532505.280917,6720
1760532505.381678,6947
1760532505.483376,6519
1760532505.584126,6729
1760532505.684865,6303
1760532505.786571,6636
1760532505.887299,6214
1760532505.988029,6105
1760532506.088761,6025
1760532506.293218,6751
1760532506.393944,6304
1760532506.49667,6163
1760532506.598397,6025
1760532506.699323,6370
1760532506.801051,6478
1760532506.902779,6517
1760532507.004507,6183
1760532507.107232,6812
1760532507.207962,6383
1760532507.308694,6353
1760532507.409425,6899
1760532507.511254,6545
1760532507.715705,6239
1760532507.816436,6373
1760532507.917877,6269
1760532508.018607,6760
1760532508.120335,6143
1760532508.221066,5946
1760532508.322524,6446
1760532508.524981,6373
1760532508.524981,6373
1760532508.728437,6350
1760532508.829167,6780
1760532508.930895,6542
1760532509.031626,6095
1760532509.132357,6135
1760532509.234084,5888
1760532509.334814,6969
1760532509.436542,6212
1760532509.537273,6105
1760532509.638004,6343
1760532509.841279,6224
1760532509.943493,6143
1760532510.044227,6472
1760532510.144958,6710
1760532510.245688,6095
1760532510.346419,6671
1760532510.447653,6450
1760532510.548384,6562
1760532510.649114,6641
1760532510.749873,5974
1760532510.850576,6544
1760532510.951306,6393
1760532511.053034,6684
1760532511.255494,6631
1760532511.357221,6940
1760532511.457952,6512
1760532511.558685,6462
1760532511.659413,6363
1760532511.760143,6323
1760532511.860873,5936
1760532511.961604,6859
1760532512.062335,6154
1760532512.163067,5986
1760532512.263796,6433
1760532512.364526,7276
1760532512.566512,5856
1760532512.668241,6792
1760532512.768972,6105
1760532512.869703,6244
1760532512.970432,6720
1760532513.071163,6184
1760532513.171894,5688
1760532513.272625,6363
1760532513.373355,6065
1760532513.474087,6293
1760532513.575323,6203
1760532513.678049,6463
1760532513.881504,6909
1760532513.982235,6502
1760532514.082966,6363
1760532514.183697,6323
1760532514.284427,5718
1760532514.385317,5055
1760532514.48904,5450
1760532514.590767,6271
1760532514.692497,6830
1760532514.793225,6552
1760532514.996682,6301
1760532515.100404,6536
1760532515.202132,6409
1760532515.302863,6393
1760532515.403593,6413
1760532515.504324,6591
1760532515.606052,6202
1760532515.706782,6512
1760532515.807514,7078
1760532515.908243,6522
1760532516.008974,7008
1760532516.109706,6204
1760532516.312163,6763
1760532516.412894,6571
1760532516.513626,5817
1760532516.615353,6134
1760532516.716084,6532
1760532516.817812,6173
1760532516.918542,6155
1760532517.019272,6909
1760532517.120003,6055
1760532517.220734,5777
1760532517.321464,5887
1760532517.425188,6317
1760532517.628644,6472
1760532517.730374,6448
1760532517.831103,6145
1760532517.931833,6145
1760532518.032564,6244
1760532518.133295,6790
1760532518.234025,6165
1760532518.334756,5986
1760532518.435486,6174
1760532518.536641,5901
1760532518.637368,6800
1760532518.83883,6313
1760532518.83883,6313
1760532519.041288,6261
1760532519.14202,6542
1760532519.24275,5817
1760532519.344478,6409
1760532519.445228,6451
1760532519.545939,6920
1760532519.64667,6135
1760532519.7474,6303
1760532519.95684,6503
1760532520.059565,5850
1760532520.160295,6184
1760532520.261026,6095
1760532520.361757,6194
1760532520.463485,5839
1760532520.564216,6512
1760532520.664946,6145
1760532520.765677,6343
1760532520.866408,5996
1760532520.967137,6016
1760532521.068273,6446
1760532521.170003,6664
1760532521.371464,6423
1760532521.472202,6204
1760532521.573627,5787
1760532521.674358,5688
1760532521.775088,6115
1760532521.875819,6552
1760532521.976552,6442
1760532522.07728,6343
1760532522.178011,6433
1760532522.278741,6740
1760532522.480205,5857
1760532522.581963,7134
1760532522.682661,6037
1760532522.783392,6224
1760532522.884122,6363
1760532522.984858,5886
1760532523.085589,6264
1760532523.18632,6671
1760532523.287238,6351
1760532523.387972,6631
1760532523.488702,6393
1760532523.59043,5789
1760532523.693156,6483
1760532523.801865,6439
1760532523.904598,6638
1760532524.112035,6323
1760532524.212766,6740
1760532524.313497,6115
1760532524.414228,5360
1760532524.514958,6373
1760532524.615696,6472
1760532524.716427,6244
1760532524.817158,6065
1760532524.917889,6909
1760532525.018618,5698
1760532525.120347,6428
1760532525.221077,6105
1760532525.425074,6155
1760532525.525805,6889
1760532525.626535,6353
1760532525.727265,6284
1760532525.827996,6204
1760532525.928727,6740
1760532526.029457,6006
1760532526.131188,6968
1760532526.231916,6562
1760532526.332646,6929
1760532526.433377,6671
1760532526.535105,6174
1760532526.739198,5523
1760532526.839935,6402
1760532526.940632,6276
1760532527.041363,6234
1760532527.142093,6482
1760532527.242824,6264
1760532527.343554,6184
1760532527.444301,6074
1760532527.546013,6341
1760532527.646745,6462
1760532527.849205,6497
1760532527.950931,6291
1760532528.053656,6278
1760532528.155383,5937
1760532528.258113,6291
1760532528.359837,6645
1760532528.461565,6684
1760532528.562296,5857
1760532528.667015,6044
1760532528.767746,7008
1760532528.868477,6571
1760532528.972199,6452
1760532529.073927,6782
1760532529.174657,6542
1760532529.277383,5889
1760532529.480987,6399
1760532529.581718,5926
1760532529.682449,6552
1760532529.783179,6432
1760532529.88391,6899
1760532529.98464,6572
1760532530.085372,6810
1760532530.186102,6601
1760532530.286627,6217
1760532530.388357,6222
1760532530.489089,6085
1760532530.591814,6366
1760532530.795269,6635
1760532530.896,5867
1760532530.99673,6115
1760532531.10145,6302
1760532531.202181,6224
1760532531.302911,6641
1760532531.403642,6631
1760532531.508363,6560
1760532531.61009,6409
1760532531.71082,6264
1760532531.811551,6899
1760532531.913279,6242
1760532532.020002,6099
1760532532.223457,6546
1760532532.325185,6134
1760532532.425916,5847
1760532532.526646,6184
1760532532.627377,6492
1760532532.728108,6760
1760532532.828838,6442
1760532532.930599,6436
1760532533.031297,6534
1760532533.132028,6661
1760532533.232758,6711
1760532533.333516,6351
1760532533.438208,6227
1760532533.641664,6114
1760532533.743392,6163
1760532533.844122,6164
1760532533.945024,6372
1760532534.045754,6303
1760532534.146485,6353
1760532534.248214,6183
1760532534.355925,6537
1760532534.457653,6419
1760532534.558384,6790
1760532534.660616,6532
1760532534.764342,6353
1760532534.869062,6226
1760532535.072517,6330
1760532535.173248,6720
1760532535.274975,6556
1760532535.375706,6383
1760532535.476436,6393
1760532535.577168,6174
1760532535.678335,6573
1760532535.779066,7127
1760532535.879796,6820
1760532535.982522,6940
1760532536.183984,6214
1760532536.183984,6214
1760532536.391428,5852
1760532536.492158,6800
1760532536.593887,6264
1760532536.696612,6162
1760532536.797343,6522
1760532536.899071,6409
1760532536.999801,6343
1760532537.100532,6879
1760532537.201263,6075
1760532537.30299,6232
1760532537.407712,6102
1760532537.610334,6035
1760532537.610334,6035
1760532537.81778,6493
1760532537.91903,6014
1760532538.022718,5834
1760532538.124446,6153
1760532538.225177,6264
1760532538.326904,6399
1760532538.42764,6204
1760532538.529369,6782
1760532538.63007,6047
1760532538.730804,6144
1760532538.832537,5131
1760532538.93426,5544
1760532539.037984,6045
1760532539.240443,6625
1760532539.341681,6351
1760532539.442421,6075
1760532539.545137,5997
1760532539.646867,6641
1760532539.749591,6580
1760532539.850836,5886
1760532539.952563,5937
1760532540.054291,6360
1760532540.157016,6230
1760532540.257647,6339
1760532540.359373,6576
1760532540.4611,6224
1760532540.66356,5553
1760532540.765287,5701
1760532540.866019,6323
1760532540.967746,6311
1760532541.069474,6542
1760532541.170464,6159
1760532541.274186,6590
1760532541.375914,6202
1760532541.477643,6143
1760532541.58187,6092
1760532541.683009,6515
1760532541.784741,6841
1760532541.886258,6521
1760532542.088716,7385
1760532542.190443,6281
1760532542.291174,6432
1760532542.392901,6242
1760532542.495629,7281
1760532542.597356,6546
1760532542.69884,6523
1760532542.800567,6605
1760532542.901299,6849
1760532543.003099,6552
1760532543.103831,6740
1760532543.205558,6625
1760532543.307286,6542
1760532543.517234,6282
1760532543.618962,6723
1760532543.721686,6376
1760532543.823414,5839
1760532543.92614,5996
1760532544.026869,6492
1760532544.1276,6303
1760532544.228839,6262
1760532544.331563,6210
1760532544.43329,6615
1760532544.53402,6572
1760532544.635257,6815
1760532544.737966,7292
1760532544.941396,7008
1760532544.941396,7008
1760532545.042582,6670
1760532545.246843,5665
1760532545.349264,6951
1760532545.45098,7245
1760532545.551711,6571
1760532545.652946,6262
1760532545.756669,6383
1760532545.858397,6330
1760532545.962119,6970
1760532546.06285,6016
1760532546.163582,6691
1760532546.26431,6443
1760532546.366041,6241
1760532546.469761,7211
1760532546.674247,6525
1760532546.774945,6504
1760532546.875677,6244
1760532546.976407,6581
1760532547.078162,6407
1760532547.178865,6464
1760532547.280045,6038
1760532547.381211,6682
1760532547.482944,6703
1760532547.583702,6411
1760532547.684405,7040
1760532547.785163,6292
1760532547.98693,6244
1760532548.08766,6691
1760532548.190387,6755
1760532548.292114,6271
1760532548.392844,6016
1760532548.494573,6969
1760532548.596309,6359
1760532548.698028,6242
1760532548.798759,6194
1760532548.900519,6525
1760532549.001218,6991
1760532549.203184,5996
1760532549.203184,5996
1760532549.407638,6487
1760532549.509365,6153
1760532549.610096,6085
1760532549.711824,6094
1760532549.813565,6172
1760532549.91528,6783
1760532550.017007,5698
1760532550.117738,6651
1760532550.21948,6303
1760532550.320197,6890
1760532550.420926,6661
1760532550.623386,6293
1760532550.72439,6712
1760532550.825123,6234
1760532550.925881,6798
1760532551.026605,7138
1760532551.128339,6005
1760532551.230118,6651
1760532551.330848,6482
1760532551.431601,6262
1760532551.53231,6891
1760532551.638261,6540
1760532551.738992,6442
1760532551.84072,6383
1760532552.045874,6082
1760532552.147601,6281
1760532552.248331,6621
1760532552.350059,6340
1760532552.450789,6155
1760532552.552549,6574
1760532552.653307,7116
1760532552.75401,6782
1760532552.855738,6704
1760532552.956468,6055
1760532553.057199,6333
1760532553.264153,6468
1760532553.36588,6714
1760532553.46661,6959
1760532553.567341,6750
1760532553.669069,7254
1760532553.7698,6631
1760532553.87053,6323
1760532553.971691,6356
1760532554.072925,6588
1760532554.173657,6234
1760532554.274413,6133
1760532554.375144,6284
1760532554.475848,6663
1760532554.576578,7197
1760532554.681299,7028
1760532554.88575,6861
1760532554.986492,6303
1760532555.087189,7030
1760532555.188425,6825
1760532555.289187,6798
1760532555.394969,6929
1760532555.4957,6224
1760532555.597429,6303
1760532555.697675,6494
1760532555.798405,6840
1760532555.899163,6123
1760532556.000865,6702
1760532556.20432,6591
1760532556.305051,5519
1760532556.405781,6204
1760532556.506512,6452
1760532556.608171,6266
1760532556.708903,6561
1760532556.81063,6281
1760532556.911367,6045
1760532557.013119,6230
1760532557.114816,6086
1760532557.216544,5730
1760532557.319269,6244
1760532557.424987,6837
1760532557.626995,6272
1760532557.727695,6137
1760532557.828451,6183
1760532557.929157,5997
1760532558.029915,5935
1760532558.130757,6257
1760532558.23149,6720
1760532558.332803,6346
1760532558.433539,6184
1760532558.534459,6837
1760532558.635214,7046
1760532558.738445,6713
1760532558.941259,5935
1760532559.04199,6849
1760532559.14272,6591
1760532559.243457,6512
1760532559.344686,6144
1760532559.445418,6561
1760532559.546652,6035
1760532559.647382,6294
1760532559.748295,6183
1760532559.849059,6172
1760532559.950297,6005
1760532560.051028,6700
1760532560.253994,6015
1760532560.355721,7077
1760532560.456452,6055
1760532560.558181,6438
1760532560.658912,6502
1760532560.760627,5898
1760532560.861358,7028
1760532560.963086,6114
1760532561.063816,6740
1760532561.164547,6045
1760532561.265281,7852
1760532561.366533,6627
1760532561.467263,6403
1760532561.671748,6684
1760532561.773497,6122
1760532561.874205,6563
1760532561.974937,6700
1760532562.075668,6671
1760532562.176905,6628
1760532562.277635,6998
1760532562.378899,6655
1760532562.480376,6582
1760532562.581108,6403
1760532562.681838,6304
1760532562.884804,6194
1760532562.986094,6200
1760532563.086976,6572
1760532563.188274,5834
1760532563.289005,6869
1760532563.393234,7023
1760532563.493965,6681
1760532563.695963,6490
1760532563.79717,6096
1760532563.897923,6778
1760532563.998649,6641
1760532564.100376,6790
1760532564.20164,6636
1760532564.303369,6810
1760532564.404099,6710
1760532564.504858,6540
1760532564.606068,5957
1760532564.7068,5876
1760532564.910344,6475
1760532565.012074,6330
1760532565.113803,6576
1760532565.21504,6055
1760532565.318763,6132
1760532565.419493,5896
1760532565.520224,6303
1760532565.621462,6262
1760532565.722193,6045
1760532565.823133,6538
1760532565.923863,6413
1760532566.025101,6697
1760532566.12683,5809
1760532566.330792,6202
1760532566.43203,5847
1760532566.53276,6472
1760532566.633492,6214
1760532566.735246,6328
1760532566.836357,6616
1760532566.937087,6115
1760532567.037845,6252
1760532567.138549,6951
1760532567.239282,6472
1760532567.340046,6748
1760532567.440795,6392
1760532567.548598,6273
1760532567.753555,6084
1760532567.854794,6341
1760532567.955524,6651
1760532568.056255,6581
1760532568.156985,6433
1760532568.258463,6858
1760532568.359193,6820
1760532568.459923,5797
1760532568.560676,6431
1760532568.661334,6179
1760532568.763057,6222
1760532568.863788,6949
1760532569.067243,6145
1760532569.168008,5984
1760532569.268704,6256
1760532569.369435,6125
1760532569.470114,6764
1760532569.571842,6438
1760532569.672572,6343
1760532569.773302,6601
1760532569.87535,6291
1760532569.977051,5828
1760532570.07778,6065
1760532570.178512,5976
1760532570.382057,6403
1760532570.483785,6546
1760532570.584516,6254
1760532570.685246,6194
1760532570.786001,6620
1760532570.887243,5847
1760532570.987974,6522
1760532571.088704,6601
1760532571.189438,6661
1760532571.290675,6055
1760532571.391404,5698
1760532571.492135,6949
1760532571.593863,6591
1760532571.797827,6181
1760532571.898585,6570
1760532571.999288,6831
1760532572.10002,6214
1760532572.200757,6283
1760532572.30148,6364
1760532572.402244,7125
1760532572.502941,6484
1760532572.60418,6687
1760532572.70491,6125
1760532572.806639,5583
1760532573.009096,6750
1760532573.113817,6999
1760532573.215566,6555
1760532573.316309,6293
1760532573.417062,6639
1760532573.51879,4256
1760532573.619521,1826
1760532573.721248,2300
1760532573.82201,2570
1760532573.92271,2949
1760532574.023979,4058
1760532574.124679,4647
1760532574.225444,6242
1760532574.327138,6608
1760532574.529798,6965
1760532574.630503,6394
1760532574.731263,6014
1760532574.832961,6578
1760532574.934195,6489
1760532575.034926,6293
1760532575.135657,6313
1760532575.236427,6172
1760532575.338115,5939
1760532575.438846,6423
1760532575.539577,7346
1760532575.742035,6234
1760532575.842765,5966
1760532575.943521,6639
1760532576.044347,6575
1760532576.145051,6762
1760532576.245809,6530
1760532576.346512,6216
1760532576.447748,6628
1760532576.550473,6347
1760532576.651203,6065
1760532576.751934,6472
1760532576.852695,6718
1760532576.954393,6617
1760532577.156852,5748
1760532577.258611,5621
1760532577.35931,6464
1760532577.46004,6194
1760532577.56077,7266
1760532577.662008,6805
1760532577.763736,6301
1760532577.865464,6094
1760532577.966195,6303
1760532578.066952,6371
1760532578.168838,6644
1760532578.269569,6889
1760532578.472027,6664
1760532578.573321,6199
1760532578.675048,6664
1760532578.775778,6562
1760532578.876509,6512
1760532578.97724,5797
1760532579.078061,6199
1760532579.179789,6369
1760532579.280524,6422
1760532579.381258,6373
1760532579.482546,6427
1760532579.684008,6573
1760532579.785735,6586
1760532579.887462,5839
1760532579.988129,6437
1760532580.088837,6384
1760532580.189568,6442
1760532580.290298,6065
1760532580.391029,6194
1760532580.491759,3286
1760532580.59249,1459
1760532580.693729,1560
1760532580.79446,2213
1760532580.895982,3319
1760532580.996739,4634
1760532581.19923,6061
1760532581.299961,6383
1760532581.400692,6413
1760532581.501422,6423
1760532581.602183,6163
1760532581.702911,6373
1760532581.80395,6670
1760532581.90468,6343
1760532582.005231,6195
1760532582.106967,6113
1760532582.208204,6618
1760532582.310929,6181
1760532582.513884,6505
1760532582.614618,6254
1760532582.715771,5981
1760532582.816468,6435
1760532582.918229,6593
1760532583.018927,6405
1760532583.119658,6820
1760532583.220434,6439
1760532583.321165,6413
1760532583.427881,5874
1760532583.52861,6294
1760532583.629561,6953
1760532583.731289,6482
1760532583.934744,6783
1760532584.035475,5797
1760532584.137203,6084
1760532584.238942,6673
1760532584.339661,6691
1760532584.440391,6343
1760532584.541123,7008
1760532584.647837,6765
1760532584.749565,6330
1760532584.850296,5857
1760532584.951026,6562
1760532585.052755,6428
1760532585.267181,6433
1760532585.267181,6433
1760532585.470152,5985
1760532585.570883,6681
1760532585.671613,6065
1760532585.772344,6274
1760532585.873074,5857
1760532585.973812,6194
1760532586.075533,6783
1760532586.176264,6442
1760532586.276994,5529
1760532586.478835,6313
1760532586.478835,6313
1760532586.580563,5927
1760532586.784526,7191
1760532586.885244,6205
1760532586.986971,6448
1760532587.087702,6154
1760532587.188432,6105
1760532587.28917,5946
1760532587.390408,6183
1760532587.491139,6065
1760532587.591872,5936
1760532587.692602,6294
1760532587.79333,6562
1760532587.994792,6045
1760532588.096522,6684
1760532588.197556,6591
1760532588.298286,6462
1760532588.399017,6423
1760532588.501262,6064
1760532588.601992,6006
1760532588.706713,6197
1760532588.80844,6635
1760532588.912164,5977
1760532589.012893,6502
1760532589.113625,6135
1760532589.214354,6681
1760532589.315085,6790
1760532589.517052,5777
1760532589.61878,6242
1760532589.71951,6383
1760532589.820241,6045
1760532589.921433,6265
1760532590.022163,6026
1760532590.123892,6556
1760532590.224626,6323
1760532590.327355,6074
1760532590.428084,6701
1760532590.528815,6303
1760532590.731273,6310
1760532590.731273,6310
1760532590.935726,6350
1760532591.036458,6313
1760532591.138185,6497
1760532591.238915,6492
1760532591.341641,5996
1760532591.442371,6502
1760532591.544099,6772
1760532591.645827,6183
1760532591.746558,6244
1760532591.848285,5937
1760532591.952009,5879
1760532592.153471,6075
1760532592.255201,6232
1760532592.356932,6133
1760532592.457662,6512
1760532592.55939,6770
1760532592.660441,6679
1760532592.762169,6143
1760532592.863896,6369
1760532592.965625,5966
1760532593.067352,5907
1760532593.16908,6664
1760532593.269811,6403
1760532593.370542,6373
1760532593.572257,6496
1760532593.672988,6552
1760532593.773717,6701
1760532593.874447,6502
1760532593.975682,5739
1760532594.076414,5757
1760532594.178141,6202
1760532594.278872,6254
1760532594.379602,6383
1760532594.480845,6005
1760532594.582152,6041
1760532594.682882,6373
1760532594.784611,6586
1760532594.98707,6671
1760532595.087799,6413
1760532595.188531,6403
1760532595.290258,6183
1760532595.390988,6214
1760532595.491719,6899
1760532595.59245,6313
1760532595.693143,6524
1760532595.794874,6448
1760532595.895604,6323
1760532595.996335,5966
1760532596.097093,5915
1760532596.197845,6788
1760532596.401421,6428
1760532596.50218,6262
1760532596.60291,6591
1760532596.704142,6401
1760532596.804851,6335
1760532596.905582,5618
1760532597.00731,6605
1760532597.109038,6399
1760532597.209775,5449
1760532597.310505,5440
1760532597.414477,6632
1760532597.61695,6771
1760532597.718663,6331
1760532597.819394,5847
1760532597.921123,6802
1760532598.021852,6701
1760532598.122583,6323
1760532598.223314,6452
1760532598.324045,7088
1760532598.424775,6035
1760532598.527501,6084
1760532598.628252,6163
1760532598.729987,6477
1760532598.830717,6710
1760532598.935677,6138
1760532599.142151,6715
1760532599.242854,6007
1760532599.343612,6252
1760532599.444316,7070
1760532599.545594,7109
1760532599.647322,6301
1760532599.748084,6490
1760532599.848786,6812
1760532599.949515,7038
1760532600.050272,6371
1760532600.150976,7169
1760532600.251707,5777
1760532600.460176,6545
1760532600.560879,6285
1760532600.66161,5708
1760532600.762371,6976
1760532600.863071,6673
1760532600.963829,6927
1760532601.064532,6563
1760532601.165263,6512
1760532601.265994,6135
1760532601.367722,6527
1760532601.572205,6432
1760532601.672905,6703
1760532601.774185,6457
1760532601.874916,6303
1760532601.97565,6472
1760532602.077374,5662
1760532602.179102,6183
1760532602.282824,6266
1760532602.383556,6591
1760532602.484286,7217
1760532602.586014,5986
1760532602.686744,6641
1760532602.787478,6244
1760532602.990931,6750
1760532603.091661,5827
1760532603.192392,6403
1760532603.293123,6214
1760532603.393886,6282
1760532603.495582,6166
1760532603.59647,6145
1760532603.697201,6512
1760532603.797932,5966
1760532603.89966,6330
1760532604.000391,5966
1760532604.101122,7207
1760532604.202192,6263
1760532604.405647,6750
1760532604.506388,6362
1760532604.607118,6651
1760532604.707852,5896
1760532604.808606,6659
1760532604.909344,6353
1760532605.010097,6639
1760532605.110827,7068
1760532605.211558,6472
1760532605.312289,6641
1760532605.413036,6024
1760532605.51575,6600
1760532605.720225,6339
1760532605.821692,6189
1760532605.922423,6701
1760532606.023154,7177
1760532606.124476,6701
1760532606.225412,6538
1760532606.326144,6303
1760532606.530598,6961
1760532606.803381,4231
1760532607.073682,4038
1760532607.654657,3936
1760532607.915958,4840
1760532608.14734,5992
1760532608.362763,5649
1760532608.491417,5238
1760532608.592148,6214
1760532608.692888,6273
1760532608.793622,6710
1760532608.996585,6320
1760532609.097349,6659
1760532609.198102,6898
1760532609.298832,6611
1760532609.400249,6320
1760532609.50098,5708
1760532609.601738,6947
1760532609.703438,6391
1760532609.804197,6470
1760532609.904899,6156
1760532610.005631,7187
1760532610.108355,6658
1760532610.212078,6536
1760532610.414568,6279
1760532610.515291,6512
1760532610.616033,6064
1760532610.71773,6725
1760532610.81846,6621
1760532610.91919,6224
1760532611.019921,6025
1760532611.120653,6750
1760532611.221863,6718
1760532611.322603,6412
1760532611.42433,6389
1760532611.625818,6421
1760532611.726879,6560
1760532611.827574,6633
1760532611.928336,6014
1760532612.029036,5660
1760532612.129803,6470
1760532612.231529,6488
1760532612.33226,6512
1760532612.43299,6264
1760532612.533721,6214
1760532612.634959,6054
1760532612.836421,6631
1760532612.937151,6383
1760532613.037882,6432
1760532613.138613,6790
1760532613.239343,6353
1760532613.340095,5786
1760532613.440805,6404
1760532613.542042,5926
1760532613.642772,6939
1760532613.743531,6500
1760532613.844234,6335
1760532613.945471,6795
1760532614.056174,6196
1760532614.156905,7048
1760532614.36036,6094
1760532614.462088,5976
1760532614.562819,6701
1760532614.664568,6398
1760532614.765278,7079
1760532614.866008,6264
1760532614.966766,6103
1760532615.067656,6066
1760532615.169364,6145
1760532615.270055,6395
1760532615.371783,5927
1760532615.474509,6288
1760532615.578231,6257
1760532615.781687,6448
1760532615.882417,6641
1760532615.983147,6045
1760532616.083878,5996
1760532616.18503,6574
1760532616.285767,6363
1760532616.387467,6125
1760532616.493185,6665
1760532616.594421,6341
1760532616.695152,6105
1760532616.797138,6236
1760532616.90086,6266
1760532617.104317,5957
1760532617.206043,6222
1760532617.306773,6194
1760532617.407504,6512
1760532617.508235,6482
1760532617.608966,6184
1760532617.710206,6291
1760532617.810937,5767
1760532617.911682,6173
1760532618.013412,6566
1760532618.114144,6234
1760532618.21986,6299
1760532618.32059,6969
1760532618.422327,6202
1760532618.527039,6006
1760532618.731491,5718
1760532618.832222,6998
1760532618.932953,6562
1760532619.034191,5926
1760532619.13543,6420
1760532619.236161,6353
1760532619.336891,6244
1760532619.437622,5966
1760532619.538362,6601
1760532619.641086,6376
1760532619.743841,5878
1760532619.845004,6534
1760532620.048482,6358
1760532620.150188,6400
1760532620.251423,5581
1760532620.352154,5896
1760532620.452884,6254
1760532620.553615,6264
1760532620.654855,6548
1760532620.75594,6351
1760532620.85767,6851
1760532620.959071,6854
1760532621.059802,6641
1760532621.16153,6723
1760532621.263258,5888
1760532621.466713,6580
1760532621.567444,6025
1760532621.669172,6478
1760532621.769902,6681
1760532621.870633,5787
1760532621.971364,6750
1760532622.072094,6889
1760532622.173822,6881
1760532622.274552,6343
1760532622.37579,6292
1760532622.478515,5840
1760532622.58124,6259
1760532622.784696,6212
1760532622.886129,6802
1760532622.987856,6222
1760532623.088587,6522
1760532623.190315,5829
1760532623.291554,5975
1760532623.392285,6631
1760532623.493015,6492
1760532623.593745,6204
1760532623.694477,6571
1760532623.795712,6726
1760532623.89744,6428
1760532623.999171,6595
1760532624.203621,6428
1760532624.305349,5986
1760532624.407079,5986
1760532624.50781,5867
1760532624.608541,6095
1760532624.710269,5662
1760532624.811997,6635
1760532624.912728,6393
1760532625.013458,6641
1760532625.114188,6631
1760532625.31565,6859
1760532625.417377,6399
1760532625.518838,7096
1760532625.619571,6512
1760532625.721296,6711
1760532625.823024,6448
1760532625.924752,6232
1760532626.025483,6552
1760532626.126213,5966
1760532626.227021,6398
1760532626.327753,6055
1760532626.42899,6134
1760532626.630984,5996
1760532626.731741,5845
1760532626.832444,6762
1760532626.933175,6194
1760532627.033905,6581
1760532627.134636,6849
1760532627.235367,5797
1760532627.336097,6373
1760532627.436855,6143
1760532627.537862,6009
1760532627.639131,6329
1760532627.847575,6218
1760532627.948787,6659
1760532628.049517,6174
1760532628.150248,5946
1760532628.251976,6084
1760532628.3557,5967
1760532628.459307,5849
1760532628.560037,6552
1760532628.66074,6156
1760532628.762469,5947
1760532628.965926,6611
1760532629.066655,6681
1760532629.167385,6492
1760532629.269114,6104
1760532629.369907,6230
1760532629.470638,6274
1760532629.571369,6383
1760532629.672099,6442
1760532629.77283,6403
1760532629.87356,6413
1760532629.974294,6204
1760532630.075027,6770
1760532630.276724,6033
1760532630.377455,6194
1760532630.478187,6224
1760532630.579769,5857
1760532630.6805,6472
1760532630.78191,6843
1760532630.882671,6431
1760532630.984396,5682
1760532631.085099,6534
1760532631.186151,6224
1760532631.286856,5769
1760532631.390577,6746
1760532631.592566,6932
1760532631.69378,6293
1760532631.794541,6689
1760532631.895243,6633
1760532631.996501,6814
1760532632.098207,6341
1760532632.199446,6232
1760532632.300176,7127
1760532632.400907,6065
1760532632.501669,6460
1760532632.602396,6165
1760532632.704726,6107
1760532632.908181,6115
1760532633.008912,6045
1760532633.109643,5916
1760532633.210373,5986
1760532633.311103,6234
1760532633.411839,6323
1760532633.512573,6273
1760532633.613303,6760
1760532633.714034,6095
1760532633.814764,6790
1760532633.915496,6929
1760532634.016734,6657
1760532634.221186,6204
1760532634.321918,6125
1760532634.423154,6302
1760532634.523912,6073
1760532634.624615,6077
1760532634.725347,5936
1760532634.827073,6704
1760532634.927803,6383
1760532635.028535,5747
1760532635.129265,5638
1760532635.229995,4725
1760532635.330726,6264
1760532635.532189,5420
1760532635.633951,5552
1760532635.735643,6155
1760532635.836374,6413
1760532635.937105,6075
1760532636.037838,6462
1760532636.139564,6271
1760532636.240293,6472
1760532636.341051,6272
1760532636.442753,6263
1760532636.544481,6527
1760532636.645212,6393
1760532636.847669,6145
1760532636.949397,6320
1760532637.050128,6035
1760532637.150858,6313
1760532637.251589,6363
1760532637.352348,6490
1760532637.45305,6961
1760532637.553781,6343
1760532637.654512,6006
1760532637.755274,6073
1760532637.85697,6244
1760532637.957701,6432
1760532638.162189,6936
1760532638.263949,6554
1760532638.364653,6921
1760532638.466207,6912
1760532638.567037,6446
1760532638.668665,6041
1760532638.769396,6969
1760532638.870127,6155
1760532638.970885,6679
1760532639.072617,6104
1760532639.173316,6027
1760532639.274047,6432
1760532639.476591,7077
1760532639.577321,6423
1760532639.678079,6183
1760532639.778782,6702
1760532639.879512,6323
1760532639.980243,6353
1760532640.081463,6688
1760532640.183191,6084
1760532640.284739,6302
1760532640.38547,6075
1760532640.487197,6232
1760532640.588952,6193
1760532640.791414,6589
1760532640.892144,6353
1760532640.993876,6566
1760532641.096598,6006
1760532641.198953,6028
1760532641.300682,5898
1760532641.401411,6135
1760532641.503139,6320
1760532641.605865,6006
1760532641.707595,5730
1760532641.809321,6055
1760532641.914041,5911
1760532642.015769,6303
1760532642.116503,6581
1760532642.21724,6134
1760532642.428882,5820
1760532642.529613,6025
1760532642.630344,6939
1760532642.733068,6376
1760532642.834566,5753
1760532642.936316,6466
1760532643.038022,6095
1760532643.142769,6329
1760532643.244198,6319
1760532643.345958,6308
1760532643.451672,5815
1760532643.5534,6212
1760532643.657121,6700
1760532643.75885,6291
1760532643.859581,6780
1760532643.963303,6729
1760532644.165761,6522
1760532644.266492,6244
1760532644.368219,6360
1760532644.46895,6730
1760532644.570678,6330
1760532644.672407,6680
1760532644.773167,6272
1760532644.873899,6790
1760532644.97463,6641
1760532645.075359,6393
1760532645.279812,5936
1760532645.381046,6035
1760532645.481805,5706
1760532645.583533,5937
1760532645.684478,5914
1760532645.785209,6155
1760532645.887935,5782
1760532645.988693,6530
1760532646.091424,5928
1760532646.296716,6748
1760532646.398444,6202
1760532646.500176,6601
1760532646.600902,6383
1760532646.701633,6591
1760532646.80336,6596
1760532646.909078,6407
1760532647.010806,6104
1760532647.111537,5896
1760532647.213264,6163
1760532647.315989,6084
1760532647.416719,6442
1760532647.520019,6861
1760532647.721481,6323
1760532647.721481,6323
1760532647.924937,6423
1760532648.025666,6601
1760532648.126399,6651
1760532648.228125,6478
1760532648.328856,6294
1760532648.430584,6890
1760532648.531316,6909
1760532648.633042,6173
1760532648.736793,6183
1760532648.83949,6494
1760532648.941219,6586
1760532649.144452,6601
1760532649.245182,5996
1760532649.347753,5956
1760532649.449483,6704
1760532649.55221,6261
1760532649.653938,6711
1760532649.755666,6025
1760532649.85839,6252
1760532649.959121,6413
1760532650.060554,6132
1760532650.161285,6323
1760532650.263042,6053
1760532650.363749,6007
1760532650.467472,6526
1760532650.5692,6448
1760532650.670928,6330
1760532650.874383,6792
1760532650.977109,6385
1760532651.077839,6472
1760532651.17857,5996
1760532651.280298,5829
1760532651.381029,5996
1760532651.482768,6015
1760532651.583487,5639
1760532651.684218,6353
1760532651.785976,6171
1760532651.887673,6470
1760532652.091639,6736
1760532652.192369,5976
1760532652.293713,6423
1760532652.394444,6284
1760532652.495174,6164
1760532652.596902,6379
1760532652.697633,6105
1760532652.801356,7163
1760532652.903083,6468
1760532653.003814,6363
1760532653.105232,6675
1760532653.205962,6701
1760532653.410414,6242
1760532653.512143,6586
1760532653.613871,5947
1760532653.71563,6426
1760532653.816329,6296
1760532653.917258,5825
1760532654.01883,6064
1760532654.120564,6654
1760532654.222802,6123
1760532654.324532,6163
1760532654.425263,6045
1760532654.627722,6330
1760532654.728453,6343
1760532654.728453,6343
1760532654.932905,6114
1760532655.033636,6284
1760532655.135364,6035
1760532655.237092,6330
1760532655.350303,6366
1760532655.457015,6212
1760532655.557746,5817
1760532655.658477,5886
1760532655.759769,6288
1760532655.8605,6452
1760532655.961231,6294
1760532656.061961,6611
1760532656.165711,6554
1760532656.269406,5892
1760532656.47386,6281
1760532656.575588,6566
1760532656.676318,5599
1760532656.778045,6202
1760532656.878776,6234
1760532656.980231,6111
1760532657.080961,6343
1760532657.181692,6552
1760532657.282445,6550
1760532657.487873,6149
1760532657.487873,6149
1760532657.589601,5937
1760532657.793565,5731
1760532657.894295,6393
1760532657.995026,6194
1760532658.095757,6145
1760532658.196487,6155
1760532658.299213,6288
1760532658.400941,6193
1760532658.501672,6462
1760532658.602402,5718
1760532658.703134,6413
1760532658.905592,6303
1760532659.007323,5779
1760532659.108054,6274
1760532659.211777,5466
1760532659.312507,5569
1760532659.414235,6310
1760532659.514965,6919
1760532659.615696,6284
1760532659.716426,6482
1760532659.817157,5857
1760532659.919882,6210
1760532660.122341,5857
1760532660.223096,5835
1760532660.324824,6684
1760532660.426552,6242
1760532660.527283,6254
1760532660.629011,6625
1760532660.730738,6124
1760532660.832466,5996
1760532660.933197,6492
1760532661.033927,6452
1760532661.13505,7209
1760532661.338476,6155
1760532661.43924,7036
1760532661.539938,6137
1760532661.640699,6540
1760532661.741432,6283
1760532661.842152,5907
1760532661.942856,6365
1760532662.043591,6343
1760532662.144319,6224
1760532662.24505,6303
1760532662.446541,6411
1760532662.547269,6482
1760532662.648001,5906
1760532662.749238,6173
1760532662.84994,5799
1760532662.950921,5674
1760532663.051651,6403
1760532663.153407,6102
1760532663.255109,6460
1760532663.355864,6252
1760532663.456568,6593
1760532663.55733,6311
1760532663.658029,6385
1760532663.860597,6386
1760532663.961328,6502
1760532664.062058,6274
1760532664.162789,6115
1760532664.263519,6125
1760532664.367243,6035
1760532664.46897,6084
1760532664.570205,6420
1760532664.670936,6581
1760532664.771666,6065
1760532664.872396,6363
1760532664.976121,6613
1760532665.18157,6478
1760532665.2823,5609
1760532665.383032,5837
1760532665.483762,5787
1760532665.584492,6115
1760532665.685877,5829
1760532665.786609,6452
1760532665.887339,6155
1760532665.988069,6790
1760532666.0888,6224
1760532666.189531,6274
1760532666.290264,6472
1760532666.390992,6125
1760532666.59345,5986
1760532666.695179,6055
1760532666.795909,6135
1760532666.896669,6282
1760532666.99737,6524
1760532667.0991,6261
1760532667.200826,6792
1760532667.301556,6423
1760532667.402794,6183
1760532667.50421,6527
1760532667.705864,5807
1760532667.705864,5807
1760532667.808616,6938
1760532668.013041,6379
1760532668.113773,6244
1760532668.214533,6480
1760532668.315256,6483
1760532668.41647,6422
1760532668.517201,6730
1760532668.617876,6655
1760532668.719129,6113
1760532668.820861,6713
1760532668.921594,6432
1760532669.02682,6956
1760532669.132538,5637
1760532669.235266,6389
1760532669.439719,5937
1760532669.54045,6274
1760532669.64118,6125
1760532669.741938,6292
1760532669.842641,6265
1760532669.943372,6016
1760532670.044131,6857
1760532670.144834,6067
1760532670.245591,6758
1760532670.447532,5571
1760532670.548264,6452
1760532670.649991,6173
1760532670.750722,6333
1760532670.852477,6505
1760532670.954178,6646
1760532671.055906,5907
1760532671.157633,6625
1760532671.258364,5787
1760532671.359094,6303
1760532671.459825,6651
1760532671.561555,6202
1760532671.766007,6269
1760532671.766007,6269
1760532671.968495,6421
1760532672.069987,6581
1760532672.171715,6310
1760532672.272445,6234
1760532672.373177,6770
1760532672.474412,6282
1760532672.575145,6532
1760532672.676872,6487
1760532672.78658,6572
1760532672.893295,6184
1760532672.995054,6132
1760532673.095752,6266
1760532673.196483,6045
1760532673.298238,6663
1760532673.399939,6086
1760532673.603395,5986
1760532673.704125,6581
1760532673.804856,6562
1760532673.905586,6899
1760532674.009309,6765
1760532674.11004,6720
1760532674.21077,6214
1760532674.311501,6244
1760532674.412232,6442
1760532674.512962,7008
1760532674.613705,6402
1760532674.718413,6159
1760532674.919885,6492
1760532675.020608,6354
1760532675.121365,6659
1760532675.222069,7119
1760532675.323797,6261
1760532675.424527,6125
1760532675.52529,6659
1760532675.626015,6234
1760532675.726749,6671
1760532675.827449,6524
1760532675.93217,5968
1760532676.0329,5936
1760532676.234869,6321
1760532676.336597,6527
1760532676.437838,6054
1760532676.53857,6244
1760532676.6393,5698
1760532676.74003,6025
1760532676.840761,6115
1760532676.941491,6681
1760532677.042223,6700
1760532677.142953,6373
1760532677.243684,6373
1760532677.345412,6389
1760532677.548867,6820
1760532677.649625,6470
1760532677.750361,6263
1760532677.851059,6385
1760532677.951799,6492
1760532678.05252,6483
1760532678.15428,6554
1760532678.255358,6143
1760532678.356092,6740
1760532678.45782,6487
1760532678.558551,6313
1760532678.65931,6341
1760532678.764999,6273
1760532678.970449,6360
1760532679.071207,6530
1760532679.171938,6065
1760532679.272641,6236
1760532679.373372,6621
1760532679.474102,6035
1760532679.574833,6353
1760532679.675596,6421
1760532679.776294,6117
1760532679.877025,6492
1760532679.977755,5936
1760532680.078517,6361
1760532680.181212,6582
1760532680.383669,6497
1760532680.4844,6452
1760532680.585131,6274
1760532680.685861,6016
1760532680.786823,6339
1760532680.887955,6189
1760532680.988684,6969
1760532681.089437,6411
1760532681.190173,6293
1760532681.291617,6190
1760532681.392348,6373
1760532681.593836,6629
1760532681.695564,6251
1760532681.796268,6315
1760532681.896998,6145
1760532681.997729,6264
1760532682.09846,6075
1760532682.200188,5976
1760532682.301428,6232
1760532682.402158,6125
1760532682.503887,6173
1760532682.611109,6034
1760532682.814592,6112
1760532682.916079,5862
1760532683.016836,5954
1760532683.11805,6273
1760532683.218813,6153
1760532683.319764,6290
1760532683.420524,5845
1760532683.521226,6117
1760532683.622954,5947
1760532683.723685,6135
1760532683.825413,6399
1760532683.926143,6442
1760532684.027872,6055
1760532684.232865,6497
1760532684.333594,6393
1760532684.434325,6532
1760532684.535055,6363
1760532684.635711,6358
1760532684.736441,5688
1760532684.83817,6492
1760532684.9389,6105
1760532685.039631,5896
1760532685.140366,6482
1760532685.241098,6164
1760532685.341828,6423
1760532685.545796,6363
1760532685.646527,6164
1760532685.747259,6303
1760532685.847988,6184
1760532685.949716,6704
1760532686.051016,5982
1760532686.151725,6563
1760532686.252455,6393
1760532686.353225,6549
1760532686.554606,5949
1760532686.655336,6691
1760532686.757065,6605
1760532686.858793,6635
1760532686.959802,6306
1760532687.060533,6472
1760532687.161767,6825
1760532687.268484,6962
1760532687.370211,6861
1760532687.470942,6363
1760532687.571672,6462
1760532687.67391,6459
1760532687.775637,6006
1760532687.979093,6605
1760532688.079823,6591
1760532688.180576,6669
1760532688.281284,6275
1760532688.382016,6502
1760532688.482746,6303
1760532688.583476,6006
1760532688.684208,6452
1760532688.785576,6254
1760532688.887305,6536
1760532688.989032,6301
1760532689.19149,6164
1760532689.293219,6861
1760532689.393949,6711
1760532689.49468,6284
1760532689.595411,6234
1760532689.696142,6135
1760532689.797869,7126
1760532689.8986,6313
1760532689.999331,6492
1760532690.100061,6274
1760532690.200791,6730
1760532690.304513,6271
1760532690.506972,5917
1760532690.607939,6299
1760532690.70867,6532
1760532690.8094,6562
1760532690.91013,6293
1760532691.011577,5677
1760532691.112286,6076
1760532691.213048,6182
1760532691.313747,6395
1760532691.414479,6671
1760532691.51778,6079
1760532691.61948,5880
1760532691.721234,6476
1760532691.924692,6486
1760532692.025394,5898
1760532692.127123,6075
1760532692.227854,6442
1760532692.328584,6631
1760532692.429828,6499
1760532692.530559,5946
1760532692.631304,6382
1760532692.733016,6007
1760532692.833747,6214
1760532692.935475,6202
1760532693.036205,5926
1760532693.137933,6173
1760532693.339434,6301
1760532693.440164,6661
1760532693.540895,5787
1760532693.641653,6560
1760532693.742378,6016
1760532693.843086,6116
1760532693.944815,6291
1760532694.045545,6601
1760532694.146276,5986
1760532694.248004,6193
1760532694.350099,6072
1760532694.451826,6369
1760532694.655283,6438
1760532694.760002,5976
1760532694.860732,6244
1760532694.961463,6234
1760532695.062193,5638
1760532695.163396,6146
1760532695.264126,5986
1760532695.364857,6264
1760532695.465587,6691
1760532695.566319,6919
1760532695.768258,7028
1760532695.869985,6311
1760532695.970718,6353
1760532696.072444,6507
1760532696.173175,5777
1760532696.274903,6684
1760532696.378625,6295
1760532696.480354,6153
1760532696.583078,5986
1760532696.683808,6333
1760532696.78454,5886
1760532696.886274,5475
1760532696.987598,6513
1760532697.088329,6423
1760532697.18906,6601
1760532697.393513,6350
1760532697.49524,5937
1760532697.595971,6482
1760532697.696702,6800
1760532697.797432,6373
1760532697.898219,6052
1760532697.999947,6621
1760532698.101675,6419
1760532698.205398,6210
1760532698.306633,6677
1760532698.407363,6472
1760532698.609822,6045
1760532698.609822,6045
1760532698.813828,6482
1760532698.915557,6487
1760532699.016287,6393
1760532699.118015,6389
1760532699.221738,6112
1760532699.323466,6428
1760532699.426191,6054
1760532699.527918,6546
1760532699.631653,6443
1760532699.732367,6741
1760532699.833444,6875
1760532700.034931,6044
1760532700.034931,6044
1760532700.138286,5379
1760532700.34573,5917
1760532700.447459,5750
1760532700.54819,6432
1760532700.648942,6788
1760532700.749683,6084
1760532700.851403,6046
1760532700.953107,7108
1760532701.054861,6332
1760532701.155592,5837
1760532701.257293,6312
1760532701.358023,6413
1760532701.46021,6654
1760532701.661529,6522
1760532701.762264,5777
1760532701.86499,6063
1760532701.967745,6160
1760532702.069443,6722
1760532702.170173,6174
1760532702.270904,6164
1760532702.371634,6244
1760532702.472392,6639
1760532702.573699,5833
1760532702.674451,5389
1760532702.8759,6233
1760532702.8759,6233
1760532703.078349,6891
1760532703.17908,6403
1760532703.28181,6736
1760532703.382536,5926
1760532703.483272,6641
1760532703.583997,6224
1760532703.685253,6419
1760532703.785963,6186
1760532703.887691,6281
1760532703.990013,6147
1760532704.092738,6171
1760532704.295596,6369
1760532704.397906,6208
1760532704.500631,5694
1760532704.601362,6155
1760532704.70309,6294
1760532704.805815,6298
1760532704.906546,5936
1760532705.008303,6161
1760532705.109034,5896
1760532705.210792,6957
1760532705.311522,6393
1760532705.412253,6522
1760532705.512983,6482
1760532705.613714,6542
1760532705.715453,5887
1760532705.92043,6262
1760532706.022635,5987
1760532706.124363,6234
1760532706.225654,6417
1760532706.326384,6522
1760532706.427115,6174
1760532706.527866,6511
1760532706.628576,6414
1760532706.730011,5905
1760532706.830742,6671
1760532706.931486,6729
1760532707.032203,6930
1760532707.234662,6164
1760532707.336389,6360
1760532707.437119,5658
1760532707.537851,6234
1760532707.63858,6869
1760532707.739339,6103
1760532707.840042,6285
1760532707.9408,7155
1760532708.041545,7107
1760532708.142303,6431
1760532708.243006,6335
1760532708.444473,6253
1760532708.546227,6132
1760532708.646931,6573
1760532708.747661,6284
1760532708.848962,6841
1760532708.949722,6857
1760532709.050425,6444
1760532709.152181,6319
1760532709.25325,6371
1760532709.353996,6193
1760532709.555457,6353
1760532709.656187,6591
1760532709.756951,6579
1760532709.85765,6017
1760532709.958379,6413
1760532710.05911,6313
1760532710.159677,6731
1760532710.26115,6267
1760532710.36188,6294
1760532710.46261,6631
1760532710.563348,6045
1760532710.665108,5738
1760532710.765834,5797
1760532710.86953,6105
1760532711.072985,6910
1760532711.173716,6115
1760532711.274447,6790
1760532711.375179,6343
1760532711.47591,6631
1760532711.576639,6363
1760532711.677369,6264
1760532711.778099,6184
1760532711.87883,6184
1760532711.979353,5829
1760532712.080055,6335
1760532712.283512,6308
1760532712.389228,5798
1760532712.489959,5936
1760532712.59069,6502
1760532712.69142,6879
1760532712.792151,6333
1760532712.893025,6195
1760532712.993756,6204
1760532713.094486,6303
1760532713.195217,6333
1760532713.295948,6125
1760532713.399671,6143
1760532713.603126,6124
1760532713.703857,6115
1760532713.805318,5913
1760532713.906048,6760
1760532714.006791,6303
1760532714.10751,6562
1760532714.20824,6581
1760532714.308971,5926
1760532714.409701,6244
1760532714.510432,5996
1760532714.711894,6562
1760532714.813626,6811
1760532714.914357,5926
1760532715.015087,5777
1760532715.115818,5738
1760532715.216548,6105
1760532715.317785,6460
1760532715.4255,5978
1760532715.52623,6244
1760532715.638337,6372
1760532715.739068,6333
1760532715.840797,6291
1760532715.941388,5567
1760532716.042842,6042
1760532716.144571,5789
1760532716.34754,6274
1760532716.449115,6064
1760532716.549845,6750
1760532716.651084,6134
1760532716.751814,6115
1760532716.852545,6502
1760532716.954274,6780
1760532717.055003,6780
1760532717.156239,5916
1760532717.257704,6100
1760532717.46116,6601
1760532717.561891,5976
1760532717.662621,6254
1760532717.763351,6184
1760532717.864082,6482
1760532717.964813,5966
1760532718.066027,6471
1760532718.167478,6446
1760532718.268209,6333
1760532718.368939,5926
1760532718.46967,6611
1760532718.57021,6902
1760532718.670938,6274
1760532718.874393,5642
1760532718.975125,6135
1760532719.076852,6134
1760532719.177582,6472
1760532719.278313,6571
1760532719.379043,6452
1760532719.480772,6536
1760532719.581502,6552
1760532719.682232,6621
1760532719.783961,6399
1760532719.884693,6303
1760532719.986419,7117
1760532720.189875,6527
1760532720.290606,6581
1760532720.391337,6611
1760532720.492067,6949
1760532720.592798,6492
1760532720.693529,7008
1760532720.795256,6704
1760532720.895987,6155
1760532720.996717,7217
1760532721.097448,6859
1760532721.198804,7508
1760532721.302526,6546
1760532721.506979,6204
1760532721.608707,6507
1760532721.709438,6581
1760532721.810168,6472
1760532721.910898,6254
1760532722.012626,6497
1760532722.113357,6681
1760532722.214087,7574
1760532722.41555,6810
1760532722.41555,6810
1760532722.619005,6094
1760532722.71974,6541
1760532722.82047,6939
1760532722.921201,6254
1760532723.021933,7117
1760532723.122665,6899
1760532723.223396,6939
1760532723.325124,6556
1760532723.425856,6591
1760532723.526585,6701
1760532723.627316,6194
1760532723.728046,6055
1760532723.829774,6517
1760532723.933497,6160
1760532724.137441,6834
1760532724.238162,7118
1760532724.338893,7127
1760532724.439623,6651
1760532724.540861,6519
1760532724.64259,6753
1760532724.74332,6095
1760532724.845048,6084
1760532724.946775,6596
1760532725.047506,6353
1760532725.148237,6373
1760532725.3497,6581
1760532725.451431,6772
1760532725.552673,6568
1760532725.653404,5966
1760532725.755134,5553
1760532725.856861,6224
1760532725.957591,6482
1760532726.058322,6661
1760532726.16005,6222
1760532726.261781,6064
1760532726.364508,5819
1760532726.465237,6453
1760532726.568466,6412
1760532726.671196,6369
1760532726.872657,6125
1760532726.97339,6879
1760532727.076114,6084
1760532727.176843,5827
1760532727.278572,6124
1760532727.380302,5681
1760532727.48502,5615
1760532727.586747,6124
1760532727.692467,6044
1760532727.895921,5946
1760532727.895921,5946
1760532727.996651,6432
1760532728.102371,6252
1760532728.30685,5766
1760532728.407554,6325
1760532728.508284,6174
1760532728.610521,6400
1760532728.711251,5966
1760532728.811982,5807
1760532728.912712,5450
1760532729.013443,5926
1760532729.284226,6016
1760532729.441805,5237
1760532729.624317,3769
1760532729.750979,6284
1760532729.861682,6356
1760532729.861682,6356
1760532730.071123,7343
1760532730.172849,6360
1760532730.27358,6373
1760532730.37431,6045
1760532730.475044,5866
1760532730.576325,6496
1760532730.678053,5701
1760532730.779282,6450
1760532730.880014,6492
1760532730.981741,6202
1760532731.082472,6115
1760532731.183707,6815
1760532731.385107,6317
1760532731.485837,6909
1760532731.586568,5916
1760532731.687305,6710
1760532731.788035,6601
1760532731.888767,6065
1760532731.989496,5946
1760532732.090227,6800
1760532732.190957,6303
1760532732.291637,6207
1760532732.392368,6413
1760532732.493098,6254
1760532732.694775,6184
1760532732.7965,5898
1760532732.897232,6125
1760532732.997971,6402
1760532733.09969,6468
1760532733.201417,6006
1760532733.302147,6353
1760532733.402878,6522
1760532733.503609,6075
1760532733.605071,6169
1760532733.705803,5718
1760532733.808528,6317
1760532733.910256,6909
1760532734.114709,6294
1760532734.215947,6213
1760532734.316699,6322
1760532734.417409,6702
1760532734.518091,6396
1760532734.618823,5847
1760532734.719553,5936
1760532734.820294,6442
1760532734.921025,6700
1760532735.021755,6849
1760532735.122486,6224
1760532735.223165,6386
1760532735.327885,6716
1760532735.532338,6104
1760532735.633069,6363
1760532735.733804,6124
1760532735.834535,6194
1760532735.935266,6363
1760532736.036995,6625
1760532736.13801,6157
1760532736.238751,6908
1760532736.339482,6532
1760532736.440212,6145
1760532736.541448,6420
1760532736.642179,5747
1760532736.746899,6149
1760532736.950354,6552
1760532737.051085,6204
1760532737.151815,6383
1760532737.256046,6392
1760532737.356776,6323
1760532737.458503,6173
1760532737.56023,6065
1760532737.66196,6025
1760532737.864417,6528
1760532737.864417,6528
1760532738.066828,6740
1760532738.168556,5927
1760532738.273276,6093
1760532738.374007,6413
1760532738.475734,6075
1760532738.576465,6303
1760532738.677195,6502
1760532738.777926,6502
1760532738.879167,6726
1760532738.981405,6093
1760532739.082134,6135
1760532739.182865,6154
1760532739.284593,6133
1760532739.386323,6389
1760532739.589777,5847
1760532739.690507,6889
1760532739.79124,6502
1760532739.891969,6969
1760532739.993696,6320
1760532740.094427,6492
1760532740.195667,6726
1760532740.296398,6016
1760532740.398125,6163
1760532740.498856,6353
1760532740.701824,6969
1760532740.701824,6969
1760532740.807542,6271
1760532741.009999,6674
1760532741.11073,6204
1760532741.212458,6134
1760532741.313189,6770
1760532741.41392,6462
1760532741.514996,6470
1760532741.615724,6562
1760532741.716455,5708
1760532741.81853,6985
1760532741.920261,6389
1760532742.12272,6104
1760532742.22443,6292
1760532742.326163,6383
1760532742.42789,6340
1760532742.528621,6591
1760532742.62991,6881
1760532742.731639,6733
1760532742.833367,6596
1760532742.9361,6229
1760532743.036788,6207
1760532743.137522,5847
1760532743.23925,6546
1760532743.340979,6135
1760532743.443704,6482
1760532743.649154,5839
1760532743.750881,6045
1760532743.851612,6164
1760532743.952343,5728
1760532744.053594,5985
1760532744.154325,6234
1760532744.25507,7136
1760532744.355883,6685
1760532744.456617,6482
1760532744.558346,6232
1760532744.660073,6389
1760532744.765359,6515
1760532744.976305,6531
1760532745.078032,7018
1760532745.17976,6222
1760532745.281488,6006
1760532745.382218,5956
1760532745.483947,6232
1760532745.584677,6303
1760532745.685408,6164
1760532745.786139,6562
1760532745.886869,6353
1760532745.987599,6433
1760532746.190563,5907
1760532746.293288,5917
1760532746.395015,6330
1760532746.496743,6379
1760532746.600972,6383
1760532746.703696,5938
1760532746.804427,6055
1760532746.905158,6264
1760532747.005929,6271
1760532747.106659,6025
1760532747.208387,6512
1760532747.309117,6294
1760532747.409847,6174
1760532747.511233,5977
1760532747.713229,6211
1760532747.814956,6596
1760532747.915688,6512
1760532748.016418,5906
1760532748.117149,6681
1760532748.217879,6393
1760532748.31861,6313
1760532748.419345,6313
1760532748.520072,5807
1760532748.620801,6502
1760532748.721532,6125
1760532748.9235,6621
1760532749.025226,6940
1760532749.125978,6262
1760532749.226688,6096
1760532749.327419,5976
1760532749.428148,6701
1760532749.528879,6820
1760532749.629611,6115
1760532749.730342,6105
1760532749.831071,6363
1760532749.932051,6327
1760532750.033808,6417
1760532750.238262,6712
1760532750.338962,6375
1760532750.439693,6403
1760532750.540424,6710
1760532750.641176,6153
1760532750.743882,6708
1760532750.84461,6482
1760532750.945333,5986
1760532751.046029,5849
1760532751.14676,6343
1760532751.24749,6214
1760532751.348221,5946
1760532751.449976,5739
1760532751.652408,5593
1760532751.754135,6232
1760532751.855891,6721
1760532751.956594,5640
1760532752.057152,6006
1760532752.157909,6411
1760532752.26012,6925
1760532752.360851,6810
1760532752.461581,6006
1760532752.562311,6095
1760532752.763774,5787
1760532752.865501,5750
1760532752.967228,6694
1760532753.068961,6654
1760532753.169689,6204
1760532753.270417,7247
1760532753.37117,6272
1760532753.473873,6416
1760532753.575629,6908
1760532753.67636,6025
1760532753.777063,6057
1760532753.877793,6820
1760532753.978524,6552
1760532754.080252,6360
1760532754.183974,6816
1760532754.388427,6399
1760532754.490155,6084
1760532754.590907,6411
1760532754.691644,5916
1760532754.792347,6107
1760532754.893078,6790
1760532754.993808,6681
1760532755.094567,6431
1760532755.19527,6136
1760532755.296001,5966
1760532755.39673,6790
1760532755.497461,5956
1760532755.700688,6305
1760532755.801415,6532
1760532755.902118,6345
1760532756.002848,6552
1760532756.103606,6331
1760532756.204309,6931
1760532756.305067,6897
1760532756.40577,6653
1760532756.507035,6250
1760532756.607772,6492
1760532756.708475,6424
1760532756.909936,6333
1760532757.011368,6891
1760532757.112099,6611
1760532757.21283,6621
1760532757.31359,6421
1760532757.415319,6517
1760532757.51607,6560
1760532757.616801,6988
1760532757.717531,6204
1760532757.819262,5340
1760532757.920988,6264
1760532758.021718,6343
1760532758.223179,6026
1760532758.323911,6085
1760532758.42464,6343
1760532758.526368,5927
1760532758.627099,6373
1760532758.72783,5886
1760532758.82856,6532
1760532758.92929,6859
1760532759.030021,7366
1760532759.130768,6600
1760532759.231482,6275
1760532759.333211,6527
1760532759.535264,6040
1760532759.636992,6802
1760532759.737723,6462
1760532759.838454,6254
1760532759.939206,6540
1760532760.039915,6434
1760532760.141105,6324
1760532760.242345,6410
1760532760.343611,6507
1760532760.444318,7069
1760532760.54558,6626
1760532760.646283,6067
1760532760.74852,6973
1760532760.955483,6375
1760532761.057237,6486
1760532761.157941,6404
1760532761.259669,6419
1760532761.3604,6204
1760532761.461157,6649
1760532761.56186,6812
1760532761.662594,6462
1760532761.782272,6371
1760532761.893972,5604
1760532761.995728,6495
1760532762.096431,6762
1760532762.197666,6568
1760532762.298405,6333
1760532762.399129,5837
1760532762.503849,6575
1760532762.715283,6417
1760532762.820003,6016
1760532762.920766,6440
1760532763.02149,6483
1760532763.122194,6484
1760532763.223925,5858
1760532763.325655,6271
1760532763.426386,5926
1760532763.527137,6312
1760532763.627847,6732
1760532763.728579,6423
1760532763.829308,5877
1760532763.930644,6414
1760532764.132095,6691
1760532764.233822,6497
1760532764.334553,6333
1760532764.435283,6641
1760532764.536014,6691
1760532764.637743,6074
1760532764.738472,5559
1760532764.839203,6472
1760532764.946915,6343
1760532765.060611,5831
1760532765.161342,6621
1760532765.26307,6733
1760532765.363827,6609
1760532765.464552,6264
1760532765.666718,4642
1760532765.768447,5799
1760532765.869177,6760
1760532765.969908,6333
1760532766.070668,5915
1760532766.17137,6772
1760532766.2721,6284
1760532766.372831,6591
1760532766.478549,6101
1760532766.581273,6785
1760532766.682031,6302
1760532766.782733,6405
1760532766.883492,6103
1760532766.984195,6057
1760532767.191641,5966
1760532767.294366,6678
1760532767.395096,6770
1760532767.496392,7196
1760532767.597131,5886
1760532767.697878,6283
1760532767.799606,6094
1760532767.900336,6244
1760532768.001066,6433
1760532768.101797,6145
1760532768.203042,7052
1760532768.303772,5946
1760532768.505496,6283
1760532768.606257,6748
1760532768.706959,6067
1760532768.80769,7098
1760532768.90893,6371
1760532769.010165,6074
1760532769.110897,7038
1760532769.211626,7008
1760532769.312356,6810
1760532769.413087,5817
1760532769.514277,6087
1760532769.615247,6160
1760532769.817483,6600
1760532769.91921,6772
1760532770.019941,6294
1760532770.120701,6847
1760532770.221402,6832
1760532770.32216,6232
1760532770.422864,6126
1760532770.523622,6133
1760532770.624325,6692
1760532770.724904,6432
1760532770.826635,6104
1760532770.927365,6562
1760532771.12886,6569
1760532771.229569,6176
1760532771.330328,6193
1760532771.431058,6204
1760532771.531761,6802
1760532771.632492,6294
1760532771.733222,6016
1760532771.833953,6174
1760532771.934684,6343
1760532772.035416,6283
1760532772.137175,6289
1760532772.237898,6006
1760532772.439843,6521
1760532772.540588,5578
1760532772.641318,6006
1760532772.742048,6264
1760532772.842779,6055
1760532772.94351,6115
1760532773.044268,6292
1760532773.14599,6448
1760532773.246726,6402
1760532773.34743,6136
1760532773.448319,6611
1760532773.649805,6470
1760532773.750509,6345
1760532773.85126,5994
1760532773.952,6094
1760532774.0527,5849
1760532774.153431,5906
1760532774.254161,6730
1760532774.355889,6527
1760532774.45662,5877
1760532774.558348,6664
1760532774.659668,6356
1760532774.862157,6301
1760532774.963885,5898
1760532775.064643,6639
1760532775.165346,7119
1760532775.266076,6552
1760532775.366817,6333
1760532775.467537,6264
1760532775.568447,6352
1760532775.670193,6093
1760532775.772891,6184
1760532775.8816,6303
1760532775.984326,6074
1760532776.189274,5858
1760532776.291001,6104
1760532776.391733,5450
1760532776.492463,5539
1760532776.593221,6599
1760532776.693956,5876
1760532776.794654,5938
1760532776.895385,5708
1760532776.996116,5857
1760532777.097844,6691
1760532777.199574,5947
1760532777.302298,6171
1760532777.407027,6779
1760532777.610472,6790
1760532777.72018,6380
1760532777.821907,6802
1760532777.922898,6525
1760532778.023656,5964
1760532778.124751,5806
1760532778.225451,5998
1760532778.32618,6313
1760532778.427908,6684
1760532778.528666,6709
1760532778.62937,6027
1760532778.731098,5760
1760532778.932558,5867
1760532779.033289,5886
1760532779.13402,5926
1760532779.23475,5797
1760532779.33548,5787
1760532779.436212,6065
1760532779.536945,5847
1760532779.63768,6323
1760532779.738409,6075
1760532779.839139,6184
1760532779.941376,6035
1760532780.145366,6161
1760532780.246068,6285
1760532780.346826,6619
1760532780.447566,5995
1760532780.548297,6581
1760532780.649055,6232
1760532780.750755,6784
1760532780.851486,6393
1760532780.952217,6254
1760532781.052968,5816
1760532781.153678,6424
1760532781.356738,5956
1760532781.458465,5789
1760532781.560221,6240
1760532781.661434,5819
1760532781.770186,6142
1760532781.871913,6222
1760532781.972644,6492
1760532782.073958,5586
1760532782.174688,5956
1760532782.275419,5748
1760532782.376149,5509
1760532782.47688,6234
1760532782.577611,6045
1760532782.781262,6202
1760532782.88299,7195
1760532782.984718,6254
1760532783.085448,5956
1760532783.187176,6034
1760532783.288904,5750
1760532783.390633,5947
1760532783.492388,5709
1760532783.593333,5983
1760532783.695062,5996
1760532783.796789,6075
1760532783.898516,5917
1760532784.000245,5896
1760532784.201705,6055
1760532784.201705,6055
1760532784.405162,5829
1760532784.505893,6025
1760532784.608645,5985
1760532784.710345,6047
1760532784.811076,5678
1760532784.911807,6224
1760532785.013535,6581
1760532785.114265,6224
1760532785.218986,6584
1760532785.319717,6472
1760532785.42065,5964
1760532785.624107,6115
1760532785.624107,6115
1760532785.828068,5808
1760532785.930793,6320
1760532786.031523,6254
1760532786.132254,6214
1760532786.233982,6601
1760532786.335832,6578
1760532786.444543,6415
1760532786.545271,6274
1760532786.646004,6224
1760532786.747238,6094
1760532786.847968,6353
1760532786.9487,6383
1760532787.153152,5946
1760532787.256946,6314
1760532787.358659,6164
1760532787.462409,5763
1760532787.56411,6214
1760532787.66486,6034
1760532787.765595,5976
1760532787.866505,6708
1760532787.968063,6754
1760532788.068766,6772
1760532788.170496,6251
1760532788.271246,6302
1760532788.372511,6280
1760532788.474239,6124
1760532788.67671,6700
1760532788.777427,6672
1760532788.878158,6552
1760532788.979172,6731
1760532789.079923,6640
1760532789.180632,6285
1760532789.281363,6641
1760532789.382093,6323
1760532789.483822,6340
1760532789.585576,5926
1760532789.690269,6576
1760532789.891731,6293
1760532789.891731,6293
1760532789.993459,6301
1760532790.19752,6645
1760532790.299247,6311
1760532790.400975,6084
1760532790.502703,5514
1760532790.603434,6224
1760532790.705162,6184
1760532790.80689,6399
1760532790.908618,6448
1760532791.010346,6379
1760532791.113076,6792
1760532791.315529,6442
1760532791.315529,6442
1760532791.520993,6133
1760532791.621737,5975
1760532791.72395,6036
1760532791.824679,6472
1760532791.92541,6313
1760532792.026167,6123
1760532792.126871,5848
1760532792.227602,6016
1760532792.328332,6075
1760532792.429063,5728
1760532792.529793,5986
1760532792.731175,6385
1760532792.832903,5819
1760532792.934632,6192
1760532793.036864,6025
1760532793.138594,5642
1760532793.240349,5532
1760532793.341052,6067
1760532793.44278,5662
1760532793.543664,5759
1760532793.645392,6301
1760532793.746122,5906
1760532793.84785,5937
1760532793.949579,6244
1760532794.153066,5683
1760532794.254773,6479
1760532794.3565,6841
1760532794.457745,5620
1760532794.558476,6363
1760532794.659238,6401
1760532794.760935,5142
1760532794.861664,5688
1760532794.962396,6393
1760532795.064145,6181
1760532795.164866,5996
1760532795.267579,6172
1760532795.368663,6084
1760532795.572119,6599
1760532795.672849,5906
1760532795.77461,5837
1760532795.87534,6681
1760532795.977068,6605
1760532796.078795,6035
1760532796.179526,6730
1760532796.28077,6351
1760532796.383509,6546
1760532796.48473,6253
1760532796.588455,6536
1760532796.689212,6183
1760532796.79191,6231
1760532796.994369,6462
1760532797.0951,6343
1760532797.198998,6631
1760532797.300733,6625
1760532797.402451,6508
1760532797.504179,6094
1760532797.605906,5976
1760532797.707634,5957
1760532797.808365,6393
1760532797.912098,6198
1760532798.01383,6241
1760532798.114737,6471
1760532798.215495,6550
1760532798.418927,6979
1760532798.524644,6347
1760532798.625402,6381
1760532798.726106,6563
1760532798.826836,5887
1760532798.927566,6562
1760532799.028444,6502
1760532799.129226,6330
1760532799.230954,6399
1760532799.331657,6643
1760532799.432389,6552
1760532799.533119,6869
1760532799.633849,6710
1760532799.835311,6343
1760532799.936074,6430
1760532800.03729,6994
1760532800.13803,6204
1760532800.238745,6007
1760532800.339476,6403
1760532800.440206,6294
1760532800.540937,6701
1760532800.641667,6869
1760532800.742398,6949
1760532800.843579,6572
1760532800.944311,6542
1760532801.046039,6301
1760532801.248197,6353
1760532801.349083,6492
1760532801.44981,6572
1760532801.550541,6095
1760532801.6513,6252
1760532801.752546,6192
1760532801.853782,6262
1760532801.954789,6742
1760532802.05552,7286
1760532802.15625,7266
1760532802.256981,7098
1760532802.357712,6750
1760532802.461434,6960
1760532802.665586,6763
1760532802.766317,6978
1760532802.867035,6493
1760532802.968517,6099
1760532803.069259,6273
1760532803.170028,6509
1760532803.270768,7008
1760532803.371533,6788
1760532803.472258,7128
1760532803.573019,6619
1760532803.673752,6899
1760532803.87621,6841
1760532803.977455,7565
1760532804.078205,6550
1760532804.178914,6285
1760532804.279646,6462
1760532804.380376,6780
1760532804.481486,6992
1760532804.583214,6841
1760532804.683945,6462
1760532804.784702,5984
1760532804.885484,6598
1760532804.990204,6178
1760532805.094924,6677
1760532805.299399,6899
1760532805.400107,7516
1760532805.500865,7046
1760532805.601596,7098
1760532805.702299,6017
1760532805.803058,6381
1760532805.90376,6375
1760532806.004518,6838
1760532806.105221,6067
1760532806.205953,6641
1760532806.306683,6522
1760532806.407441,6758
1760532806.608825,6644
1760532806.710491,5990
1760532806.811222,6740
1760532806.911957,6611
1760532807.01269,5986
1760532807.113421,6284
1760532807.214151,6343
1760532807.314882,6294
1760532807.415613,6006
1760532807.516371,6371
1760532807.617095,6393
1760532807.818558,6901
1760532807.919287,5966
1760532808.020017,5658
1760532808.120748,6423
1760532808.221479,6403
1760532808.322209,6740
1760532808.422941,6561
1760532808.525768,7128
1760532808.626466,6703
1760532808.728194,6350
1760532808.828925,6581
1760532809.030387,6018
1760532809.030387,6018
1760532809.233842,6911
1760532809.335571,6045
1760532809.441389,6821
1760532809.543117,6379
1760532809.643847,6383
1760532809.745596,6280
1760532809.849299,6103
1760532809.951025,6202
1760532810.05375,6181
1760532810.155479,6527
1760532810.25621,6333
1760532810.357203,6307
1760532810.457908,6474
1760532810.562639,6387
1760532810.767677,6168
1760532810.868379,6285
1760532810.96911,6611
1760532811.069872,6222
1760532811.170571,6375
1760532811.271302,6978
1760532811.37206,6232
1760532811.473764,6673
1760532811.5745,6333
1760532811.676007,6649
1760532811.776709,6087
1760532811.877441,6472
1760532811.980167,6900
1760532812.182624,6462
1760532812.283383,6441
1760532812.384085,6663
1760532812.486812,6035
1760532812.588539,6084
1760532812.68927,6621
1760532812.790998,6291
1760532812.891727,5787
1760532812.992458,1737
1760532813.09319,6174
1760532813.19392,6293
1760532813.395381,6026
1760532813.496618,6183
1760532813.597411,6071
1760532813.698913,6433
1760532813.800612,6558
1760532813.901342,6740
1760532814.002559,6174
1760532814.10329,6552
1760532814.204021,6065
1760532814.304751,6284
1760532814.405986,6509
1760532814.506717,6621
1760532814.70821,6909
1760532814.809906,6244
1760532814.911148,6015
1760532815.011879,6502
1760532815.112641,6133
1760532815.21334,6117
1760532815.31407,6204
1760532815.414801,6313
1760532815.515532,5996
1760532815.616262,6611
1760532815.71702,6490
1760532815.819474,6139
1760532816.020964,6917
1760532816.121666,6623
1760532816.222397,6532
1760532816.323096,5849
1760532816.423826,6135
1760532816.524557,5867
1760532816.625288,6661
1760532816.725849,6592
1760532816.827087,6884
1760532816.927817,6135
1760532817.028585,6073
1760532817.130302,5888
1760532817.23254,6758
1760532817.436993,6162
1760532817.53775,6818
1760532817.639132,6697
1760532817.739835,6405
1760532817.840565,6800
1760532817.941295,6204
1760532818.042728,6161
1760532818.143458,6641
1760532818.244188,6542
1760532818.344946,6619
1760532818.445651,6067
1760532818.546408,6689
1760532818.749482,6560
1760532818.850216,6194
1760532818.950916,6007
1760532819.051647,6293
1760532819.152404,6411
1760532819.253109,5898
1760532819.353839,7147
1760532819.454569,6552
1760532819.5553,6075
1760532819.65603,6512
1760532819.756761,6154
1760532819.859486,6556
1760532820.064937,6299
1760532820.165667,6383
1760532820.266399,6413
1760532820.367129,7038
1760532820.46786,6393
1760532820.568591,7028
1760532820.66932,6452
1760532820.770052,6393
1760532820.870781,5996
1760532820.971515,5896
1760532821.072245,6164
1760532821.273706,6740
1760532821.273706,6740
1760532821.475716,6733
1760532821.576409,6554
1760532821.677139,6661
1760532821.777869,5877
1760532821.879294,6665
1760532821.980024,6442
1760532822.080782,6351
1760532822.182483,6283
1760532822.283214,6224
1760532822.384468,6182
1760532822.586926,5807
1760532822.688654,6251
1760532822.789959,6347
1760532822.89071,6352
1760532822.991429,6870
1760532823.09215,6264
1760532823.192788,6518
1760532823.29352,6780
1760532823.394279,6093
1760532823.494982,6107
1760532823.595713,6254
1760532823.696445,6740
1760532823.799169,6191
1760532824.003636,6620
1760532824.104823,6265
1760532824.205834,6306
1760532824.306564,6055
1760532824.407322,6947
1760532824.51002,6941
1760532824.612252,6440
1760532824.713492,6213
1760532824.814223,6810
1760532824.914953,6393
1760532825.015684,5887
1760532825.118919,5821
1760532825.221645,6366
1760532825.426605,6452
1760532825.528332,6468
1760532825.631057,5927
1760532825.733812,6510
1760532825.834513,5908
1760532825.935243,6750
1760532826.035974,6681
1760532826.137703,6753
1760532826.238454,6332
1760532826.339163,6345
1760532826.439894,6621
1760532826.542223,6177
1760532826.642954,6472
1760532826.84641,6463
1760532826.949149,6044
1760532827.050883,5986
1760532827.153607,6571
1760532827.255369,5974
1760532827.357117,6299
1760532827.458845,6094
1760532827.56157,6123
1760532827.663298,6556
1760532827.764035,5985
1760532827.865015,5892
1760532827.966716,6548
1760532828.168204,6818
1760532828.168204,6818
1760532828.372651,6466
1760532828.474517,6744
1760532828.575252,6591
1760532828.676773,6264
1760532828.777504,6234
1760532828.879232,6802
1760532828.981957,6261
1760532829.082715,6282
1760532829.183419,6543
1760532829.285147,6261
1760532829.386265,6190
1760532829.588601,6373
1760532829.588601,6373
1760532829.794173,6427
1760532829.894903,6055
1760532829.997629,6369
1760532830.098371,6223
1760532830.199506,6436
1760532830.301234,5927
1760532830.401964,6701
1760532830.503692,6360
1760532830.605421,6694
1760532830.71014,6178
1760532830.81486,6893
1760532831.01662,6095
1760532831.01662,6095
1760532831.220076,1350
1760532831.320807,1270
1760532831.421537,1518
1760532831.523265,1248
1760532831.623995,1568
1760532831.725723,1474
1760532831.826454,1121
1760532831.929179,1362
1760532832.030907,1228
1760532832.132881,1539
1760532832.233612,1350
1760532832.435073,1360
1760532832.536802,1415
1760532832.638541,1425
1760532832.740256,1602
1760532832.840987,1578
1760532832.942504,1359
1760532833.044235,1268
1760532833.144964,1508
1760532833.246694,1543
1760532833.347423,1687
1760532833.450149,1578
1760532833.551877,1297
1760532833.652607,1608
1760532833.85706,1629
1760532833.85706,1629
1760532834.062512,1886
1760532834.164239,2034
1760532834.264969,2640
1760532834.3657,2610
1760532834.468426,3764
1760532834.569156,4139
1760532834.670552,4842
1760532834.771283,5926
1760532834.872013,6284
1760532834.972743,6601
1760532835.074472,6562
1760532835.277929,7185
1760532835.379625,6470
1760532835.481863,6406
1760532835.583324,6534
1760532835.684055,6859
1760532835.785782,6723
1760532835.88751,6586
1760532835.988831,6632
1760532836.092552,6483
1760532836.193282,6909
1760532836.299,6979
1760532836.402721,6806
1760532836.503452,6393
1760532836.604867,6912
1760532836.809321,6621
1760532836.911048,7146
1760532837.012776,6576
1760532837.115008,6397
1760532837.216736,6261
1760532837.319462,6561
1760532837.42119,6694
1760532837.521921,6562
1760532837.62365,6261
1760532837.724379,7068
1760532837.826107,7510
1760532837.926838,6879
1760532838.029072,6475
1760532838.1318,6736
1760532838.233162,6175
1760532838.437614,7235
1760532838.539343,6763
1760532838.640107,6817
1760532838.74326,6902
1760532838.843991,6373
1760532838.944722,6482
1760532839.045453,6840
1760532839.148009,6498
1760532839.248739,6552
1760532839.349937,6650
1760532839.551408,6243
1760532839.551408,6243
1760532839.653639,6420
1760532839.858092,6625
1760532839.958823,6423
1760532840.059553,5936
1760532840.161295,7266
1760532840.262012,6682
1760532840.36374,6114
1760532840.46447,6294
1760532840.565614,6782
1760532840.666348,6611
1760532840.767075,6403
1760532840.867805,6373
1760532840.968537,6899
1760532841.171992,5977
1760532841.272723,6651
1760532841.374452,6733
1760532841.475181,6989
1760532841.575912,6403
1760532841.676642,6294
1760532841.777374,6700
1760532841.878104,6681
1760532841.978835,6502
1760532842.079566,6045
1760532842.284018,6483
1760532842.385258,6795
1760532842.485988,6889
1760532842.586719,7008
1760532842.68745,7048
1760532842.788187,6422
1760532842.888911,6502
1760532842.989641,6403
1760532843.090372,6105
1760532843.191102,6363
1760532843.291833,6859
1760532843.392592,6113
1760532843.595022,6423
1760532843.696258,6845
1760532843.796989,6740
1760532843.897719,6770
1760532843.998449,6462
1760532844.099671,6382
1760532844.200727,6115
1760532844.301458,6323
1760532844.403185,6173
1760532844.503916,6830
1760532844.605391,6622
1760532844.707117,6094
1760532844.808846,6601
1760532845.012301,6175
1760532845.113809,6777
1760532845.214539,6353
1760532845.31527,6403
1760532845.416,6591
1760532845.516731,6671
1760532845.617462,6403
1760532845.718194,6502
1760532845.818923,6661
1760532845.919653,6462
1760532846.020384,6284
1760532846.223841,6542
1760532846.325569,6389
1760532846.426299,6562
1760532846.527029,6472
1760532846.62776,6135
1760532846.728996,6657
1760532846.829726,6423
1760532846.930457,6988
1760532847.031187,6373
1760532847.13292,6264
1760532847.234643,6222
1760532847.335374,6363
1760532847.4381,6171
1760532847.640557,6899
1760532847.741288,6849
1760532847.842023,6799
1760532847.942765,6928
1760532848.043492,5936
1760532848.144222,6085
1760532848.245459,6173
1760532848.34619,6184
1760532848.446921,5777
1760532848.547652,6373
1760532848.648382,6095
1760532848.750409,6449
1760532848.952867,6363
1760532849.053598,6760
1760532849.154833,6628
1760532849.256565,6605
1760532849.357762,6195
1760532849.458495,6800
1760532849.559226,6859
1760532849.661273,7065
1760532849.769982,6693
1760532849.870712,6244
1760532849.971443,6681
1760532850.072678,6667
1760532850.274138,6562
1760532850.374869,6512
1760532850.4756,5867
1760532850.577688,6641
1760532850.678418,6760
1760532850.779149,6145
1760532850.87988,6174
1760532850.981114,6203
1760532851.081845,6194
1760532851.182575,6631
1760532851.283306,6433
1760532851.384037,6561
1760532851.485961,6563
1760532851.694403,6684
1760532851.796131,6261
1760532851.897371,6489
1760532851.999096,6478
1760532852.099828,6532
1760532852.200558,6413
1760532852.301289,6621
1760532852.402494,6224
1760532852.503225,6601
1760532852.603957,6105
1760532852.704686,6502
1760532852.807412,6251
1760532853.008873,4745
1760532853.110399,5377
1760532853.211131,6254
1760532853.311989,5839
1760532853.412722,6204
1760532853.514448,7421
1760532853.616684,6410
1760532853.717413,6194
1760532853.818144,6075
1760532853.919872,6772
1760532854.020602,6006
1760532854.121333,6661
1760532854.222041,6404
1760532854.424212,6252
1760532854.524937,6344
1760532854.625674,6343
1760532854.726376,6534
1760532854.827107,6472
1760532854.927838,6274
1760532855.028568,6730
1760532855.129299,6284
1760532855.231026,6310
1760532855.331757,6373
1760532855.433486,6232
1760532855.535215,6664
1760532855.639936,6093
1760532855.842395,6487
1760532855.943907,6432
1760532856.04464,6274
1760532856.14537,5757
1760532856.246133,6262
1760532856.346861,6621
1760532856.447592,6492
1760532856.551317,6189
1760532856.653044,6340
1760532856.753775,6552
1760532856.855554,6474
1760532856.957254,6941
1760532857.057994,6114
1760532857.260009,6478
1760532857.36074,6174
1760532857.46147,6016
1760532857.562202,6641
1760532857.662934,6234
1760532857.764422,6719
1760532857.865153,6621
1760532857.965915,6381
1760532858.066645,6969
1760532858.168342,6371
1760532858.270071,6401
1760532858.371798,5888
1760532858.574792,6442
1760532858.67555,6728
1760532858.776285,6849
1760532858.876984,6464
1760532858.977716,6750
1760532859.081438,6304
1760532859.183165,6920
1760532859.284894,6507
1760532859.387618,6794
1760532859.488348,7038
1760532859.692804,6664
1760532859.692804,6664
1760532859.795528,7018
1760532859.996989,6631
1760532860.100711,6922
1760532860.202439,6369
1760532860.30317,6125
1760532860.404897,6605
1760532860.505666,6450
1760532860.607431,6534
1760532860.708154,6572
1760532860.808858,6663
1760532860.909588,6780
1760532861.010965,7141
1760532861.111697,6303
1760532861.213425,6910
1760532861.415892,7117
1760532861.51762,6419
1760532861.618374,7046
1760532861.71911,7077
1760532861.82081,6538
1760532861.921541,6889
1760532862.023268,6409
1760532862.123998,6979
1760532862.224729,6482
1760532862.326244,6058
1760532862.426974,6780
1760532862.628464,6619
1760532862.729851,6894
1760532862.830549,6772
1760532862.93128,6045
1760532863.03201,6770
1760532863.133738,6173
1760532863.235016,6852
1760532863.335746,6681
1760532863.4365,6927
1760532863.53724,6720
1760532863.638936,6578
1760532863.740283,6788
1760532863.841014,7395
1760532864.042483,6612
1760532864.143206,6632
1760532864.247926,5958
1760532864.349624,6558
1760532864.450727,5993
1760532864.551458,6710
1760532864.652189,6512
1760532864.752919,6502
1760532864.85365,6879
1760532864.95438,6274
1760532865.058103,6794
1760532865.158861,6987
1760532865.361293,6527
1760532865.463048,7203
1760532865.56375,7566
1760532865.664481,6939
1760532865.765243,6589
1760532865.865942,6981
1760532865.966673,7534
1760532866.067404,6909
1760532866.168134,7118
1760532866.268865,6571
1760532866.369622,6977
1760532866.470327,6802
1760532866.575046,7028
1760532866.778502,6487
1760532866.879232,6214
1760532866.980961,6664
1760532867.081691,6571
1760532867.182449,7056
1760532867.28318,6849
1760532867.383883,6732
1760532867.484641,6401
1760532867.585376,6988
1760532867.686661,7009
1760532867.788362,6971
1760532867.99082,7018
1760532868.091551,7068
1760532868.192282,6869
1760532868.29401,6979
1760532868.394741,6234
1760532868.495471,6840
1760532868.596202,6293
1760532868.697929,6468
1760532868.79866,6998
1760532868.899391,7127
1760532869.100852,6988
1760532869.201583,7137
1760532869.302314,7127
1760532869.403044,6462
1760532869.503774,6750
1760532869.605145,6421
1760532869.706904,6554
1760532869.807626,6602
1760532869.909332,6971
1760532870.01009,6560
1760532870.112814,6794
1760532870.317781,6111
1760532870.419511,6183
1760532870.520242,6413
1760532870.621,6361
1760532870.721703,7010
1760532870.8225,6676
1760532870.923201,6861
1760532871.023931,7455
1760532871.124661,6969
1760532871.225395,6671
1760532871.326125,6313
1760532871.427494,5859
1760532871.628955,6373
1760532871.730387,6664
1760532871.831146,6828
1760532871.931882,6551
1760532872.033576,6234
1760532872.134307,6284
1760532872.235038,6671
1760532872.336788,6781
1760532872.438494,6617
1760532872.539225,6929
1760532872.639955,6403
1760532872.742681,6713
1760532872.844409,6340
1760532873.046868,6561
1760532873.147598,6174
1760532873.248642,6739
1760532873.349494,6901
1760532873.451221,6527
1760532873.551952,6641
1760532873.652682,6303
1760532873.753413,7038
1760532873.854144,6184
1760532873.954874,6472
1760532874.055605,6373
1760532874.257035,6691
1760532874.358763,7068
1760532874.459521,6242
1760532874.560224,6841
1760532874.661966,6762
1760532874.762695,6492
1760532874.863455,6887
1760532874.964156,6176
1760532875.065262,6389
1760532875.166499,5877
1760532875.267229,6065
1760532875.367988,6599
1760532875.57341,6648
1760532875.674141,6095
1760532875.774872,6254
1760532875.875602,6552
1760532875.976334,7137
1760532876.077091,6828
1760532876.180786,6818
1760532876.281516,6403
1760532876.382248,6631
1760532876.48349,6469
1760532876.584222,6681
1760532876.685671,6190
1760532876.796348,6559
1760532876.897079,6552
1760532876.999804,6366
1760532877.103527,6864
1760532877.306983,6075
1760532877.407713,6701
1760532877.508486,7035
1760532877.610172,6942
1760532877.711396,6786
1760532877.813125,6871
1760532877.913856,6929
1760532878.017594,5995
1760532878.118328,6740
1760532878.220056,6635
1760532878.322777,7028
1760532878.423507,6433
1760532878.626531,6647
1760532878.728215,6545
1760532878.829944,6940
1760532878.930674,6760
1760532879.031404,6998
1760532879.132135,7127
1760532879.232866,6512
1760532879.333596,6234
1760532879.434327,6393
1760532879.535223,6333
1760532879.639942,6398
1760532879.74167,6438
1760532879.943636,5908
1760532880.044368,6691
1760532880.145099,7028
1760532880.24583,6691
1760532880.346561,7167
1760532880.448746,7339
1760532880.550474,6419
1760532880.652202,6571
1760532880.75393,6940
1760532880.855613,6598
1760532880.95734,6605
1760532881.059067,7177
1760532881.265516,6560
1760532881.36669,5871
1760532881.467416,6522
1760532881.56812,6573
1760532881.668851,6403
1760532881.771115,6375
1760532881.871835,6791
1760532881.973541,6685
1760532882.07527,6281
1760532882.177019,6358
1760532882.278726,6971
1760532882.379483,6342
1760532882.481185,6715
1760532882.68464,6625
1760532882.78632,6786
1760532882.888051,6772
1760532882.989779,6301
1760532883.091507,6556
1760532883.19275,6647
1760532883.29448,6428
1760532883.396205,6242
1760532883.497934,6576
1760532883.599171,6855
1760532883.702894,6463
1760532883.803623,6145
1760532883.904354,6373
1760532884.005086,6502
1760532884.207949,6232
1760532884.30868,6293
1760532884.40941,6502
1760532884.516377,6888
1760532884.618106,6360
1760532884.718836,6750
1760532884.820564,6674
1760532884.923289,6600
1760532885.024543,6449
1760532885.127268,6785
1760532885.228996,6576
1760532885.329728,7018
1760532885.430457,6383
1760532885.632542,6601
1760532885.734269,6940
1760532885.835997,6537
1760532885.936728,6135
1760532886.037458,6135
1760532886.141191,5839
1760532886.242305,6003
1760532886.347027,6604
1760532886.448754,6153
1760532886.549484,6959
1760532886.650215,6145
1760532886.757928,6777
1760532886.859655,6576
1760532886.961384,6512
1760532887.062113,7078
1760532887.263574,6413
1760532887.364327,6243
1760532887.465036,6702
1760532887.565767,6641
1760532887.666497,6234
1760532887.768225,6242
1760532887.869953,7087
1760532887.970684,6988
1760532888.07192,6469
1760532888.174647,6376
1760532888.276373,5239
1760532888.377104,6869
1760532888.587541,6044
1760532888.68927,6546
1760532888.789999,6353
1760532888.89073,6403
1760532888.991461,5887
1760532889.092191,6115
1760532889.192782,6660
1760532889.294508,6517
1760532889.395227,6513
1760532889.495957,6135
1760532889.596688,6452
1760532889.697936,6884
1760532889.798666,6919
1760532890.00213,6379
1760532890.103877,6663
1760532890.204588,5927
1760532890.306308,6399
1760532890.407039,6562
1760532890.507797,6530
1760532890.608528,6105
1760532890.709265,6631
1760532890.810163,6640
1760532890.910893,6115
1760532891.012621,6192
1760532891.11338,6510
1760532891.216584,7044
1760532891.421042,6822
1760532891.523768,6609
1760532891.6245,6502
1760532891.726274,7162
1760532891.827954,6333
1760532891.928685,7326
1760532892.030413,6664
1760532892.132142,6212
1760532892.233869,6576
1760532892.3346,6750
1760532892.435357,6758
1760532892.53606,6822
1760532892.638786,6492
1760532892.841244,6522
1760532892.941975,6562
1760532893.043725,6368
1760532893.144462,6968
1760532893.245192,6403
1760532893.345894,6772
1760532893.446652,6957
1760532893.547424,6857
1760532893.648114,6167
1760532893.748845,6303
1760532893.849726,6641
1760532894.052183,6566
1760532894.152914,6184
1760532894.254641,6812
1760532894.355399,7106
1760532894.456103,6434
1760532894.556855,6332
1760532894.657564,6196
1760532894.758294,6770
1760532894.859025,5589
1760532894.959755,6135
1760532895.060515,6689
1760532895.161217,5987
1760532895.263942,6639
1760532895.369659,7028
1760532895.572118,5976
1760532895.672848,6452
1760532895.773731,6780
1760532895.874497,6847
1760532895.975229,6055
1760532896.075958,6671
1760532896.177686,6487
1760532896.278914,6707
1760532896.380822,6231
1760532896.585786,6700
1760532896.686517,6591
1760532896.787251,6671
1760532896.888975,6419
1760532896.989706,6522
1760532897.090437,6442
1760532897.191167,6790
1760532897.291843,6088
1760532897.392574,6363
1760532897.493331,6947
1760532897.594036,6702
1760532897.694793,6441
1760532897.797555,6150
1760532898.000014,6065
1760532898.100748,6164
1760532898.201475,6324
1760532898.302205,6681
1760532898.402968,6609
1760532898.503697,6601
1760532898.604441,6392
1760532898.705617,6246
1760532898.806347,6135
1760532898.907111,6063
1760532899.00784,6651
1760532899.111531,6133
1760532899.312992,6323
1760532899.413724,6929
1760532899.514454,6840
1760532899.615184,6264
1760532899.716912,6232
1760532899.818029,6042
1760532899.919761,6762
1760532900.020525,6192
1760532900.121221,6365
1760532900.221953,6611
1760532900.32296,6969
1760532900.524422,6174
1760532900.625151,6572
1760532900.725886,5946
1760532900.826613,6641
1760532900.927371,6480
1760532901.028074,6762
1760532901.128804,6542
1760532901.229534,5946
1760532901.330264,6849
1760532901.430994,6720
1760532901.531725,7018
1760532901.632459,6462
1760532901.734184,6468
1760532901.935645,6095
1760532902.036261,6162
1760532902.137991,6281
1760532902.238722,6323
1760532902.340508,6651
1760532902.441238,6423
1760532902.542692,5943
1760532902.643396,6385
1760532902.744126,6303
1760532902.844857,6393
1760532902.945619,7244
1760532903.046345,6651
1760532903.249233,6858
1760532903.349968,6502
1760532903.450694,6919
1760532903.552444,6948
1760532903.653153,6583
1760532903.753884,6969
1760532903.854566,6823
1760532903.955296,6681
1760532904.056028,6164
1760532904.156785,6163
1760532904.25749,6593
1760532904.358219,6194
1760532904.561675,6566
1760532904.662406,6849
1760532904.763008,6739
1760532904.863739,6542
1760532904.965008,7238
1760532905.0678,6608
1760532905.169526,6428
1760532905.270257,6284
1760532905.477703,6878
1760532905.477703,6878
1760532905.682155,6473
1760532905.782886,6701
1760532905.883617,6025
1760532905.986057,6364
1760532906.086761,6653
1760532906.187493,6522
1760532906.288223,4695
1760532906.388985,5736
1760532906.489684,6444
1760532906.591411,7048
1760532906.793871,6301
1760532906.895113,4800
1760532906.995843,3832
1760532907.096605,4704
1760532907.197304,5580
1760532907.298062,6133
1760532907.399763,6371
1760532907.500494,6601
1760532907.601224,6274
1760532907.701955,5470
1760532907.802685,4675
1760532907.903416,5896
1760532908.004171,6550
1760532908.105321,6653
1760532908.307725,6515
1760532908.409454,6920
1760532908.510184,6790
1760532908.610915,5331
1760532908.711681,5904
1760532908.812376,6246
1760532908.913106,6671
1760532909.013837,7078
1760532909.114568,6998
1760532909.215321,6104
1760532909.416729,6146
1760532909.517486,7046
1760532909.618191,6404
1760532909.718938,6292
1760532909.819655,7416
1760532909.921379,6596
1760532910.02211,6919
1760532910.123865,6751
1760532910.224568,6007
1760532910.325299,6512
1760532910.426029,6760
1760532910.526772,6710
1760532910.627491,7108
1760532910.830468,6546
1760532910.931234,6480
1760532911.031957,6761
1760532911.13266,6236
1760532911.23339,6859
1760532911.334121,6462
1760532911.435201,6460
1760532911.535904,6097
1760532911.637632,6065
1760532911.738363,6542
1760532911.839094,6155
1760532911.939825,6681
1760532912.046539,6321
1760532912.250993,6619
1760532912.35272,6674
1760532912.453472,6491
1760532912.555206,6536
1760532912.655909,6762
1760532912.757638,6841
1760532912.858367,6869
1760532912.959098,5946
1760532913.059828,6214
1760532913.160559,6591
1760532913.261798,6163
1760532913.363525,6989
1760532913.465253,6651
1760532913.667711,6389
1760532913.768441,6492
1760532913.869172,6313
1760532913.969903,5966
1760532914.070635,6432
1760532914.171858,6698
1760532914.272588,6641
1760532914.373717,6397
1760532914.47445,6561
1760532914.575179,6750
1760532914.67591,6591
1760532914.778637,6541
1760532914.98209,6651
1760532915.083326,6262
1760532915.184056,6462
1760532915.285784,6448
1760532915.387469,6529
1760532915.488201,6641
1760532915.588931,6621
1760532915.689662,6075
1760532915.791389,6340
1760532915.892518,6714
1760532915.993228,7149
1760532916.093959,6869
1760532916.197707,5407
1760532916.404128,6651
1760532916.504859,6820
1760532916.606587,6733
1760532916.707317,6502
1760532916.808048,6601
1760532916.908779,6274
1760532917.010014,6351
1760532917.110745,6423
1760532917.211476,6571
1760532917.312241,6837
1760532917.412939,6981
1760532917.616393,6454
1760532917.717147,6153
1760532917.817854,6533
1760532917.918585,6045
1760532918.019316,6929
1760532918.120061,6610
1760532918.220792,6462
1760532918.321558,6510
1760532918.42325,6323
1760532918.524978,6379
1760532918.626235,6221
1760532918.726976,6740
1760532918.827703,6740
1760532918.9304,6533
1760532919.133855,6323
1760532919.235272,6409
1760532919.336003,6373
1760532919.436734,6393
1760532919.537466,6988
1760532919.639192,6625
1760532919.739949,6600
1760532919.841207,7001
1760532919.941965,6619
1760532920.043391,6250
1760532920.144122,7008
1760532920.245851,6428
1760532920.447821,6647
1760532920.548552,6681
1760532920.649282,6125
1760532920.750013,6363
1760532920.850744,6343
1760532920.951474,6393
1760532921.052179,6494
1760532921.152882,6802
1760532921.253632,6342
1760532921.354235,6530
1760532921.556693,6949
1760532921.659445,6257
1760532921.760903,6091
1760532921.861636,6810
1760532921.963364,7028
1760532922.065092,6035
1760532922.168815,6784
1760532922.278522,6016
1760532922.383242,6004
1760532922.483971,6740
1760532922.584703,6393
1760532922.685432,6323
1760532922.788159,6463
1760532922.893875,6407
1760532922.995604,5858
1760532923.202002,7016
1760532923.302701,6822
1760532923.404429,6409
1760532923.50516,6522
1760532923.605904,6471
1760532923.706621,6761
1760532923.807351,6492
1760532923.908082,6770
1760532924.008813,6442
1760532924.109543,6651
1760532924.210274,6363
1760532924.41373,6591
1760532924.515457,6320
1760532924.616188,6164
1760532924.716918,6105
1760532924.818651,6389
1760532924.920375,6773
1760532925.021105,6552
1760532925.12286,6181
1760532925.224563,6430
1760532925.325421,6147
1760532925.426151,5956
1760532925.526882,6552
1760532925.627613,6194
1760532925.72934,5966
1760532925.933794,5898
1760532926.034524,6403
1760532926.135986,6347
1760532926.236717,6244
1760532926.339442,6269
1760532926.440259,6298
1760532926.541986,6546
1760532926.644712,6512
1760532926.850162,6699
1760532926.850162,6699
1760532926.952888,5879
1760532927.155416,6512
1760532927.256147,6135
1760532927.356906,6163
1760532927.458605,6430
1760532927.560333,5996
1760532927.661091,6322
1760532927.762792,6273
1760532927.863522,6403
1760532927.964253,6760
1760532928.065238,6387
1760532928.268695,6704
1760532928.268695,6704
1760532928.471153,6869
1760532928.572881,6281
1760532928.674609,6492
1760532928.775339,7187
1760532928.876088,6034
1760532928.977799,6144
1760532929.086507,7073
1760532929.188256,6722
1760532929.290961,6776
1760532929.392716,6584
1760532929.493419,6216
1760532929.594178,6441
1760532929.694881,6444
1760532929.796609,6244
1760532930.000522,6542
1760532930.101279,7125
1760532930.20201,6959
1760532930.302714,6524
1760532930.403444,6492
1760532930.504175,5946
1760532930.6069,6483
1760532930.708628,7097
1760532930.812019,6299
1760532930.913747,6202
1760532931.115208,5966
1760532931.115208,5966
1760532931.217933,6444
1760532931.42438,6252
1760532931.525112,5936
1760532931.625842,6413
1760532931.726573,6919
1760532931.827302,6810
1760532931.928033,6929
1760532932.028764,6323
1760532932.129648,6333
1760532932.231383,5937
1760532932.332105,6632
1760532932.432844,6889
1760532932.533575,6462
1760532932.634711,6387
1760532932.837143,6214
1760532932.938872,6202
1760532933.040598,6340
1760532933.141329,6393
1760532933.242059,6621
1760532933.342789,6403
1760532933.443552,6857
1760532933.544788,6341
1760532933.64552,6234
1760532933.746251,6045
1760532933.846981,6899
1760532933.950704,6536
1760532934.153162,6036
1760532934.253893,6462
1760532934.355375,6139
1760532934.456106,6691
1760532934.556857,6610
1760532934.657567,5987
1760532934.758297,6105
1760532934.859028,5946
1760532934.959758,6313
1760532935.060489,6333
1760532935.264894,6609
1760532935.365624,6651
1760532935.466355,6055
1760532935.568085,6184
1760532935.669321,6104
1760532935.770052,6562
1760532935.870783,6373
1760532935.971513,6184
1760532936.073241,5976
1760532936.173971,6125
1760532936.274701,6522
1760532936.375432,6581
1760532936.479156,6478
1760532936.681613,6393
1760532936.782344,6671
1760532936.883075,6135
1760532936.983806,6611
1760532937.084554,6908
1760532937.185285,6055
1760532937.286015,6244
1760532937.387743,6389
1760532937.488474,6085
1760532937.589205,6095
1760532937.689936,6502
1760532937.894389,6135
1760532937.995593,6640
1760532938.09732,6458
1760532938.197997,6784
1760532938.298727,6353
1760532938.399962,6440
1760532938.500692,6244
1760532938.601424,5926
1760532938.702156,6939
1760532938.802884,6323
1760532938.903635,6540
1760532939.008354,6608
1760532939.211809,6155
1760532939.31254,6432
1760532939.413271,6462
1760532939.514605,6562
1760532939.615335,6105
1760532939.716067,6462
1760532939.816787,6145
1760532939.918046,6498
1760532940.018776,6770
1760532940.120504,6713
1760532940.221236,6502
1760532940.321966,6760
1760532940.422697,6899
1760532940.525422,6415
1760532940.733059,6338
1760532940.833789,6790
1760532940.934519,6105
1760532941.03525,5966
1760532941.136979,6281
1760532941.238706,5996
1760532941.339436,5956
1760532941.440167,6065
1760532941.541403,5907
1760532941.64313,6369
1760532941.844596,5857
1760532941.945326,5956
1760532942.046056,5748
1760532942.146787,5728
1760532942.247517,6323
1760532942.348248,6581
1760532942.449976,6399
1760532942.551704,6537
1760532942.652435,5837
1760532942.753165,6204
1760532942.854403,6173
1760532942.963115,6598
1760532943.071822,5855
1760532943.274281,6655
1760532943.376008,6055
1760532943.477018,6583
1760532943.578731,6433
1760532943.68046,6909
1760532943.78119,6552
1760532943.882425,6183
1760532943.983156,6631
1760532944.083887,6849
1760532944.184618,6224
1760532944.28537,6421
1760532944.387077,6518
1760532944.488804,6664
1760532944.593539,6005
1760532944.795997,6311
1760532944.896727,6075
1760532944.997458,6065
1760532945.098189,6691
1760532945.199916,6802
1760532945.300646,6234
1760532945.401377,6313
1760532945.502108,6423
1760532945.602839,6462
1760532945.804805,6393
1760532945.905536,6641
1760532946.006267,6254
1760532946.106997,6562
1760532946.207728,6750
1760532946.308459,6145
1760532946.409189,6254
1760532946.510426,6242
1760532946.611155,6582
1760532946.711886,6849
1760532946.812617,5946
1760532946.913348,6353
1760532947.019067,5864
1760532947.221675,6920
1760532947.322917,6242
1760532947.423647,6581
1760532947.524378,6740
1760532947.626106,6772
1760532947.726838,6403
1760532947.828564,6881
1760532947.930292,6537
1760532948.031023,6006
1760532948.131756,6859
1760532948.233482,5976
1760532948.334213,5986
1760532948.535701,6540
1760532948.637429,5888
1760532948.738957,6224
1760532948.840686,6163
1760532948.94142,6720
1760532949.04294,6097
1760532949.143669,6353
1760532949.245397,6507
1760532949.346128,5877
1760532949.44686,6105
1760532949.54759,7217
1760532949.64832,6472
1760532949.752043,6536
1760532949.956748,6691
1760532950.057478,6135
1760532950.162198,6560
1760532950.262928,6294
1760532950.363673,6819
1760532950.464389,6761
1760532950.56512,7167
1760532950.666085,6546
1760532950.767813,6949
1760532950.868544,6710
1760532950.969274,6820
1760532951.070017,6591
1760532951.171733,6567
1760532951.375189,6841
1760532951.475919,6740
1760532951.577159,6193
1760532951.67789,6244
1760532951.77862,6244
1760532951.879351,6522
1760532951.981079,6615
1760532952.081809,6562
1760532952.18254,6899
1760532952.283271,6095
1760532952.384004,6750
1760532952.485246,5896
1760532952.686708,6661
1760532952.788435,6428
1760532952.889168,6532
1760532952.989896,6810
1760532953.090627,7098
1760532953.191357,6373
1760532953.292088,6105
1760532953.393477,6923
1760532953.494207,7356
1760532953.594938,6581
1760532953.696666,6969
1760532953.798395,6840
1760532954.002847,6343
1760532954.104084,6697
1760532954.204814,7008
1760532954.305545,6601
1760532954.406275,6711
1760532954.507006,6651
1760532954.607737,6373
1760532954.712458,6825
1760532954.813653,6818
1760532954.914385,6691
1760532955.016112,6458
1760532955.116843,6800
1760532955.319083,6542
1760532955.419814,7078
1760532955.520545,7167
1760532955.621276,6353
1760532955.722019,7077
1760532955.823538,6993
1760532955.924269,6234
1760532956.025001,6631
1760532956.125735,6919
1760532956.226503,7135
1760532956.327232,6820
1760532956.427964,6671
1760532956.529692,4571
1760532956.739646,5868
1760532956.739646,5868
1760532956.952079,6561
1760532957.053358,6872
1760532957.154092,6403
1760532957.255766,6530
1760532957.361489,7276
1760532957.463216,6714
1760532957.564944,7284
1760532957.667669,6765
1760532957.770395,6103
1760532957.871125,6760
1760532957.971856,6472
1760532958.073051,6136
1760532958.173781,6859
1760532958.278501,6483
1760532958.481322,6778
1760532958.582023,6573
1760532958.682754,6601
1760532958.78354,5357
1760532958.884271,6135
1760532958.985001,6750
1760532959.085743,6422
1760532959.186968,6549
1760532959.288696,6910
1760532959.389943,6696
1760532959.493662,6430
1760532959.697528,6422
1760532959.798259,6532
1760532959.898989,6830
1760532959.99972,6284
1760532960.100453,6661
1760532960.201181,6294
1760532960.301912,6591
1760532960.402643,6432
1760532960.50437,6419
1760532960.606574,6154
1760532960.81003,6720
1760532960.910759,5906
1760532961.014569,6787
1760532961.1153,6353
1760532961.21603,6343
1760532961.318256,6700
1760532961.421974,5997
1760532961.522705,6691
1760532961.624433,6714
1760532961.725164,6432
1760532961.825895,6313
1760532961.926653,6173
1760532962.027383,6730
1760532962.228817,5996
1760532962.228817,5996
1760532962.433271,6239
1760532962.534997,6556
1760532962.635728,6581
1760532962.736459,6373
1760532962.837189,6472
1760532962.937921,6224
1760532963.038651,6343
1760532963.139381,6274
1760532963.241111,5888
1760532963.343307,6790
1760532963.444039,6164
1760532963.648492,6301
1760532963.750219,6202
1760532963.851948,6654
1760532963.953709,6407
1760532964.055403,7089
1760532964.157131,6438
1760532964.25886,6274
1760532964.360587,6340
1760532964.46431,6604
1760532964.565631,6020
1760532964.666161,7152
1760532964.766895,6671
1760532964.867625,6740
1760532964.969404,6728
1760532965.175802,6261
1760532965.276554,6431
1760532965.377263,6692
1760532965.477994,6264
1760532965.578752,6202
1760532965.679479,6592
1760532965.780207,6413
1760532965.880881,6625
1760532965.98361,6113
1760532966.085337,7107
1760532966.186068,6393
1760532966.286928,6335
1760532966.48939,6704
1760532966.591118,6552
1760532966.693844,6726
1760532966.794574,6562
1760532966.895745,6671
1760532966.996475,6492
1760532967.097205,6661
1760532967.198694,6759
1760532967.300452,6692
1760532967.40215,6444
1760532967.503877,6301
1760532967.606603,6473
1760532967.708362,6878
1760532967.911783,6657
1760532968.013513,6527
1760532968.115272,6210
1760532968.216476,6778
1760532968.317234,6024
1760532968.417938,6593
1760532968.518669,7028
1760532968.619399,6989
1760532968.719918,6764
1760532968.820628,6752
1760532968.92435,6816
1760532969.02508,6244
1760532969.125838,6758
1760532969.327272,6393
1760532969.42803,6649
1760532969.528733,5977
1760532969.629391,6219
1760532969.731119,6222
1760532969.83185,5539
1760532969.93258,5946
1760532970.034308,6615
1760532970.136255,6562
1760532970.236984,7276
1760532970.337715,7435
1760532970.43845,7207
1760532970.641052,6350
1760532970.741784,6681
1760532970.843511,6664
1760532970.944241,6939
1760532971.044999,6649
1760532971.145724,6899
1760532971.246461,6392
1760532971.347197,7504
1760532971.449969,6986
1760532971.652422,6324
1760532971.754149,6291
1760532971.855384,7072
1760532971.956115,7336
1760532972.056846,6413
1760532972.157575,6155
1760532972.258307,6383
1760532972.359037,5896
1760532972.459768,6889
1760532972.560498,6055
1760532972.661365,5968
1760532972.762097,6631
1760532972.862828,6780
1760532972.96357,6680
1760532973.166526,6529
1760532973.267407,6492
1760532973.368136,6581
1760532973.468867,6651
1760532973.569597,6760
1760532973.670328,6512
1760532973.771059,7028
1760532973.872787,6929
1760532973.975515,6249
1760532974.181232,6980
1760532974.28199,6818
1760532974.382694,6365
1760532974.483985,6505
1760532974.584688,6434
1760532974.685266,6522
1760532974.785969,6176
1760532974.8867,6790
1760532974.98743,6482
1760532975.08819,6589
1760532975.188892,6087
1760532975.29461,7028
1760532975.397334,6016
1760532975.499062,6601
1760532975.701529,6284
1760532975.80226,6591
1760532975.90299,6522
1760532976.00372,6621
1760532976.10448,6450
1760532976.205182,6673
1760532976.305913,6869
1760532976.406643,6840
1760532976.511873,6869
1760532976.614598,6395
1760532976.820555,6301
1760532976.921796,6104
1760532977.022526,6413
1760532977.123766,6578
1760532977.225495,6694
1760532977.326243,6302
1760532977.426973,6522
1760532977.527722,6670
1760532977.628453,6492
1760532977.729184,6740
1760532977.829944,6857
1760532977.930646,6385
1760532978.031375,6810
1760532978.235828,6478
1760532978.337557,7087
1760532978.439284,6655
1760532978.540015,7296
1760532978.640746,6264
1760532978.744468,6438
1760532978.845198,6244
1760532978.948922,6239
1760532979.04955,6827
1760532979.15028,6710
1760532979.251011,6452
1760532979.353264,6834
1760532979.557716,6314
1760532979.659444,6458
1760532979.761173,6684
1760532979.8629,5907
1760532979.964801,6331
1760532980.065529,6204
1760532980.168255,6605
1760532980.269983,6507
1760532980.370714,6571
1760532980.474436,6794
1760532980.577671,6025
1760532980.679398,6487
1760532980.780128,5956
1760532980.881368,6815
1760532980.983095,6537
1760532981.08582,6288
1760532981.289276,7018
1760532981.390007,6661
1760532981.491015,6524
1760532981.592743,6164
1760532981.693473,6512
1760532981.795201,6654
1760532981.896928,6920
1760532981.997659,6532
1760532982.099388,6183
1760532982.20311,6681
1760532982.304837,6507
1760532982.405569,6115
1760532982.609534,6340
1760532982.710264,6601
1760532982.810995,6631
1760532982.911735,6392
1760532983.013454,6852
1760532983.115181,6497
1760532983.215912,5916
1760532983.316642,6701
1760532983.418371,6772
1760532983.519101,6800
1760532983.619831,6611
1760532983.720563,6790
1760532983.926014,6517
1760532984.02774,6782
1760532984.128471,6512
1760532984.229494,6176
1760532984.330333,7120
1760532984.431062,6760
1760532984.531793,7048
1760532984.632523,6085
1760532984.733254,6234
1760532984.834013,6093
1760532984.934743,6075
1760532985.035474,6869
1760532985.237904,6413
1760532985.338635,6552
1760532985.439366,6820
1760532985.540705,5950
1760532985.641435,6800
1760532985.742675,6469
1760532985.843406,4834
1760532985.944136,5539
1760532986.044866,6055
1760532986.145597,6601
1760532986.246328,6383
1760532986.348085,5886
1760532986.550514,6492
1760532986.651245,7127
1760532986.752095,6494
1760532986.852827,6671
1760532986.953556,7406
1760532987.054287,6978
1760532987.156015,6615
1760532987.256747,6820
1760532987.358474,6635
1760532987.459204,6611
1760532987.559935,6492
1760532987.660665,6482
1760532987.863124,6423
1760532987.963854,7078
1760532988.064585,6810
1760532988.165672,6044
1760532988.267399,6114
1760532988.368131,6442
1760532988.468894,6272
1760532988.570155,7209
1760532988.671857,7246
1760532988.772555,6733
1760532988.873286,6542
1760532988.97402,6452
1760532989.076338,6762
1760532989.278793,6720
1760532989.379524,5936
1760532989.481225,6804
1760532989.581956,6353
1760532989.683316,6531
1760532989.784046,6859
1760532989.885283,6529
1760532989.986015,6959
1760532990.087777,6692
1760532990.188611,6119
1760532990.289321,6920
1760532990.491778,6841
1760532990.592509,6313
1760532990.693423,5896
1760532990.795153,6232
1760532990.895906,6898
1760532990.997611,6145
1760532991.098342,6472
1760532991.200101,6977
1760532991.300801,6802
1760532991.40253,6763
1760532991.503259,6383
1760532991.603911,6318
1760532991.805371,6353
1760532991.906123,6759
1760532992.006946,6704
1760532992.108641,6401
1760532992.209371,6472
1760532992.311127,7105
1760532992.411831,6702
1760532992.512561,6760
1760532992.613291,6611
1760532992.714022,6909
1760532992.815757,6293
1760532992.917411,6236
1760532993.018142,6353
1760532993.222595,6596
1760532993.323803,6284
1760532993.424533,6820
1760532993.525265,6442
1760532993.626817,6617
1760532993.728545,6760
1760532993.829731,6977
1760532993.931432,7368
1760532994.03219,6659
1760532994.133891,6881
1760532994.235157,6270
1760532994.335886,6303
1760532994.537348,6740
1760532994.638078,7078
1760532994.739907,7011
1760532994.840605,6395
1760532994.941336,6254
1760532995.045063,6015
1760532995.147324,6669
1760532995.251018,6998
1760532995.351748,7376
1760532995.452478,6204
1760532995.554206,6861
1760532995.6549,7061
1760532995.856358,6810
1760532995.958086,6910
1760532996.062806,6527
1760532996.164561,6476
1760532996.265264,6404
1760532996.370981,6186
1760532996.471713,6234
1760532996.573274,6665
1760532996.673977,6792
1760532996.775239,6458
1760532996.875974,6174
1760532996.977407,6339
1760532997.078136,6532
1760532997.178867,7197
1760532997.380769,6770
1760532997.483007,7013
1760532997.584735,6753
1760532997.686464,6802
1760532997.787663,6502
1760532997.891389,6775
1760532997.992118,7118
1760532998.099833,6690
1760532998.201579,6476
1760532998.302289,5957
1760532998.404017,6487
1760532998.504747,6810
1760532998.606475,6389
1760532998.710199,6488
1760532998.912657,7217
1760532999.014419,7212
1760532999.11711,6621
1760532999.21784,6105
1760532999.318571,6452
1760532999.419301,6671
1760532999.520031,6810
1760532999.620762,6720
1760532999.721521,6818
1760532999.923952,6742
1760533000.02568,6969
1760533000.131439,6793
1760533000.232149,6891
1760533000.332858,6712
1760533000.434587,6812
1760533000.537312,6658
1760533000.638069,6669
1760533000.73977,6430
1760533000.8405,6383
1760533000.941231,6343
1760533001.041962,6423
1760533001.142692,6572
1760533001.344154,7038
1760533001.344154,7038
1760533001.545821,6667
1760533001.647547,7333
1760533001.751271,6671
1760533001.852023,6749
1760533001.953729,6613
1760533002.054459,6810
1760533002.155191,6482
1760533002.256146,6963
1760533002.359873,6497
1760533002.563329,6085
1760533002.563329,6085
1760533002.76809,6694
1760533002.868881,6230
1760533002.969581,6653
1760533003.071343,6829
1760533003.172072,6691
1760533003.273801,6458
1760533003.375536,6801
1760533003.477283,6280
1760533003.584968,6398
1760533003.686722,6545
1760533003.790449,6565
1760533003.892252,6836
1760533003.992982,6849
1760533004.094711,6743
1760533004.297679,7022
1760533004.398409,6581
1760533004.499139,6810
1760533004.59987,6323
1760533004.701108,6825
1760533004.802837,6763
1760533004.903567,7227
1760533005.006296,6202
1760533005.107023,6502
1760533005.207753,6303
1760533005.409749,6600
1760533005.409749,6600
1760533005.613193,6551
1760533005.714921,6546
1760533005.817647,6765
1760533005.918377,5767
1760533006.0221,6765
1760533006.12283,6591
1760533006.223561,6780
1760533006.325288,5858
1760533006.426019,6720
1760533006.527254,6440
1760533006.627986,7227
1760533006.72872,6710
1760533006.830448,6373
1760533006.933173,6743
1760533007.134761,6095
1760533007.235493,7018
1760533007.336222,6740
1760533007.439946,6951
1760533007.541673,6330
1760533007.642404,6681
1760533007.744132,6871
1760533007.84586,6939
1760533007.947099,7102
1760533008.056057,6663
1760533008.26051,6350
1760533008.26051,6350
1760533008.462972,7165
1760533008.563705,6829
1760533008.667433,6150
1760533008.768162,5767
1760533008.868893,6641
1760533008.969624,6820
1760533009.07235,6929
1760533009.174077,6330
1760533009.275808,7106
1760533009.376539,6681
1760533009.479294,6121
1760533009.58837,7115
1760533009.690098,6537
1760533009.791335,6469
1760533009.895058,6295
1760533009.996786,6655
1760533010.19975,6831
1760533010.30298,6684
1760533010.404709,6940
1760533010.509077,6390
1760533010.609807,6194
1760533010.712532,6512
1760533010.813263,6095
1760533010.914501,6380
1760533011.015737,6736
1760533011.117465,6723
1760533011.218216,6898
1760533011.323367,6428
1760533011.425604,6874
1760533011.527331,6773
1760533011.731698,6792
1760533011.832428,6770
1760533011.933159,6621
1760533012.03389,6462
1760533012.135128,6904
1760533012.236854,6851
1760533012.337585,6780
1760533012.539113,6869
1760533012.539113,6869
1760533012.641348,6331
1760533012.844317,6479
1760533012.945081,6490
1760533013.046284,6442
1760533013.147015,7167
1760533013.248255,6993
1760533013.349996,6575
1760533013.450869,6800
1760533013.551599,6522
1760533013.652694,6409
1760533013.753428,6780
1760533013.854946,6865
1760533013.955677,6750
1760533014.057911,7062
1760533014.260387,6421
1760533014.361119,6820
1760533014.463852,6414
1760533014.567569,7202
1760533014.668807,6697
1760533014.769537,6919
1760533014.870774,5758
1760533014.971504,6472
1760533015.072745,6696
1760533015.17547,6123
1760533015.378926,6562
1760533015.378926,6562
1760533015.48066,6939
1760533015.684634,6518
1760533015.786365,6025
1760533015.88809,6321
1760533015.989531,6378
1760533016.090262,6542
1760533016.190992,6750
1760533016.292302,6781
1760533016.393033,6830
1760533016.494761,6271
1760533016.595492,7137
1760533016.797617,6423
1760533016.899345,6507
1760533017.001074,7067
1760533017.10679,6816
1760533017.209516,6409
1760533017.310245,6115
1760533017.410976,5976
1760533017.512704,6782
1760533017.613436,6571
1760533017.714165,6850
1760533017.814896,6800
1760533017.915627,6462
1760533018.016357,6403
1760533018.217818,6730
1760533018.217818,6730
1760533018.322539,6522
1760533018.525994,6323
1760533018.626725,6155
1760533018.727674,6835
1760533018.829403,6458
1760533018.931129,6537
1760533019.03187,6442
1760533019.132835,6566
1760533019.234564,7500
1760533019.336291,6369
1760533019.437022,6234
1760533019.540744,6594
1760533019.643496,6462
1760533019.847073,6715
1760533019.9498,6804
1760533020.052524,6173
1760533020.155249,6726
1760533020.255993,6729
1760533020.357707,6429
1760533020.458438,7018
1760533020.559681,6578
1760533020.660412,6641
1760533020.762139,6546
1760533020.86287,6512
1760533020.963603,6601
1760533021.167061,7261
1760533021.268787,6566
1760533021.370524,6113
1760533021.471403,6017
1760533021.573133,6664
1760533021.674859,6562
1760533021.776587,6310
1760533021.878315,6641
1760533021.979559,6617
1760533022.080289,6313
1760533022.181525,6302
1760533022.283441,6701
1760533022.491873,6259
1760533022.491873,6259
1760533022.699346,6804
1760533022.801074,6016
1760533022.903406,6263
1760533023.005115,6469
1760533023.106848,6408
1760533023.207578,6780
1760533023.309021,6693
1760533023.409753,6244
1760533023.510989,7102
1760533023.61172,6651
1760533023.714445,7291
1760533023.815176,6542
1760533023.916903,6900
1760533024.020626,6497
1760533024.224589,6369
1760533024.325826,6361
1760533024.426556,6850
1760533024.527792,6252
1760533024.629028,6519
1760533024.729759,6472
1760533024.830489,6363
1760533024.93122,6611
1760533025.03195,6512
1760533025.133056,6359
1760533025.234783,6104
1760533025.337509,6454
1760533025.44123,6806
1760533025.542472,6489
1760533025.745437,7191
1760533025.846168,6353
1760533025.947404,7121
1760533026.049133,6586
1760533026.150369,6430
1760533026.251099,6601
1760533026.352338,6776
1760533026.453068,6045
1760533026.554327,6251
1760533026.655057,6899
1760533026.762799,6868
1760533026.865525,6142
1760533026.966256,6671
1760533027.170224,7082
1760533027.270955,5718
1760533027.372683,6340
1760533027.474136,6406
1760533027.57487,6780
1760533027.675601,6800
1760533027.776336,6631
1760533027.877061,6532
1760533027.97879,6164
1760533028.07952,6403
1760533028.183243,6903
1760533028.283974,6413
1760533028.486432,6462
1760533028.587167,6115
1760533028.687893,6125
1760533028.788624,6502
1760533028.889354,6571
1760533028.990086,6423
1760533029.090815,6820
1760533029.191546,6671
1760533029.293277,6006
1760533029.395002,4158
1760533029.495732,5182
1760533029.596464,6234
1760533029.698192,6065
1760533029.902644,6379
1760533030.003376,6333
1760533030.105103,6812
1760533030.206238,6664
1760533030.306968,6045
1760533030.407699,6889
1760533030.50843,6284
1760533030.610157,6651
1760533030.710888,6423
1760533030.811627,6313
1760533031.014078,6492
1760533031.115805,6379
1760533031.216541,5737
1760533031.31728,6452
1760533031.418994,6252
1760533031.520722,6822
1760533031.621453,6581
1760533031.722183,6879
1760533031.822915,6631
1760533031.924642,6310
1760533032.026371,6576
1760533032.234131,6696
1760533032.234131,6696
1760533032.439582,6409
1760533032.54131,6556
1760533032.643038,6782
1760533032.744792,6328
1760533032.845496,5888
1760533032.946227,6353
1760533033.046957,6502
1760533033.148685,6537
1760533033.249416,6492
1760533033.350147,6472
1760533033.451876,6900
1760533033.655837,6822
1760533033.655837,6822
1760533033.861793,6517
1760533033.96352,6537
1760533034.064251,6393
1760533034.16598,6301
1760533034.268705,6591
1760533034.370432,6507
1760533034.471163,6462
1760533034.571901,6789
1760533034.672631,6621
1760533034.773361,6869
1760533034.874092,7137
1760533035.075553,6611
1760533035.177281,6753
1760533035.278012,6760
1760533035.378743,6671
1760533035.479608,6533
1760533035.580338,6333
1760533035.682068,6512
1760533035.782797,6214
1760533035.884526,6750
1760533035.986253,6497
1760533036.087986,6507
1760533036.189713,6831
1760533036.290443,6413
1760533036.494896,6356
1760533036.596625,6625
1760533036.698861,6153
1760533036.80059,7018
1760533036.905309,6999
1760533037.007037,6055
1760533037.107767,6661
1760533037.209495,6448
1760533037.309987,6637
1760533037.411716,6507
1760533037.512449,6125
1760533037.614177,6350
1760533037.715905,7038
1760533037.919803,6418
1760533038.021532,6389
1760533038.124257,6065
1760533038.225015,6798
1760533038.326715,6381
1760533038.427446,6720
1760533038.530171,6733
1760533038.630904,6502
1760533038.731633,6651
1760533038.832363,6979
1760533038.933129,6569
1760533039.033824,6067
1760533039.136059,6651
1760533039.239781,6247
1760533039.443237,7415
1760533039.544965,6743
1760533039.645695,6998
1760533039.746426,6264
1760533039.847157,6889
1760533039.948614,6830
1760533040.05034,6671
1760533040.15107,5936
1760533040.251801,6790
1760533040.352563,6569
1760533040.554021,6700
1760533040.654724,6474
1760533040.755633,5420
1760533040.857364,6133
1760533040.958094,6482
1760533041.059292,6383
1760533041.160023,6899
1760533041.260709,6147
1760533041.362437,6379
1760533041.463167,6502
1760533041.563898,6701
1760533041.664628,6770
1760533041.766358,6360
1760533041.972828,6682
1760533042.074562,6418
1760533042.175292,6214
1760533042.275996,6325
1760533042.377724,6596
1760533042.47898,6774
1760533042.579712,6125
1760533042.680442,6482
1760533042.781199,6093
1760533042.8829,6568
1760533042.983631,6959
1760533043.08538,6230
1760533043.290843,6485
1760533043.391541,7209
1760533043.492272,6730
1760533043.593024,6411
1760533043.693759,6264
1760533043.795461,6283
1760533043.896192,6254
1760533043.99792,5622
1760533044.09955,6592
1760533044.20084,6466
1760533044.30157,6800
1760533044.402331,6173
1760533044.503032,6127
1760533044.709765,6107
1760533044.810999,6568
1760533044.911734,6621
1760533045.012496,6708
1760533045.113194,6574
1760533045.213924,7028
1760533045.314654,6988
1760533045.415385,5787
1760533045.516116,6343
1760533045.617358,6479
1760533045.718089,6562
1760533045.821812,6700
1760533046.025268,6645
1760533046.126996,6822
1760533046.227728,6293
1760533046.329454,6546
1760533046.430184,6750
1760533046.530943,6222
1760533046.631647,6613
1760533046.732382,6690
1760533046.833109,6463
1760533046.93384,6542
1760533047.034918,6846
1760533047.135648,6512
1760533047.236379,6214
1760533047.440833,6271
1760533047.541562,6055
1760533047.642293,6810
1760533047.743024,6472
1760533047.843755,6492
1760533047.944485,6403
1760533048.048235,6959
1760533048.149936,6646
1760533048.250667,6849
1760533048.351397,6452
1760533048.452127,7048
1760533048.553886,6839
1760533048.758338,6135
1760533048.859069,6552
1760533048.959828,6639
1760533049.060557,6770
1760533049.161425,6810
1760533049.263156,7480
1760533049.363887,6115
1760533049.46462,6879
1760533049.56535,6830
1760533049.666586,6954
1760533049.768315,7217
1760533049.869045,6959
1760533049.970148,6448
1760533050.173605,6790
1760533050.274842,6015
1760533050.376569,6635
1760533050.477327,6500
1760533050.578052,6552
1760533050.678794,6293
1760533050.77952,6443
1760533050.880693,6296
1760533050.981427,6720
1760533051.082156,7108
1760533051.182887,7217
1760533051.283618,6730
1760533051.486076,6487
1760533051.586834,5944
1760533051.68757,6700
1760533051.788778,6728
1760533051.889508,6591
1760533051.990266,6738
1760533052.090991,6602
1760533052.192205,7004
1760533052.292936,6373
1760533052.394664,6330
1760533052.495394,6959
1760533052.596125,6651
1760533052.699263,6709
1760533052.903746,6574
1760533053.004475,6711
1760533053.106176,6882
1760533053.206905,6691
1760533053.307636,6671
1760533053.408368,6839
1760533053.509602,6647
1760533053.610344,6769
1760533053.712072,6212
1760533053.812803,6462
1760533053.913561,6808
1760533054.115555,6115
1760533054.216286,6125
1760533054.317016,6750
1760533054.417748,6661
1760533054.518836,6054
1760533054.619594,6431
1760533054.721322,6360
1760533054.822025,6673
1760533054.923753,6910
1760533055.024484,6611
1760533055.125247,6053
1760533055.225973,6443
1760533055.326675,7110
1760533055.528102,6343
1760533055.628832,6691
1760533055.73026,6162
1760533055.830991,6750
1760533055.931722,6780
1760533056.032452,6840
1760533056.133184,7108
1760533056.233913,6313
1760533056.334644,7266
1760533056.435375,6849
1760533056.536105,6611
1760533056.636836,6830
1760533056.838298,6671
1760533056.940025,6753
1760533057.041784,6692
1760533057.143482,6735
1760533057.245205,6979
1760533057.345936,6740
1760533057.447664,7234
1760533057.548395,6343
1760533057.649694,6396
1760533057.750397,6782
1760533057.852125,7097
1760533057.952856,7088
1760533058.057603,6825
1760533058.261291,6788
1760533058.363019,6881
1760533058.464746,6480
1760533058.567047,6226
1760533058.675756,6573
1760533058.777485,6291
1760533058.88021,6570
1760533058.981938,6291
1760533059.083406,6159
1760533059.184136,6383
1760533059.284894,6907
1760533059.385672,6936
1760533059.486375,7030
1760533059.689832,6651
1760533059.790563,7316
1760533059.891322,6619
1760533059.992197,6314
1760533060.093925,7165
1760533060.195652,6822
1760533060.298378,6448
1760533060.40014,6525
1760533060.502831,6164
1760533060.70529,7169
1760533060.70529,7169
1760533060.807018,6959
1760533061.009539,7433
1760533061.11127,6664
1760533061.212967,6499
1760533061.313698,6522
1760533061.414429,6085
1760533061.515159,7574
1760533061.615889,6770
1760533061.716622,6839
1760533061.817692,7143
1760533061.922411,7203
1760533062.127861,6112
1760533062.228592,7088
1760533062.33032,7723
1760533062.43105,6869
1760533062.532778,6472
1760533062.634506,6645
1760533062.736234,6271
1760533062.837962,7146
1760533062.938693,7058
1760533063.039425,7207
1760533063.140157,7544
1760533063.34289,6811
1760533063.444648,6888
1760533063.546346,6529
1760533063.648073,6487
1760533063.752794,6655
1760533063.853524,6750
1760533063.954633,5884
1760533064.055362,6611
1760533064.156093,7237
1760533064.256824,6591
1760533064.364536,6383
1760533064.466263,6900
1760533064.566994,6909
1760533064.768455,6671
1760533064.768455,6671
1760533064.871688,6238
1760533065.07614,6442
1760533065.17687,7197
1760533065.277601,6998
1760533065.378406,7479
1760533065.479116,7059
1760533065.579876,6272
1760533065.680578,6484
1760533065.782335,5955
1760533065.883069,6045
1760533065.984764,6017
1760533066.187223,6254
1760533066.288952,6006
1760533066.389682,6552
1760533066.490412,6591
1760533066.593138,6492
1760533066.693886,6421
1760533066.794613,6125
1760533066.895343,6542
1760533066.997073,6700
1760533067.097802,6631
1760533067.20371,6510
1760533067.30444,6532
1760533067.405172,6413
1760533067.607763,6232
1760533067.607763,6232
1760533067.715475,5966
1760533067.920925,6366
1760533068.021655,7237
1760533068.123384,6772
1760533068.224048,6308
1760533068.324782,6472
1760533068.426509,6369
1760533068.527269,6540
1760533068.627971,6474
1760533068.729699,6389
1760533068.831427,6242
1760533068.932157,6681
1760533069.032707,6116
1760533069.135434,6596
1760533069.340892,6094
1760533069.443609,6036
1760533069.544338,6502
1760533069.646067,7246
1760533069.747818,6869
1760533069.849529,6951
1760533069.95126,7106
1760533070.05199,7217
1760533070.152721,6254
1760533070.253452,6393
1760533070.354183,6631
1760533070.455911,6790
1760533070.662359,6162
1760533070.764086,6625
1760533070.864826,6184
1760533070.966554,7215
1760533071.068282,6713
1760533071.170009,6664
1760533071.270739,6403
1760533071.37147,5827
1760533071.473225,6122
1760533071.574066,7120
1760533071.674825,6738
1760533071.775528,6544
1760533071.876258,6730
1760533072.07772,6621
1760533072.178452,6700
1760533072.279181,6770
1760533072.379911,6988
1760533072.481661,6850
1760533072.582397,6323
1760533072.683141,6461
1760533072.783871,6859
1760533072.885108,6736
1760533072.985839,7058
1760533073.087567,6743
1760533073.289028,6681
1760533073.389785,6828
1760533073.490521,6492
1760533073.591602,6757
1760533073.693027,6891
1760533073.794746,6281
1760533073.895477,6899
1760533073.997205,6330
1760533074.097936,6701
1760533074.199664,6605
1760533074.300394,6681
1760533074.50293,6209
1760533074.603667,6283
1760533074.704363,6494
1760533074.805093,6760
1760533074.906328,6865
1760533075.00806,6536
1760533075.10879,6164
1760533075.210518,6478
1760533075.311261,7017
1760533075.412282,6374
1760533075.513987,6686
1760533075.614717,6978
1760533075.716473,6535
1760533075.922915,7243
1760533076.023648,6780
1760533076.125376,6989
1760533076.226601,6697
1760533076.328297,4916
1760533076.429028,6919
1760533076.529779,6659
1760533076.630573,6736
1760533076.731329,6699
1760533076.832037,6911
1760533076.932767,6998
1760533077.033498,6601
1760533077.134256,6808
1760533077.337685,6281
1760533077.438415,6581
1760533077.539162,6541
1760533077.640854,6932
1760533077.741585,6780
1760533077.842315,6830
1760533077.943363,6759
1760533078.044098,6661
1760533078.145825,7166
1760533078.247552,7205
1760533078.348282,6720
1760533078.453003,6588
1760533078.655461,6542
1760533078.756198,6303
1760533078.857429,7033
1760533078.959185,6446
1760533079.059888,6444
1760533079.160646,6560
1760533079.262348,7108
1760533079.364076,6576
1760533079.464805,6403
1760533079.566533,6684
1760533079.668293,6279
1760533079.870228,6403
1760533079.870228,6403
1760533080.072686,6379
1760533080.174796,6942
1760533080.275527,6780
1760533080.377254,6301
1760533080.477985,6313
1760533080.578715,6611
1760533080.679941,6529
1760533080.780672,6730
1760533080.881405,6929
1760533080.98317,6495
1760533081.187645,6938
1760533081.288347,6007
1760533081.389078,6154
1760533081.489808,6452
1760533081.590539,6293
1760533081.691269,6949
1760533081.791953,6634
1760533081.892684,6740
1760533081.993414,6710
1760533082.095143,6310
1760533082.196897,6368
1760533082.40029,6778
1760533082.501019,6582
1760533082.60175,7266
1760533082.702511,6272
1760533082.803211,6951
1760533082.90494,6694
1760533083.006161,6816
1760533083.107867,6843
1760533083.208598,6542
1760533083.30941,5892
1760533083.411627,6164
1760533083.512383,6282
1760533083.713816,6264
1760533083.814653,6703
1760533083.917378,6843
1760533084.018126,6650
1760533084.11884,7059
1760533084.21957,6343
1760533084.320782,6422
1760533084.421512,6343
1760533084.524238,6264
1760533084.625965,6389
1760533084.727202,6904
1760533084.828675,6888
1760533084.931415,6696
1760533085.034127,6557
1760533085.244564,6274
1760533085.346291,6645
1760533085.447022,6472
1760533085.54826,6687
1760533085.64899,6155
1760533085.749753,6391
1760533085.850452,6236
1760533085.951182,6274
1760533086.052147,5645
1760533086.152878,6383
1760533086.253608,6631
1760533086.355339,7078
1760533086.456573,6727
1760533086.565293,6475
1760533086.769733,6383
1760533086.870465,6611
1760533086.97135,6690
1760533087.072082,6522
1760533087.172812,6294
1760533087.273542,6442
1760533087.374273,5906
1760533087.475004,6502
1760533087.575734,6631
1760533087.676465,6274
1760533087.777229,6450
1760533087.878436,6274
1760533087.982877,6769
1760533088.086598,6576
1760533088.290081,7116
1760533088.390785,6424
1760533088.491516,6115
1760533088.592247,5896
1760533088.693015,6182
1760533088.794746,6546
1760533088.895476,6492
1760533089.017997,6880
1760533089.118728,6701
1760533089.219458,6313
1760533089.321187,6546
1760533089.421916,6512
1760533089.522647,6164
1760533089.724741,6659
1760533089.827471,6668
1760533089.929198,6497
1760533090.029928,6174
1760533090.130659,6482
1760533090.232387,6753
1760533090.333117,5837
1760533090.43387,377
1760533090.534578,6295
1760533090.636002,6231
1760533090.736732,6353
1760533090.940188,6173
1760533091.04092,6700
1760533091.142647,6645
1760533091.243377,6204
1760533091.344109,6730
1760533091.444838,6274
1760533091.545539,7060
1760533091.64627,6899
1760533091.747001,6482
1760533091.848731,6487
1760533091.950457,6044
1760533092.057199,7129
1760533092.158899,6440
1760533092.362355,6478
1760533092.463128,6767
1760533092.563858,6869
1760533092.66459,6561
1760533092.765319,6889
1760533092.866051,6432
1760533092.967778,6448
1760533093.06851,7048
1760533093.169239,6403
1760533093.26997,6552
1760533093.371447,6553
1760533093.472687,6825
1760533093.682127,6761
1760533093.782857,6244
1760533093.883589,6969
1760533093.984319,6750
1760533094.085049,6800
1760533094.18578,7098
1760533094.286517,6601
1760533094.387274,7274
1760533094.48801,6770
1760533094.588708,6742
1760533094.689439,7048
1760533094.791168,6930
1760533094.89489,7008
1760533094.997615,6483
1760533095.200314,7236
1760533095.301073,6728
1760533095.401775,6752
1760533095.502507,6413
1760533095.604709,6800
1760533095.706439,6035
1760533095.808167,6802
1760533095.91189,6758
1760533096.013534,7014
1760533096.114257,6294
1760533096.21596,6715
1760533096.316692,6025
1760533096.419417,6814
1760533096.622873,6271
1760533096.724601,6428
1760533096.826329,6399
1760533096.927797,6721
1760533097.028527,6581
1760533097.129741,6619
1760533097.23149,6948
1760533097.332199,6434
1760533097.43293,7227
1760533097.533661,6820
1760533097.635415,7046
1760533097.738114,6669
1760533097.942577,7136
1760533098.044294,7235
1760533098.14702,6623
1760533098.248748,6684
1760533098.349395,6795
1760533098.451153,6731
1760533098.551857,6951
1760533098.652588,6770
1760533098.753339,6937
1760533098.854071,7425
1760533098.9558,6723
1760533099.057526,6773
1760533099.161251,6247
1760533099.365703,6353
1760533099.46743,6822
1760533099.56932,6516
1760533099.671019,6745
1760533099.772774,6421
1760533099.874475,7138
1760533099.975206,7415
1760533100.075936,7525
1760533100.176694,5180
1760533100.277396,3733
1760533100.378127,5906
1760533100.478858,6601
1760533100.581584,7038
1760533100.787043,6693
1760533100.889759,6546
1760533100.992485,6269
1760533101.093215,6830
1760533101.194943,7284
1760533101.295674,7108
1760533101.396406,6641
1760533101.497135,6998
1760533101.597865,6959
1760533101.699593,7264
1760533101.800324,7177
1760533101.901055,6492
1760533102.104511,6881
1760533102.207236,6970
1760533102.307967,6879
1760533102.409206,6825
1760533102.510441,6638
1760533102.611171,6998
1760533102.711903,6750
1760533102.813631,6753
1760533102.914361,7346
1760533103.015092,6591
1760533103.115822,6810
1760533103.216552,6641
1760533103.317284,6899
1760533103.419012,6143
1760533103.622469,6242
1760533103.723198,6254
1760533103.824925,6743
1760533103.925656,6859
1760533104.026387,6750
1760533104.127118,7157
1760533104.227966,6633
1760533104.328696,6462
1760533104.429447,6451
1760533104.530185,6869
1760533104.630888,6395
1760533104.83437,6161
1760533104.936071,6804
1760533105.036733,6636
1760533105.137813,6816
1760533105.238544,6810
1760533105.339274,6800
1760533105.440005,6343
1760533105.540735,6740
1760533105.641494,6589
1760533105.742196,6573
1760533105.842949,7007
1760533106.045386,6591
1760533106.147114,6900
1760533106.247845,6760
1760533106.348578,6790
1760533106.44981,6371
1760533106.550541,6601
1760533106.652269,6448
1760533106.753021,6580
1760533106.853771,6719
1760533106.95429,6595
1760533107.055021,6710
1760533107.155752,7008
1760533107.35821,6448
1760533107.45894,6432
1760533107.559671,6879
1760533107.660402,6164
1760533107.761133,6313
1760533107.861863,6571
1760533107.962594,6591
1760533108.063324,5986
1760533108.164097,6767
1760533108.265291,6838
1760533108.366053,6847
1760533108.56848,6413
1760533108.669238,6371
1760533108.769941,6782
1760533108.870673,6522
1760533108.971402,6552
1760533109.072133,5450
1760533109.172864,5539
1760533109.273594,6671
1760533109.374325,6859
1760533109.475058,6522
1760533109.576293,6163
1760533109.677024,6661
1760533109.878485,6385
1760533109.979687,6709
1760533110.080417,3355
1760533110.181148,1697
1760533110.281878,3156
1760533110.382609,4864
1760533110.48334,6274
1760533110.586065,6639
1760533110.68782,5975
1760533110.788524,6325
1760533110.889254,6413
1760533110.989986,6492
1760533111.093708,5938
1760533111.299159,6413
1760533111.399889,6572
1760533111.500592,6375
1760533111.601323,7237
1760533111.702026,6126
1760533111.802784,6361
1760533111.903543,6470
1760533112.005201,6197
1760533112.105917,6702
1760533112.206648,6462
1760533112.407924,6645
1760533112.509624,6735
1760533112.611352,6271
1760533112.713113,6515
1760533112.81381,6355
1760533112.914541,6591
1760533113.015272,6353
1760533113.117032,6780
1760533113.218728,6544
1760533113.319967,6292
1760533113.421695,6999
1760533113.523423,6576
1760533113.625151,6379
1760533113.726878,6684
1760533113.828608,6635
1760533114.031065,6576
1760533114.132019,6616
1760533114.235743,6546
1760533114.336474,6194
1760533114.437205,6740
1760533114.537975,6648
1760533114.638666,6653
1760533114.740394,6478
1760533114.841125,7227
1760533114.941855,6552
1760533115.043628,6563
1760533115.245089,6472
1760533115.345792,6871
1760533115.446523,7008
1760533115.547255,6313
1760533115.648981,6537
1760533115.750709,6723
1760533115.85144,6939
1760533115.953296,5821
1760533116.055024,5937
1760533116.155782,6431
1760533116.256486,6355
1760533116.35775,6557
1760533116.459451,6214
1760533116.665898,6131
1760533116.665898,6131
1760533116.871053,6201
1760533116.97277,6235
1760533117.074498,6006
1760533117.175255,6609
1760533117.275959,6216
1760533117.376689,6214
1760533117.478431,6378
1760533117.579148,6731
1760533117.679878,6562
1760533117.78076,6403
1760533117.881491,6859
1760533118.085945,7038
1760533118.188669,6824
1760533118.290398,6478
1760533118.392124,6635
1760533118.494851,6833
1760533118.596578,6045
1760533118.697309,6274
1760533118.799037,6350
1760533118.900765,6371
1760533119.002492,6232
1760533119.106419,6548
1760533119.208145,6763
1760533119.309875,6281
1760533119.411602,6674
1760533119.51333,6154
1760533119.716786,6726
1760533119.817736,6607
1760533119.919468,6320
1760533120.021226,6230
1760533120.121924,6603
1760533120.223653,6360
1760533120.329371,6006
1760533120.431098,6763
1760533120.531829,6571
1760533120.633558,6645
1760533120.736282,6930
1760533120.937743,6681
1760533120.937743,6681
1760533121.140202,6959
1760533121.240932,6790
1760533121.34266,6104
1760533121.443644,6674
1760533121.544374,6601
1760533121.646102,6615
1760533121.746834,6750
1760533121.848069,6312
1760533121.952791,6704
1760533122.055515,6561
1760533122.158268,6325
1760533122.360699,6631
1760533122.360699,6631
1760533122.564154,6750
1760533122.664885,6710
1760533122.76761,6862
1760533122.869338,6025
1760533122.970069,5906
1760533123.071797,6576
1760533123.172555,7036
1760533123.273258,6663
1760533123.373989,6661
1760533123.475716,6153
1760533123.57944,5837
1760533123.781406,6542
1760533123.883133,6478
1760533123.984861,6999
1760533124.086623,6328
1760533124.188356,6910
1760533124.289087,6522
1760533124.396798,6665
1760533124.497529,7078
1760533124.598287,6222
1760533124.700011,6842
1760533124.800742,6214
1760533124.901474,6532
1760533125.002222,7265
1760533125.103265,6373
1760533125.203995,6939
1760533125.406453,6730
1760533125.507704,6478
1760533125.61109,6670
1760533125.711821,6591
1760533125.812565,6561
1760533125.913915,6423
1760533126.015644,6379
1760533126.117404,6898
1760533126.219099,6607
1760533126.320827,6251
1760533126.42148,6497
1760533126.623938,6929
1760533126.72467,7028
1760533126.827395,6212
1760533126.928124,6522
1760533127.031847,6247
1760533127.132579,6423
1760533127.233308,6770
1760533127.334039,6849
1760533127.438762,6790
1760533127.540487,6065
1760533127.643212,6590
1760533127.745312,6170
1760533127.846043,6919
1760533128.048503,6340
1760533128.150229,6635
1760533128.25096,7018
1760533128.35169,6750
1760533128.455413,6189
1760533128.557141,6409
1760533128.659526,6280
1760533128.761254,6507
1760533128.861985,6641
1760533128.962715,6631
1760533129.0651,6006
1760533129.267558,6094
1760533129.369287,6478
1760533129.470017,6502
1760533129.571044,6325
1760533129.671774,6353
1760533129.773502,6635
1760533129.877226,6575
1760533129.978953,6291
1760533130.08019,6282
1760533130.180919,6542
1760533130.28184,5955
1760533130.38257,6294
1760533130.483809,6805
1760533130.687265,6704
1760533130.787996,6293
1760533130.889234,7200
1760533130.989965,6542
1760533131.092198,6944
1760533131.193434,6539
1760533131.29417,5985
1760533131.394901,6631
1760533131.496138,6173
1760533131.69903,6382
1760533131.800779,6044
1760533131.901495,6364
1760533132.003222,6566
1760533132.105457,5946
1760533132.210176,5968
1760533132.31241,7052
1760533132.414166,6319
1760533132.514868,6712
1760533132.616597,6576
1760533132.717327,6949
1760533132.81806,6492
1760533132.919787,6419
1760533133.125237,6639
1760533133.125237,6639
1760533133.236938,5702
1760533133.345648,6721
1760533133.452362,6376
1760533133.65433,6542
1760533133.755062,7018
1760533133.856789,6105
1760533133.957533,6511
1760533134.05825,6096
1760533134.160005,6830
1760533134.261352,6541
1760533134.362083,6492
1760533134.463811,7018
1760533134.564542,6671
1760533134.665278,6859
1760533134.768508,6800
1760533134.971476,6143
1760533135.072205,6730
1760533135.173933,7382
1760533135.274663,6641
1760533135.375394,6611
1760533135.477138,6949
1760533135.577852,6950
1760533135.678583,6681
1760533135.779314,5986
1760533135.880474,7275
1760533135.982205,6644
1760533136.082936,6651
1760533136.184664,7077
1760533136.389117,6537
1760533136.489847,6343
1760533136.590579,6333
1760533136.69234,6181
1760533136.794061,6419
1760533136.894764,6414
1760533136.995495,6522
1760533137.096226,6701
1760533137.196957,6492
1760533137.297687,6542
1760533137.399416,6792
1760533137.501111,6735
1760533137.704566,6301
1760533137.806294,6635
1760533137.907024,7137
1760533138.007755,7207
1760533138.108486,6591
1760533138.209217,6720
1760533138.309974,6272
1760533138.410678,6742
1760533138.512406,6615
1760533138.613136,6641
1760533138.713866,6820
1760533138.917322,7107
1760533139.019051,6438
1760533139.120972,6298
1760533139.221707,7077
1760533139.323404,6312
1760533139.425132,6841
1760533139.526859,6566
1760533139.627591,6830
1760533139.728349,6599
1760533139.830048,7001
1760533139.930779,6840
1760533140.033444,6954
1760533140.237898,6074
1760533140.338658,6530
1760533140.439385,6681
1760533140.540088,7109
1760533140.640819,6681
1760533140.74155,6532
1760533140.843277,6527
1760533140.943885,6341
1760533141.044617,6671
1760533141.146006,7101
1760533141.246736,6075
1760533141.347468,6393
1760533141.550016,6323
1760533141.65274,6921
1760533141.753471,6423
1760533141.854135,6774
1760533141.954866,6849
1760533142.055623,6629
1760533142.156328,6891
1760533142.257084,7175
1760533142.357788,6365
1760533142.458518,6760
1760533142.559249,6909
1760533142.65998,6969
1760533142.761407,6871
1760533142.963865,7038
1760533143.064595,6581
1760533143.165326,6452
1760533143.266084,6877
1760533143.366787,6891
1760533143.467517,6125
1760533143.568134,7006
1760533143.670864,6609
1760533143.77259,6429
1760533143.873337,6372
1760533143.974814,6671
1760533144.180289,6742
1760533144.280997,6980
1760533144.38173,6313
1760533144.483456,6458
1760533144.584187,6641
1760533144.684917,6850
1760533144.785648,6790
1760533144.887376,7176
1760533144.992096,6426
1760533145.092826,7038
1760533145.193561,6393
1760533145.295285,6556
1760533145.396015,6760
1760533145.498741,6677
1760533145.703194,6881
1760533145.803924,5966
1760533145.904682,6004
1760533146.005386,6682
1760533146.106116,6522
1760533146.206847,6571
1760533146.307577,6184
1760533146.408307,6621
1760533146.509039,6700
1760533146.609769,6939
1760533146.7105,6105
1760533146.912959,7038
1760533147.014686,6399
1760533147.115417,6591
1760533147.21617,6520
1760533147.317774,6072
1760533147.419465,6854
1760533147.520196,6770
1760533147.620926,6433
1760533147.721687,6570
1760533147.822388,6603
1760533147.924116,6691
1760533148.024878,6500
1760533148.125577,7020
1760533148.328042,6330
1760533148.428772,6552
1760533148.529502,6472
1760533148.630233,6691
1760533148.730962,6929
1760533148.831729,6440
1760533148.933456,6094
1760533149.034892,6605
1760533149.135622,7058
1760533149.23638,6639
1760533149.337084,6464
1760533149.442804,6687
1760533149.646258,6625
1760533149.747985,6694
1760533149.848763,6747
1760533149.949496,6353
1760533150.050227,6621
1760533150.150958,7088
1760533150.251689,6939
1760533150.352446,7592
1760533150.453149,6871
1760533150.554877,6537
1760533150.655608,6820
1760533150.85707,5896
1760533150.958342,6349
1760533151.059073,7018
1760533151.159797,6939
1760533151.261277,6759
1760533151.362007,6681
1760533151.462738,6859
1760533151.5635,7095
1760533151.664231,6482
1760533151.765928,6833
1760533151.866657,6859
1760533151.967388,6423
1760533152.172929,6369
1760533152.273661,6284
1760533152.374402,6819
1760533152.477128,6222
1760533152.577858,6949
1760533152.678593,7355
1760533152.779752,6573
1760533152.880491,6869
1760533152.981167,6734
1760533153.082904,7195
1760533153.286352,6664
1760533153.286352,6664
1760533153.388106,6083
1760533153.591534,6841
1760533153.693076,6499
1760533153.794044,6784
1760533153.895744,6375
1760533153.996474,6840
1760533154.097235,6818
1760533154.198035,6170
1760533154.298767,6889
1760533154.399496,6909
1760533154.500227,6383
1760533154.600958,6035
1760533154.701692,6750
1760533154.807406,6441
1760533155.010862,6423
1760533155.112589,6681
1760533155.213893,6297
1760533155.315594,6243
1760533155.416324,7028
1760533155.51905,6298
1760533155.61978,5976
1760533155.721539,6397
1760533155.822239,6375
1760533155.922969,6373
1760533156.024698,6586
1760533156.126426,6487
1760533156.228153,6723
1760533156.432449,6363
1760533156.53318,7008
1760533156.63391,6164
1760533156.734641,6591
1760533156.835371,6363
1760533156.938098,6570
1760533157.039825,6546
1760533157.141552,6792
1760533157.344014,6684
1760533157.445739,6379
1760533157.547467,6713
1760533157.649195,6438
1760533157.749926,6949
1760533157.851654,6684
1760533157.953381,6998
1760533158.054112,6830
1760533158.157842,6527
1760533158.259563,6891
1760533158.361294,6458
1760533158.463022,6163
1760533158.563749,7187
1760533158.766208,6438
1760533158.868933,6512
1760533158.970661,6654
1760533159.075387,6237
1760533159.182101,6073
1760533159.288816,6109
1760533159.39903,6616
1760533159.502752,6257
1760533159.603989,6697
1760533159.704719,6264
1760533159.80545,6274
1760533159.90618,6472
1760533160.006914,6770
1760533160.108639,5632
1760533160.209371,6968
1760533160.311097,6507
1760533160.41163,5998
1760533160.512363,6661
1760533160.715819,6900
1760533160.81655,6760
1760533160.918277,6822
1760533161.019008,6750
1760533161.119739,6472
1760533161.22047,6770
1760533161.3212,6929
1760533161.42193,6065
1760533161.522661,6730
1760533161.623438,6320
1760533161.726162,6389
1760533161.929204,6940
1760533162.029935,6343
1760533162.131663,6234
1760533162.233197,6982
1760533162.333928,6681
1760533162.434658,6581
1760533162.535388,6909
1760533162.637116,6733
1760533162.737848,6770
1760533162.838581,6958
1760533163.040039,6720
1760533163.040039,6720
1760533163.244493,6194
1760533163.346241,6663
1760533163.447457,6234
1760533163.549186,6487
1760533163.651911,6152
1760533163.75264,6581
1760533163.853373,6144
1760533163.955099,6841
1760533164.055832,6512
1760533164.157558,7018
1760533164.25829,6631
1760533164.359019,6304
1760533164.570455,5949
1760533164.570455,5949
1760533164.676171,6252
1760533164.877634,6234
1760533164.978869,6450
1760533165.079599,6333
1760533165.18033,6105
1760533165.28106,6313
1760533165.381793,6482
1760533165.483519,7077
1760533165.584249,6740
1760533165.685978,6192
1760533165.786709,6959
1760533165.888437,6271
1760533165.990164,6094
1760533166.093887,6556
1760533166.29834,5799
1760533166.3991,6470
1760533166.499801,6424
1760533166.600534,6214
1760533166.702315,6248
1760533166.802991,6664
1760533166.903721,7266
1760533167.004451,7028
1760533167.105182,6720
1760533167.205886,6444
1760533167.307614,6861
1760533167.409319,6332
1760533167.612775,7194
1760533167.714505,6517
1760533167.815232,6909
1760533167.915963,6393
1760533168.016725,6063
1760533168.117869,6466
1760533168.218627,6719
1760533168.319331,6673
1760533168.42006,6443
1760533168.522786,6586
1760533168.624513,6556
1760533168.726376,6391
1760533168.831095,6503
1760533169.036545,6949
1760533169.13828,6762
1760533169.239004,6681
1760533169.339765,6242
1760533169.440464,6762
1760533169.541712,6281
1760533169.64343,6557
1760533169.744161,6472
1760533169.844892,6571
1760533169.94787,6564
1760533170.049082,6244
1760533170.151808,6264
1760533170.253536,6556
1760533170.455566,6552
1760533170.556296,6661
1760533170.657027,6462
1760533170.757757,6571
1760533170.858488,6591
1760533170.959218,6105
1760533171.059976,6738
1760533171.163176,6472
1760533171.264885,6253
1760533171.365625,6680
1760533171.567077,6155
1760533171.668806,6281
1760533171.769536,6671
1760533171.870266,6433
1760533171.970996,6691
1760533172.071727,6522
1760533172.172458,6830
1760533172.273188,6939
1760533172.373919,6174
1760533172.474652,6472
1760533172.57538,6304
1760533172.777866,6790
1760533172.878569,6305
1760533172.9793,6303
1760533173.081028,7077
1760533173.181769,6313
1760533173.282489,6562
1760533173.38322,6373
1760533173.484947,6930
1760533173.586339,6410
1760533173.687068,6572
1760533173.787801,6661
1760533173.890525,6687
1760533174.092983,6478
1760533174.193715,6343
1760533174.295474,6564
1760533174.396173,6276
1760533174.497122,6250
1760533174.597852,6701
1760533174.699581,6625
1760533174.800311,5698
1760533174.901042,6562
1760533175.0018,6361
1760533175.102535,6383
1760533175.304961,6365
1760533175.405725,6609
1760533175.506423,6613
1760533175.607181,6103
1760533175.707916,6740
1760533175.809202,6170
1760533175.910416,6787
1760533176.012116,6843
1760533176.11336,7259
1760533176.214089,7078
1760533176.314821,6998
1760533176.415553,6512
1760533176.516306,6183
1760533176.719305,6532
1760533176.820069,6411
1760533176.920766,6683
1760533177.021497,6770
1760533177.123225,6772
1760533177.223933,6225
1760533177.324666,7058
1760533177.425396,6750
1760533177.526128,6681
1760533177.626858,7207
1760533177.830313,6586
1760533177.931045,6750
1760533178.031802,6639
1760533178.13297,6316
1760533178.233696,6979
1760533178.3344,6553
1760533178.43513,6115
1760533178.535883,6898
1760533178.637589,6312
1760533178.738319,6542
1760533178.83905,6532
1760533178.939781,6790
1760533179.142239,7028
1760533179.242969,6601
1760533179.3437,7286
1760533179.444936,6716
1760533179.545667,7038
1760533179.647394,6743
1760533179.748702,7235
1760533179.849433,6442
1760533179.950164,6204
1760533180.050914,7295
1760533180.151624,6841
1760533180.252355,6432
1760533180.354083,7097
1760533180.557538,6517
1760533180.658269,6651
1760533180.759001,6442
1760533180.860029,6423
1760533180.960759,7028
1760533181.06149,6264
1760533181.162224,6393
1760533181.263456,6766
1760533181.364186,6194
1760533181.464917,6016
1760533181.565649,6601
1760533181.768144,6620
1760533181.86987,6143
1760533181.970601,6562
1760533182.071331,6611
1760533182.172566,6568
1760533182.27333,6242
1760533182.374028,6792
1760533182.47476,6790
1760533182.575491,5827
1760533182.676257,6371
1760533182.77795,6077
1760533182.878707,6133
1760533182.98223,6694
1760533183.183704,6838
1760533183.284433,6373
1760533183.385173,6442
1760533183.485931,6401
1760533183.586514,6710
1760533183.688242,6930
1760533183.788973,6522
1760533183.889703,6780
1760533183.990965,6488
1760533184.193403,6438
1760533184.295131,6812
1760533184.295131,6812
1760533184.498139,6526
1760533184.601851,6075
1760533184.704576,6794
1760533184.805306,6442
1760533184.907035,6556
1760533185.007768,6611
1760533185.108528,6202
1760533185.209227,5978
1760533185.309956,6830
1760533185.410889,6806
1760533185.512647,7586
1760533185.613346,6325
1760533185.81874,6409
1760533185.920465,6753
1760533186.021197,7217
1760533186.121947,6243
1760533186.223654,6302
1760533186.325795,6500
1760533186.428029,6289
1760533186.530755,7097
1760533186.632482,6704
1760533186.734232,6594
1760533186.835938,6184
1760533186.937666,6360
1760533187.038397,6373
1760533187.24285,6763
1760533187.344578,6753
1760533187.445308,6710
1760533187.547036,6713
1760533187.647766,7177
1760533187.749004,6697
1760533187.849754,7215
1760533187.950972,6520
1760533188.051703,6790
1760533188.15294,7309
1760533188.25367,6710
1760533188.35491,6706
1760533188.457636,6035
1760533188.559822,6302
1760533188.762789,6608
1760533188.863517,6522
1760533188.964754,6716
1760533189.065484,6671
1760533189.166214,6740
1760533189.266945,6978
1760533189.368182,7200
1760533189.468912,6750
1760533189.673887,6940
1760533189.673887,6940
1760533189.87684,6661
1760533189.978077,6558
1760533190.080803,6395
1760533190.18204,6894
1760533190.284766,5646
1760533190.386002,5580
1760533190.487732,6674
1760533190.588969,6479
1760533190.6897,6542
1760533190.790936,6578
1760533190.892182,6577
1760533190.99341,6994
1760533191.095139,6849
1760533191.297108,6542
1760533191.39935,7091
1760533191.50308,6844
1760533191.604312,6667
1760533191.707038,6677
1760533191.808765,6674
1760533191.909496,6949
1760533192.010226,7137
1760533192.110957,6502
1760533192.211687,7306
1760533192.312418,6770
1760533192.413687,6734
1760533192.515388,7139
1760533192.717355,7098
1760533192.817959,6401
1760533192.918693,7355
1760533193.019929,6835
1760533193.120659,6790
1760533193.22139,7336
1760533193.322121,6770
1760533193.423852,6762
1760533193.524599,6908
1760533193.626311,6872
1760533193.731031,7123
1760533193.934486,6323
1760533194.036215,7038
1760533194.137948,6591
1760533194.240673,6785
1760533194.342401,6782
1760533194.44413,6792
1760533194.545857,6691
1760533194.647585,6566
1760533194.749313,6704
1760533194.850196,6730
1760533194.95392,6575
1760533195.056646,6586
1760533195.157376,6383
1760533195.258106,6333
1760533195.360833,6239
1760533195.46256,6782
1760533195.666522,6924
1760533195.776228,6803
1760533195.886443,6006
1760533195.987547,6161
1760533196.088279,6750
1760533196.189009,6611
1760533196.290737,6232
1760533196.391467,6413
1760533196.492197,6244
1760533196.592928,6919
1760533196.693659,6631
1760533196.799381,6715
1760533196.902106,7028
1760533197.003834,6831
1760533197.106534,6075
1760533197.30999,6651
1760533197.41072,6810
1760533197.512448,6969
1760533197.613179,6591
1760533197.713915,6859
1760533197.814645,6571
1760533197.92136,6323
1760533198.024085,6366
1760533198.125322,5995
1760533198.226058,6412
1760533198.326786,6592
1760533198.427516,6294
1760533198.529245,7098
1760533198.732215,6413
1760533198.832946,7227
1760533198.933676,6393
1760533199.034914,6657
1760533199.135603,5988
1760533199.236363,6728
1760533199.337064,6415
1760533199.437795,6492
1760533199.538533,6988
1760533199.64425,6503
1760533199.745979,6615
1760533199.846709,6363
1760533200.049181,6527
1760533200.149911,6313
1760533200.250641,6363
1760533200.351372,6959
1760533200.452103,5976
1760533200.552836,6293
1760533200.653915,6529
1760533200.754645,6373
1760533200.856374,6831
1760533200.957105,6849
1760533201.058833,6448
1760533201.160591,7016
1760533201.364019,6403
1760533201.469733,6517
1760533201.570464,6274
1760533201.671195,6353
1760533201.771925,6562
1760533201.872656,6373
1760533201.973386,6691
1760533202.074117,6929
1760533202.174875,6411
1760533202.275605,6621
1760533202.376308,6256
1760533202.479034,6645
1760533202.681493,6999
1760533202.681493,6999
1760533202.883951,6153
1760533202.984682,6730
1760533203.085412,6661
1760533203.186143,6869
1760533203.286827,7051
1760533203.388557,6586
1760533203.489289,6849
1760533203.590019,6929
1760533203.69075,6293
1760533203.892211,6710
1760533203.892211,6710
1760533204.094936,5957
1760533204.195677,6710
1760533204.297395,6616
1760533204.399143,7135
1760533204.503842,7029
1760533204.60557,6792
1760533204.706911,6729
1760533204.807642,6542
1760533204.908372,6681
1760533205.116816,7104
1760533205.116816,7104
1760533205.321781,6619
1760533205.423508,6792
1760533205.524266,6480
1760533205.62499,6751
1760533205.7257,6752
1760533205.826431,6830
1760533205.927161,7227
1760533206.028916,6849
1760533206.129619,7020
1760533206.231347,6389
1760533206.33211,6470
1760533207.115024,4817
1760533207.425195,4263
1760533207.635632,6947
1760533208.093425,6576
1760533208.292891,6054
1760533208.42753,4835
1760533208.52826,6820
1760533208.628991,6194
1760533208.729743,6650
1760533208.832447,6212
1760533208.935324,6250
1760533209.138753,6615
1760533209.239483,6562
1760533209.340213,6979
1760533209.440944,6075
1760533209.541675,7306
1760533209.642433,7086
1760533209.743117,6803
1760533209.843847,6234
1760533209.944578,6631
1760533210.046306,6684
1760533210.249761,6469
1760533210.350492,6750
1760533210.451223,6800
1760533210.551975,6262
1760533210.652684,6384
1760533210.753577,6749
1760533210.855046,6514
1760533210.955777,6730
1760533211.056508,6750
1760533211.157238,7098
1760533211.257969,6701
1760533211.462422,6979
1760533211.563185,6718
1760533211.663884,6961
1760533211.764635,6223
1760533211.865346,6603
1760533211.966075,6522
1760533212.067804,6264
1760533212.168534,6998
1760533212.269264,6979
1760533212.369995,6373
1760533212.470725,6959
1760533212.57143,6553
1760533212.773888,6720
1760533212.874619,7495
1760533212.976079,6958
1760533213.076809,6601
1760533213.177541,7078
1760533213.278306,6440
1760533213.38,6244
1760533213.480914,6550
1760533213.581645,6581
1760533213.683372,6743
1760533213.784103,7068
1760533213.987573,6925
1760533214.088807,6272
1760533214.18956,6332
1760533214.29027,6483
1760533214.391,6224
1760533214.49173,6581
1760533214.593968,6973
1760533214.6947,6581
1760533214.796427,6340
1760533214.897157,6313
1760533214.997887,6572
1760533215.098645,6500
1760533215.203337,6991
1760533215.406793,6940
1760533215.508521,6831
1760533215.609252,6542
1760533215.709982,6502
1760533215.810713,5996
1760533215.911984,6151
1760533216.013714,6507
1760533216.114445,6919
1760533216.215175,6323
1760533216.315907,7008
1760533216.519347,5966
1760533216.620078,6452
1760533216.720842,7234
1760533216.821566,7009
1760533216.922297,7048
1760533217.023,6494
1760533217.123731,6849
1760533217.224462,6482
1760533217.325703,6588
1760533217.426465,6917
1760533217.527163,6365
1760533217.627921,6639
1760533217.830366,6870
1760533217.93111,6640
1760533218.031814,7179
1760533218.132544,6899
1760533218.233275,7336
1760533218.334005,6710
1760533218.434763,6758
1760533218.535466,6772
1760533218.636197,7256
1760533218.737925,6782
1760533218.838655,6810
1760533219.040117,7129
1760533219.141877,6367
1760533219.242576,6226
1760533219.344303,6959
1760533219.445062,6818
1760533219.545786,6770
1760533219.646496,7337
1760533219.747228,7197
1760533219.847957,7058
1760533219.950683,6600
1760533220.051925,6588
1760533220.152688,6639
1760533220.255382,6816
1760533220.3601,6675
1760533220.566055,6393
1760533220.666787,6720
1760533220.767516,5916
1760533220.868248,6403
1760533220.969975,6369
1760533221.070705,6671
1760533221.172466,6525
1760533221.273164,6256
1760533221.374444,6496
1760533221.475177,6829
1760533221.577926,7221
1760533221.680624,7234
1760533221.782353,6802
1760533221.986897,7195
1760533222.087655,6282
1760533222.188385,6502
1760533222.289597,6728
1760533222.390326,7306
1760533222.491058,6909
1760533222.591816,6361
1760533222.69252,6722
1760533222.794246,6252
1760533222.894977,7038
1760533222.995708,6839
1760533223.097436,7018
1760533223.200877,6283
1760533223.409352,7163
1760533223.512079,6989
1760533223.61281,6710
1760533223.713631,6923
1760533223.814362,6849
1760533223.915093,6343
1760533224.016572,7292
1760533224.117303,6512
1760533224.218033,6820
1760533224.318765,7058
1760533224.419495,7137
1760533224.521223,6562
1760533224.622926,6469
1760533224.726649,6401
1760533224.930131,6554
1760533225.030835,6623
1760533225.131566,6800
1760533225.233293,6615
1760533225.335021,6369
1760533225.436258,6963
1760533225.537467,6679
1760533225.639214,6820
1760533225.739946,6889
1760533225.842643,6465
1760533225.943375,6889
1760533226.047096,6797
1760533226.252129,6814
1760533226.353114,6793
1760533226.453845,6562
1760533226.554575,6284
1760533226.655306,6303
1760533226.756053,6491
1760533226.856786,7008
1760533226.957516,6254
1760533227.059245,7038
1760533227.164962,6621
1760533227.369417,6387
1760533227.471143,5976
1760533227.571874,6830
1760533227.672605,7018
1760533227.773335,6899
1760533227.874065,6671
1760533227.974796,6522
1760533228.075527,6919
1760533228.176258,6681
1760533228.276988,6661
1760533228.377718,6254
1760533228.479448,6635
1760533228.581174,6379
1760533228.684897,6633
1760533228.887355,6353
1760533228.988119,6817
1760533229.088816,6782
1760533229.189546,6294
1760533229.290277,6452
1760533229.392006,6389
1760533229.492736,6820
1760533229.593466,7306
1760533229.694224,7155
1760533229.795949,6733
1760533229.89668,6750
1760533229.99944,6276
1760533230.205889,6487
1760533230.308614,6242
1760533230.409344,6562
1760533230.510075,6869
1760533230.610806,6591
1760533230.715527,6856
1760533230.816256,6224
1760533230.9175,6420
1760533231.020223,6561
1760533231.122459,6690
1760533231.223188,7098
1760533231.32392,6929
1760533231.529371,6726
1760533231.529371,6726
1760533231.73482,6399
1760533231.836579,6869
1760533231.937338,6659
1760533232.039037,6883
1760533232.139768,6333
1760533232.240498,6998
1760533232.344221,6249
1760533232.444952,7038
1760533232.546679,6959
1760533232.647414,6264
1760533232.749138,5878
1760533232.952594,6802
1760533232.952594,6802
1760533233.154616,6594
1760533233.256853,6807
1760533233.357584,6820
1760533233.459339,6613
1760533233.561041,7129
1760533233.66194,6590
1760533233.763671,6428
1760533233.866396,6317
1760533233.967524,6585
1760533234.069287,5925
1760533234.17098,6558
1760533234.373439,7266
1760533234.475168,6664
1760533234.577892,6487
1760533234.678654,6917
1760533234.779353,6395
1760533234.881081,6831
1760533234.981811,6591
1760533235.082542,6671
1760533235.183272,6790
1760533235.284004,6879
1760533235.384766,7175
1760533235.485464,6147
1760533235.587193,6879
1760533235.79364,6746
1760533235.89437,6581
1760533235.996099,6301
1760533236.096858,7096
1760533236.1985,6607
1760533236.300227,6271
1760533236.400959,7048
1760533236.502686,6684
1760533236.603417,7048
1760533236.705159,6742
1760533236.806873,6852
1760533236.907603,6859
1760533237.008334,6442
1760533237.21179,6869
1760533237.313523,5996
1760533237.414253,6452
1760533237.515981,6389
1760533237.616739,6758
1760533237.71747,6571
1760533237.818173,6633
1760533237.919901,6134
1760533238.020631,6155
1760533238.121362,5787
1760533238.222093,6343
1760533238.32285,6897
1760533238.423554,6355
1760533238.628033,7431
1760533238.730733,7049
1760533238.833457,5801
1760533238.934692,158
1760533239.035402,6464
1760533239.136462,7203
1760533239.237193,6651
1760533239.337945,6501
1760533239.438716,6867
1760533239.540211,6827
1760533239.640972,7155
1760533239.741673,6752
1760533239.944131,6710
1760533240.04486,6899
1760533240.145893,6304
1760533240.246621,6621
1760533240.347353,6462
1760533240.448849,6384
1760533240.549553,6404
1760533240.650282,6969
1760533240.75104,6857
1760533240.852099,6847
1760533240.952827,6492
1760533241.053558,6591
1760533241.256017,5867
1760533241.356747,6581
1760533241.457478,6681
1760533241.558209,6939
1760533241.658939,7564
1760533241.760225,6792
1760533241.860989,6937
1760533241.962685,7306
1760533242.064412,7077
1760533242.166141,7376
1760533242.267868,6881
1760533242.368598,7098
1760533242.469329,7376
1760533242.570061,7902
1760533242.774313,7195
1760533242.875044,7068
1760533242.975776,6343
1760533243.076506,6353
1760533243.178234,6900
1760533243.278964,6939
1760533243.379695,6740
1760533243.480425,6641
1760533243.582154,3450
1760533243.682884,1528
1760533243.784613,1966
1760533243.988068,4010
1760533244.088798,4963
1760533244.189528,6204
1760533244.290291,5974
1760533244.390991,6722
1760533244.492246,6626
1760533244.593236,6743
1760533244.693966,6085
1760533244.794724,6431
1760533244.895429,7189
1760533244.996158,6621
1760533245.096888,6859
1760533245.19762,7038
1760533245.400155,7033
1760533245.500886,6552
1760533245.601653,6063
1760533245.702347,6524
1760533245.803078,6413
1760533245.903836,7155
1760533246.004579,7077
1760533246.106308,6576
1760533246.208035,6379
1760533246.3087,6288
1760533246.409459,6123
1760533246.612209,6413
1760533246.712963,6520
1760533246.813671,6523
1760533246.914402,6244
1760533247.015595,6314
1760533247.116354,6560
1760533247.217056,6881
1760533247.318188,6269
1760533247.418948,6847
1760533247.520669,6684
1760533247.622397,6153
1760533247.729085,6686
1760533247.830812,6291
1760533248.033271,6507
1760533248.134001,6323
1760533248.234733,6085
1760533248.33646,6763
1760533248.437218,6451
1760533248.537921,6573
1760533248.63965,6143
1760533248.740381,6542
1760533248.84111,6959
1760533248.941841,6542
1760533249.144299,6760
1760533249.24503,7395
1760533249.34576,6502
1760533249.446493,6313
1760533249.547249,6719
1760533249.647952,6752
1760533249.748683,6363
1760533249.849416,6313
1760533249.950144,6433
1760533250.050875,6830
1760533250.151605,6383
1760533250.252336,7346
1760533250.454795,6664
1760533250.55752,6278
1760533250.658251,7187
1760533250.758982,6155
1760533250.859712,7485
1760533250.960442,6433
1760533251.061332,6224
1760533251.162452,7100
1760533251.263186,6929
1760533251.363937,6650
1760533251.465643,6626
1760533251.566374,6929
1760533251.769649,6390
1760533251.872375,6395
1760533251.973104,6562
1760533252.074832,6969
1760533252.175562,6363
1760533252.276293,6154
1760533252.377023,6949
1760533252.477754,6701
1760533252.578484,6383
1760533252.679215,6184
1760533252.779946,7058
1760533252.88073,7342
1760533253.084188,6340
1760533253.184919,7266
1760533253.285649,7038
1760533253.387378,7038
1760533253.488109,6383
1760533253.589649,7583
1760533253.69038,6452
1760533253.791616,6272
1760533253.892346,6452
1760533253.993076,6840
1760533254.093808,6502
1760533254.194538,6194
1760533254.398214,6676
1760533254.498926,6354
1760533254.599656,6343
1760533254.701385,6851
1760533254.802114,7118
1760533254.902846,6393
1760533255.003576,6611
1760533255.104308,7008
1760533255.205037,7137
1760533255.306765,6743
1760533255.508237,6799
1760533255.508237,6799
1760533255.610305,6603
1760533255.813761,6959
1760533255.914997,6223
1760533256.015728,6830
1760533256.119451,6772
1760533256.221179,6134
1760533256.321937,6957
1760533256.422639,7060
1760533256.523372,7177
1760533256.624101,6730
1760533256.724832,6780
1760533256.826105,6605
1760533256.929796,6863
1760533257.030526,6671
1760533257.237972,7096
1760533257.340697,7067
1760533257.443423,7078
1760533257.54914,6328
1760533257.64987,6542
1760533257.751112,6736
1760533257.851843,6849
1760533257.952574,6998
1760533258.053304,6939
1760533258.154538,6479
1760533258.269231,6055
1760533258.371957,6356
1760533258.473685,6740
1760533258.575452,6279
1760533258.676182,6830
1760533258.880331,6615
1760533258.981065,6651
1760533259.081794,6661
1760533259.182589,6716
1760533259.283345,6421
1760533259.385072,6419
1760533259.485803,6859
1760533259.586533,7137
1760533259.688261,6566
1760533259.789487,6687
1760533259.890217,6830
1760533259.99128,6550
1760533260.094006,7135
1760533260.301451,6124
1760533260.404203,6325
1760533260.504928,6552
1760533260.606696,6249
1760533260.707397,6911
1760533260.808766,6570
1760533260.909492,6939
1760533261.011168,6461
1760533261.111925,7106
1760533261.315381,6651
1760533261.416591,6530
1760533261.518318,6792
1760533261.619582,6725
1760533261.720286,7288
1760533261.821523,6687
1760533261.922252,6711
1760533262.024488,6465
1760533262.126454,6659
1760533262.329937,6530
1760533262.430642,6524
1760533262.531371,6532
1760533262.632612,6331
1760533262.733343,6730
1760533262.834073,6085
1760533262.935801,6409
1760533263.037043,7151
1760533263.139772,6522
1760533263.241498,7028
1760533263.342229,6403
1760533263.442961,6164
1760533263.544225,6665
1760533263.747677,6360
1760533263.849004,6020
1760533263.950736,6792
1760533264.051467,6919
1760533264.152197,6651
1760533264.253435,6469
1760533264.354121,6267
1760533264.455873,6451
1760533264.556635,6986
1760533264.658865,6612
1760533264.862856,6509
1760533264.862856,6509
1760533265.064515,6393
1760533265.166242,6743
1760533265.268153,6211
1760533265.36988,6438
1760533265.475599,6531
1760533265.576349,6600
1760533265.678562,6134
1760533265.780318,6328
1760533265.881095,6410
1760533265.982826,6271
1760533266.083585,7016
1760533266.184287,6335
1760533266.290005,7067
1760533266.391733,6772
1760533266.593193,6990
1760533266.693928,6551
1760533266.794655,6046
1760533266.895386,6790
1760533266.996116,6274
1760533267.096869,7007
1760533267.197577,6543
1760533267.299306,7018
1760533267.400036,6710
1760533267.504757,5694
1760533267.606484,6301
1760533267.707215,6403
1760533267.810937,6131
1760533268.01342,6260
1760533268.114126,6444
1760533268.214865,6521
1760533268.315587,6661
1760533268.416318,6373
1760533268.518504,6392
1760533268.620231,6851
1760533268.723956,6893
1760533268.824684,6840
1760533268.925415,6869
1760533269.126876,7127
1760533269.126876,7127
1760533269.330333,6639
1760533269.432083,6545
1760533269.53279,6225
1760533269.633521,7038
1760533269.734252,6909
1760533269.834982,6740
1760533269.936711,7107
1760533270.03844,6173
1760533270.139344,6897
1760533270.240074,6353
1760533270.341803,6350
1760533270.549248,6271
1760533270.650908,6516
1760533270.752613,7030
1760533270.853878,6922
1760533270.956575,6637
1760533271.058303,6340
1760533271.161028,6648
1760533271.262777,6938
1760533271.363486,6613
1760533271.464217,7296
1760533271.564948,6959
1760533271.665679,7177
1760533271.766408,5966
1760533271.868651,7315
1760533271.970379,6812
1760533272.072107,7097
1760533272.275562,6900
1760533272.378288,6794
1760533272.481013,7009
1760533272.581743,6055
1760533272.682474,6780
1760533272.783206,6601
1760533272.884934,6831
1760533272.985663,7018
1760533273.086395,7058
1760533273.189119,7213
1760533273.390581,6623
1760533273.390581,6623
1760533273.593039,6694
1760533273.693796,6907
1760533273.795498,7000
1760533273.897226,6802
1760533273.998973,6594
1760533274.100707,6458
1760533274.202409,6666
1760533274.30314,6661
1760533274.404868,6458
1760533274.505601,6571
1760533274.608325,7242
1760533274.811942,6381
1760533274.91367,6527
1760533275.016423,6695
1760533275.11815,6320
1760533275.221846,7207
1760533275.323573,7008
1760533275.425305,6880
1760533275.527029,7294
1760533275.630998,6771
1760533275.732726,6822
1760533275.834455,6851
1760533275.935184,6730
1760533276.035961,6568
1760533276.137643,6677
1760533276.241873,6744
1760533276.342603,6303
1760533276.545525,6821
1760533276.647252,7411
1760533276.747983,6919
1760533276.849712,6522
1760533276.950442,6532
1760533277.051201,6738
1760533277.151902,6891
1760533277.25314,6124
1760533277.35387,6810
1760533277.456623,6812
1760533277.659054,6333
1760533277.659054,6333
1760533277.863881,6268
1760533277.96564,6574
1760533278.066362,6810
1760533278.167788,6664
1760533278.268492,6672
1760533278.369221,6333
1760533278.469952,6393
1760533278.570683,6581
1760533278.672411,6409
1760533278.773141,6621
1760533278.873872,6631
1760533278.975775,6466
1760533279.17727,6768
1760533279.277967,6891
1760533279.378698,6581
1760533279.479428,7316
1760533279.58018,6441
1760533279.680889,6762
1760533279.78162,6770
1760533279.882351,6899
1760533279.983411,6125
1760533280.084141,6641
1760533280.184873,6631
1760533280.387331,7374
1760533280.387331,7374
1760533280.592781,6566
1760533280.693513,7088
1760533280.79427,6947
1760533280.895646,6549
1760533280.99638,6849
1760533281.097107,6304
1760533281.197839,6144
1760533281.298569,6512
1760533281.399331,6867
1760533281.500456,6635
1760533281.601187,7286
1760533281.701945,6996
1760533281.903379,6691
1760533282.004109,6770
1760533282.105837,6596
1760533282.207565,6645
1760533282.308296,6254
1760533282.409026,6760
1760533282.509757,6830
1760533282.611485,6831
1760533282.712729,6716
1760533282.813459,6859
1760533283.014922,6671
1760533283.118643,6671
1760533283.219374,6423
1760533283.319917,6504
1760533283.420649,6601
1760533283.521378,6611
1760533283.623108,6713
1760533283.724328,6550
1760533283.826049,6370
1760533283.92678,6730
1760533284.028508,6733
1760533284.130236,6409
1760533284.336684,6487
1760533284.439409,6746
1760533284.54014,6790
1760533284.640871,6502
1760533284.741601,6413
1760533284.842331,6333
1760533284.943064,6522
1760533285.043792,6383
1760533285.144523,6770
1760533285.246251,6389
1760533285.347487,7112
1760533285.448167,6684
1760533285.549895,6576
1760533285.752358,6144
1760533285.853087,7128
1760533285.95382,6978
1760533286.05455,6214
1760533286.155283,7157
1760533286.256012,6879
1760533286.356743,6661
1760533286.45748,6184
1760533286.558214,6482
1760533286.658942,6820
1760533286.76067,6133
1760533286.861401,6800
1760533287.06386,6363
1760533287.165588,6615
1760533287.266318,6433
1760533287.367049,7296
1760533287.467779,6979
1760533287.568511,6939
1760533287.669241,6919
1760533287.769971,7048
1760533287.870701,6869
1760533287.971432,6899
1760533288.074158,6492
1760533288.279609,6556
1760533288.380342,6502
1760533288.482066,5849
1760533288.582798,6859
1760533288.683528,6710
1760533288.784258,6949
1760533288.885986,7490
1760533288.98723,7160
1760533289.087961,6601
1760533289.188693,6422
1760533289.289422,6343
1760533289.390153,6849
1760533289.595603,6970
1760533289.696333,6244
1760533289.797064,6691
1760533289.897794,6661
1760533289.99853,7117
1760533290.099267,6839
1760533290.201981,6299
1760533290.303217,6124
1760533290.403948,7038
1760533290.504678,6452
1760533290.606406,6900
1760533290.707138,7187
1760533290.808319,6513
1760533291.010286,6805
1760533291.111017,6909
1760533291.211748,6601
1760533291.312478,6194
1760533291.41321,6532
1760533291.513939,7058
1760533291.614671,6691
1760533291.715318,6199
1760533291.816049,6284
1760533291.917316,7129
1760533292.119774,6998
1760533292.220732,6775
1760533292.321463,6055
1760533292.422193,6045
1760533292.522924,6611
1760533292.623655,6482
1760533292.724387,6254
1760533292.825116,6234
1760533292.925846,7118
1760533293.027574,6733
1760533293.128304,6919
1760533293.229035,6383
1760533293.329765,6562
1760533293.531227,6740
1760533293.631958,6313
1760533293.732688,7535
1760533293.833948,6754
1760533293.934677,6452
1760533294.035408,6442
1760533294.136139,6859
1760533294.23687,5688
1760533294.3376,6075
1760533294.438331,6383
1760533294.539063,6303
1760533294.644779,6302
1760533294.754485,6239
1760533294.873168,6266
1760533294.983929,5597
1760533295.207371,5858
1760533295.207371,5858
1760533295.327558,5879
1760533295.461708,5582
1760533295.578411,5762
1760533295.691109,6700
1760533295.801844,6572
1760533295.918531,6763
1760533296.03522,6457
1760533296.145924,5754
1760533296.257151,6190
1760533296.374346,6725
1760533296.485565,6942
1760533296.590303,6645
1760533296.698016,6482
1760533296.802243,6827
1760533296.911952,6471
1760533297.029635,6460
1760533297.13635,6671
1760533297.25204,6044
1760533297.378702,6199
1760533297.512359,5880
1760533297.512359,5880
1760533297.635033,6225
1760533297.754711,6230
1760533297.868407,6503
1760533297.975122,6707
1760533298.091321,5824
1760533298.22699,5454
1760533298.337693,6612
1760533298.458876,5930
1760533298.572572,5997
1760533298.679287,6306
1760533298.786506,6443
1760533298.906185,6138
1760533299.030359,6367
1760533299.147048,6517
1760533299.263737,6650
1760533299.263737,6650
1760533299.376435,6669
1760533299.499106,6209
1760533299.620781,6397
1760533299.729,6220
1760533299.838707,6960
1760533300.055179,6687
1760533300.055179,6687
1760533300.184832,5257
1760533300.310496,6254
1760533300.432171,6405
1760533300.553845,7084
1760533300.553845,7084
1760533300.768272,6601
1760533300.870997,6415
1760533300.971728,6522
1760533301.073458,6482
1760533301.179173,6321
1760533301.283893,6235
1760533301.384638,6233
1760533301.485368,6482
1760533301.596259,6720
1760533301.699491,6587
1760533301.800222,6840
1760533301.900952,7068
1760533302.001683,6383
1760533302.102415,6710
1760533302.204142,6730
1760533302.408595,6202
1760533302.510322,6802
1760533302.611053,6820
1760533302.712145,6538
1760533302.813381,6598
1760533302.914113,6611
1760533303.014991,6314
1760533303.11572,6522
1760533303.21645,6532
1760533303.320175,6697
1760533303.420916,6213
1760533303.521647,7157
1760533303.72459,6956
1760533303.826308,6793
1760533303.937016,6641
1760533304.037746,6313
1760533304.138476,6333
1760533304.240204,6635
1760533304.348915,6586
1760533304.450641,6655
1760533304.551372,6065
1760533304.653612,6445
1760533304.754342,6115
1760533304.85607,6802
1760533304.956801,6562
1760533305.057531,6452
1760533305.158262,6601
1760533305.261986,6266
1760533305.465468,6191
1760533305.56617,6921
1760533305.666901,6393
1760533305.767632,6810
1760533305.869366,6517
1760533305.970596,6223
1760533306.071326,6572
1760533306.172058,6601
1760533306.272787,6532
1760533306.373519,6691
1760533306.476503,6382
1760533306.683947,6755
1760533306.784678,6264
1760533306.88541,6502
1760533306.986139,6492
1760533307.086869,6293
1760533307.187601,6919
1760533307.288331,6174
1760533307.389061,6433
1760533307.489792,6691
1760533307.590523,6472
1760533307.691422,6491
1760533307.792824,6331
1760533307.996279,6311
1760533308.097019,6333
1760533308.197803,6568
1760533308.298775,6546
1760533308.399468,6435
1760533308.500199,6373
1760533308.600929,6849
1760533308.702164,6450
1760533308.802924,6470
1760533308.903652,6641
1760533309.004356,6345
1760533309.208751,6435
1760533309.311475,6853
1760533309.412206,6323
1760533309.513966,6476
1760533309.614686,6582
1760533309.715395,6027
1760533309.816125,6998
1760533309.917592,6573
1760533310.018291,6345
1760533310.11914,6445
1760533310.220674,6323
1760533310.321424,6441
1760533310.523884,6574
1760533310.625119,6766
1760533310.725822,7249
1760533310.827059,6845
1760533310.927789,6919
1760533311.028775,7208
1760533311.129534,7264
1760533311.231319,6926
1760533311.332022,6275
1760533311.432753,6889
1760533311.533483,6214
1760533311.634723,7200
1760533311.738445,6247
1760533311.940414,6323
1760533312.041678,6626
1760533312.142379,6663
1760533312.24311,6204
1760533312.343841,6671
1760533312.444572,6571
1760533312.546299,6576
1760533312.647536,6529
1760533312.748294,6679
1760533312.849769,6287
1760533312.951499,6291
1760533313.052618,6655
1760533313.155369,6968
1760533313.358496,6358
1760533313.459732,6371
1760533313.56146,6831
1760533313.66258,6912
1760533313.76431,6713
1760533313.865548,6499
1760533313.966307,6401
1760533314.067931,7183
1760533314.169683,6790
1760533314.270393,6543
1760533314.371123,6591
1760533314.474026,6384
1760533314.677512,6721
1760533314.778788,6447
1760533314.879486,6117
1760533314.981214,6556
1760533315.081972,6351
1760533315.182676,6524
1760533315.283406,7207
1760533315.384137,6552
1760533315.484868,6482
1760533315.585598,6780
1760533315.686676,6519
1760533315.787407,6730
1760533315.991861,6785
1760533316.092979,6477
1760533316.193739,6262
1760533316.295007,6833
1760533316.396735,6468
1760533316.49797,6875
1760533316.598701,6601
1760533316.699941,6588
1760533316.80067,6621
1760533316.901906,7280
1760533317.002638,6740
1760533317.103875,6292
1760533317.205601,1386
1760533317.40806,1445
1760533317.508841,1776
1760533317.609598,2123
1760533317.710372,2808
1760533317.811074,3485
1760533317.912807,4344
1760533318.013534,5222
1760533318.11477,5877
1760533318.215501,6502
1760533318.320956,6538
1760533318.422681,6871
1760533318.533385,6846
1760533318.638106,6082
1760533318.740831,6317
1760533318.943292,6458
1760533319.044025,6641
1760533319.144758,6234
1760533319.246484,6753
1760533319.347215,6760
1760533319.447945,6849
1760533319.548676,6820
1760533319.649407,6671
1760533319.750137,6373
1760533319.850868,6403
1760533319.951598,6730
1760533320.055322,5900
1760533320.156539,6668
1760533320.359994,6327
1760533320.460725,6899
1760533320.561455,7227
1760533320.662187,6512
1760533320.763914,6714
1760533320.864645,7415
1760533320.966373,6989
1760533321.067131,6848
1760533321.168832,6538
1760533321.269562,6740
1760533321.37129,6969
1760533321.473523,6543
1760533321.575251,6576
1760533321.778708,6851
1760533321.879438,6472
1760533321.980679,6657
1760533322.08141,6164
1760533322.18214,6859
1760533322.282871,6303
1760533322.383603,6770
1760533322.484333,6393
1760533322.585063,6909
1760533322.685793,6522
1760533322.786526,6293
1760533322.990659,7087
1760533323.092387,6212
1760533323.193327,6508
1760533323.29406,6532
1760533323.394791,6720
1760533323.495521,6214
1760533323.596279,6709
1760533323.696983,6633
1760533323.797655,6188
1760533323.899383,6645
1760533324.000114,6651
1760533324.202573,6861
1760533324.202573,6861
1760533324.405058,6788
1760533324.505769,6841
1760533324.606503,6819
1760533324.708118,6869
1760533324.808876,7155
1760533324.909579,6504
1760533325.011021,6742
1760533325.111779,6719
1760533325.214477,6076
1760533325.316204,6487
1760533325.518731,6502
1760533325.620021,6545
1760533325.720779,6699
1760533325.821482,6702
1760533325.92224,7016
1760533326.02793,6783
1760533326.129657,6674
1760533326.230388,6988
1760533326.331118,7386
1760533326.431849,6442
1760533326.53258,6730
1760533326.633311,7008
1760533326.736572,6788
1760533326.939999,6291
1760533327.040731,6681
1760533327.141461,6790
1760533327.243189,6664
1760533327.343946,6987
1760533327.444651,6375
1760533327.54538,6026
1760533327.646111,6611
1760533327.747526,6655
1760533327.848279,6243
1760533328.051713,6468
1760533328.15344,6252
1760533328.257163,5958
1760533328.35889,6576
1760533328.459621,6681
1760533328.560352,7058
1760533328.661083,7018
1760533328.761813,6572
1760533328.862544,6591
1760533328.963274,7147
1760533329.064005,6681
1760533329.16471,6424
1760533329.265441,7524
1760533329.468924,6133
1760533329.570402,6425
1760533329.672129,6224
1760533329.773857,6399
1760533329.874587,6472
1760533329.975322,6343
1760533330.077046,6989
1760533330.177798,6679
1760533330.278507,6752
1760533330.379238,6393
1760533330.479995,6203
1760533330.5807,6067
1760533330.684929,6859
1760533330.889591,6121
1760533330.990317,6691
1760533331.091048,6353
1760533331.192257,6372
1760533331.293493,6321
1760533331.394224,6542
1760533331.494957,6373
1760533331.595688,7058
1760533331.697443,7095
1760533331.798146,6534
1760533331.898878,6830
1760533332.000605,6448
1760533332.204088,6599
1760533332.304818,6423
1760533332.405522,6663
1760533332.506253,6671
1760533332.606983,6820
1760533332.70822,6756
1760533332.809003,6092
1760533332.909831,5682
1760533333.010561,6681
1760533333.11197,6616
1760533333.213698,7018
1760533333.415706,6671
1760533333.516435,5837
1760533333.617166,6552
1760533333.718409,7170
1760533333.819139,6323
1760533333.91987,6184
1760533334.020602,7078
1760533334.121331,7028
1760533334.222176,6207
1760533334.323714,6096
1760533334.425442,6006
1760533334.526172,6681
1760533334.626913,6511
1760533334.83089,6240
1760533334.93162,7068
1760533335.032351,6790
1760533335.133081,7058
1760533335.23481,6763
1760533335.336537,6910
1760533335.43729,6888
1760533335.538996,6213
1760533335.639726,6661
1760533335.842186,6831
1760533335.943913,6615
1760533336.045128,6797
1760533336.145858,6919
1760533336.246588,6830
1760533336.347319,6909
1760533336.448558,6598
1760533336.549288,6393
1760533336.650019,6681
1760533336.750749,6601
1760533336.851481,6770
1760533336.952718,6944
1760533337.053449,6998
1760533337.155178,6517
1760533337.359078,6255
1760533337.459808,6601
1760533337.560538,6681
1760533337.661572,6463
1760533337.762306,6949
1760533337.864054,7184
1760533337.964791,6909
1760533338.065494,6941
1760533338.166272,6628
1760533338.267009,5837
1760533338.367739,6621
1760533338.472433,6657
1760533338.674892,7097
1760533338.775628,7276
1760533338.876359,6889
1760533338.97709,6840
1760533339.077822,6691
1760533339.178551,7008
1760533339.279282,6621
1760533339.380239,7795
1760533339.481005,7026
1760533339.581733,6621
1760533339.682433,6782
1760533339.783164,6730
1760533339.987617,6681
1760533340.089346,6684
1760533340.190103,6391
1760533340.290806,2502
1760533340.391537,2561
1760533340.493265,4531
1760533340.593996,5837
1760533340.694726,6333
1760533340.795456,6423
1760533340.896187,6055
1760533341.097649,7773
1760533341.198354,6941
1760533341.299084,6333
1760533341.399815,7028
1760533341.500573,6967
1760533341.601276,6742
1760533341.702022,6888
1760533341.802737,7009
1760533341.903496,6728
1760533342.004221,6423
1760533342.105927,5860
1760533342.206658,5807
1760533342.408119,6899
1760533342.50885,6403
1760533342.610578,6330
1760533342.711308,6532
1760533342.812066,6570
1760533342.912771,6603
1760533343.0135,6919
1760533343.114231,6710
1760533343.214961,6691
1760533343.316691,6242
1760533343.418419,6586
1760533343.619878,6641
1760533343.721136,6656
1760533343.821844,6831
1760533343.922575,6661
1760533344.023307,6472
1760533344.124037,6979
1760533344.224767,6393
1760533344.325497,5887
1760533344.426249,5885
1760533344.526986,6750
1760533344.627689,6732
1760533344.72842,6969
1760533344.929881,6184
1760533345.030612,5569
1760533345.13237,6328
1760533345.234097,6202
1760533345.335825,5406
1760533345.43759,6672
1760533345.53829,6027
1760533345.640017,7333
1760533345.74075,6631
1760533345.84148,7316
1760533345.942209,6869
1760533346.043974,6770
1760533346.145702,6999
1760533346.250422,6366
1760533346.455873,6194
1760533346.557601,6664
1760533346.659329,6684
1760533346.760033,6802
1760533346.860795,6579
1760533346.961493,6911
1760533347.062223,6720
1760533347.166944,6789
1760533347.267674,7336
1760533347.368405,7346
1760533347.469135,6909
1760533347.570863,6350
1760533347.774347,7116
1760533347.875049,6553
1760533347.976778,6959
1760533348.078506,6782
1760533348.181231,6648
1760533348.28296,6281
1760533348.38369,5311
1760533348.48442,1588
1760533348.58515,1270
1760533348.685882,1230
1760533348.786613,1360
1760533348.988072,1370
1760533348.988072,1370
1760533349.088804,1528
1760533349.293256,1179
1760533349.393987,1260
1760533349.494718,1369
1760533349.595449,1310
1760533349.696179,1379
1760533349.798904,1362
1760533349.900632,1350
1760533350.001827,1413
1760533350.103421,1427
1760533350.204152,1647
1760533350.304883,1340
1760533350.405614,1300
1760533350.611065,1379
1760533350.712792,1572
1760533350.815518,1494
1760533350.916253,1181
1760533351.018979,1401
1760533351.120727,1464
1760533351.221437,1290
1760533351.322672,1294
1760533351.423908,1560
1760533351.626367,1464
1760533351.728096,1366
1760533351.828827,1419
1760533351.930553,1425
1760533352.032283,1425
1760533352.135007,1284
1760533352.242719,1346
1760533352.343957,1837
1760533352.444688,1479
1760533352.545418,1310
1760533352.646149,1439
1760533352.74688,1449
1760533352.850605,1246
1760533352.95233,1680
1760533353.059045,1508
1760533353.163765,1165
1760533353.367221,1474
1760533353.469946,1602
1760533353.570676,1280
1760533353.671911,1402
1760533353.772644,1508
1760533353.873403,1379
1760533353.974086,1400
1760533354.075817,1366
1760533354.177043,1501
1760533354.277747,1568
1760533354.378477,1489
1760533354.479749,1579
1760533354.588458,1481
1760533354.78992,1369
1760533354.891647,1386
1760533354.992377,1528
1760533355.094105,1258
1760533355.194836,1260
1760533355.295567,1250
1760533355.396298,1300
1760533355.49745,1502
1760533355.598209,1220
1760533355.699937,1484
1760533355.800639,1221
1760533355.90137,1528
1760533356.003235,1625
1760533356.107954,1375
1760533356.311437,1562
1760533356.41221,1567
1760533356.51394,1582
1760533356.614672,1389
1760533356.715428,1260
1760533356.816132,1578
1760533356.917166,1435
1760533357.017897,1270
1760533357.118627,1727
1760533357.219358,1667
1760533357.320089,1469
1760533357.526537,1586
1760533357.627267,1568
1760533357.729993,1440
1760533357.831146,1265
1760533357.931878,1141
1760533358.032608,1419
1760533358.133338,1409
1760533358.234069,1240
1760533358.334804,1389
1760533358.43553,1389
1760533358.536264,1340
1760533358.638031,1414
1760533358.739723,1484
1760533358.841465,1582
1760533359.045216,1503
1760533359.146452,1353
1760533359.247182,1499
1760533359.349909,1690
1760533359.451637,1513
1760533359.553364,1464
1760533359.654411,1642
1760533359.756141,1425
1760533359.85687,1250
1760533359.958598,1425
1760533360.060831,1349
1760533360.162559,1159
1760533360.265285,1586
1760533360.469736,1277
1760533360.570977,1570
1760533360.671707,1558
1760533360.772465,1478
1760533360.873168,1449
1760533360.974082,1644
1760533361.075805,1513
1760533361.176536,1508
1760533361.277774,1422
1760533361.380503,1392
1760533361.582523,1578
1760533361.582523,1578
1760533361.784981,1415
1760533361.88591,1634
1760533361.988635,1484
1760533362.089365,1588
1760533362.190128,1458
1760533362.290857,1528
1760533362.393581,1275
1760533362.494312,1459
1760533362.595042,1548
1760533362.695773,1528
1760533362.798498,1440
1760533362.901223,1284
1760533363.003963,1411
1760533363.206408,1543
1760533363.307138,1191
1760533363.408867,1290
1760533363.512589,1243
1760533363.615314,1353
1760533363.716045,1518
1760533363.816776,1479
1760533363.918531,1729
1760533364.019235,1290
1760533364.119964,1429
1760533364.220696,1240
1760533364.321456,1280
1760533364.423154,1410
1760533364.624615,1499
1760533364.726373,1582
1760533364.828071,1211
1760533364.928801,1419
1760533365.029533,1310
1760533365.13126,1386
1760533365.23199,1221
1760533365.333718,1543
1760533365.434448,1717
1760533365.535179,1399
1760533365.635989,1170
1760533365.838448,1360
1760533365.94021,1611
1760533366.040906,1608
1760533366.141964,1306
1760533366.242666,1380
1760533366.343429,1568
1760533366.444158,1270
1760533366.545856,1415
1760533366.646613,1458
1760533366.747326,1608
1760533366.84913,1394
1760533366.949871,1548
1760533367.050595,1419
1760533367.152223,1341
1760533367.35886,1304
1760533367.459591,1399
1760533367.561047,1241
1760533367.66212,1484
1760533367.763843,1258
1760533367.864604,1439
1760533367.965305,1390
1760533368.066057,1310
1760533368.167537,1202
1760533368.268268,1409
1760533368.368999,1350
1760533368.471752,1255
1760533368.67421,1464
1760533368.774913,1529
1760533368.875673,1707
1760533368.976966,1500
1760533369.077696,1518
1760533369.179424,1405
1760533369.280156,1409
1760533369.381324,1334
1760533369.483056,1395
1760533369.583785,1598
1760533369.785273,1548
1760533369.886974,1396
1760533369.988702,1366
1760533370.089433,1479
1760533370.190191,1349
1760533370.290894,1300
1760533370.392622,1297
1760533370.493353,1399
1760533370.59508,1543
1760533370.696808,1484
1760533370.79754,1806
1760533370.899267,1258
1760533371.101726,1459
1760533371.202457,1369
1760533371.303187,1419
1760533371.403917,1280
1760533371.504675,1439
1760533371.606377,1307
1760533371.707107,1360
1760533371.807836,1439
1760533371.911561,1465
1760533372.01628,1489
1760533372.219736,1336
1760533372.320466,1240
1760533372.421196,1697
1760533372.521927,1379
1760533372.622657,1340
1760533372.723388,1340
1760533372.824145,1389
1760533372.924875,1499
1760533373.025607,1419
1760533373.126358,1359
1760533373.228101,1376
1760533373.430558,1270
1760533373.531289,1280
1760533373.63205,1161
1760533373.73316,1661
1760533373.833869,1380
1760533373.934621,1508
1760533374.035331,1449
1760533374.136351,1385
1760533374.237057,1717
1760533374.337815,1240
1760533374.438537,1528
1760533374.539246,1529
1760533374.639977,1449
1760533374.84443,1602
1760533374.945671,1432
1760533375.046401,1221
1760533375.147132,794
1760533375.247863,1290
1760533375.348593,1270
1760533375.449324,1350
1760533375.549965,1450
1760533375.650696,1429
1760533375.751426,1201
1760533375.852157,1528
1760533375.952888,1459
1760533376.156343,1327
1760533376.257075,1588
1760533376.357804,1479
1760533376.458535,1409
1760533376.559265,1479
1760533376.659996,1667
1760533376.761424,1143
1760533376.862155,1459
1760533376.962913,1429
1760533377.063616,1489
1760533377.164347,1389
1760533377.369731,1341
1760533377.471458,1258
1760533377.572721,1451
1760533377.673423,1469
1760533377.774154,1399
1760533377.87492,1468
1760533377.975616,1430
1760533378.077343,1248
1760533378.179071,1218
1760533378.279801,1360
1760533378.380533,1409
1760533378.482261,1464
1760533378.583988,1533
1760533378.786466,1346
1760533378.887153,1440
1760533378.98839,1392
1760533379.08963,1412
1760533379.190866,1481
1760533379.291571,1380
1760533379.39228,1370
1760533379.493074,1398
1760533379.594739,1554
1760533379.695471,1489
1760533379.89693,1508
1760533379.89693,1508
1760533380.100905,1415
1760533380.202623,1415
1760533380.303355,1578
1760533380.405082,1395
1760533380.505814,1608
1760533380.60754,1489
1760533380.708271,1250
1760533380.809001,1618
1760533380.912242,1462
1760533381.013414,1423
1760533381.114146,1300
1760533381.215873,1268
1760533381.316605,1240
1760533381.522056,1314
1760533381.622785,1489
1760533381.724514,1395
1760533381.826241,1376
1760533381.927969,1346
1760533382.028727,1319
1760533382.12943,1310
1760533382.231158,1356
1760533382.332886,1445
1760533382.434614,1405
1760533382.53734,1654
1760533382.63807,1558
1760533382.739826,1444
1760533382.94428,1337
1760533383.04501,1350
1760533383.145741,1618
1760533383.246471,1389
1760533383.347202,1250
1760533383.448475,1619
1760533383.549227,1270
1760533383.649938,1429
1760533383.750667,1489
1760533383.851906,1402
1760533383.952669,1468
1760533384.053368,1290
1760533384.154098,1459
1760533384.358551,1330
1760533384.459281,2015
1760533384.561094,1650
1760533384.661862,1895
1760533384.762618,1806
1760533384.863346,1657
1760533384.964076,1925
1760533385.065804,2152
1760533385.166534,2303
1760533385.267265,2749
1760533385.367996,2749
1760533385.469048,3562
1760533385.676607,5209
1760533385.77933,5733
1760533385.880064,7187
1760533385.98082,6421
1760533386.08252,6971
1760533386.183791,6309
1760533386.285259,6573
1760533386.38599,6373
1760533386.48672,5718
1760533386.58745,6701
1760533386.688209,6609
1760533386.78991,6702
1760533386.991512,6533
1760533387.093238,6733
1760533387.19397,6820
1760533387.2947,6859
1760533387.39543,6691
1760533387.496161,6859
1760533387.596891,6631
1760533387.697623,6522
1760533387.798352,6830
1760533387.899084,7048
1760533387.999814,6532
1760533388.101161,6226
1760533388.302623,7187
1760533388.403386,6986
1760533388.504084,7229
1760533388.605812,6625
1760533388.706543,6204
1760533388.807273,5648
1760533388.908004,6879
1760533389.008735,6482
1760533389.109468,6591
1760533389.210223,6570
1760533389.310958,4308
1760533389.411657,4558
1760533389.514383,6025
1760533389.716841,6224
1760533389.817573,6700
1760533389.9193,6527
1760533390.020029,6264
1760533390.120781,6352
1760533390.221834,6788
1760533390.322564,6571
1760533390.423295,5946
1760533390.524025,6879
1760533390.624756,6432
1760533390.725524,6708
1760533390.929965,6368
1760533391.031692,5868
1760533391.132424,6065
1760533391.233154,6423
1760533391.333884,6542
1760533391.434615,6621
1760533391.535345,6780
1760533391.637073,6802
1760533391.738802,6442
1760533391.839561,6728
1760533391.940263,6901
1760533392.041006,6799
1760533392.141765,5925
1760533392.24546,5673
1760533392.447945,6623
1760533392.548649,7070
1760533392.649379,6631
1760533392.75011,6621
1760533392.850841,6452
1760533392.952569,6831
1760533393.054296,6871
1760533393.155027,6393
1760533393.357587,6214
1760533393.458318,6065
1760533393.56007,6181
1760533393.660801,6353
1760533393.762529,6242
1760533393.863259,6284
1760533393.96399,6423
1760533394.064721,6641
1760533394.165453,6293
1760533394.266182,6780
1760533394.36791,6694
1760533394.573429,5982
1760533394.674133,5987
1760533394.774863,6333
1760533394.875593,6115
1760533394.978319,7086
1760533395.079049,6333
1760533395.179807,6371
1760533395.281508,7000
1760533395.382239,6631
1760533395.483001,7076
1760533395.5837,6802
1760533395.686426,6200
1760533395.79314,5889
1760533395.995625,6594
1760533396.096329,5819
1760533396.197098,6519
1760533396.297811,6722
1760533396.398548,6293
1760533396.499285,6333
1760533396.600981,6804
1760533396.702707,6379
1760533396.803438,6095
1760533396.904169,6204
1760533397.109619,6502
1760533397.210498,6502
1760533397.311228,6572
1760533397.41196,6661
1760533397.513687,6340
1760533397.614418,5966
1760533397.715176,6520
1760533397.815906,6581
1760533397.917366,7047
1760533398.01812,6252
1760533398.220824,6523
1760533398.220824,6523
1760533398.424281,6320
1760533398.525011,6462
1760533398.626739,6591
1760533398.72747,6135
1760533398.8282,6760
1760533398.929425,6520
1760533399.030976,6902
1760533399.131713,6472
1760533399.233435,7196
1760533399.334139,6792
1760533399.434915,6380
1760533399.536598,7120
1760533399.639443,6038
1760533399.843875,2083
1760533399.945594,3391
1760533400.046325,4288
1760533400.147055,5400
1760533400.247786,6115
1760533400.348516,7028
1760533400.450273,6181
1760533400.551972,7138
1760533400.652725,6322
1760533400.753461,6353
1760533400.854169,6176
1760533401.056629,6015
1760533401.158356,6655
1760533401.259594,6469
1760533401.360323,6363
1760533401.461054,6323
1760533401.561783,6452
1760533401.662515,6353
1760533401.763245,6859
1760533401.863976,5966
1760533401.964706,6452
1760533402.065437,6770
1760533402.16667,6825
1760533402.270393,6251
1760533402.473853,6585
1760533402.576574,7038
1760533402.679299,6269
1760533402.781059,7036
1760533402.881758,6663
1760533402.982488,6661
1760533403.083219,6601
1760533403.18395,6552
1760533403.285677,6556
1760533403.387406,6389
1760533403.488395,7089
1760533403.589126,6701
1760533403.692852,6199
1760533403.799565,2308
1760533403.900322,3354
1760533404.106742,5600
1760533404.20847,6478
1760533404.309709,6321
1760533404.410439,6274
1760533404.512168,6812
1760533404.612899,6323
1760533404.713629,6691
1760533404.814359,6760
1760533404.91509,6631
1760533405.01582,6462
1760533405.116551,7068
1760533405.319011,7018
1760533405.41974,6373
1760533405.520498,6133
1760533405.62124,6352
1760533405.721967,6860
1760533405.823201,6361
1760533405.923933,6482
1760533406.024664,6770
1760533406.125394,6711
1760533406.226456,6431
1760533406.327186,6214
1760533406.427917,6790
1760533406.530643,7047
1760533406.633369,6949
1760533406.838818,6261
1760533406.939549,6691
1760533407.04028,6800
1760533407.141522,6696
1760533407.242253,6800
1760533407.342985,6234
1760533407.443715,6025
1760533407.544444,6403
1760533407.645208,6540
1760533407.745906,6574
1760533407.846637,7098
1760533407.949362,6424
1760533408.151891,6810
1760533408.252622,6869
1760533408.353353,6234
1760533408.454633,6802
1760533408.555363,6840
1760533408.656093,7108
1760533408.756855,6371
1760533408.857555,6772
1760533408.959282,6635
1760533409.06101,6655
1760533409.161742,6452
1760533409.366698,6736
1760533409.467429,6730
1760533409.568162,6939
1760533409.669888,6753
1760533409.770618,6552
1760533409.872014,6706
1760533409.972744,6979
1760533410.074473,6792
1760533410.175203,6502
1760533410.275934,6681
1760533410.376664,6641
1760533410.477395,6671
1760533410.678856,6651
1760533410.7803,5944
1760533410.881034,6810
1760533410.982759,7028
1760533411.08352,6738
1760533411.18422,6246
1760533411.284952,5916
1760533411.385723,6787
1760533411.486421,6286
1760533411.587638,6194
1760533411.688958,6425
1760533411.791683,6522
1760533411.894408,6493
1760533412.096866,7038
1760533412.197551,6833
1760533412.298281,7028
1760533412.399011,6810
1760533412.499742,6691
1760533412.600983,6410
1760533412.701712,7405
1760533412.802443,6879
1760533412.903173,7376
1760533413.003904,6949
1760533413.104679,6301
1760533413.205396,7009
1760533413.411831,6853
1760533413.513557,4177
1760533413.614288,1508
1760533413.715019,1518
1760533413.815751,4864
1760533413.916482,6740
1760533414.017211,6214
1760533414.117942,6800
1760533414.219669,5711
1760533414.322395,6366
1760533414.423567,6217
1760533414.526292,7047
1760533414.62802,6497
1760533414.830478,6601
1760533414.932207,6635
1760533415.032937,6393
1760533415.133668,6760
1760533415.234399,7108
1760533415.337634,6538
1760533415.438364,6472
1760533415.541089,6609
1760533415.641819,6969
1760533415.74255,6502
1760533415.843281,6492
1760533415.949996,5930
1760533416.05272,6580
1760533416.158438,7103
1760533416.359899,6224
1760533416.460629,6413
1760533416.561361,6671
1760533416.662106,6481
1760533416.762838,6720
1760533416.86357,7018
1760533416.9643,6969
1760533417.06503,6383
1760533417.166275,7101
1760533417.368734,6115
1760533417.368734,6115
1760533417.571193,6403
1760533417.671946,6163
1760533417.773652,6970
1760533417.874937,6358
1760533417.977663,6841
1760533418.078147,7234
1760533418.178884,6432
1760533418.281602,6941
1760533418.382333,6691
1760533418.483063,7634
1760533418.583794,6611
1760533418.787251,7098
1760533418.887982,7028
1760533418.989476,6926
1760533419.091213,6782
1760533419.192936,7215
1760533419.294661,7195
1760533419.396388,6261
1760533419.497119,6671
1760533419.597849,6740
1760533419.699577,6458
1760533419.800308,6790
1760533419.900834,6267
1760533420.002122,6831
1760533420.20458,6922
1760533420.306308,6537
1760533420.407038,6433
1760533420.507769,6869
1760533420.608522,6510
1760533420.709258,7048
1760533420.809961,7536
1760533420.910692,6691
1760533421.012452,6426
1760533421.113177,6880
1760533421.213908,6562
1760533421.415344,6931
1760533421.51707,6370
1760533421.6178,7276
1760533421.718531,6691
1760533421.819266,7078
1760533421.919992,6830
1760533422.020723,6899
1760533422.122451,6930
1760533422.223181,7257
1760533422.324937,7085
1760533422.42564,7060
1760533422.526371,6671
1760533422.727832,6532
1760533422.828562,7137
1760533422.929293,7048
1760533423.0306,7344
1760533423.132315,7397
1760533423.233031,6970
1760533423.333791,7483
1760533423.434493,7139
1760533423.535223,6552
1760533423.636951,6861
1760533423.737682,6978
1760533423.838434,6917
1760533423.939509,7222
1760533424.150944,7145
1760533424.252672,7264
1760533424.353881,7084
1760533424.454576,6822
1760533424.555307,6522
1760533424.656037,7137
1760533424.757274,6667
1760533424.858004,7296
1760533424.958762,6977
1760533425.059493,6611
1760533425.160196,6653
1760533425.260928,6720
1760533425.361658,6711
1760533425.564479,6613
1760533425.665191,6692
1760533425.765929,6680
1760533425.866704,7124
1760533425.967405,6683
1760533426.068555,6880
1760533426.170287,6694
1760533426.271017,6760
1760533426.371747,6581
1760533426.573209,6452
1760533426.674771,6764
1760533426.775481,6771
1760533426.876209,7197
1760533426.976942,6790
1760533427.077684,6948
1760533427.179411,6369
1760533427.280141,6413
1760533427.381089,6597
1760533427.482819,6949
1760533427.583551,6899
1760533427.684281,6919
1760533427.785012,6740
1760533427.987171,6740
1760533428.088897,7008
1760533428.189628,6929
1760533428.290358,7137
1760533428.391116,6719
1760533428.491819,6444
1760533428.59255,6899
1760533428.693315,7234
1760533428.79501,7266
1760533428.895739,6661
1760533428.996497,6927
1760533429.0972,6663
1760533429.198866,6570
1760533429.403319,7097
1760533429.504049,6691
1760533429.604781,6621
1760533429.705511,6750
1760533429.806981,6790
1760533429.908681,6519
1760533430.009411,6830
1760533430.11017,6639
1760533430.210872,6971
1760533430.311603,7117
1760533430.412336,6244
1760533430.514089,7017
1760533430.718515,6224
1760533430.819754,6667
1760533430.920506,6590
1760533431.021215,6831
1760533431.121945,7227
1760533431.222675,6701
1760533431.324423,6309
1760533431.425154,6512
1760533431.525884,6621
1760533431.626615,6025
1760533431.727345,6591
1760533431.828076,6184
1760533432.031532,6841
1760533432.133054,6570
1760533432.233811,6609
1760533432.334515,6335
1760533432.438238,6373
1760533432.539481,6133
1760533432.647193,6447
1760533432.747951,6341
1760533432.848653,6365
1760533432.95041,6564
1760533433.051112,7457
1760533433.151844,6959
1760533433.253571,6694
1760533433.456536,6812
1760533433.558286,6427
1760533433.658994,6374
1760533433.759726,6363
1760533433.860455,7118
1760533433.961211,7195
1760533434.062914,6705
1760533434.167634,6596
1760533434.269362,6674
1760533434.370092,6581
1760533434.470823,6006
1760533434.571554,6403
1760533434.674279,7284
1760533434.876737,6591
1760533434.977499,7413
1760533435.078221,6483
1760533435.178956,6720
1760533435.280381,6990
1760533435.381112,6571
1760533435.481842,6403
1760533435.582572,6304
1760533435.683303,6681
1760533435.784038,7395
1760533435.88527,6539
1760533435.987995,6532
1760533436.190453,6710
1760533436.291186,6710
1760533436.391946,6718
1760533436.492646,6911
1760533436.593402,6917
1760533436.694107,6434
1760533436.794836,6750
1760533436.895567,6621
1760533436.996298,7117
1760533437.099023,6132
1760533437.199753,6135
1760533437.301482,6537
1760533437.405205,7234
1760533437.60803,6949
1760533437.709756,7107
1760533437.810508,6570
1760533437.912216,6862
1760533438.012973,6441
1760533438.113676,6891
1760533438.214407,6571
1760533438.315165,6510
1760533438.415868,6325
1760533438.517596,7136
1760533438.722049,7008
1760533438.823482,6743
1760533438.924212,6671
1760533439.024943,7574
1760533439.125674,7167
1760533439.227402,6802
1760533439.328132,6641
1760533439.428863,6264
1760533439.529593,6303
1760533439.631354,6741
1760533439.734084,6813
1760533439.83482,6422
1760533439.936571,6230
1760533440.140049,6968
1760533440.240946,6709
1760533440.341677,7376
1760533440.442407,6571
1760533440.544135,6723
1760533440.644866,6532
1760533440.745596,6184
1760533440.846327,6442
1760533440.94856,6191
1760533441.051286,6385
1760533441.153013,6163
1760533441.356469,6389
1760533441.462187,6356
1760533441.563914,6596
1760533441.665641,6792
1760533441.766877,6351
1760533441.867608,6750
1760533441.970004,6508
1760533442.070733,6611
1760533442.171465,6264
1760533442.272195,7038
1760533442.374036,6902
1760533442.474766,6353
1760533442.575496,6701
1760533442.778953,7832
1760533442.778953,7832
1760533442.98261,6740
1760533443.08334,6929
1760533443.184071,6899
1760533443.284801,6849
1760533443.386478,6451
1760533443.487207,7118
1760533443.588936,6654
1760533443.690663,6193
1760533443.791403,6521
1760533443.892637,7369
1760533443.994366,6497
1760533444.199335,6649
1760533444.300066,7177
1760533444.401796,6487
1760533444.503522,7166
1760533444.60525,6782
1760533444.706978,6124
1760533444.810701,6768
1760533444.912429,6822
1760533445.014157,6999
1760533445.115885,6448
1760533445.217613,7215
1760533445.319342,6822
1760533445.421069,6625
1760533445.627517,7037
1760533445.627517,7037
1760533445.728642,6279
1760533445.932097,6507
1760533446.032828,7028
1760533446.134064,6519
1760533446.234794,6770
1760533446.335525,6363
1760533446.436256,6462
1760533446.537493,6934
1760533446.639224,7175
1760533446.74095,6320
1760533446.841682,6323
1760533447.043752,6790
1760533447.146478,7047
1760533447.248205,6822
1760533447.349443,6637
1760533447.451176,6546
1760533447.55285,6471
1760533447.654578,6527
1760533447.755093,6317
1760533447.856823,6291
1760533447.957554,6611
1760533448.058284,6353
1760533448.160024,6143
1760533448.266777,7175
1760533448.469031,5840
1760533448.572755,6376
1760533448.572755,6376
1760533448.777206,6869
1760533448.879441,6959
1760533448.980173,6750
1760533449.080905,6790
1760533449.181634,6423
1760533449.282365,6988
1760533449.383095,6720
1760533449.483827,6591
1760533449.585555,7264
1760533449.687282,6871
1760533449.894728,6901
1760533449.996456,6202
1760533450.098184,6969
1760533450.199318,6476
1760533450.30005,6681
1760533450.401798,6575
1760533450.502535,6720
1760533450.604236,6538
1760533450.704966,6522
1760533450.805696,6303
1760533450.906427,6413
1760533451.007158,7187
1760533451.107889,6949
1760533451.210615,6493
1760533451.416066,5976
1760533451.517792,6900
1760533451.619038,6765
1760533451.720767,7461
1760533451.823492,6911
1760533451.924232,6402
1760533452.026456,5996
1760533452.13018,6729
1760533452.23091,6522
1760533452.33563,6729
1760533452.43636,6909
1760533452.53712,6986
1760533452.638845,6547
1760533452.740574,6403
1760533452.943392,6585
1760533453.046117,5996
1760533453.146848,6621
1760533453.248575,6822
1760533453.349308,7594
1760533453.450546,7032
1760533453.553778,6519
1760533453.654507,6840
1760533453.755239,6651
1760533453.856966,6324
1760533453.958696,5966
1760533454.060425,7146
1760533454.162934,6614
1760533454.364395,6780
1760533454.466123,6527
1760533454.569357,7042
1760533454.671082,6763
1760533454.772322,6657
1760533454.874049,6733
1760533454.978794,6892
1760533455.079524,6939
1760533455.180762,7003
1760533455.281336,6562
1760533455.382568,6499
1760533455.483298,6572
1760533455.584536,6874
1760533455.685267,7147
1760533455.888673,6477
1760533455.989404,6810
1760533456.090134,6681
1760533456.191521,6923
1760533456.293249,6969
1760533456.39471,7342
1760533456.496438,6615
1760533456.597168,6790
1760533456.799577,6399
1760533456.901304,6193
1760533456.901304,6193
1760533457.103809,6566
1760533457.204508,6206
1760533457.306235,6861
1760533457.408475,6449
1760533457.50922,6660
1760533457.612438,6277
1760533457.713168,6581
1760533457.814405,6786
1760533457.916132,6202
1760533458.017368,5857
1760533458.220333,6282
1760533458.220333,6282
1760533458.424295,5986
1760533458.526022,6832
1760533458.62826,6435
1760533458.730984,6454
1760533458.832222,6657
1760533458.932952,6919
1760533459.034696,6329
1760533459.136166,6563
1760533459.236895,6681
1760533459.337627,6492
1760533459.439875,7149
1760533459.542104,6459
1760533459.645338,6693
1760533459.8503,6756
1760533459.951027,6969
1760533460.052264,6776
1760533460.153991,6419
1760533460.257239,6285
1760533460.359949,6309
1760533460.465177,6728
1760533460.566902,6006
1760533460.669138,6934
1760533460.771862,6736
1760533460.873099,6400
1760533460.974224,6803
1760533461.076926,7020
1760533461.27989,6272
1760533461.27989,6272
1760533461.484365,6882
1760533461.585116,6441
1760533461.687837,7048
1760533461.789565,6458
1760533461.890296,6661
1760533461.993529,6102
1760533462.094258,6184
1760533462.196494,6602
1760533462.297224,6601
1760533462.398461,6716
1760533462.500189,6763
1760533462.706651,6529
1760533462.706651,6529
1760533462.911103,7028
1760533463.012832,6694
1760533463.11456,6143
1760533463.216294,6684
1760533463.319021,6600
1760533463.420748,6615
1760533463.521479,7266
1760533463.622714,6519
1760533463.723445,6045
1760533463.824754,6583
1760533463.925484,6254
1760533464.026215,6621
1760533464.126946,6720
1760533464.32883,6760
1760533464.430065,6934
1760533464.530796,6671
1760533464.632034,6568
1760533464.732764,6532
1760533464.833494,6601
1760533464.934225,6720
1760533465.035476,6745
1760533465.136207,6780
1760533465.239436,6877
1760533465.340167,6740
1760533465.54502,6532
1760533465.646747,6664
1760533465.748475,5996
1760533465.849222,6709
1760533465.950459,6213
1760533466.051696,6321
1760533466.153425,6790
1760533466.254157,6353
1760533466.356883,6580
1760533466.458611,6792
1760533466.562334,6006
1760533466.663065,6800
1760533466.765789,6356
1760533466.867517,6242
1760533466.969246,6576
1760533467.069977,6591
1760533467.274429,6792
1760533467.376157,6851
1760533467.478234,6553
1760533467.580959,6979
1760533467.683683,7232
1760533467.78492,6598
1760533467.886495,6714
1760533467.988223,7175
1760533468.088954,7108
1760533468.191679,6605
1760533468.29441,6044
1760533468.395142,6810
1760533468.497379,6529
1760533468.702341,6657
1760533468.80307,6671
1760533468.904308,6687
1760533469.005039,6323
1760533469.112257,6845
1760533469.212988,6591
1760533469.314225,6568
1760533469.414956,6115
1760533469.515864,6154
1760533469.616595,7197
1760533469.717834,6726
1760533469.821558,6281
1760533469.922794,6509
1760533470.126757,7151
1760533470.227487,6303
1760533470.328724,6855
1760533470.430453,7008
1760533470.531689,6647
1760533470.632452,6520
1760533470.733657,6422
1760533470.834387,6770
1760533470.93512,7038
1760533471.035851,6661
1760533471.136825,6853
1760533471.24006,6856
1760533471.345777,6470
1760533471.552252,6987
1760533471.653465,7103
1760533471.754193,6929
1760533471.855432,2192
1760533471.956481,7145
1760533472.058209,6596
1760533472.158939,7306
1760533472.260175,6450
1760533472.360904,6353
1760533472.461636,6859
1760533472.562365,6125
1760533472.763828,6800
1760533472.866553,6684
1760533472.967284,6760
1760533473.070394,6776
1760533473.171124,7038
1760533473.271854,7256
1760533473.373582,6507
1760533473.475312,6772
1760533473.576041,6403
1760533473.67777,6536
1760533473.778838,7153
1760533473.981298,6770
1760533474.083025,6625
1760533474.184261,6529
1760533474.284992,6135
1760533474.386476,6365
1760533474.487207,6641
1760533474.587938,6730
1760533474.688667,6284
1760533474.790396,6822
1760533474.891127,6701
1760533474.992854,6527
1760533475.093585,7048
1760533475.194315,6433
1760533475.397771,6851
1760533475.498502,6025
1760533475.599236,7157
1760533475.70096,5672
1760533475.801691,3693
1760533475.902928,5205
1760533476.003658,6423
1760533476.104327,6426
1760533476.205055,6919
1760533476.305788,6532
1760533476.406518,5847
1760533476.507255,5856
1760533476.709713,6403
1760533476.812438,6512
1760533476.91317,6432
1760533477.0139,6482
1760533477.11536,6564
1760533477.216595,6914
1760533477.317327,6373
1760533477.418058,6522
1760533477.519293,6341
1760533477.620024,6452
1760533477.720754,6433
1760533477.821486,6204
1760533478.024942,6393
1760533478.126669,6881
1760533478.227399,7028
1760533478.32813,6274
1760533478.429858,6910
1760533478.530588,6591
1760533478.631321,6978
1760533478.733047,6841
1760533478.833778,6115
1760533478.934508,6681
1760533479.035239,6691
1760533479.136966,6458
1760533479.237697,6760
1760533479.441153,6442
1760533479.541884,6492
1760533479.642615,6661
1760533479.743344,6661
1760533479.844075,6145
1760533479.944807,6403
1760533480.045537,6750
1760533480.146267,6730
1760533480.246998,6591
1760533480.347729,7018
1760533480.449457,6596
1760533480.550188,6760
1760533480.752645,6576
1760533480.853885,5798
1760533480.955614,6694
1760533481.05734,7235
1760533481.15807,6611
1760533481.258801,6323
1760533481.359531,5887
1760533481.460262,6720
1760533481.560993,6125
1760533481.662724,6556
1760533481.763404,7290
1760533481.864134,6482
1760533481.965862,6586
1760533482.169318,6055
1760533482.270048,6562
1760533482.370779,6869
1760533482.471509,7147
1760533482.57224,7108
1760533482.67297,6959
1760533482.773701,6651
1760533482.875429,6222
1760533482.97616,7326
1760533483.076891,6651
1760533483.178406,7200
1760533483.38286,7008
1760533483.484587,6556
1760533483.585826,6193
1760533483.686557,6998
1760533483.787485,6499
1760533483.888215,7316
1760533483.98945,7349
1760533484.090181,6869
1760533484.190938,6709
1760533484.291684,6660
1760533484.392414,7018
1760533484.494142,7067
1760533484.697734,7057
1760533484.801488,6187
1760533484.902186,6723
1760533485.002918,6810
1760533485.104152,6687
1760533485.205456,6909
1760533485.307164,6577
1760533485.407968,6745
1760533485.509725,6839
1760533485.611054,6543
1760533485.71235,6979
1760533485.813079,6730
1760533485.91381,6770
1760533486.117748,6919
1760533486.218511,7165
1760533486.320207,6489
1760533486.420961,6679
1760533486.521667,7199
1760533486.622425,6639
1760533486.723129,7109
1760533486.824399,7050
1760533486.925715,6691
1760533487.027452,6113
1760533487.128159,6782
1760533487.229404,6923
1760533487.330135,6323
1760533487.434879,6196
1760533487.63931,6625
1760533487.740038,6482
1760533487.840769,6403
1760533487.942232,6977
1760533488.042965,6581
1760533488.143695,7286
1760533488.244426,6691
1760533488.345156,6949
1760533488.445887,6452
1760533488.547617,6700
1760533488.648346,6770
1760533488.750102,6712
1760533488.952534,6770
1760533489.053263,6264
1760533489.153993,6631
1760533489.254723,7624
1760533489.356452,6881
1760533489.457182,6840
1760533489.557914,6909
1760533489.659641,6900
1760533489.761072,6398
1760533489.861802,7266
1760533489.965526,6941
1760533490.067253,7018
1760533490.271706,7664
1760533490.373434,6704
1760533490.47434,6778
1760533490.576097,6633
1760533490.677798,6469
1760533490.779556,6554
1760533490.881002,6722
1760533490.981805,6795
1760533491.082535,6542
1760533491.183288,6649
1760533491.283996,6881
1760533491.384616,7165
1760533491.485346,7664
1760533491.689799,6204
1760533491.79053,6750
1760533491.891261,7405
1760533491.992019,7056
1760533492.093746,6291
1760533492.19445,6722
1760533492.295223,6489
1760533492.395926,6990
1760533492.496656,6661
1760533492.600819,6777
1760533492.702547,7018
1760533492.803278,6929
1760533493.006244,6221
1760533493.107976,6271
1760533493.208706,7108
1760533493.309439,6452
1760533493.410084,6567
1760533493.511385,6436
1760533493.612649,6557
1760533493.713379,6472
1760533493.81411,6542
1760533493.91484,6661
1760533494.016106,6576
1760533494.116809,7040
1760533494.319266,6232
1760533494.420027,6828
1760533494.520758,6750
1760533494.621491,6403
1760533494.722222,6810
1760533494.822953,6522
1760533494.923683,6720
1760533495.024413,6730
1760533495.125144,6571
1760533495.226428,6990
1760533495.328108,6835
1760533495.431342,7032
1760533495.532189,7129
1760533495.634887,6962
1760533495.837849,6726
1760533495.93858,6979
1760533496.039817,6568
1760533496.140577,6510
1760533496.243344,6753
1760533496.344075,6294
1760533496.444802,6482
1760533496.545532,6313
1760533496.646263,6681
1760533496.847725,6025
1760533496.847725,6025
1760533496.949453,7028
1760533497.152908,6232
1760533497.257188,6589
1760533497.358915,6320
1760533497.459645,6651
1760533497.560376,6214
1760533497.662106,7018
1760533497.762834,6532
1760533497.864075,6242
1760533497.964832,6381
1760533498.065884,7204
1760533498.166553,6834
1760533498.267284,6214
1760533498.368015,6840
1760533498.572468,7147
1760533498.675193,6093
1760533498.77692,6546
1760533498.877651,6730
1760533498.979884,6436
1760533499.080615,6800
1760533499.182343,6782
1760533499.283074,7147
1760533499.387795,7394
1760533499.492514,6536
1760533499.594242,6487
1760533499.69597,6740
1760533499.797697,7107
1760533500.000156,7306
1760533500.100887,6780
1760533500.202614,6468
1760533500.30534,7157
1760533500.40607,6651
1760533500.510327,6316
1760533500.613053,7446
1760533500.713783,6641
1760533500.814513,6373
1760533500.915246,6849
1760533501.015975,6482
1760533501.116706,6750
1760533501.218434,7107
1760533501.422886,6940
1760533501.523617,6780
1760533501.624348,7098
1760533501.725079,6512
1760533501.825809,7197
1760533501.92654,6899
1760533502.028279,6202
1760533502.128998,6463
1760533502.229729,6869
1760533502.330459,6949
1760533502.431195,6839
1760533502.632651,6264
1760533502.733381,6542
1760533502.834112,6611
1760533502.935841,6576
1760533503.036898,6986
1760533503.138138,6687
1760533503.239866,6890
1760533503.341594,6497
1760533503.443668,6671
1760533503.544401,6720
1760533503.646129,6655
1760533503.74686,6750
1760533503.848588,6428
1760533503.951313,6743
1760533504.15428,6292
1760533504.256008,6822
1760533504.358732,7087
1760533504.459463,6691
1760533504.560193,6164
1760533504.660924,6770
1760533504.763661,6920
1760533504.865377,6636
1760533504.967106,6301
1760533505.068345,6608
1760533505.170077,6671
1760533505.375538,7215
1760533505.476762,5937
1760533505.57849,6949
1760533505.680218,4089
1760533505.780949,5579
1760533505.882677,6163
1760533505.985659,6295
1760533506.087386,6173
1760533506.188117,6959
1760533506.288847,7028
1760533506.389579,7127
1760533506.49031,7137
1760533506.59104,6323
1760533506.695465,6435
1760533506.900323,7030
1760533507.001054,6393
1760533507.102782,6723
1760533507.205507,6424
1760533507.306238,6452
1760533507.407966,6497
1760533507.508697,7018
1760533507.609427,6095
1760533507.710157,5936
1760533507.811157,6297
1760533508.012618,6383
1760533508.012618,6383
1760533508.215077,7087
1760533508.315808,6492
1760533508.417536,6760
1760533508.518266,7048
1760533508.618997,6482
1760533508.719728,6869
1760533508.820458,6591
1760533508.921188,6651
1760533509.02192,6800
1760533509.12265,6770
1760533509.225375,6911
1760533509.430826,6871
1760533509.532064,7270
1760533509.635194,7020
1760533509.735924,6651
1760533509.836655,6899
1760533509.939379,7048
1760533510.041612,7062
1760533510.142343,6581
1760533510.243073,6472
1760533510.344801,6340
1760533510.448525,7028
1760533510.549869,6394
1760533510.656583,6247
1760533510.758311,6133
1760533510.863032,6430
1760533511.068495,6648
1760533511.171207,6626
1760533511.271938,6770
1760533511.372668,6571
1760533511.473914,6617
1760533511.574642,6949
1760533511.675373,6889
1760533511.776104,6820
1760533511.876834,6651
1760533511.978562,7579
1760533512.079802,7200
1760533512.282794,7070
1760533512.282794,7070
1760533512.383524,6482
1760533512.587486,6618
1760533512.688217,7336
1760533512.788947,6611
1760533512.889678,6145
1760533512.990408,6780
1760533513.09114,6889
1760533513.191891,7166
1760533513.293598,6302
1760533513.395326,6949
1760533513.496056,6840
1760533513.697999,6194
1760533513.798738,7464
1760533513.900458,6463
1760533514.001188,6909
1760533514.102509,6780
1760533514.204237,7067
1760533514.304968,6224
1760533514.406696,6379
1760533514.507426,6730
1760533514.609154,6881
1760533514.710883,6382
1760533514.81261,6576
1760533514.913341,6611
1760533515.116796,6542
1760533515.218524,6900
1760533515.319256,6730
1760533515.420983,6841
1760533515.521714,6869
1760533515.623441,6173
1760533515.724173,7197
1760533515.8259,6487
1760533515.926631,6452
1760533516.027361,7594
1760533516.228822,7137
1760533516.329553,6840
1760533516.430284,6502
1760533516.531014,6601
1760533516.631749,6849
1760533516.732475,6870
1760533516.833206,7008
1760533516.934933,6586
1760533517.035664,6462
1760533517.136395,6532
1760533517.237125,6552
1760533517.337879,7453
1760533517.438587,7119
1760533517.542309,7115
1760533517.748273,6465
1760533517.849041,7234
1760533517.949775,6611
1760533518.050506,7237
1760533518.151237,6760
1760533518.251967,6988
1760533518.353203,6361
1760533518.45493,7284
1760533518.55566,6879
1760533518.656391,7187
1760533518.757123,6859
1760533518.859847,7086
1760533519.061308,6800
1760533519.16197,7083
1760533519.262703,7068
1760533519.363434,6562
1760533519.464165,7078
1760533519.564899,6700
1760533519.665626,6830
1760533519.766357,6681
1760533519.867087,6562
1760533520.069546,6596
1760533520.170277,6919
1760533520.271007,7028
1760533520.371738,6422
1760533520.472477,6243
1760533520.573204,6502
1760533520.673936,6800
1760533520.774665,6969
1760533520.875395,6363
1760533520.976127,6621
1760533521.076857,6780
1760533521.177587,6998
1760533521.28131,7327
1760533521.484766,6462
1760533521.585496,6611
1760533521.686739,6825
1760533521.78747,6363
1760533521.8882,6611
1760533521.989929,6684
1760533522.090659,6631
1760533522.19139,6879
1760533522.292078,7697
1760533522.392808,7614
1760533522.493539,7961
1760533522.696002,6713
1760533522.797726,6635
1760533522.898456,6929
1760533522.999201,7593
1760533523.099952,6669
1760533523.201645,6814
1760533523.303062,7178
1760533523.403793,6988
1760533523.504551,6461
1760533523.606265,6773
1760533523.706983,6483
1760533523.807712,7127
1760533523.908443,6969
1760533524.013164,6951
1760533524.121873,7412
1760533524.32935,6417
1760533524.43008,7108
1760533524.531807,7706
1760533524.632569,6728
1760533524.733299,6730
1760533524.835029,6645
1760533524.935728,7100
1760533525.036459,7108
1760533525.137189,6363
1760533525.237919,6949
1760533525.33865,6978
1760533525.440384,6585
1760533525.546102,6810
1760533525.747562,6671
1760533525.848293,6780
1760533525.951019,7146
1760533526.051771,6908
1760533526.152512,6928
1760533526.25324,6919
1760533526.354038,6815
1760533526.45474,6603
1760533526.555472,7187
1760533526.656202,6929
1760533526.756968,6609
1760533526.961426,6330
1760533527.062156,6383
1760533527.162889,6125
1760533527.263617,6750
1760533527.364348,6512
1760533527.4651,6689
1760533527.565837,6829
1760533527.666593,6798
1760533527.767569,6466
1760533527.868299,6859
1760533527.96903,7018
1760533528.06976,6730
1760533528.172486,6310
1760533528.373947,6552
1760533528.47468,5996
1760533528.575408,6979
1760533528.677135,6763
1760533528.777866,6899
1760533528.879595,6605
1760533528.981322,7126
1760533529.082053,6750
1760533529.182783,6611
1760533529.283515,6313
1760533529.384246,6691
1760533529.484976,6294
1760533529.588214,6402
1760533529.791708,6857
1760533529.893397,6942
1760533529.994128,6433
1760533530.094858,7247
1760533530.19562,6252
1760533530.296319,6504
1760533530.397051,6849
1760533530.497808,6540
1760533530.598512,6901
1760533530.70024,6409
1760533530.80097,6691
1760533530.901728,7235
1760533531.105803,6399
1760533531.206533,6979
1760533531.307264,6929
1760533531.408402,6931
1760533531.509133,6234
1760533531.609863,7455
1760533531.710594,6472
1760533531.811829,6578
1760533531.912561,6095
1760533532.014288,6664
1760533532.116044,7282
1760533532.217771,6635
1760533532.421733,7439
1760533532.522437,6911
1760533532.623674,7003
1760533532.724453,6370
1760533532.832669,7300
1760533532.934396,6881
1760533533.035127,6988
1760533533.135802,7221
1760533533.236533,6859
1760533533.438992,6428
1760533533.438992,6428
1760533533.642448,7441
1760533533.744175,6605
1760533533.845903,6999
1760533533.946636,6810
1760533534.047872,7289
1760533534.148602,7078
1760533534.249361,6937
1760533534.350064,7030
1760533534.450794,6998
1760533534.552522,6546
1760533534.654251,7549
1760533534.857216,6851
1760533534.959941,6619
1760533535.060673,6135
1760533535.16191,6707
1760533535.262643,6710
1760533535.364371,6546
1760533535.467096,7244
1760533535.568339,6894
1760533535.670065,7254
1760533535.772005,7180
1760533535.873736,6959
1760533536.075175,6462
1760533536.075175,6462
1760533536.277661,6351
1760533536.379673,6665
1760533536.481402,6851
1760533536.583129,6714
1760533536.685855,7223
1760533536.788592,7096
1760533536.891317,6707
1760533536.993045,6586
1760533537.094773,6772
1760533537.195503,7564
1760533537.297231,6517
1760533537.501685,7286
1760533537.603443,6574
1760533537.707193,6197
1760533537.808906,7059
1760533537.909653,7106
1760533538.011123,7529
1760533538.111854,6720
1760533538.212697,6772
1760533538.313428,7266
1760533538.415157,6566
1760533538.515886,7187
1760533538.617614,7441
1760533538.72034,6911
1760533538.821072,6959
1760533538.921801,7018
1760533539.124369,6959
1760533539.226096,7097
1760533539.327826,6812
1760533539.429552,6429
1760533539.531281,6840
1760533539.632011,7296
1760533539.732742,6423
1760533539.834469,6596
1760533539.935201,6829
1760533540.035936,7018
1760533540.137664,6655
1760533540.34112,7176
1760533540.443257,6687
1760533540.544988,6762
1760533540.646716,6841
1760533540.747448,6790
1760533540.849175,6645
1760533540.956888,6250
1760533541.058642,6712
1760533541.159345,6941
1760533541.260076,7048
1760533541.360806,7157
1760533541.461537,7356
1760533541.562268,7098
1760533541.663996,6635
1760533541.866463,7355
1760533541.968192,6654
1760533542.069919,6940
1760533542.171647,7421
1760533542.272405,6788
1760533542.378095,6835
1760533542.478826,7524
1760533542.580554,6428
1760533542.682281,6763
1760533542.78346,6938
1760533542.884191,6998
1760533542.984921,7038
1760533543.187885,6700
1760533543.289612,6831
1760533543.390343,6671
1760533543.492071,6989
1760533543.592802,6710
1760533543.694652,6313
1760533543.798376,6726
1760533543.903094,6531
1760533544.004822,6153
1760533544.10655,6251
1760533544.209275,6639
1760533544.310518,6439
1760533544.411298,7223
1760533544.512044,7037
1760533544.613744,6558
1760533544.815654,6640
1760533544.917398,7056
1760533545.018101,6375
1760533545.118832,6849
1760533545.219563,6780
1760533545.32032,6977
1760533545.423019,7302
1760533545.524746,6989
1760533545.625476,6542
1760533545.726209,6690
1760533545.827936,6340
1760533546.033386,6436
1760533546.134143,6510
1760533546.234848,7407
1760533546.33559,8000
1760533546.43632,6869
1760533546.537588,6260
1760533546.639286,6558
1760533546.741042,6810
1760533546.841744,6951
1760533546.94447,6668
1760533547.048192,7028
1760533547.252173,7100
1760533547.353899,7038
1760533547.457624,6681
1760533547.559352,6979
1760533547.661078,7431
1760533547.762806,6940
1760533547.863537,7157
1760533547.965265,7097
1760533548.065995,6840
1760533548.169718,6777
1760533548.271446,6733
1760533548.473905,6350
1760533548.575633,6851
1760533548.676363,7435
1760533548.777095,6611
1760533548.881324,6261
1760533548.982053,6899
1760533549.084779,7485
1760533549.186506,6861
1760533549.287238,6810
1760533549.388965,6812
1760533549.490693,6869
1760533549.592422,7382
1760533549.693152,7068
1760533549.79488,7117
1760533549.895611,6879
1760533549.996347,7296
1760533550.197786,6831
1760533550.298517,6840
1760533550.399247,6800
1760533550.502971,6210
1760533550.604697,6900
1760533550.70842,6960
1760533550.810148,7038
1760533550.910862,7774
1760533551.01259,7215
1760533551.113827,7270
1760533551.214589,7552
1760533551.315289,7100
1760533551.520144,6658
1760533551.620874,6472
1760533551.721604,6234
1760533551.822335,6720
1760533551.923066,7316
1760533552.024821,6859
1760533552.126521,6391
1760533552.228249,6999
1760533552.32898,6323
1760533552.430708,6812
1760533552.533434,6590
1760533552.735892,7542
1760533552.735892,7542
1760533552.837634,6683
1760533553.041105,7291
1760533553.144827,6854
1760533553.246526,7443
1760533553.350249,7018
1760533553.451976,6733
1760533553.552707,6710
1760533553.654462,7124
1760533553.755234,6876
1760533553.856962,7038
1760533553.957693,7435
1760533554.159127,6921
1760533554.262359,6670
1760533554.363089,7257
1760533554.464821,6664
1760533554.56578,6269
1760533554.666752,7328
1760533554.769479,6687
1760533554.870214,7028
1760533554.97294,7203
1760533555.074694,6643
1760533555.175425,6542
1760533555.276155,6929
1760533555.37686,7169
1760533555.47759,7207
1760533555.683043,6664
1760533555.783774,6671
1760533555.884505,7187
1760533555.985235,7316
1760533556.086472,6598
1760533556.187201,7038
1760533556.288928,7156
1760533556.38966,6571
1760533556.490389,6641
1760533556.593115,6882
1760533556.694843,6792
1760533556.796255,6557
1760533557.001704,6591
1760533557.10443,6823
1760533557.20516,7088
1760533557.308883,6671
1760533557.411608,5928
1760533557.513336,6419
1760533557.614066,6532
1760533557.714796,6661
1760533557.815528,7187
1760533557.916259,6601
1760533558.016989,6204
1760533558.118202,6846
1760533558.323653,6730
1760533558.42538,6822
1760533558.527138,6682
1760533558.627839,6722
1760533558.730987,6863
1760533558.833689,5832
1760533558.935416,7176
1760533559.036119,7437
1760533559.137875,6486
1760533559.239575,7040
1760533559.34133,6987
1760533559.442033,6663
1760533559.543761,5888
1760533559.647484,2860
1760533559.760183,3448
1760533559.862907,6317
1760533560.064369,6433
1760533560.165101,6700
1760533560.265832,6879
1760533560.36656,6681
1760533560.467291,6969
1760533560.568022,6661
1760533560.668753,6978
1760533560.769483,6988
1760533560.870309,6863
1760533560.97104,7108
1760533561.071798,6609
1760533561.173007,6837
1760533561.275732,6619
1760533561.482207,6564
1760533561.582937,6760
1760533561.683668,6244
1760533561.785369,6597
1760533561.887098,6733
1760533561.98983,6366
1760533562.090566,6263
1760533562.19228,6537
1760533562.294009,6527
1760533562.497492,6542
1760533562.599193,7050
1760533562.699852,6149
1760533562.80158,6684
1760533562.903308,7175
1760533563.004549,6785
1760533563.108275,7008
1760533563.210002,7274
1760533563.312727,6611
1760533563.414482,6505
1760533563.516183,6663
1760533563.616942,6877
1760533563.721634,6543
1760533563.924092,7070
1760533564.025328,6756
1760533564.127085,6545
1760533564.228806,7314
1760533564.329514,6791
1760533564.431242,6772
1760533564.532659,7395
1760533564.633378,6394
1760533564.734108,6651
1760533564.835836,7058
1760533564.936567,6383
1760533565.038295,6399
1760533565.141021,7232
1760533565.345474,6493
1760533565.446653,7066
1760533565.550375,7057
1760533565.651106,7673
1760533565.75351,6725
1760533565.854254,6859
1760533565.954987,7157
1760533566.057712,6619
1760533566.159459,6830
1760533566.260831,7201
1760533566.361542,7357
1760533566.462271,6939
1760533566.563002,7415
1760533566.766458,7333
1760533566.869183,6882
1760533566.970912,6625
1760533567.072639,6822
1760533567.176366,6603
1760533567.277096,6472
1760533567.377827,6581
1760533567.478584,6987
1760533567.579292,6970
1760533567.680023,7177
1760533567.781751,6979
1760533567.883478,6625
1760533567.985206,7187
1760533568.188662,6522
1760533568.29039,6782
1760533568.391628,7497
1760533568.492359,7395
1760533568.594087,6681
1760533568.694817,6939
1760533568.796056,6746
1760533568.897783,6389
1760533569.000509,6629
1760533569.102247,6506
1760533569.202966,7257
1760533569.303698,6909
1760533569.406422,7106
1760533569.609879,6716
1760533569.711606,6546
1760533569.812338,6909
1760533569.913688,6442
1760533570.016414,6792
1760533570.117144,6671
1760533570.218872,7038
1760533570.320601,7284
1760533570.421331,7078
1760533570.522061,6462
1760533570.622792,6899
1760533570.724524,6300
1760533570.825652,6308
1760533570.92738,7126
1760533571.129838,6969
1760533571.232514,6707
1760533571.334273,6947
1760533571.434973,6881
1760533571.54069,6839
1760533571.641421,6482
1760533571.743147,6271
1760533571.843878,6889
1760533571.945606,6910
1760533572.047334,6409
1760533572.149062,6428
1760533572.249792,6621
1760533572.451254,7018
1760533572.451254,7018
1760533572.654709,6376
1760533572.75544,6820
1760533572.85617,7336
1760533572.956929,6828
1760533573.060217,6941
1760533573.16215,6877
1760533573.266855,6828
1760533573.368583,7326
1760533573.469341,6451
1760533573.570045,7358
1760533573.671773,6379
1760533573.875228,6774
1760533573.977955,6782
1760533574.079699,6801
1760533574.180412,7238
1760533574.284134,6694
1760533574.385374,6598
1760533574.486111,7296
1760533574.586841,6740
1760533574.687571,6711
1760533574.788303,6432
1760533574.889034,6274
1760533575.091491,6849
1760533575.193222,6772
1760533575.295944,6841
1760533575.397913,6737
1760533575.498643,6452
1760533575.600371,6733
1760533575.705091,7209
1760533575.805821,6174
1760533575.90755,6859
1760533576.00828,7266
1760533576.109011,6760
1760533576.210738,6802
1760533576.313464,6512
1760533576.415191,6556
1760533576.515923,7137
1760533576.618648,6152
1760533576.822104,6224
1760533576.930813,7073
1760533577.03254,7067
1760533577.133598,7253
1760533577.234328,7445
1760533577.335059,6442
1760533577.435789,6333
1760533577.536521,6800
1760533577.63725,6770
1760533577.73798,6184
1760533577.838712,6730
1760533577.939443,6909
1760533578.141901,6264
1760533578.243628,6399
1760533578.344359,5896
1760533578.44509,6303
1760533578.547815,6512
1760533578.649572,6368
1760533578.750783,6768
1760533578.851524,6481
1760533578.953241,6911
1760533579.053972,6969
1760533579.154724,6570
1760533579.356165,6353
1760533579.456895,6810
1760533579.557652,6470
1760533579.659353,6558
1760533579.761082,6472
1760533579.862319,6341
1760533579.963259,6914
1760533580.064987,6684
1760533580.166718,6713
1760533580.268471,7321
1760533580.369175,6394
1760533580.470304,6437
1760533580.574993,6352
1760533580.778449,6820
1760533580.87969,6548
1760533580.982415,6556
1760533581.087135,6799
1760533581.188863,6571
1760533581.289593,6631
1760533581.403289,7018
1760533581.504021,7385
1760533581.605747,6655
1760533581.706478,6671
1760533581.807208,6571
1760533581.907939,6035
1760533582.00867,6363
1760533582.109425,7324
1760533582.210131,7506
1760533582.31186,7097
1760533582.51731,6831
1760533582.61804,6343
1760533582.718771,6482
1760533582.819532,6808
1760533582.920232,6951
1760533583.020963,6889
1760533583.121725,6927
1760533583.224419,6417
1760533583.327144,6619
1760533583.432862,6162
1760533583.534589,6527
1760533583.645072,6362
1760533583.852518,6586
1760533583.953248,6621
1760533584.054011,6153
1760533584.154709,6613
1760533584.255946,6697
1760533584.357705,7124
1760533584.458407,6961
1760533584.559161,6967
1760533584.659869,6652
1760533584.76133,6702
1760533584.863029,6548
1760533584.963762,6760
1760533585.068484,6560
1760533585.1732,6713
1760533585.274938,6723
1760533585.478925,6862
1760533585.579623,7060
1760533585.680354,6611
1760533585.781087,6820
1760533585.881816,6522
1760533585.985538,7038
1760533586.087265,6900
1760533586.187996,6274
1760533586.288727,6909
1760533586.490188,6452
1760533586.59092,6492
1760533586.691649,7217
1760533586.79238,6462
1760533586.893111,7296
1760533586.993841,6770
1760533587.094574,6552
1760533587.195303,6323
1760533587.296034,6284
1760533587.396764,6641
1760533587.497494,6740
1760533587.598225,6621
1760533587.699953,6969
1760533587.902439,6466
1760533588.004139,6224
1760533588.105115,7041
1760533588.206841,6910
1760533588.307572,6790
1760533588.408302,6859
1760533588.509032,6432
1760533588.609763,6055
1760533588.710494,5966
1760533588.811224,6442
1760533588.911955,7127
1760533589.013508,6361
1760533589.117233,6726
1760533589.321713,6722
1760533589.422417,6414
1760533589.523147,6542
1760533589.624875,6772
1760533589.725636,6480
1760533589.826346,6553
1760533589.928073,7058
1760533590.028804,7088
1760533590.129538,7306
1760533590.231293,6427
1760533590.332994,6882
1760533590.537976,7051
1760533590.638701,6621
1760533590.740429,6350
1760533590.842157,6694
1760533590.944883,6507
1760533591.045612,6949
1760533591.146371,6282
1760533591.248071,6420
1760533591.349052,6367
1760533591.454772,6242
1760533591.556013,6440
1760533591.656771,6520
1760533591.757475,6504
1760533591.858205,6840
1760533592.060663,7058
1760533592.161396,6710
1760533592.263121,6537
1760533592.363852,6313
1760533592.464969,6665
1760533592.565699,7038
1760533592.66646,6599
1760533592.767187,7068
1760533592.867891,6762
1760533592.968646,6570
1760533593.069379,6214
1760533593.1731,6605
1760533593.377553,6075
1760533593.478284,6591
1760533593.579015,6889
1760533593.679746,6919
1760533593.780475,6482
1760533593.881206,6929
1760533593.981968,6669
1760533594.082668,6434
1760533594.183398,6194
1760533594.284128,7028
1760533594.384964,6803
1760533594.488687,7225
1760533594.691279,5948
1760533594.792514,6608
1760533594.896238,6288
1760533594.997965,5976
1760533595.099695,7008
1760533595.200423,6502
1760533595.302152,6763
1760533595.403909,6731
1760533595.505608,7050
1760533595.606339,7227
1760533595.707069,6621
1760533595.808797,6890
1760533595.910525,6930
1760533596.012252,6930
1760533596.21483,6564
1760533596.315533,6593
1760533596.416264,6840
1760533596.516995,6542
1760533596.618722,6655
1760533596.719483,6173
1760533596.820184,6325
1760533596.920914,6125
1760533597.021645,7127
1760533597.122617,6526
1760533597.223347,6343
1760533597.425806,6704
1760533597.527534,6153
1760533597.628264,6552
1760533597.729446,6137
1760533597.830177,6899
1760533597.930907,6780
1760533598.031638,6631
1760533598.132368,7147
1760533598.233099,6939
1760533598.333857,7582
1760533598.435558,6450
1760533598.539281,6980
1760533598.741739,6681
1760533598.843467,6733
1760533598.944587,6645
1760533599.045316,6264
1760533599.146047,6770
1760533599.246807,6629
1760533599.347509,6693
1760533599.450233,6288
1760533599.550991,6897
1760533599.651695,6265
1760533599.753452,7095
1760533599.855178,6684
1760533599.955881,6553
1760533600.157342,6949
1760533600.258578,7260
1760533600.359308,7018
1760533600.460039,6641
1760533600.56077,6601
1760533600.662226,7155
1760533600.763982,6761
1760533600.864713,6978
1760533600.965444,7554
1760533601.066202,7215
1760533601.166937,7058
1760533601.269661,7116
1760533601.371389,6340
1760533601.573173,6620
1760533601.67758,7010
1760533601.778821,6459
1760533601.87955,6820
1760533601.98028,6224
1760533602.081011,5559
1760533602.181742,6730
1760533602.282473,6274
1760533602.383234,6837
1760533602.483934,6712
1760533602.584692,5994
1760533602.68739,6845
1760533602.891844,6294
1760533602.994569,6415
1760533603.0953,6562
1760533603.198025,6405
1760533603.299752,6674
1760533603.400483,6393
1760533603.501279,6587
1760533603.60201,6810
1760533603.70274,6760
1760533603.803471,7078
1760533603.904229,6669
1760533604.006932,6593
1760533604.112644,6684
1760533604.315108,7283
1760533604.416831,7137
1760533604.517561,6145
1760533604.618291,6631
1760533604.719022,6800
1760533604.822478,6833
1760533604.923715,6865
1760533605.026439,6379
1760533605.127197,6639
1760533605.228043,6316
1760533605.328773,6254
1760533605.430502,6750
1760533605.531233,7256
1760533605.73768,6448
1760533605.839435,6584
1760533605.940139,6246
1760533606.040898,6619
1760533606.143595,7186
1760533606.244355,6699
1760533606.345082,6870
1760533606.446783,6538
1760533606.547516,6184
1760533606.648752,6539
1760533606.750994,6924
1760533606.855712,6850
1760533606.961429,6271
1760533607.062159,5708
1760533607.164886,6527
1760533607.370336,7138
1760533607.471065,6045
1760533607.571797,6740
1760533607.672527,6581
1760533607.773258,6750
1760533607.874985,6635
1760533607.975717,6651
1760533608.076447,6204
1760533608.178175,6625
1760533608.278905,6204
1760533608.379636,6224
1760533608.482362,6921
1760533608.68881,6822
1760533608.789541,6502
1760533608.890272,6899
1760533608.991001,6621
1760533609.091732,6859
1760533609.192302,7029
1760533609.293064,6043
1760533609.394763,6765
1760533609.495493,6770
1760533609.596224,6671
1760533609.69746,5936
1760533609.800221,6266
1760533609.902946,7058
1760533610.109394,6621
1760533610.210124,6452
1760533610.310855,6790
1760533610.411586,6631
1760533610.513341,6594
1760533610.614094,6233
1760533610.714781,6475
1760533610.816503,6566
1760533610.918231,6645
1760533611.018961,6899
1760533611.119693,6780
1760533611.221431,6880
1760533611.42341,6342
1760533611.524213,6785
1760533611.624943,6701
1760533611.725674,7078
1760533611.827402,6664
1760533611.928133,6710
1760533612.029868,6723
1760533612.131598,6428
1760533612.233323,6507
1760533612.334055,6889
1760533612.434785,5827
1760533612.536521,6733
1760533612.649219,6458
1760533612.751944,6064
1760533612.957527,7018
1760533613.059758,6318
1760533613.160489,6959
1760533613.262217,6605
1760533613.36295,6274
1760533613.463678,6661
1760533613.564408,6373
1760533613.665139,6423
1760533613.76587,6363
1760533613.866601,6830
1760533613.967332,6998
1760533614.169965,5966
1760533614.271692,6016
1760533614.372423,6701
1760533614.473154,6562
1760533614.574882,6487
1760533614.67564,6530
1760533614.776343,6593
1760533614.877073,6274
1760533614.978801,6202
1760533615.08004,6005
1760533615.181767,6546
1760533615.383247,6045
1760533615.383247,6045
1760533615.484513,6912
1760533615.689964,6476
1760533615.791067,6023
1760533615.891797,6333
1760533615.992528,6035
1760533616.093258,6631
1760533616.194497,5926
1760533616.295257,6589
1760533616.395989,7157
1760533616.497246,6676
1760533616.604882,6683
1760533616.809335,6254
1760533616.809335,6254
1760533616.910065,6333
1760533617.114735,6291
1760533617.215466,7197
1760533617.316196,6601
1760533617.419207,6989
1760533617.520321,6833
1760533617.621051,6899
1760533617.721782,6710
1760533617.822512,6363
1760533617.923243,6869
1760533618.023995,6580
1760533618.124704,6801
1760533618.225435,6423
1760533618.327163,6605
1760533618.531125,6763
1760533618.631855,6403
1760533618.732587,6760
1760533618.834314,6831
1760533618.935386,6638
1760533619.038112,5986
1760533619.139862,6515
1760533619.240631,6361
1760533619.34133,6295
1760533619.442061,6284
1760533619.542792,6025
1760533619.645517,6434
1760533619.849481,6645
1760533619.951209,6782
1760533620.061422,6631
1760533620.163151,6133
1760533620.26388,6006
1760533620.365116,6608
1760533620.465847,6810
1760533620.567578,6740
1760533620.668305,6731
1760533620.769057,6669
1760533620.869788,6631
1760533620.970497,6960
1760533621.071738,5817
1760533621.173466,6035
1760533621.374947,6759
1760533621.475657,6712
1760533621.576388,6720
1760533621.677462,6846
1760533621.779191,7038
1760533621.879921,6572
1760533621.981649,6615
1760533622.08238,7058
1760533622.183111,6343
1760533622.283841,6512
1760533622.486301,6792
1760533622.588028,6075
1760533622.588028,6075
1760533622.791484,6373
1760533622.893212,6694
1760533622.993941,5966
1760533623.094672,6978
1760533623.195403,6542
1760533623.296134,6492
1760533623.397874,6290
1760533623.500586,5977
1760533623.602338,6909
1760533623.703046,6196
1760533623.90461,6363
1760533624.00634,6713
1760533624.107068,6224
1760533624.208305,6568
1760533624.310033,6790
1760533624.410762,6542
1760533624.518474,6535
1760533624.6212,6428
1760533624.722226,6631
1760533624.822918,6584
1760533624.924646,6930
1760533625.026374,6743
1760533625.127666,6881
1760533625.228901,6499
1760533625.329631,6512
1760533625.43136,6802
1760533625.63333,6025
1760533625.735058,6840
1760533625.835788,6889
1760533625.937516,6095
1760533626.038782,6477
1760533626.14048,6196
1760533626.241238,6073
1760533626.343963,6347
1760533626.445663,6411
1760533626.547095,6763
1760533626.647855,6282
1760533626.849286,6581
1760533626.951014,6340
1760533627.052742,6763
1760533627.157465,6359
1760533627.259098,7143
1760533627.359832,6363
1760533627.460849,6167
1760533627.561581,6601
1760533627.662306,6631
1760533627.764034,6556
1760533627.865762,7185
1760533627.96652,6758
1760533628.070215,6895
1760533628.275666,6823
1760533628.37699,6967
1760533628.47772,6194
1760533628.578451,6393
1760533628.679183,6075
1760533628.779913,6701
1760533628.880771,6970
1760533628.981529,6659
1760533629.08223,6832
1760533629.18296,6532
1760533629.283705,7017
1760533629.384449,6461
1760533629.58591,6917
1760533629.68663,7218
1760533629.787347,6652
1760533629.888074,6155
1760533629.988805,6214
1760533630.089536,6214
1760533630.190266,6016
1760533630.291024,6590
1760533630.391727,6474
1760533630.492458,6224
1760533630.594186,6399
1760533630.694917,6542
1760533630.796149,5986
1760533630.899827,6703
1760533631.103283,6605
1760533631.204014,6522
1760533631.304745,6591
1760533631.405475,6145
1760533631.506206,6730
1760533631.607933,7156
1760533631.709385,6485
1760533631.810115,6333
1760533631.910847,6611
1760533632.012573,6537
1760533632.214037,6085
1760533632.314771,6353
1760533632.415501,6691
1760533632.516734,6914
1760533632.617466,6373
1760533632.718197,6939
1760533632.818928,7137
1760533632.919658,6740
1760533633.020389,6403
1760533633.12112,6552
1760533633.22185,6701
1760533633.327569,6583
1760533633.529034,6472
1760533633.629765,6016
1760533633.731005,6983
1760533633.831736,6631
1760533633.933464,6802
1760533634.034703,6716
1760533634.135625,6262
1760533634.236356,6552
1760533634.337086,6433
1760533634.540543,6320
1760533634.64227,6596
1760533634.743001,6125
1760533634.843731,6443
1760533634.944462,6701
1760533635.045192,6760
1760533635.145923,6343
1760533635.246653,6998
1760533635.347383,6591
1760533635.448349,6655
1760533635.555542,6619
1760533635.659265,6527
1760533635.866711,6385
1760533635.968466,6299
1760533636.069708,6578
1760533636.170436,6145
1760533636.271161,6641
1760533636.371897,6333
1760533636.4726,6265
1760533636.573332,7098
1760533636.67409,6431
1760533636.774792,6573
1760533636.876032,7279
1760533636.976763,6343
1760533637.180246,6613
1760533637.280949,6553
1760533637.381859,6550
1760533637.482589,6393
1760533637.58332,6909
1760533637.684073,6649
1760533637.784782,6980
1760533637.885477,6465
1760533637.986208,6442
1760533638.086938,6432
1760533638.187669,6691
1760533638.2884,6601
1760533638.38913,7127
1760533638.593584,6763
1760533638.694315,7028
1760533638.79506,6928
1760533638.89579,6730
1760533638.99754,7243
1760533639.098276,6561
1760533639.199977,6410
1760533639.300708,6472
1760533639.401438,7167
1760533639.502169,6800
1760533639.6029,6492
1760533639.804835,6296
1760533639.905538,6087
1760533640.006558,6503
1760533640.107289,6343
1760533640.208019,6423
1760533640.308749,7028
1760533640.40948,6313
1760533640.510561,6282
1760533640.611917,6057
1760533640.712646,7227
1760533640.813637,6505
1760533640.914368,6383
1760533641.116341,6716
1760533641.217609,6517
1760533641.318396,6667
1760533641.419114,6840
1760533641.519845,6294
1760533641.621088,6360
1760533641.72184,6640
1760533641.822549,7467
1760533641.924277,6537
1760533642.026004,7077
1760533642.126735,6929
1760533642.227466,6571
1760533642.328197,6174
1760533642.531652,6635
1760533642.632385,6452
1760533642.733114,6343
1760533642.833845,7167
1760533642.934575,6740
1760533643.035306,6204
1760533643.137033,6379
1760533643.237764,6621
1760533643.339492,6792
1760533643.440222,6661
1760533643.541459,6519
1760533643.644188,6434
1760533643.849641,6584
1760533643.950882,6835
1760533644.051613,6671
1760533644.153341,6104
1760533644.256578,6741
1760533644.357872,6416
1760533644.459621,7017
1760533644.561327,6656
1760533644.662567,7121
1760533644.7633,7236
1760533644.865027,6487
1760533644.966756,6006
1760533645.068484,6596
1760533645.170211,6871
1760533645.376134,6822
1760533645.476864,7276
1760533645.578619,6545
1760533645.679862,6430
1760533645.780591,6264
1760533645.881324,6988
1760533645.983049,7264
1760533646.083807,6599
1760533646.184645,6565
1760533646.285376,6244
1760533646.387077,6843
1760533646.491797,6846
1760533646.593526,6340
1760533646.79698,6919
1760533646.897711,6998
1760533646.998442,6413
1760533647.10222,6870
1760533647.203947,6871
1760533647.305183,6963
1760533647.405913,6641
1760533647.506644,6681
1760533647.608111,6346
1760533647.708842,6720
1760533647.809572,7078
1760533647.911875,7086
1760533648.116746,6390
1760533648.218353,7174
1760533648.319116,6371
1760533648.420323,6323
1760533648.521064,6144
1760533648.621813,6679
1760533648.722541,6462
1760533648.823835,7088
1760533648.925563,6782
1760533649.026735,6414
1760533649.127466,6790
1760533649.331459,6788
1760533649.331459,6788
1760533649.534889,6289
1760533649.63562,5966
1760533649.736378,6401
1760533649.83708,6911
1760533649.937812,7028
1760533650.039571,6879
1760533650.140299,6065
1760533650.241002,6265
1760533650.341758,6540
1760533650.442466,6633
1760533650.543204,6869
1760533650.644928,7215
1760533650.746654,6546
1760533650.950667,7018
1760533651.051398,6641
1760533651.152156,6540
1760533651.252886,6581
1760533651.35359,6563
1760533651.454321,6522
1760533651.555051,6790
1760533651.655781,6472
1760533651.756514,6879
1760533651.858242,6566
1760533651.958974,6889
1760533652.06541,6592
1760533652.267869,6212
1760533652.368621,6501
1760533652.46933,6871
1760533652.57006,6075
1760533652.670792,7157
1760533652.771549,6729
1760533652.872252,6911
1760533652.972982,6532
1760533653.073744,6579
1760533653.174471,6343
1760533653.275174,6762
1760533653.478631,6330
1760533653.580392,6977
1760533653.681089,6445
1760533653.781819,6452
1760533653.882478,6566
1760533653.984205,6389
1760533654.085933,6822
1760533654.186664,6929
1760533654.287408,6769
1760533654.38817,6421
1760533654.488872,6861
1760533654.589603,6959
1760533654.690333,6750
1760533654.791628,6525
1760533654.995056,6740
1760533655.095786,6611
1760533655.196457,6863
1760533655.29722,6847
1760533655.397946,7336
1760533655.498649,6792
1760533655.599578,6301
1760533655.701298,6360
1760533655.802029,6214
1760533655.90276,6373
1760533656.003491,6502
1760533656.208951,6763
1760533656.310679,6517
1760533656.411411,7177
1760533656.51214,6562
1760533656.612875,6472
1760533656.713579,6424
1760533656.814309,5936
1760533656.915046,6482
1760533657.015771,6592
1760533657.116501,6303
1760533657.217232,6323
1760533657.321986,6656
1760533657.42374,6751
1760533657.628165,6403
1760533657.728896,6075
1760533657.830624,6194
1760533657.931859,7003
1760533658.034585,6674
1760533658.135316,6254
1760533658.239038,6517
1760533658.341763,6415
1760533658.442902,7000
1760533658.544628,6586
1760533658.646357,6576
1760533658.748113,6849
1760533658.850939,5854
1760533659.055361,6861
1760533659.157088,6487
1760533659.257818,7088
1760533659.35906,7101
1760533659.459791,6780
1760533659.560521,6800
1760533659.661758,7062
1760533659.762492,6482
1760533659.863222,6899
1760533659.963953,6790
1760533660.065518,7217
1760533660.167215,6794
1760533660.268078,6632
1760533660.471562,7075
1760533660.572292,6542
1760533660.673017,6512
1760533660.773753,5995
1760533660.874479,6572
1760533660.975188,6573
1760533661.075945,5984
1760533661.176907,6081
1760533661.277612,6275
1760533661.379339,6507
1760533661.481067,6831
1760533661.581799,7117
1760533661.686519,7028
1760533661.890297,6288
1760533661.991027,6701
1760533662.091728,6295
1760533662.192459,6423
1760533662.294187,7176
1760533662.394945,7235
1760533662.495649,6831
1760533662.59641,7145
1760533662.697137,6671
1760533662.797841,6772
1760533662.899596,6476
1760533663.102028,6899
1760533663.202785,6659
1760533663.304033,6380
1760533663.40473,6077
1760533663.505462,6393
1760533663.606192,6562
1760533663.70695,6252
1760533663.807653,6961
1760533663.908731,6697
1760533664.009489,6996
1760533664.110192,6583
1760533664.21095,6222
1760533664.414326,6747
1760533664.516052,6153
1760533664.616783,6750
1760533664.717535,6898
1760533664.819044,6856
1760533664.920768,6724
1760533665.0225,6546
1760533665.123735,6331
1760533665.224555,6357
1760533665.325283,6274
1760533665.426291,6761
1760533665.527022,6730
1760533665.627782,6907
1760533665.83287,7007
1760533665.933601,6363
1760533666.034303,6732
1760533666.135195,6848
1760533666.235926,6859
1760533666.336656,6611
1760533666.437417,6450
1760533666.538118,6702
1760533666.638848,6423
1760533666.739579,6512
1760533666.840309,6343
1760533666.94104,6155
1760533667.144502,6790
1760533667.246228,6340
1760533667.346959,5996
1760533667.447632,6824
1760533667.548362,6462
1760533667.649093,6621
1760533667.749824,7098
1760533667.850601,6995
1760533667.951883,5943
1760533668.053611,6379
1760533668.154341,7078
1760533668.255059,6413
1760533668.456523,6532
1760533668.557253,6591
1760533668.657983,6403
1760533668.758714,6413
1760533668.859445,6889
1760533668.960175,6631
1760533669.061967,7495
1760533669.163726,6790
1760533669.269412,6325
1760533669.371139,6419
1760533669.471898,6599
1760533669.57263,6780
1760533669.67339,6679
1760533669.875394,6333
1760533669.977123,6831
1760533670.077852,6879
1760533670.178583,6730
1760533670.279313,6442
1760533670.380045,6373
1760533670.480774,6363
1760533670.581505,6264
1760533670.682747,6528
1760533670.783488,6452
1760533670.884208,6681
1760533670.985935,6704
1760533671.191408,6879
1760533671.292871,6849
1760533671.394626,6564
1760533671.49533,7109
1760533671.596266,6875
1760533671.696997,6661
1760533671.797727,6482
1760533671.898458,6740
1760533671.999204,6739
1760533672.099936,6373
1760533672.200665,6442
1760533672.40363,4944
1760533672.505357,5878
1760533672.607084,6330
1760533672.708813,6174
1760533672.811538,6288
1760533672.914269,6222
1760533673.015027,6371
1760533673.115732,6414
1760533673.216461,6224
1760533673.317212,6312
1760533673.418943,6300
1760533673.519673,7048
1760533673.621401,6389
1760533673.726627,6604
1760533673.932078,6517
1760533674.033807,6478
1760533674.135534,6271
1760533674.236264,6849
1760533674.33899,6743
1760533674.442714,7298
1760533674.543443,6820
1760533674.645203,6102
1760533674.746448,6568
1760533674.847177,7157
1760533674.947908,5926
1760533675.04864,6601
1760533675.152362,6604
1760533675.25409,6379
1760533675.459539,6261
1760533675.560181,5912
1760533675.660911,6949
1760533675.762666,6731
1760533675.863369,6613
1760533675.964128,6451
1760533676.064831,6841
1760533676.165563,6422
1760533676.266292,6363
1760533676.367024,6413
1760533676.569989,6379
1760533676.569989,6379
1760533676.772448,6409
1760533676.873178,7048
1760533676.975422,6251
1760533677.076152,6482
1760533677.179902,6168
1760533677.281602,6538
1760533677.382492,6531
1760533677.484219,6812
1760533677.584953,6254
1760533677.685683,6432
1760533677.787413,6468
1760533677.889139,7146
1760533677.989869,6830
1760533678.191832,6243
1760533678.292736,6610
1760533678.393467,7237
1760533678.494149,7171
1760533678.59488,6929
1760533678.695611,7028
1760533678.797074,6485
1760533678.897804,6621
1760533678.999318,7003
1760533679.100716,7219
1760533679.201447,6571
1760533679.302199,6252
1760533679.402908,6622
1760533679.606364,6350
1760533679.707116,6868
1760533679.807826,6483
1760533679.909553,6743
1760533680.01073,6967
1760533680.112458,6763
1760533680.21319,6254
1760533680.313919,5996
1760533680.414651,6313
1760533680.517376,6301
1760533680.6201,6434
1760533680.720855,6709
1760533680.826548,6235
1760533681.031001,6998
1760533681.132729,6084
1760533681.23346,6274
1760533681.33419,6264
1760533681.434921,6373
1760533681.535652,6899
1760533681.636383,6383
1760533681.737113,6502
1760533681.838352,6410
1760533681.939082,6631
1760533682.040676,6594
1760533682.242109,6452
1760533682.34284,6482
1760533682.443573,6214
1760533682.544303,6343
1760533682.645031,7167
1760533682.74627,6380
1760533682.847001,6442
1760533682.948043,5878
1760533683.048774,6363
1760533683.149504,6800
1760533683.250235,6184
1760533683.351963,6969
1760533683.554421,6890
1760533683.655151,6254
1760533683.755883,5986
1760533683.856613,6939
1760533683.957345,6830
1760533684.059072,6193
1760533684.159802,6145
1760533684.260469,6665
1760533684.361199,6214
1760533684.46193,6284
1760533684.666698,6181
1760533684.767427,6115
1760533684.868158,6075
1760533684.968889,6383
1760533685.070617,6763
1760533685.171347,7028
1760533685.272078,6899
1760533685.37283,5568
1760533685.473682,6336
1760533685.57541,6694
1760533685.676171,6818
1760533685.776871,6385
1760533685.878108,6460
1760533686.082561,6007
1760533686.183559,6950
1760533686.284289,6532
1760533686.384994,6245
1760533686.486231,6568
1760533686.586962,6452
1760533686.68803,6124
1760533686.790755,6201
1760533686.891814,6273
1760533686.992544,6482
1760533687.094273,6527
1760533687.195725,6229
1760533687.297452,6353
1760533687.402173,6736
1760533687.605554,6718
1760533687.706257,6921
1760533687.806987,6313
1760533687.907753,6361
1760533688.00845,6196
1760533688.110176,6183
1760533688.211419,6301
1760533688.312156,6789
1760533688.412882,6264
1760533688.514607,6409
1760533688.618683,6418
1760533688.72041,6615
1760533688.82214,6303
1760533689.027589,6301
1760533689.128319,6591
1760533689.229809,6572
1760533689.331016,7084
1760533689.431742,7148
1760533689.532451,6166
1760533689.633181,6393
1760533689.733912,6740
1760533689.834642,6353
1760533689.935373,6790
1760533690.037101,6016
1760533690.238562,6780
1760533690.339292,6224
1760533690.440052,6441
1760533690.54101,6903
1760533690.641741,6849
1760533690.742471,6661
1760533690.843202,6442
1760533690.94493,6310
1760533691.046658,6753
1760533691.147388,6145
1760533691.248119,6373
1760533691.349847,6448
1760533691.454567,6751
1760533691.65805,6574
1760533691.758753,6335
1760533691.859484,5956
1760533691.960215,6452
1760533692.061942,6330
1760533692.162673,6452
1760533692.263668,6693
1760533692.364727,6263
1760533692.465458,6423
1760533692.566188,6651
1760533692.666919,6333
1760533692.770642,6739
1760533692.873367,6551
1760533693.076338,6849
1760533693.177096,6292
1760533693.277821,6095
1760533693.37853,6662
1760533693.479261,6969
1760533693.579991,6770
1760533693.680722,6214
1760533693.782449,6114
1760533693.883181,6691
1760533693.983911,6572
1760533694.084642,6562
1760533694.186644,6274
1760533694.389076,6232
1760533694.489806,6522
1760533694.590536,6889
1760533694.691267,6998
1760533694.792105,6842
1760533694.892835,6165
1760533694.994564,6340
1760533695.095789,6273
1760533695.19652,6671
1760533695.298248,6546
1760533695.398979,6810
1760533695.499709,6532
1760533695.701685,5619
1760533695.802415,5331
1760533695.903146,6353
1760533696.003876,6333
1760533696.104561,6356
1760533696.205291,7157
1760533696.307019,6635
1760533696.408747,6782
1760533696.509478,6849
1760533696.710938,6611
1760533696.811669,6353
1760533696.915451,6455
1760533697.016181,6363
1760533697.117418,6005
1760533697.218388,6744
1760533697.31905,6655
1760533697.41978,6691
1760533697.521275,6818
1760533697.623003,6301
1760533697.724136,6585
1760533697.82587,6733
1760533697.926599,6899
1760533698.028327,6802
1760533698.231783,7078
1760533698.332512,6760
1760533698.434241,6841
1760533698.536967,7262
1760533698.638456,7104
1760533698.739187,6909
1760533698.839918,6909
1760533698.940648,6750
1760533699.041378,6919
1760533699.142109,7197
1760533699.243254,6802
1760533699.445713,6782
1760533699.546444,6859
1760533699.648171,7107
1760533699.7499,7167
1760533699.85063,6800
1760533699.95136,6244
1760533700.052602,6578
1760533700.153334,6810
1760533700.256058,6512
1760533700.356789,6691
1760533700.458519,6251
1760533700.560247,6261
1760533700.76869,6403
1760533700.76869,6403
1760533700.976135,6816
1760533701.077863,7028
1760533701.178594,6512
1760533701.279323,6691
1760533701.38006,6551
1760533701.480789,6959
1760533701.581519,6591
1760533701.68225,6581
1760533701.788966,6812
1760533701.890692,6930
1760533701.991423,6562
1760533702.194288,6968
1760533702.194288,6968
1760533702.295018,6889
1760533702.496479,6234
1760533702.597211,6353
1760533702.698775,6360
1760533702.799735,6537
1760533702.900466,6552
1760533703.002194,6222
1760533703.103367,6553
1760533703.205095,6998
1760533703.305826,6820
1760533703.409548,6257
1760533703.611009,6909
1760533703.611009,6909
1760533703.814465,6841
1760533703.916193,6143
1760533704.016924,6869
1760533704.118652,6478
1760533704.219382,6701
1760533704.320113,6651
1760533704.42184,6664
1760533704.523568,6350
1760533704.624299,6710
1760533704.726027,7736
1760533704.828753,6843
1760533704.929483,6730
1760533705.131448,6760
1760533705.233176,6537
1760533705.334555,6184
1760533705.436284,6733
1760533705.537521,6440
1760533705.639254,6821
1760533705.740983,6242
1760533705.843707,6804
1760533705.945435,6360
1760533706.04816,6561
1760533706.149887,7008
1760533706.250618,6403
1760533706.352347,6861
1760533706.553809,6720
1760533706.656533,6716
1760533706.75826,6202
1760533706.858992,6651
1760533706.961717,6970
1760533707.063445,6423
1760533707.164178,6164
1760533707.2669,6635
1760533707.36763,6035
1760533707.468361,6323
1760533707.569092,6373
1760533707.669823,6790
1760533707.871283,6373
1760533707.972015,6313
1760533708.073742,6242
1760533708.174473,6472
1760533708.275995,6629
1760533708.376725,6105
1760533708.477457,6691
1760533708.578186,6879
1760533708.678918,7068
1760533708.779648,6452
1760533708.880379,6840
1760533708.982107,6192
1760533709.185073,6637
1760533709.285804,6929
1760533709.387532,6143
1760533709.488263,7078
1760533709.58999,6428
1760533709.690721,6671
1760533709.791452,6442
1760533709.892182,6681
1760533709.992912,6859
1760533710.094366,6791
1760533710.1951,7197
1760533710.396557,6512
1760533710.497309,6898
1760533710.598061,6888
1760533710.699749,6460
1760533710.800477,6045
1760533710.901208,6264
1760533711.001939,6373
1760533711.102669,6472
1760533711.2034,6701
1760533711.30413,6303
1760533711.405399,6428
1760533711.609823,6853
1760533711.710553,5857
1760533711.811307,6520
1760533711.912527,6510
1760533712.013255,6889
1760533712.113985,6462
1760533712.215543,6616
1760533712.316273,6472
1760533712.417005,6303
1760533712.517734,6582
1760533712.618465,6730
1760533712.719196,6224
1760533712.922278,6399
1760533713.023515,6549
1760533713.124246,6611
1760533713.224977,6631
1760533713.326704,6281
1760533713.427947,6469
1760533713.528678,6571
1760533713.62941,6730
1760533713.738121,6796
1760533713.839849,6527
1760533713.940579,5807
1760533714.04131,6145
1760533714.143065,6800
1760533714.346493,6442
1760533714.447255,6649
1760533714.547956,6216
1760533714.648686,6532
1760533714.749416,6343
1760533714.850149,5946
1760533714.951875,6045
1760533715.052605,6254
1760533715.153336,6522
1760533715.254068,6800
1760533715.458521,6093
1760533715.559251,6234
1760533715.65998,5936
1760533715.760712,6641
1760533715.861442,6423
1760533715.9622,6470
1760533716.062903,6176
1760533716.163635,6492
1760533716.264392,6709
1760533716.365095,6524
1760533716.465825,6651
1760533716.568554,6222
1760533716.770012,6830
1760533716.87174,7028
1760533716.972471,6343
1760533717.073782,6514
1760533717.174513,6969
1760533717.275243,6313
1760533717.376532,5992
1760533717.477264,6234
1760533717.577993,6194
1760533717.678724,5896
1760533717.779455,6313
1760533717.880188,5996
1760533717.982942,6296
1760533718.185374,6563
1760533718.287124,6358
1760533718.388887,6220
1760533718.489585,5928
1760533718.590316,6552
1760533718.691047,6681
1760533718.792282,6578
1760533718.898,6034
1760533718.999755,6289
1760533719.101456,6450
1760533719.203184,6124
1760533719.303914,6333
1760533719.505729,6568
1760533719.607459,6743
1760533719.708189,6780
1760533719.80892,6313
1760533719.909651,6621
1760533720.011043,6035
1760533720.111774,6333
1760533720.212504,6591
1760533720.313234,6969
1760533720.414963,6713
1760533720.515694,6820
1760533720.717165,6888
1760533720.818389,6796
1760533720.919122,6542
1760533721.019852,6214
1760533721.120583,6482
1760533721.221313,6373
1760533721.322549,6311
1760533721.423056,6526
1760533721.523787,6373
1760533721.625515,6900
1760533721.727244,6691
1760533721.830965,6549
1760533721.93369,6843
1760533722.139143,6487
1760533722.239872,6304
1760533722.340639,6281
1760533722.44185,6501
1760533722.542554,6563
1760533722.643284,6790
1760533722.744015,6661
1760533722.844745,6353
1760533722.945485,6491
1760533723.046242,6848
1760533723.146946,6524
1760533723.350847,6438
1760533723.453599,6656
1760533723.554303,6355
1760533723.655033,6343
1760533723.755706,6625
1760533723.857437,6536
1760533723.959193,6093
1760533724.059923,6294
1760533724.160953,6503
1760533724.262653,6578
1760533724.363383,6740
1760533724.565842,6989
1760533724.565842,6989
1760533724.768301,6720
1760533724.870056,6682
1760533724.970759,6990
1760533725.071957,6294
1760533725.173685,5966
1760533725.275412,6487
1760533725.37617,6361
1760533725.478429,6551
1760533725.579139,6434
1760533725.680867,6635
1760533725.783592,6999
1760533725.985513,6354
1760533726.086244,6343
1760533726.187972,6084
1760533726.2897,7028
1760533726.39043,6959
1760533726.492158,6566
1760533726.595881,6661
1760533726.697609,6635
1760533726.800334,6473
1760533726.901711,7151
1760533727.006064,6708
1760533727.106792,6512
1760533727.207523,6184
1760533727.415966,6563
1760533727.415966,6563
1760533727.51772,6427
1760533727.720151,6760
1760533727.820968,6635
1760533727.921699,7157
1760533728.022904,7005
1760533728.123634,7217
1760533728.224365,6889
1760533728.325117,6064
1760533728.427331,6408
1760533728.529058,6281
1760533728.631784,6337
1760533728.834243,6841
1760533728.834243,6841
1760533728.935971,6301
1760533729.139944,6468
1760533729.240674,6502
1760533729.341404,6909
1760533729.443546,6314
1760533729.545277,6232
1760533729.646007,6055
1760533729.746738,6323
1760533729.847469,6313
1760533729.949144,5979
1760533730.050872,6655
1760533730.15161,6065
1760533730.253331,6517
1760533730.356056,6288
1760533730.558718,6298
1760533730.659448,6571
1760533730.760179,7018
1760533730.860909,6710
1760533730.96164,6343
1760533731.063395,5965
1760533731.165096,6283
1760533731.265826,6661
1760533731.367986,6587
1760533731.471682,6480
1760533731.572412,6591
1760533731.673143,6601
1760533731.774871,6540
1760533731.980321,6615
1760533732.081052,6542
1760533732.181814,6718
1760533732.282571,6669
1760533732.383281,6622
1760533732.484005,6492
1760533732.584735,6730
1760533732.685591,6434
1760533732.786922,6246
1760533732.888652,5878
1760533733.090114,3276
1760533733.191868,3763
1760533733.297559,4145
1760533733.398289,5638
1760533733.49902,6055
1760533733.600775,6348
1760533733.702768,6612
1760533733.803519,6372
1760533733.904228,6503
1760533734.005959,6635
1760533734.10968,6536
1760533734.211406,6320
1760533734.312137,6849
1760533734.51659,6626
1760533734.617634,6601
1760533734.718365,5996
1760533734.819824,6652
1760533734.921552,6625
1760533735.022789,6479
1760533735.123518,7286
1760533735.225246,6537
1760533735.327972,6463
1760533735.428703,5757
1760533735.531816,6788
1760533735.632548,6998
1760533735.735272,6684
1760533735.938755,6520
1760533736.039459,6315
1760533736.141187,6792
1760533736.242914,6546
1760533736.346303,6615
1760533736.448032,6271
1760533736.548762,6492
1760533736.65049,7018
1760533736.755212,7095
1760533736.856446,6647
1760533736.957178,6651
1760533737.058906,6772
1760533737.160634,6645
1760533737.262362,6084
1760533737.363605,7299
1760533737.465333,7303
1760533737.669786,6822
1760533737.770516,6641
1760533737.871247,6452
1760533737.971978,7018
1760533738.072655,6436
1760533738.177375,6257
1760533738.278272,6343
1760533738.379002,6363
1760533738.479704,7020
1760533738.580434,6621
1760533738.682164,6694
1760533738.885617,6376
1760533738.987346,6115
1760533739.088077,6562
1760533739.189924,6833
1760533739.29164,6695
1760533739.39237,6174
1760533739.494097,6271
1760533739.59486,6262
1760533739.696556,6450
1760533739.797287,6601
1760533739.898017,6482
1760533739.998749,7127
1760533740.204559,6428
1760533740.305288,6661
1760533740.40602,7534
1760533740.507747,6979
1760533740.608471,7118
1760533740.709552,6489
1760533740.813275,6162
1760533740.914382,6685
1760533741.016111,7088
1760533741.11735,6519
1760533741.219079,6989
1760533741.319537,6549
1760533741.420237,6166
1760533741.623199,6055
1760533741.623199,6055
1760533741.827459,6445
1760533741.929187,6704
1760533742.029916,6522
1760533742.132093,6312
1760533742.233821,6360
1760533742.334551,6482
1760533742.438274,6824
1760533742.539005,7227
1760533742.640732,6664
1760533742.741462,6373
1760533742.851169,6693
1760533743.052631,6980
1760533743.052631,6980
1760533743.257084,6452
1760533743.358812,6546
1760533743.46054,6586
1760533743.561927,6361
1760533743.662661,6770
1760533743.763388,6979
1760533743.864119,7018
1760533743.965868,6486
1760533744.066577,6940
1760533744.168306,7057
1760533744.270033,6940
1760533744.475982,6015
1760533744.475982,6015
1760533744.576711,6482
1760533744.779169,6566
1760533744.8799,6661
1760533744.981656,6387
1760533745.083356,6881
1760533745.184087,6363
1760533745.284817,7068
1760533745.389081,6746
1760533745.490811,6920
1760533745.591539,6840
1760533745.693279,6290
1760533745.795003,6527
1760533745.896732,6654
1760533745.998179,6643
1760533746.210611,5812
1760533746.312319,6194
1760533746.414047,6654
1760533746.515804,6603
1760533746.616536,7098
1760533746.717241,6454
1760533746.818284,6997
1760533746.920015,6821
1760533747.020745,6820
1760533747.122473,6910
1760533747.223204,6373
1760533747.32593,6843
1760533747.427656,6389
1760533747.528417,6212
1760533747.732842,6424
1760533747.835567,6950
1760533747.936297,7038
1760533748.037084,6211
1760533748.138814,6674
1760533748.240569,6279
1760533748.341272,6355
1760533748.443001,5888
1760533748.544728,6478
1760533748.64748,6413
1760533748.751176,6757
1760533748.852905,3125
1760533748.953634,4844
1760533749.156093,5539
1760533749.257058,6011
1760533749.35779,6264
1760533749.45852,6661
1760533749.55925,6720
1760533749.65998,6452
1760533749.760712,6264
1760533749.86147,6262
1760533749.96317,6764
1760533750.063928,6560
1760533750.164632,6722
1760533750.265362,6601
1760533750.468331,6350
1760533750.56906,6840
1760533750.66979,6800
1760533750.771518,6232
1760533750.874243,6395
1760533750.975971,6104
1760533751.077699,6399
1760533751.178429,6274
1760533751.280157,6271
1760533751.381237,6014
1760533751.482962,6724
1760533751.584691,6615
1760533751.686417,6370
1760533751.890304,6360
1760533751.991567,5925
1760533752.093059,6020
1760533752.193762,6524
1760533752.294498,5876
1760533752.395224,6274
1760533752.495954,6879
1760533752.596684,7217
1760533752.697922,6568
1760533752.800647,6201
1760533752.901377,6631
1760533753.002108,6234
1760533753.206011,6492
1760533753.307738,6232
1760533753.410465,5675
1760533753.513189,6113
1760533753.61392,6085
1760533753.71567,6791
1760533753.818373,6465
1760533753.920128,5955
1760533754.02149,6817
1760533754.122221,6879
1760533754.22307,6841
1760533754.323801,6562
1760533754.426527,6772
1760533754.628015,6869
1760533754.7288,6895
1760533754.829504,6345
1760533754.931244,6477
1760533755.031942,6325
1760533755.134668,6736
1760533755.23839,6324
1760533755.33912,6353
1760533755.441846,5831
1760533755.542577,6859
1760533755.643306,6254
1760533755.744037,6512
1760533755.845766,6254
1760533755.958464,7028
1760533756.06119,6901
1760533756.163431,6933
1760533756.366887,6891
1760533756.467618,6174
1760533756.56835,6442
1760533756.669079,6125
1760533756.770353,6576
1760533756.871083,6671
1760533756.971835,6937
1760533757.072572,6521
1760533757.173302,6542
1760533757.276027,6716
1760533757.381746,6687
1760533757.584203,7048
1760533757.685434,6450
1760533757.786165,6006
1760533757.887893,7058
1760533757.988623,6840
1760533758.089354,6432
1760533758.190538,6690
1760533758.291268,6661
1760533758.391999,6522
1760533758.49273,6363
1760533758.59346,6681
1760533758.695189,6482
1760533758.897647,6524
1760533758.998404,6669
1760533759.09911,7010
1760533759.201834,6487
1760533759.305556,6681
1760533759.407284,6114
1760533759.508015,6075
1760533759.608745,6433
1760533759.709476,6631
1760533759.810206,6026
1760533759.910937,6254
1760533760.1146,6400
1760533760.216327,6694
1760533760.319053,6301
1760533760.420791,6909
1760533760.521549,5944
1760533760.622252,5262
1760533760.723838,5926
1760533760.825219,6174
1760533760.925951,6601
1760533761.027706,6515
1760533761.129052,5948
1760533761.336499,6016
1760533761.437262,6758
1760533761.538958,6106
1760533761.640686,6468
1760533761.741416,6681
1760533761.842147,6591
1760533761.942879,6422
1760533762.044605,6645
1760533762.145337,6532
1760533762.246411,6688
1760533762.348986,6600
1760533762.449714,6939
1760533762.65317,7274
1760533762.7539,6631
1760533762.855272,6234
1760533762.956004,6562
1760533763.056734,6720
1760533763.157443,6374
1760533763.258174,6571
1760533763.359901,6723
1760533763.460631,7018
1760533763.561363,6482
1760533763.662122,6897
1760533763.864573,6959
1760533763.9663,6802
1760533764.067031,6730
1760533764.168759,6556
1760533764.270487,6714
1760533764.372214,7008
1760533764.472944,6542
1760533764.574673,6458
1760533764.675403,6294
1760533764.776134,6373
1760533764.876864,6254
1760533764.977571,6285
1760533765.181028,6452
1760533765.181028,6452
1760533765.384565,6423
1760533765.485295,6621
1760533765.585964,7042
1760533765.692677,7192
1760533765.794866,7075
1760533765.895597,6423
1760533765.996348,6679
1760533766.097057,6682
1760533766.298519,6816
1760533766.604717,5538
1760533766.866016,6285
1760533766.866016,6285
1760533766.977717,5640
1760533767.079445,6537
1760533767.180175,6413
1760533767.281903,6448
1760533767.382638,6651
1760533767.484872,6539
1760533767.691987,6487
1760533767.793419,6615
1760533767.894149,6631
1760533767.994879,6244
1760533768.09561,6661
1760533768.196342,6691
1760533768.298068,6360
1760533768.398804,6253
1760533768.499535,6462
1760533768.600267,6224
1760533768.701993,6861
1760533768.904452,6472
1760533769.005183,6641
1760533769.105913,5549
1760533769.206643,6075
1760533769.307462,6298
1760533769.409163,6666
1760533769.510081,6133
1760533769.610787,6255
1760533769.711519,6641
1760533769.812249,6085
1760533769.912982,6532
1760533770.015705,6590
1760533770.218932,6818
1760533770.319663,6601
1760533770.420404,6571
1760533770.521125,6820
1760533770.621855,6611
1760533770.722585,6701
1760533770.823274,6753
1760533770.924004,5698
1760533771.025403,6272
1760533771.126313,6342
1760533771.227043,7237
1760533771.429058,6323
1760533771.530786,6360
1760533771.631545,6857
1760533771.733244,6617
1760533771.833996,6153
1760533771.935703,6764
1760533772.03675,6620
1760533772.137474,4854
1760533772.238204,5539
1760533772.338962,5577
1760533772.439667,6871
1760533772.540396,6502
1760533772.641128,6512
1760533772.845607,6348
1760533772.946311,6891
1760533773.047041,6641
1760533773.147771,6681
1760533773.248502,5410
1760533773.349479,6734
1760533773.450207,6443
1760533773.550937,6770
1760533773.651669,6730
1760533773.752399,6988
1760533773.85316,6311
1760533773.954395,6657
1760533774.156532,6582
1760533774.257263,6512
1760533774.358005,6511
1760533774.458735,6651
1760533774.559466,6601
1760533774.660196,6730
1760533774.760928,6899
1760533774.862656,6576
1760533774.963401,6948
1760533775.064121,7118
1760533775.16585,6631
1760533775.269573,6777
1760533775.472031,6522
1760533775.572761,6294
1760533775.673492,6214
1760533775.774222,6909
1760533775.87498,6599
1760533775.975691,6533
1760533776.077416,6429
1760533776.178173,7076
1760533776.278876,6544
1760533776.379607,6442
1760533776.480338,6909
1760533776.582067,6822
1760533776.788515,6189
1760533776.890242,6773
1760533776.990972,6740
1760533777.091703,6562
1760533777.192433,6174
1760533777.294161,6527
1760533777.395399,6460
1760533777.496157,6232
1760533777.596889,6115
1760533777.697591,6623
1760533777.798322,6284
1760533777.899053,6363
1760533777.999783,6651
1760533778.204236,6478
1760533778.304994,6391
1760533778.406695,6454
1760533778.507452,6808
1760533778.609154,5948
1760533778.709884,6671
1760533778.81261,6202
1760533778.914337,6281
1760533779.015067,6542
1760533779.116796,6507
1760533779.220074,6697
1760533779.421542,6124
1760533779.421542,6124
1760533779.624987,6900
1760533779.725717,6849
1760533779.826952,6973
1760533779.927683,6800
1760533780.030157,6684
1760533780.132371,6106
1760533780.2331,6452
1760533780.334827,6792
1760533780.43556,6968
1760533780.537798,6670
1760533780.643514,6441
1760533780.744244,6671
1760533780.84697,6173
1760533780.948698,6497
1760533781.152851,6284
1760533781.253582,6343
1760533781.354341,6917
1760533781.456041,6233
1760533781.557279,6825
1760533781.659008,6204
1760533781.759739,6432
1760533781.860469,6810
1760533781.962197,6654
1760533782.064922,6950
1760533782.266384,7318
1760533782.266384,7318
1760533782.471344,6936
1760533782.573094,6948
1760533782.675797,6786
1760533782.777525,6222
1760533782.878255,7197
1760533782.979512,6903
1760533783.080243,6720
1760533783.180974,6403
1760533783.281704,6780
1760533783.382945,6509
1760533783.488663,6478
1760533783.591387,6736
1760533783.693116,6625
1760533783.795841,5967
1760533783.998299,6661
1760533784.099033,7435
1760533784.200763,6576
1760533784.301494,6859
1760533784.402225,6730
1760533784.502955,6770
1760533784.603686,6969
1760533784.707913,6946
1760533784.912367,6707
1760533784.912367,6707
1760533785.115822,6889
1760533785.232597,6209
1760533785.232597,6209
1760533785.337317,6703
1760533785.544268,6413
1760533785.644999,6859
1760533785.745761,6192
1760533785.84646,6762
1760533785.947702,6183
1760533786.048433,6621
1760533786.149164,6701
1760533786.249895,5857
1760533786.350634,6412
1760533786.452354,6793
1760533786.553085,6552
1760533786.653814,6949
1760533786.857841,6377
1760533786.959543,6460
1760533787.060273,6145
1760533787.161034,6093
1760533787.262038,6395
1760533787.3628,6639
1760533787.463549,6441
1760533787.565277,6749
1760533787.66601,6800
1760533787.766678,5781
1760533787.867408,5450
1760533787.970591,6318
1760533788.078303,6207
1760533788.280761,6631
1760533788.381494,7038
1760533788.483247,6849
1760533788.584976,6743
1760533788.685679,6107
1760533788.786414,6809
1760533788.88714,6919
1760533788.98787,6730
1760533789.088623,6649
1760533789.189332,6831
1760533789.292057,6853
1760533789.392788,7098
1760533789.495514,6940
1760533789.699943,6327
1760533789.800674,6691
1760533789.901405,6790
1760533790.002135,6780
1760533790.102867,6830
1760533790.203618,6372
1760533790.304327,7040
1760533790.406056,6704
1760533790.506786,6621
1760533790.610508,6132
1760533790.713233,6463
1760533790.813963,6135
1760533791.016451,6570
1760533791.117153,6643
1760533791.217883,6641
1760533791.319611,6291
1760533791.420867,6271
1760533791.521597,6552
1760533791.622328,6393
1760533791.723059,6244
1760533791.824786,6330
1760533791.925517,6919
1760533792.028243,6259
1760533792.129982,6202
1760533792.234706,6025
1760533792.440348,6294
1760533792.541605,6636
1760533792.642314,6553
1760533792.744069,7026
1760533792.844773,6881
1760533792.945503,6472
1760533793.046234,6611
1760533793.147961,6694
1760533793.248851,6591
1760533793.349812,6457
1760533793.450539,6840
1760533793.553291,6355
1760533793.755723,6116
1760533793.856453,6691
1760533793.957183,7048
1760533794.057914,6611
1760533794.158785,7127
1760533794.259488,6365
1760533794.360218,5966
1760533794.460948,6542
1760533794.561679,6452
1760533794.662416,6938
1760533794.864875,6732
1760533794.864875,6732
1760533795.06913,6568
1760533795.170888,6810
1760533795.271586,6345
1760533795.372316,5976
1760533795.473046,6611
1760533795.573778,6482
1760533795.674508,6442
1760533795.776235,6851
1760533795.876967,6502
1760533796.079425,6184
1760533796.181152,6959
1760533796.281883,6691
1760533796.383611,6389
1760533796.484284,6665
1760533796.58572,6684
1760533796.686452,6641
1760533796.788181,6418
1760533796.889298,6695
1760533796.99003,6760
1760533797.091759,7254
1760533797.19249,7058
1760533797.294217,6890
1760533797.394979,7006
1760533797.598405,6278
1760533797.701129,6900
1760533797.801859,6711
1760533797.903587,6723
1760533798.005317,6998
1760533798.107048,6418
1760533798.207778,6760
1760533798.309017,5956
1760533798.410745,6635
1760533798.512473,6940
1760533798.614201,6655
1760533798.71593,7274
1760533798.922377,5858
1760533799.023107,6899
1760533799.123838,6452
1760533799.225083,6696
1760533799.325809,6502
1760533799.427537,6812
1760533799.529267,6831
1760533799.631042,6260
1760533799.732776,6595
1760533799.834017,6904
1760533799.937738,6527
1760533800.039465,6045
1760533800.140197,6730
1760533800.342654,6444
1760533800.342654,6444
1760533800.544978,5907
1760533800.646706,6635
1760533800.749431,6570
1760533800.850162,6800
1760533800.953884,6552
1760533801.055612,6831
1760533801.15734,6861
1760533801.264054,6597
1760533801.365782,6301
1760533801.46751,6812
1760533801.568241,6839
1760533801.770699,6581
1760533801.770699,6581
1760533801.872427,6566
1760533802.075833,6977
1760533802.176535,6176
1760533802.277266,6423
1760533802.377997,6313
1760533802.479724,6497
1760533802.580486,6431
1760533802.681208,6771
1760533802.781916,5908
1760533802.883103,6522
1760533802.983832,6869
1760533803.185294,6065
1760533803.286024,6423
1760533803.387753,6527
1760533803.48948,6428
1760533803.591209,5867
1760533803.69194,6383
1760533803.794664,6746
1760533803.896392,6153
1760533803.99812,6320
1760533804.099089,6259
1760533804.199823,7008
1760533804.300553,7048
1760533804.401284,6651
1760533804.505009,6697
1760533804.609726,6455
1760533804.812184,6512
1760533804.912918,7048
1760533805.013667,6143
1760533805.114376,6702
1760533805.215114,6333
1760533805.315838,6473
1760533805.417251,6172
1760533805.517981,6105
1760533805.618712,6919
1760533805.719442,7197
1760533805.820203,7036
1760533805.920932,6313
1760533806.122365,6701
1760533806.223125,6609
1760533806.324847,6301
1760533806.54324,6753
1760533806.813532,4461
1760533807.452822,3480
1760533807.67423,6252
1760533808.103608,6780
1760533808.377891,4924
1760533808.494595,5741
1760533808.595481,6770
1760533808.696246,6559
1760533808.796976,6671
1760533808.898236,6577
1760533808.998995,6302
1760533809.099699,6404
1760533809.204445,6043
1760533809.412862,6743
1760533809.513618,6332
1760533809.614321,6613
1760533809.715052,6562
1760533809.81619,6486
1760533809.926674,6335
1760533810.028401,6399
1760533810.129159,6083
1760533810.230367,6126
1760533810.33132,6557
1760533810.433016,6932
1760533810.533746,6234
1760533810.635011,6517
1760533810.735742,6135
1760533810.937203,6403
1760533811.037934,6700
1760533811.138685,6957
1760533811.239394,6305
1760533811.340125,6661
1760533811.440856,6601
1760533811.541588,6403
1760533811.642932,6176
1760533811.743663,6214
1760533811.845391,6065
1760533811.94712,6458
1760533812.04785,6631
1760533812.25082,6232
1760533812.351551,6720
1760533812.452381,7140
1760533812.553398,6404
1760533812.654123,6304
1760533812.758823,6817
1760533812.859552,6214
1760533812.960283,6988
1760533813.061522,6608
1760533813.163251,6413
1760533813.263981,6006
1760533813.468434,5889
1760533813.57116,6755
1760533813.67189,6433
1760533813.77661,7056
1760533813.878337,6537
1760533813.979605,6813
1760533814.08084,6292
1760533814.181571,6323
1760533814.282302,6244
1760533814.382821,7103
1760533814.484549,6979
1760533814.58528,6849
1760533814.686009,6204
1760533814.788735,6843
1760533814.890463,7116
1760533815.093919,6093
1760533815.194649,6512
1760533815.295379,6532
1760533815.39611,6482
1760533815.496841,5976
1760533815.598597,6771
1760533815.700324,6350
1760533815.802083,6672
1760533816.005509,6143
1760533816.107263,6682
1760533816.207966,6355
1760533816.309694,6320
1760533816.413418,6102
1760533816.515144,6114
1760533816.616282,6110
1760533816.716986,6553
1760533816.817717,6621
1760533816.918447,5837
1760533817.019177,6234
1760533817.120904,5848
1760533817.222143,6637
1760533817.325865,6575
1760533817.53137,6798
1760533817.633082,6803
1760533817.733814,6790
1760533817.835514,6853
1760533817.936244,6562
1760533818.040474,6370
1760533818.14221,5848
1760533818.242918,6037
1760533818.343649,6264
1760533818.444452,7112
1760533818.546203,6044
1760533818.646905,6305
1760533818.74866,6328
1760533818.952602,6193
1760533819.053333,6224
1760533819.15409,6550
1760533819.25679,6562
1760533819.358522,6507
1760533819.462245,6653
1760533819.562976,6879
1760533819.663706,6452
1760533819.764436,5489
1760533819.865167,6998
1760533819.965897,6423
1760533820.067626,6389
1760533820.272082,6645
1760533820.372812,6403
1760533820.473542,6244
1760533820.574301,6153
1760533820.675004,6643
1760533820.775735,6373
1760533820.877462,6360
1760533820.978193,6462
1760533821.079921,6143
1760533821.18066,6551
1760533821.282388,6772
1760533821.384328,6680
1760533821.485059,6343
1760533821.696493,5850
1760533821.799219,5782
1760533821.902941,6565
1760533822.003671,6115
1760533822.105936,6629
1760533822.207664,7333
1760533822.313382,6799
1760533822.415109,6822
1760533822.520827,7160
1760533822.622554,6556
1760533822.723312,6867
1760533822.825013,6479
1760533822.925744,6522
1760533823.027103,6472
1760533823.127834,6899
1760533823.231839,6403
1760533823.436291,6831
1760533823.536978,7419
1760533823.63773,6808
1760533823.741426,6366
1760533823.842156,7207
1760533823.944306,6490
1760533824.046033,6556
1760533824.146764,6671
1760533824.247383,6827
1760533824.348142,6609
1760533824.449842,6194
1760533824.552692,6290
1760533824.655444,6530
1760533824.857876,6760
1760533824.959603,5927
1760533825.062328,6463
1760533825.165054,6591
1760533825.266293,6262
1760533825.36775,6741
1760533825.468481,6502
1760533825.569214,6512
1760533825.670448,5215
1760533825.771206,2759
1760533825.87191,5819
1760533825.974172,6264
1760533826.074904,6839
1760533826.277886,6996
1760533826.378585,6603
1760533826.479316,6164
1760533826.581044,6841
1760533826.682772,6910
1760533826.783503,6671
1760533826.885231,6527
1760533826.98995,6191
1760533827.091108,6237
1760533827.191839,5946
1760533827.393299,6681
1760533827.393299,6681
1760533827.595759,7177
1760533827.69751,6397
1760533827.798217,6702
1760533827.899977,6643
1760533828.003111,5923
1760533828.103844,5946
1760533828.20557,6370
1760533828.3063,6373
1760533828.407032,6154
1760533828.608493,6333
1760533828.71025,6731
1760533828.816936,6880
1760533828.918317,6164
1760533829.019048,6581
1760533829.121774,6940
1760533829.225499,6276
1760533829.327224,6665
1760533829.42995,7038
1760533829.53068,6393
1760533829.632409,6949
1760533829.734159,6722
1760533829.835286,6704
1760533830.036685,6546
1760533830.138416,6585
1760533830.239934,6974
1760533830.341662,6566
1760533830.44439,6831
1760533830.546115,6173
1760533830.646847,6552
1760533830.749088,6054
1760533830.851814,6409
1760533830.952543,7028
1760533831.053274,6571
1760533831.154004,6552
1760533831.25673,6541
1760533831.463178,6366
1760533831.564905,7038
1760533831.666144,6479
1760533831.767873,6183
1760533831.868603,6869
1760533831.970331,6537
1760533832.074054,6437
1760533832.174784,6730
1760533832.276512,6753
1760533832.378241,6710
1760533832.478971,6125
1760533832.580029,6382
1760533832.68076,6691
1760533832.883219,6701
1760533832.984946,7411
1760533833.086911,6413
1760533833.188639,6537
1760533833.292646,5764
1760533833.393376,6740
1760533833.49421,6942
1760533833.594941,6750
1760533833.695671,6423
1760533833.796402,6303
1760533833.89813,6532
1760533834.101586,6629
1760533834.203335,5975
1760533834.305553,6747
1760533834.408304,6335
1760533834.511004,6309
1760533834.612752,6231
1760533834.713461,6305
1760533834.815189,6733
1760533834.916918,6691
1760533835.017647,6730
1760533835.120373,6580
1760533835.221105,6651
1760533835.325334,6190
1760533835.528299,6174
1760533835.629056,6471
1760533835.73375,6657
1760533835.835477,6733
1760533835.936208,7038
1760533836.037148,6627
1760533836.139885,6270
1760533836.240643,6669
1760533836.342849,6193
1760533836.444577,5976
1760533836.546305,6576
1760533836.749788,6635
1760533836.854481,6798
1760533836.958203,6493
1760533837.059932,6654
1760533837.163654,7036
1760533837.264384,7078
1760533837.365115,6542
1760533837.465845,6621
1760533837.56661,6917
1760533837.671296,6486
1760533837.773024,6399
1760533837.873755,6830
1760533837.974496,6601
1760533838.07523,6512
1760533838.176958,6478
1760533838.278687,6379
1760533838.482142,6591
1760533838.582873,7197
1760533838.683603,6383
1760533838.787327,6492
1760533838.888056,6254
1760533838.988787,6244
1760533839.089557,6172
1760533839.190248,6505
1760533839.291485,6410
1760533839.392242,6560
1760533839.593676,6214
1760533839.694407,6343
1760533839.795139,6770
1760533839.896865,6468
1760533839.997621,6223
1760533840.098355,6472
1760533840.200055,6479
1760533840.301782,6645
1760533840.412487,6567
1760533840.515501,6533
1760533840.6162,5948
1760533840.716965,6123
1760533840.817666,6345
1760533841.020134,6880
1760533841.121856,6291
1760533841.223583,6733
1760533841.325311,6438
1760533841.426042,6492
1760533841.526772,6730
1760533841.627503,6701
1760533841.728766,6705
1760533841.829468,6265
1760533841.930199,6244
1760533842.031091,6492
1760533842.131823,6919
1760533842.333283,6303
1760533842.434013,6214
1760533842.534744,6760
1760533842.636191,6357
1760533842.736923,6571
1760533842.837674,6501
1760533842.939381,6892
1760533843.040625,6578
1760533843.141354,7098
1760533843.243082,5976
1760533843.446538,6249
1760533843.550262,6247
1760533843.650991,6313
1760533843.751722,6820
1760533843.852452,6303
1760533843.953692,6173
1760533844.055419,6822
1760533844.15615,5916
1760533844.25688,6522
1760533844.358202,6405
1760533844.458903,6822
1760533844.559633,6740
1760533844.660363,6631
1760533844.76309,6259
1760533844.968052,6664
1760533845.068782,6492
1760533845.169513,5847
1760533845.270243,6323
1760533845.370974,6135
1760533845.471732,6480
1760533845.572435,6712
1760533845.673166,6423
1760533845.773896,5916
1760533845.874655,6500
1760533845.975358,6970
1760533846.177817,5996
1760533846.278547,6423
1760533846.379196,6160
1760533846.480954,6662
1760533846.582166,6619
1760533846.682831,6178
1760533846.783563,6303
1760533846.884315,6520
1760533846.985024,6076
1760533847.085755,6988
1760533847.186485,6631
1760533847.287216,6601
1760533847.390939,6546
1760533847.59554,7096
1760533847.696299,7056
1760533847.797002,7060
1760533847.897733,6542
1760533847.998463,6035
1760533848.099617,6455
1760533848.200344,6512
1760533848.301076,6661
1760533848.401804,6343
1760533848.502547,6978
1760533848.603278,6760
1760533848.704008,7376
1760533848.907465,6959
1760533849.008194,6264
1760533849.108925,6671
1760533849.20969,7492
1760533849.310387,6703
1760533849.411144,7066
1760533849.512845,6538
1760533849.613576,6512
1760533849.715303,6684
1760533849.816538,5551
1760533849.917269,6651
1760533850.119727,6458
1760533850.220988,6626
1760533850.321719,6760
1760533850.422449,7147
1760533850.523182,7346
1760533850.62391,6969
1760533850.725058,6930
1760533850.825782,6463
1760533850.926512,5877
1760533851.027747,7734
1760533851.128438,6654
1760533851.337347,6833
1760533851.439074,6743
1760533851.539808,6502
1760533851.643044,6228
1760533851.744774,6762
1760533851.846502,6704
1760533851.947317,6854
1760533852.048109,6875
1760533852.148812,6702
1760533852.249564,6421
1760533852.350274,6484
1760533852.452002,6468
1760533852.653463,6423
1760533852.754193,7147
1760533852.855921,5898
1760533852.956652,6184
1760533853.057382,6581
1760533853.15814,6292
1760533853.258844,6186
1760533853.359601,6312
1760533853.460305,6325
1760533853.561573,6576
1760533853.662274,6494
1760533853.763594,6109
1760533853.865294,6696
1760533854.068261,7284
1760533854.169498,6489
1760533854.270228,6889
1760533854.371441,6995
1760533854.472172,6760
1760533854.573354,6611
1760533854.675082,6389
1760533854.776318,6973
1760533854.877081,7056
1760533854.977942,6513
1760533855.078668,7088
1760533855.180424,6938
1760533855.382365,6955
1760533855.485089,7009
1760533855.586325,6687
1760533855.687083,6441
1760533855.788302,6767
1760533855.89003,5760
1760533855.991296,5855
1760533856.092024,6721
1760533856.193269,6578
1760533856.297992,6141
1760533856.500958,6812
1760533856.602191,6578
1760533856.702923,6472
1760533856.804162,6193
1760533856.90988,6531
1760533857.011149,6902
1760533857.111868,6513
1760533857.212626,6738
1760533857.313357,6542
1760533857.41406,6285
1760533857.521773,6805
1760533857.725245,6271
1760533857.725245,6271
1760533857.928214,6969
1760533858.029449,7033
1760533858.130953,6374
1760533858.231686,6690
1760533858.332438,6471
1760533858.434145,6272
1760533858.534876,6621
1760533858.635798,6430
1760533858.736529,6274
1760533858.837765,6381
1760533858.938496,6691
1760533859.143468,5141
1760533859.244692,6075
1760533859.345423,6244
1760533859.447153,6399
1760533859.552868,6233
1760533859.654189,5981
1760533859.754892,6643
1760533859.856619,6792
1760533859.957856,6331
1760533860.058586,6581
1760533860.160315,6704
1760533860.364277,6346
1760533860.364277,6346
1760533860.567733,6780
1760533860.668462,6532
1760533860.769401,6419
1760533860.870132,6184
1760533860.973855,6507
1760533861.075582,6871
1760533861.176313,6849
1760533861.277043,6532
1760533861.378771,6261
1760533861.581891,6133
1760533861.68362,6713
1760533861.786347,6596
1760533861.888071,6930
1760533861.992571,6593
1760533862.093301,6025
1760533862.196026,6615
1760533862.297753,6468
1760533862.398483,6790
1760533862.500213,6261
1760533862.60194,6959
1760533862.70267,6383
1760533862.803401,6691
1760533862.90413,7118
1760533863.109582,6361
1760533863.210312,6691
1760533863.311043,6244
1760533863.413163,6727
1760533863.514891,6802
1760533863.615622,6303
1760533863.71735,6350
1760533863.81808,6105
1760533863.919808,6360
1760533864.020565,6679
1760533864.121269,6643
1760533864.222001,6393
1760533864.324725,6424
1760533864.527185,6782
1760533864.627914,6611
1760533864.729113,6175
1760533864.829845,6929
1760533864.930576,6204
1760533865.031964,6263
1760533865.132722,6044
1760533865.23542,7341
1760533865.336151,5847
1760533865.442866,6803
1760533865.645324,6303
1760533865.746055,6840
1760533865.846784,6204
1760533865.948513,6350
1760533866.049244,6254
1760533866.149974,6234
1760533866.251702,6310
1760533866.352432,6730
1760533866.453164,7147
1760533866.553894,6998
1760533866.654624,5956
1760533866.858488,6755
1760533866.960216,6428
1760533867.061944,6251
1760533867.163678,6792
1760533867.268392,6054
1760533867.369123,6621
1760533867.469854,6929
1760533867.570613,6560
1760533867.671315,6295
1760533867.772044,6403
1760533867.87341,6688
1760533867.974547,6763
1760533868.076279,6369
1760533868.279734,7136
1760533868.380949,6619
1760533868.482681,6320
1760533868.584409,6694
1760533868.687134,6765
1760533868.788862,6409
1760533868.889592,6830
1760533868.991321,6251
1760533869.092051,6095
1760533869.193,6726
1760533869.293734,7226
1760533869.395462,6271
1760533869.498694,6151
1760533869.701514,6625
1760533869.701514,6625
1760533869.904,6112
1760533870.005624,6268
1760533870.107352,6517
1760533870.209079,6399
1760533870.30981,5698
1760533870.411082,6319
1760533870.512813,6605
1760533870.614562,6555
1760533870.718263,6258
1760533870.819991,6389
1760533871.023446,6448
1760533871.124177,6373
1760533871.225905,6841
1760533871.326649,5935
1760533871.427399,6511
1760533871.528097,6157
1760533871.629846,6103
1760533871.73158,6064
1760533871.832723,6733
1760533871.933454,6830
1760533872.034255,6626
1760533872.135982,7018
1760533872.339944,6379
1760533872.443668,6710
1760533872.546391,6281
1760533872.648118,7146
1760533872.749973,6444
1760533872.851704,7008
1760533872.95343,7136
1760533873.055156,6143
1760533873.157389,6279
1760533873.259118,6045
1760533873.360844,6684
1760533873.462572,6743
1760533873.563303,7018
1760533873.767757,6681
1760533873.868999,6114
1760533873.970725,6920
1760533874.071455,6631
1760533874.17418,7164
1760533874.275908,6713
1760533874.376639,6423
1760533874.47822,6320
1760533874.578952,5906
1760533874.680647,6480
1760533874.78138,6889
1760533874.88314,6525
1760533874.985832,6470
1760533875.191282,6330
1760533875.294008,6677
1760533875.395735,6586
1760533875.497463,6419
1760533875.598221,6867
1760533875.699922,7138
1760533875.800652,5896
1760533875.90238,6202
1760533876.003111,7078
1760533876.103841,6492
1760533876.204572,6671
1760533876.30581,6272
1760533876.408536,6463
1760533876.514253,6687
1760533876.616029,7319
1760533876.718731,6562
1760533876.926176,6625
1760533877.027904,6743
1760533877.128634,6641
1760533877.229822,6275
1760533877.330585,6688
1760533877.431315,6323
1760533877.532593,6763
1760533877.634321,7293
1760533877.736049,6202
1760533877.837777,6691
1760533878.039239,6464
1760533878.039239,6464
1760533878.242148,5986
1760533878.343875,6615
1760533878.444634,6411
1760533878.546361,7038
1760533878.647092,6581
1760533878.747816,6641
1760533878.849524,6675
1760533878.951251,6492
1760533879.052499,6242
1760533879.15323,6214
1760533879.25396,6601
1760533879.456325,6423
1760533879.557055,6462
1760533879.658783,6527
1760533879.760511,6890
1760533879.861241,6204
1760533879.961972,5251
1760533880.0637,5514
1760533880.164432,6452
1760533880.267156,6249
1760533880.367887,6343
1760533880.468617,6442
1760533880.569348,6293
1760533880.671076,6532
1760533880.874531,6143
1760533880.975264,6532
1760533881.077,5935
1760533881.178719,5869
1760533881.280446,6124
1760533881.381177,6760
1760533881.481907,6026
1760533881.582637,6214
1760533881.684366,6507
1760533881.785603,6074
1760533881.887332,6143
1760533881.988061,6591
1760533882.090786,6132
1760533882.29381,6410
1760533882.29381,6410
1760533882.497781,6393
1760533882.600503,6347
1760533882.708243,6273
1760533882.808945,6315
1760533882.909675,5936
1760533883.010884,6600
1760533883.112583,7286
1760533883.213328,6432
1760533883.315041,6195
1760533883.415772,6403
1760533883.516502,6502
1760533883.719416,6522
1760533883.719416,6522
1760533883.922873,6249
1760533884.024599,6232
1760533884.12533,6681
1760533884.22606,6433
1760533884.32846,6269
1760533884.430188,6242
1760533884.532043,6494
1760533884.632773,6204
1760533884.734501,6939
1760533884.835232,6780
1760533884.936961,6595
1760533885.139419,6543
1760533885.242144,6183
1760533885.342875,6085
1760533885.44412,6271
1760533885.545844,6625
1760533885.647572,6340
1760533885.75329,6101
1760533885.856015,6356
1760533885.956745,6194
1760533886.057476,6085
1760533886.158234,6689
1760533886.259966,6271
1760533886.360697,6681
1760533886.461428,6353
1760533886.564153,7175
1760533886.768608,6327
1760533886.869337,6264
1760533886.970067,6303
1760533887.071795,6792
1760533887.175034,6557
1760533887.27676,6458
1760533887.377491,6115
1760533887.478727,6875
1760533887.580454,6222
1760533887.681185,6701
1760533887.782013,6535
1760533887.988368,5933
1760533888.09209,6228
1760533888.193361,6507
1760533888.295093,6271
1760533888.395823,6055
1760533888.496553,6572
1760533888.597284,6413
1760533888.698676,6321
1760533888.799407,6095
1760533888.900137,6442
1760533889.000868,6532
1760533889.102596,6153
1760533889.205035,6608
1760533889.407493,5956
1760533889.51022,6161
1760533889.51022,6161
1760533889.721681,6381
1760533889.822742,6402
1760533889.923473,6194
1760533890.024225,6461
1760533890.124934,6394
1760533890.226663,6202
1760533890.327393,6611
1760533890.428123,6155
1760533890.528854,5966
1760533890.629584,6433
1760533890.833044,5876
1760533890.833044,5876
1760533891.034504,6245
1760533891.136244,6261
1760533891.236964,6622
1760533891.337693,6581
1760533891.438424,5956
1760533891.539155,6621
1760533891.639885,6641
1760533891.740616,6274
1760533891.842344,6438
1760533891.94315,6755
1760533892.047403,6791
1760533892.252853,6433
1760533892.355088,6289
1760533892.45784,6569
1760533892.559541,7079
1760533892.661497,6953
1760533892.763227,6448
1760533892.863986,6649
1760533892.964688,6812
1760533893.066417,6576
1760533893.167293,6086
1760533893.268024,6224
1760533893.368755,6581
1760533893.469485,6383
1760533893.675934,6167
1760533893.675934,6167
1760533893.882382,6522
1760533893.984109,6163
1760533894.087345,6807
1760533894.188075,6581
1760533894.288805,6413
1760533894.389536,6502
1760533894.490267,6174
1760533894.591995,6497
1760533894.692725,6591
1760533894.793456,6512
1760533894.894187,5837
1760533895.096645,6371
1760533895.198374,6527
1760533895.299105,6254
1760533895.400342,6143
1760533895.501072,6313
1760533895.6028,6261
1760533895.703531,6859
1760533895.805259,6576
1760533895.905949,6524
1760533896.006654,6246
1760533896.107384,6393
1760533896.209111,7058
1760533896.31084,6798
1760533896.521277,5979
1760533896.521277,5979
1760533896.723541,6406
1760533896.825296,6201
1760533896.926998,6558
1760533897.027728,6303
1760533897.128459,6224
1760533897.229751,5834
1760533897.330507,6629
1760533897.431237,7127
1760533897.531953,6503
1760533897.632676,7068
1760533897.733406,6850
1760533897.934867,6462
1760533898.035598,6591
1760533898.137326,5662
1760533898.239053,6458
1760533898.341779,6054
1760533898.44251,6542
1760533898.54375,6459
1760533898.645478,5829
1760533898.747207,6546
1760533898.848934,7018
1760533898.952658,6430
1760533899.053387,6631
1760533899.154118,5976
1760533899.363558,6494
1760533899.363558,6494
1760533899.568536,6000
1760533899.670247,6400
1760533899.770978,6820
1760533899.871709,6393
1760533899.97244,6383
1760533900.073171,6472
1760533900.174898,6773
1760533900.276625,6222
1760533900.377357,6532
1760533900.478114,6401
1760533900.578849,6978
1760533900.680545,7089
1760533900.884001,6438
1760533900.984733,6154
1760533901.086459,6389
1760533901.187191,6601
1760533901.288891,6519
1760533901.391629,6326
1760533901.492347,7138
1760533901.593078,6462
1760533901.694807,7097
1760533901.795536,6552
1760533901.897594,6270
1760533901.999322,7008
1760533902.207273,6567
1760533902.309004,6546
1760533902.412727,6334
1760533902.514452,6429
1760533902.61618,6720
1760533902.717924,6870
1760533902.822629,6842
1760533902.924356,6517
1760533903.025086,6482
1760533903.125816,6770
1760533903.226551,6442
1760533903.327282,6562
1760533903.428012,6710
1760533903.629474,6849
1760533903.629474,6849
1760533903.731201,6763
1760533903.934684,6427
1760533904.036387,6335
1760533904.138128,6565
1760533904.242833,6876
1760533904.343591,6143
1760533904.445292,6764
1760533904.546023,6661
1760533904.64678,6044
1760533904.747483,6116
1760533904.848213,6800
1760533904.949942,6497
1760533905.051669,6527
1760533905.255618,6452
1760533905.358345,6220
1760533905.460074,7058
1760533905.561802,6792
1760533905.663529,6163
1760533905.76426,6194
1760533905.865443,6423
1760533905.96717,7097
1760533906.067804,6886
1760533906.169135,6394
1760533906.26986,6522
1760533906.370591,6403
1760533906.474063,6703
1760533906.677637,6425
1760533906.77834,6623
1760533906.88306,6789
1760533906.984787,6920
1760533907.085519,6730
1760533907.186271,6630
1760533907.286983,6126
1760533907.38771,5857
1760533907.488441,6433
1760533907.589171,6571
1760533907.692624,6215
1760533907.895081,6482
1760533907.895081,6482
1760533907.997806,6551
1760533908.205251,6930
1760533908.305982,6671
1760533908.406712,6254
1760533908.507443,6472
1760533908.608173,6522
1760533908.708904,6234
1760533908.809635,6641
1760533908.91635,6785
1760533909.021069,6273
1760533909.1218,6383
1760533909.22253,6234
1760533909.334232,6315
1760533909.536694,6333
1760533909.536694,6333
1760533909.742147,6369
1760533909.844873,6124
1760533909.945604,6859
1760533910.046334,6492
1760533910.147064,6889
1760533910.247795,6413
1760533910.348526,7356
1760533910.451283,6685
1760533910.552979,6588
1760533910.654707,5986
1760533910.755438,6671
1760533910.9569,6909
1760533910.9569,6909
1760533911.159357,6458
1760533911.260088,6830
1760533911.361816,6350
1760533911.462546,6482
1760533911.563278,6611
1760533911.665005,6625
1760533911.765735,6711
1760533911.866466,6661
1760533911.968194,6684
1760533912.069922,6389
1760533912.172647,6746
1760533912.3771,5898
1760533912.477831,7157
1760533912.57956,6153
1760533912.681287,6104
1760533912.782018,6740
1760533912.883745,6664
1760533912.986472,6025
1760533913.087741,6063
1760533913.188472,6452
1760533913.289211,6343
1760533913.389932,6254
1760533913.490664,6293
1760533913.594387,6382
1760533913.796845,6571
1760533913.897575,7157
1760533913.998307,6343
1760533914.098986,6694
1760533914.199719,6680
1760533914.30045,6353
1760533914.402178,6841
1760533914.502909,6830
1760533914.603639,6661
1760533914.806098,6502
1760533914.907825,6075
1760533915.008556,6492
1760533915.109288,6492
1760533915.210046,6183
1760533915.310748,6514
1760533915.411479,7316
1760533915.512209,6899
1760533915.61294,6244
1760533915.714667,6419
1760533915.815404,5727
1760533915.91664,6539
1760533916.118646,6348
1760533916.220405,6367
1760533916.321103,6425
1760533916.421834,6363
1760533916.522564,6542
1760533916.623295,6204
1760533916.725024,6468
1760533916.825786,6450
1760533916.926484,6474
1760533917.027215,6770
1760533917.127945,6711
1760533917.228676,6522
1760533917.431134,6193
1760533917.531865,6949
1760533917.632668,6269
1760533917.733398,6284
1760533917.834163,6460
1760533917.93486,6296
1760533918.036138,6408
1760533918.137869,4983
1760533918.2386,5916
1760533918.33933,6641
1760533918.440082,6441
1760533918.540791,6573
1760533918.641522,6720
1760533918.745246,7172
1760533918.951693,6639
1760533919.05342,6222
1760533919.154151,6671
1760533919.254902,7215
1760533919.35661,7246
1760533919.457642,6077
1760533919.558372,6393
1760533919.659103,6502
1760533919.760341,7092
1760533919.861073,6790
1760533919.961802,7177
1760533920.062534,6393
1760533920.266986,6595
1760533920.368086,6953
1760533920.468818,6343
1760533920.569548,6065
1760533920.670278,6244
1760533920.771513,6657
1760533920.872244,7227
1760533920.972975,6611
1760533921.073706,6442
1760533921.174942,6005
1760533921.27667,6537
1760533921.379395,6746
1760533921.595817,6746
1760533921.701534,6249
1760533921.803262,6763
1760533921.903995,7088
1760533922.004725,6631
1760533922.105484,6679
1760533922.206214,6581
1760533922.306941,6721
1760533922.407672,6601
1760533922.508407,7246
1760533922.619621,6150
1760533922.720985,6373
1760533922.821689,6792
1760533922.923104,6557
1760533923.024833,6839
1760533923.230283,6541
1760533923.331041,6768
1760533923.431772,6700
1760533923.532502,6204
1760533923.633206,6851
1760533923.734406,6511
1760533923.835136,7108
1760533923.93626,6526
1760533924.036996,6799
1760533924.137725,6472
1760533924.238455,6681
1760533924.339695,6687
1760533924.440425,6244
1760533924.642393,6671
1760533924.743123,6552
1760533924.843853,6085
1760533924.944585,6373
1760533925.045317,6591
1760533925.146046,6899
1760533925.246776,6155
1760533925.347507,7028
1760533925.448271,6589
1760533925.548968,6147
1760533925.650696,6701
1760533925.853154,6478
1760533925.853154,6478
1760533926.057608,6448
1760533926.158339,6274
1760533926.259069,6492
1760533926.3598,6125
1760533926.46053,6343
1760533926.56126,5956
1760533926.662502,6222
1760533926.764229,7176
1760533926.864959,7247
1760533926.965689,6820
1760533927.06642,6035
1760533927.170144,6324
1760533927.373626,6613
1760533927.474541,6282
1760533927.575274,6829
1760533927.676005,7147
1760533927.776736,6284
1760533927.878465,6822
1760533927.979172,7119
1760533928.079902,6830
1760533928.180633,6462
1760533928.28236,6723
1760533928.383092,6452
1760533928.58754,6330
1760533928.68929,6447
1760533928.789999,6543
1760533928.890728,6234
1760533928.991459,6045
1760533929.09219,6363
1760533929.193341,6248
1760533929.295072,6320
1760533929.395803,6710
1760533929.49656,6570
1760533929.597263,6077
1760533929.698541,6506
1760533929.800268,5777
1760533930.005753,6466
1760533930.107485,6536
1760533930.208214,6621
1760533930.308991,6559
1760533930.409694,6216
1760533930.510425,6750
1760533930.612154,6413
1760533930.712883,6045
1760533930.813614,6472
1760533930.915342,6360
1760533931.016073,6701
1760533931.217535,6691
1760533931.318609,7123
1760533931.420341,6153
1760533931.521071,6423
1760533931.621801,5857
1760533931.722532,6343
1760533931.823262,6254
1760533931.923992,6363
1760533932.024723,6601
1760533932.125454,7187
1760533932.226185,6194
1760533932.327913,6084
1760533932.429646,6576
1760533932.635168,6306
1760533932.735898,6214
1760533932.836629,6045
1760533932.93736,6681
1760533933.040085,6551
1760533933.140848,6768
1760533933.241546,6971
1760533933.342277,6542
1760533933.443008,6303
1760533933.544763,6083
1760533933.646464,6646
1760533933.752181,7122
1760533933.854906,6181
1760533933.958628,6334
1760533934.166074,6726
1760533934.267802,6527
1760533934.36953,6701
1760533934.470768,6331
1760533934.572502,5946
1760533934.673225,6800
1760533934.773914,6227
1760533934.874674,7016
1760533934.97637,6454
1760533935.077132,6222
1760533935.177831,6315
1760533935.278589,6639
1760533935.380291,7000
1760533935.583745,6303
1760533935.685474,6438
1760533935.786211,6154
1760533935.887937,6448
1760533935.990695,6393
1760533936.092398,6656
1760533936.193321,6103
1760533936.295044,6360
1760533936.395774,6849
1760533936.496859,6242
1760533936.599588,5840
1760533936.700823,6568
1760533936.801555,6274
1760533937.00601,5967
1760533937.109731,6045
1760533937.210462,6909
1760533937.311702,6529
1760533937.412466,7304
1760533937.514161,6657
1760533937.615889,7018
1760533937.716641,6312
1760533937.81735,6007
1760533937.919105,6417
1760533938.019808,7179
1760533938.120566,6709
1760533938.221777,6689
1760533938.429224,5957
1760533938.529953,6611
1760533938.630685,6949
1760533938.731414,6303
1760533938.833143,6343
1760533938.933873,6840
1760533939.03463,6421
1760533939.136137,6442
1760533939.23684,6345
1760533939.33757,6482
1760533939.440297,6259
1760533939.543053,6510
1760533939.646744,6721
1760533939.854189,6054
1760533939.954919,6740
1760533940.05565,6006
1760533940.156381,6929
1760533940.257112,6006
1760533940.357842,6184
1760533940.458573,6800
1760533940.559303,6393
1760533940.660066,6232
1760533940.760818,6580
1760533940.861548,6671
1760533940.9623,6610
1760533941.063033,6323
1760533941.270454,6242
1760533941.372182,6611
1760533941.472912,6353
1760533941.57464,6251
1760533941.675398,6490
1760533941.776135,6859
1760533941.876859,6145
1760533941.978559,6470
1760533942.079562,6385
1760533942.180292,6532
1760533942.281023,6403
1760533942.381789,6639
1760533942.482484,6514
1760533942.683945,7068
1760533942.784676,5817
1760533942.885406,6343
1760533942.986228,6238
1760533943.086986,6461
1760533943.187717,6591
1760533943.288421,5719
1760533943.389656,6154
1760533943.490386,6641
1760533943.591118,6571
1760533943.69484,6247
1760533943.796591,6437
1760533944.002019,6691
1760533944.103746,6733
1760533944.205474,6242
1760533944.306205,6780
1760533944.406935,6651
1760533944.507666,6373
1760533944.608396,6482
1760533944.709661,6626
1760533944.810392,6085
1760533944.91212,6733
1760533945.114579,5618
1760533945.215309,5867
1760533945.31604,6264
1760533945.416776,6641
1760533945.520497,6379
1760533945.621249,6272
1760533945.722037,6330
1760533945.822724,6247
1760533945.923454,6035
1760533946.024185,6472
1760533946.127416,6480
1760533946.229175,6839
1760533946.330872,6401
1760533946.532334,6303
1760533946.532334,6303
1760533946.736213,6350
1760533946.836943,6492
1760533946.938672,6393
1760533947.039429,5706
1760533947.140957,5968
1760533947.2426,6070
1760533947.343328,6035
1760533947.445056,6035
1760533947.545786,6244
1760533947.748245,6153
1760533947.850485,6220
1760533947.850485,6220
1760533948.058924,6704
1760533948.161582,6760
1760533948.263341,6200
1760533948.364041,6166
1760533948.465768,6193
1760533948.568493,6405
1760533948.670221,6635
1760533948.770951,6601
1760533948.872186,5729
1760533948.972917,6234
1760533949.175376,6087
1760533949.175376,6087
1760533949.276131,6123
1760533949.478977,6055
1760533949.580706,6232
1760533949.682433,6271
1760533949.783696,6063
1760533949.8844,6166
1760533949.98513,6859
1760533950.086857,6330
1760533950.187628,6152
1760533950.288877,6409
1760533950.390593,6364
1760533950.491351,6857
1760533950.593063,5699
1760533950.799011,6293
1760533950.899741,6085
1760533951.000471,6552
1760533951.102853,6387
1760533951.206576,6845
1760533951.308303,6625
1760533951.409033,6164
1760533951.510268,6964
1760533951.611,6393
1760533951.712755,6554
1760533951.813484,7068
1760533952.020429,6856
1760533952.020429,6856
1760533952.122157,6448
1760533952.32661,6433
1760533952.427341,6522
1760533952.528071,6115
1760533952.628829,6351
1760533952.729562,6710
1760533952.830292,6403
1760533952.933049,6549
1760533953.038736,6686
1760533953.139496,6599
1760533953.240195,6792
1760533953.441658,6752
1760533953.441658,6752
1760533953.646111,6605
1760533953.747838,6527
1760533953.848755,6381
1760533953.950481,6369
1760533954.051212,6562
1760533954.151943,6502
1760533954.252673,6174
1760533954.353909,6766
1760533954.456635,6261
1760533954.557365,6055
1760533954.659094,6841
1760533954.86159,6492
1760533954.96232,5708
1760533955.065045,6348
1760533955.166773,6674
1760533955.272491,6280
1760533955.373221,6442
1760533955.476944,6922
1760533955.577674,6204
1760533955.678404,6194
1760533955.779135,6234
1760533955.880467,6335
1760533955.982196,6301
1760533956.082926,6909
1760533956.183656,6522
1760533956.284388,6472
1760533956.491346,6382
1760533956.593063,6498
1760533956.699792,6240
1760533956.801532,6487
1760533956.903232,6037
1760533957.003963,6462
1760533957.104694,6899
1760533957.205451,6947
1760533957.306155,6762
1760533957.406885,6016
1760533957.508185,6357
1760533957.608915,6780
1760533957.718622,6517
1760533957.82038,6289
1760533958.021811,6621
1760533958.123054,5807
1760533958.223715,6407
1760533958.325445,6291
1760533958.427173,6261
1760533958.527925,6431
1760533958.628634,6881
1760533958.729315,6654
1760533958.830329,6236
1760533958.931059,6085
1760533959.03179,5956
1760533959.133518,6055
1760533959.236243,6590
1760533959.441693,6773
1760533959.543421,7018
1760533959.644151,6651
1760533959.744882,6830
1760533959.845613,5976
1760533959.946364,6203
1760533960.048072,6469
1760533960.150797,6892
1760533960.251556,6669
1760533960.352258,6494
1760533960.453986,6094
1760533960.56469,6207
1760533960.665059,6296
1760533960.86752,6379
1760533960.96825,6621
1760533961.069012,6689
1760533961.170709,7129
1760533961.271466,6808
1760533961.372197,6383
1760533961.472901,6365
1760533961.574629,6822
1760533961.777088,7167
1760533961.777088,7167
1760533961.878815,7028
1760533962.081273,6556
1760533962.182004,6988
1760533962.282734,7127
1760533962.383465,6462
1760533962.484195,6691
1760533962.584927,6730
1760533962.685658,6432
1760533962.786393,5777
1760533962.887127,6690
1760533962.987857,6780
1760533963.189319,6442
1760533963.29005,6552
1760533963.391098,6244
1760533963.49185,6908
1760533963.593557,6184
1760533963.695284,6350
1760533963.797012,6969
1760533963.89874,5809
1760533963.999471,6820
1760533964.104191,6350
1760533964.204921,6850
1760533964.305652,6452
1760533964.40738,6586
1760533964.508112,6452
1760533964.712733,6761
1760533964.81446,6497
1760533964.915191,6432
1760533965.015922,6194
1760533965.116654,6174
1760533965.219378,6259
1760533965.322104,5938
1760533965.422834,7207
1760533965.524561,6890
1760533965.625112,6852
1760533965.725842,6413
1760533965.826574,6849
1760533965.928301,6173
1760533966.031054,6277
1760533966.23548,6487
1760533966.339202,6353
1760533966.439932,6542
1760533966.542174,6775
1760533966.643901,6841
1760533966.744632,6423
1760533966.84539,6272
1760533966.946094,6285
1760533967.046824,6661
1760533967.147555,6145
1760533967.248313,6232
1760533967.349017,6365
1760533967.552187,6360
1760533967.652918,6274
1760533967.753649,6085
1760533967.85433,6972
1760533967.955061,6869
1760533968.055791,6512
1760533968.156523,6492
1760533968.25828,6712
1760533968.359478,6274
1760533968.460208,6403
1760533968.561937,7097
1760533968.7634,6621
1760533968.864128,6989
1760533968.964858,6343
1760533969.06559,6224
1760533969.167327,5956
1760533969.268201,6433
1760533969.368931,6969
1760533969.469663,6889
1760533969.570393,6780
1760533969.67169,6910
1760533969.772421,6363
1760533969.873179,6778
1760533969.974905,7038
1760533970.077629,5840
1760533970.284076,6800
1760533970.385804,6841
1760533970.486534,6512
1760533970.588767,6509
1760533970.690495,6487
1760533970.791226,6591
1760533970.891955,7197
1760533970.992685,7534
1760533971.093434,7186
1760533971.194165,7306
1760533971.294896,6512
1760533971.497593,6695
1760533971.599496,6859
1760533971.700223,6760
1760533971.800954,6244
1760533971.901684,6840
1760533972.002415,6909
1760533972.103175,6619
1760533972.203876,6782
1760533972.304607,6760
1760533972.405337,6264
1760533972.506069,6849
1760533972.606798,7405
1760533972.812249,6415
1760533972.91298,7068
1760533973.014707,6625
1760533973.115438,6462
1760533973.216169,6234
1760533973.317944,7064
1760533973.419663,5918
1760533973.520395,6542
1760533973.621124,6572
1760533973.721855,6482
1760533973.822585,6432
1760533973.923995,7149
1760533974.025233,6627
1760533974.125963,5966
1760533974.330035,6379
1760533974.431763,6645
1760533974.532494,6988
1760533974.633223,6512
1760533974.733954,6204
1760533974.834685,6254
1760533974.935415,6462
1760533975.036147,6681
1760533975.137899,6319
1760533975.238604,6464
1760533975.339362,6401
1760533975.440094,6869
1760533975.644523,6356
1760533975.745276,6560
1760533975.845985,6553
1760533975.946717,6919
1760533976.047446,6611
1760533976.148176,7147
1760533976.249904,7372
1760533976.350636,6432
1760533976.451366,6343
1760533976.552096,5827
1760533976.652827,6691
1760533976.753558,6472
1760533976.858783,7118
1760533977.063236,6517
1760533977.163967,6323
1760533977.264698,7078
1760533977.365234,6216
1760533977.465964,6562
1760533977.566695,6254
1760533977.668424,6487
1760533977.770151,6399
1760533977.871879,6399
1760533977.972609,6889
1760533978.074039,6556
1760533978.177761,6295
1760533978.381268,6573
1760533978.482951,6156
1760533978.583681,6085
1760533978.684953,6744
1760533978.785651,6653
1760533978.88738,6713
1760533978.988111,6750
1760533979.088841,6303
1760533979.190009,6622
1760533979.290741,6581
1760533979.391471,7108
1760533979.593437,6292
1760533979.695166,6674
1760533979.795896,6681
1760533979.896653,6778
1760533979.997356,7050
1760533980.098115,7612
1760533980.199815,7109
1760533980.300568,6481
1760533980.401299,6810
1760533980.502007,7407
1760533980.602738,6720
1760533980.706461,6469
1760533980.809186,6006
1760533980.909943,6788
1760533981.016756,6675
1760533981.221209,6681
1760533981.32194,6899
1760533981.42267,6303
1760533981.5234,6423
1760533981.624131,6482
1760533981.725859,6546
1760533981.83058,6736
1760533981.933304,6765
1760533982.034035,7008
1760533982.135271,6884
1760533982.236002,6601
1760533982.337759,6476
1760533982.539221,6728
1760533982.640918,6784
1760533982.741649,6601
1760533982.842348,5600
1760533982.94308,5946
1760533983.044806,6674
1760533983.145537,6760
1760533983.246267,6661
1760533983.346998,6651
1760533983.447729,6125
1760533983.548459,6571
1760533983.649189,5926
1760533983.853327,6444
1760533983.954056,6740
1760533984.054867,6249
1760533984.156536,6127
1760533984.257246,6305
1760533984.357976,6949
1760533984.458706,7197
1760533984.559437,6254
1760533984.660172,6402
1760533984.761625,6495
1760533984.964055,6790
1760533985.064786,6859
1760533985.165517,6303
1760533985.267274,6083
1760533985.367976,6077
1760533985.469674,6007
1760533985.57041,5876
1760533985.67114,5906
1760533985.771871,6849
1760533985.873599,6694
1760533985.97433,6601
1760533986.077055,6473
1760533986.282506,6468
1760533986.383236,6224
1760533986.484054,6229
1760533986.587777,6478
1760533986.688507,6492
1760533986.790235,6596
1760533986.89147,6756
1760533986.992201,6701
1760533987.092933,6264
1760533987.194661,6478
1760533987.296388,6566
1760533987.502835,6730
1760533987.604072,6479
1760533987.704802,7157
1760533987.805532,6591
1760533987.906769,6242
1760533988.0075,7078
1760533988.109229,6979
1760533988.209958,6165
1760533988.311231,6161
1760533988.412355,6595
1760533988.614807,6264
1760533988.715539,6343
1760533988.819264,6112
1760533988.920989,6399
1760533989.021721,6482
1760533989.12245,6363
1760533989.224179,6674
1760533989.324908,6562
1760533989.425639,5628
1760533989.526369,6572
1760533989.627101,6949
1760533989.728828,7018
1760533989.829559,6621
1760533989.930289,6979
1760533990.032018,6254
1760533990.235474,6113
1760533990.336204,6343
1760533990.437439,6094
1760533990.538172,7058
1760533990.639965,6739
1760533990.746679,6559
1760533990.850961,6990
1760533990.952673,5957
1760533991.054185,6393
1760533991.154942,6391
1760533991.255655,6295
1760533991.458104,6444
1760533991.559833,6487
1760533991.661381,6203
1760533991.762141,6867
1760533991.864834,6563
1760533991.966562,6655
1760533992.068293,7185
1760533992.170018,6399
1760533992.270748,5887
1760533992.371479,6581
1760533992.47221,7058
1760533992.573938,7451
1760533992.674668,6691
1760533992.776397,6645
1760533992.979852,6713
1760533993.080583,6710
1760533993.190289,6799
1760533993.292017,6134
1760533993.393745,6320
1760533993.499463,6829
1760533993.60119,6714
1760533993.701921,6581
1760533993.803648,6556
1760533993.90438,7088
1760533994.005617,6786
1760533994.106351,6671
1760533994.207113,6718
1760533994.307812,7696
1760533994.511269,6631
1760533994.612026,7076
1760533994.712762,6482
1760533994.81346,6623
1760533994.914192,6512
1760533995.014921,7018
1760533995.115652,7018
1760533995.21738,6822
1760533995.319604,6342
1760533995.420333,6135
1760533995.521065,5956
1760533995.622792,6596
1760533995.826248,7009
1760533995.926979,6720
1760533996.027709,6413
1760533996.133427,6356
1760533996.235154,5966
1760533996.336883,6360
1760533996.43861,6281
1760533996.540338,6900
1760533996.642067,7156
1760533996.743794,6674
1760533996.845522,6419
1760533996.946254,6174
1760533997.046983,6641
1760533997.148713,6790
1760533997.360146,6107
1760533997.360146,6107
1760533997.563602,6704
1760533997.664808,6768
1760533997.765538,6710
1760533997.86627,6730
1760533997.967999,6713
1760533998.069726,7117
1760533998.170456,6661
1760533998.272494,6468
1760533998.376215,5977
1760533998.476946,6492
1760533998.577675,7286
1760533998.781132,6153
1760533998.88286,6714
1760533998.984588,6281
1760533999.086316,6645
1760533999.187046,6472
1760533999.288774,6330
1760533999.389601,6664
1760533999.491329,6438
1760533999.592059,6155
1760533999.69279,6631
1760533999.794545,6643
1760533999.895248,6176
1760533999.996,6282
1760534000.096709,6533
1760534000.300195,6532
1760534000.400926,6065
1760534000.502654,6517
1760534000.603889,6914
1760534000.704646,6312
1760534000.80535,6901
1760534000.907077,6468
1760534001.00842,5989
1760534001.109658,5897
1760534001.211385,6546
1760534001.312117,6214
1760534001.513588,6640
1760534001.615309,6281
1760534001.716039,6790
1760534001.816769,7177
1760534001.917505,6442
1760534002.018262,6451
1760534002.118964,6583
1760534002.220201,6588
1760534002.320931,6840
1760534002.421661,6006
1760534002.522392,6581
1760534002.62315,6728
1760534002.825609,6663
1760534002.927309,6253
1760534003.028039,6452
1760534003.128797,6500
1760534003.229659,6771
1760534003.330425,6321
1760534003.431121,6921
1760534003.531851,6522
1760534003.633144,6486
1760534003.733874,6820
1760534003.834604,6244
1760534003.935335,6581
1760534004.036093,6044
1760534004.15076,6162
1760534004.353231,6392
1760534004.45496,5858
1760534004.557193,6250
1760534004.658948,6476
1760534004.759651,6325
1760534004.860382,6075
1760534004.961112,6105
1760534005.062288,6819
1760534005.163022,6770
1760534005.264747,6311
1760534005.366476,6831
1760534005.467647,6612
1760534005.568853,6817
1760534005.774939,6975
1760534005.876666,7058
1760534005.977403,6809
1760534006.078133,6403
1760534006.178864,6353
1760534006.279599,6581
1760534006.380325,6472
1760534006.482053,6645
1760534006.582784,7048
1760534006.683514,6552
1760534006.784245,6393
1760534006.885035,6419
1760534007.088491,6674
1760534007.18922,6343
1760534007.29095,6959
1760534007.391679,6055
1760534007.49241,5916
1760534007.59314,6413
1760534007.693871,6472
1760534007.794603,6293
1760534007.897327,6674
1760534008.00008,6501
1760534008.100762,6495
1760534008.201492,6800
1760534008.302222,6353
1760534008.402954,6293
1760534008.60724,6478
1760534008.708149,6808
1760534008.808901,6391
1760534008.910635,5779
1760534009.012335,5988
1760534009.113572,6746
1760534009.214303,6075
1760534009.315033,6502
1760534009.415793,5974
1760534009.516495,6434
1760534009.617459,6398
1760534009.818921,6284
1760534009.919652,6383
1760534010.020381,6363
1760534010.121112,5986
1760534010.221842,6343
1760534010.322649,6447
1760534010.423381,6353
1760534010.524799,6556
1760534010.62553,6552
1760534010.72626,6840
1760534010.826991,6403
1760534010.929716,6979
1760534011.136165,6278
1760534011.237892,5848
1760534011.338623,6174
1760534011.44005,6270
1760534011.540997,6855
1760534011.641727,6581
1760534011.742488,6470
1760534011.843187,6256
1760534011.943918,6085
1760534012.044648,7038
1760534012.145379,6274
1760534012.24611,6482
1760534012.347871,6810
1760534012.450563,6709
1760534012.653021,6419
1760534012.753752,6423
1760534012.854469,6801
1760534012.955198,6760
1760534013.055928,6899
1760534013.156687,6907
1760534013.257391,6553
1760534013.358121,6601
1760534013.458851,6562
1760534013.560606,6319
1760534013.764036,6697
1760534013.864767,5986
1760534013.965518,6342
1760534014.06974,6409
1760534014.171655,6652
1760534014.272385,6184
1760534014.374134,5818
1760534014.474856,6344
1760534014.575602,6412
1760534014.676304,6295
1760534014.777034,6403
1760534014.877765,6859
1760534014.979003,6084
1760534015.081727,6259
1760534015.287701,6112
1760534015.388807,5914
1760534015.489538,6204
1760534015.590446,6550
1760534015.694169,6951
1760534015.795896,6704
1760534015.896627,6840
1760534015.999353,5760
1760534016.101081,6202
1760534016.201812,6045
1760534016.302542,6850
1760534016.505003,6969
1760534016.505003,6969
1760534016.607726,7252
1760534016.812178,6084
1760534016.913416,6865
1760534017.014147,6909
1760534017.115385,6509
1760534017.216115,6373
1760534017.31759,6415
1760534017.418319,6681
1760534017.523039,6483
1760534017.726495,6645
1760534017.827226,6006
1760534017.930949,6551
1760534018.035668,6378
1760534018.137396,6369
1760534018.238129,6710
1760534018.338858,6224
1760534018.439591,6025
1760534018.540319,6353
1760534018.641052,6452
1760534018.74278,6631
1760534018.844508,6625
1760534018.946104,6232
1760534019.149612,6328
1760534019.250316,6156
1760534019.352044,6330
1760534019.453339,6713
1760534019.554039,5958
1760534019.655794,6102
1760534019.757524,6651
1760534019.858761,6489
1760534019.960488,6203
1760534020.062216,6074
1760534020.162947,6641
1760534020.263677,7028
1760534020.467133,6949
1760534020.567864,6591
1760534020.669622,5974
1760534020.770322,6534
1760534020.871053,6492
1760534020.971789,6760
1760534021.072519,6373
1760534021.173249,6284
1760534021.27398,7078
1760534021.374711,6353
1760534021.475442,6839
1760534021.576172,6840
1760534021.676903,6552
1760534021.880347,6863
1760534021.982079,5947
1760534022.082809,5886
1760534022.18354,6254
1760534022.284271,6313
1760534022.384972,6504
1760534022.485693,5947
1760534022.586424,6750
1760534022.688153,6940
1760534022.789226,6688
1760534022.889956,6115
1760534023.093414,6330
1760534023.093414,6330
1760534023.305845,6823
1760534023.407605,6436
1760534023.508304,6166
1760534023.609033,6145
1760534023.70977,6065
1760534023.8105,6621
1760534023.911231,6691
1760534024.011961,6313
1760534024.112692,6274
1760534024.213423,6234
1760534024.315151,6635
1760534024.415914,6202
1760534024.516634,6225
1760534024.720342,5783
1760534024.821046,6246
1760534024.921776,6413
1760534025.022506,6562
1760534025.123238,6512
1760534025.223971,6412
1760534025.324733,6470
1760534025.426432,6755
1760534025.527163,4864
1760534025.62792,4009
1760534025.728624,6573
1760534025.829354,6949
1760534026.033835,6289
1760534026.135047,6194
1760534026.235778,6839
1760534026.33651,6571
1760534026.437532,6374
1760534026.538456,6529
1760534026.639186,6770
1760534026.739916,6413
1760534026.840647,7247
1760534026.941377,6413
1760534027.042108,6591
1760534027.143836,6104
1760534027.346295,6546
1760534027.447532,6687
1760534027.548262,6899
1760534027.649991,6419
1760534027.751719,7048
1760534027.853446,6438
1760534027.954177,6432
1760534028.055905,6448
1760534028.156635,5956
1760534028.257369,6700
1760534028.359095,6350
1760534028.460822,5898
1760534028.663281,5907
1760534028.765009,6084
1760534028.865739,7127
1760534028.96647,6661
1760534029.0672,6949
1760534029.168928,7215
1760534029.269659,6403
1760534029.370389,6393
1760534029.472117,5927
1760534029.573647,6323
1760534029.674377,6879
1760534029.776105,6438
1760534029.876835,6502
1760534029.981555,6330
1760534030.183696,6556
1760534030.284427,6651
1760534030.38519,6153
1760534030.485921,6313
1760534030.587649,6497
1760534030.688379,6631
1760534030.78911,6095
1760534030.889841,5172
1760534030.991053,6105
1760534031.091783,6254
1760534031.192994,6165
1760534031.395455,6527
1760534031.496187,6393
1760534031.597429,6361
1760534031.69972,6752
1760534031.801448,6340
1760534031.902178,6373
1760534032.002908,6621
1760534032.104033,6220
1760534032.204764,6939
1760534032.305521,6411
1760534032.406225,7090
1760534032.506961,6581
1760534032.607713,6659
1760534032.711421,5696
1760534032.917857,6409
1760534033.018587,6919
1760534033.119317,6303
1760534033.220075,6619
1760534033.320779,6077
1760534033.421509,6462
1760534033.52224,6393
1760534033.62297,6849
1760534033.72397,6653
1760534033.824655,6197
1760534033.925412,6292
1760534034.127843,6443
1760534034.228575,6174
1760534034.329304,6572
1760534034.430036,6839
1760534034.530765,6661
1760534034.631499,6432
1760534034.733225,6311
1760534034.833955,6006
1760534034.934909,6993
1760534035.03564,6353
1760534035.137369,6310
1760534035.2406,5996
1760534035.444056,6472
1760534035.545784,6360
1760534035.646514,5976
1760534035.747245,6432
1760534035.847975,6581
1760534035.949703,6468
1760534036.050434,6790
1760534036.151165,6323
1760534036.251895,6393
1760534036.35288,6317
1760534036.453611,6264
1760534036.555339,5907
1760534036.757972,6388
1760534036.85921,6400
1760534036.95994,5976
1760534037.060671,6254
1760534037.161402,6830
1760534037.263129,6369
1760534037.36386,6075
1760534037.465616,6220
1760534037.567338,5986
1760534037.669044,6538
1760534037.770239,6186
1760534037.871996,6328
1760534037.972698,4160
1760534038.074216,3861
1760534038.278234,6409
1760534038.37898,6342
1760534038.481691,5754
1760534038.583445,5297
1760534038.684149,6355
1760534038.78488,6323
1760534038.885676,7530
1760534038.986374,6742
1760534039.087105,6939
1760534039.288567,6383
1760534039.390295,6831
1760534039.490936,6428
1760534039.592149,6026
1760534039.692881,6532
1760534039.79361,7038
1760534039.894341,6750
1760534039.995101,6044
1760534040.095802,6176
1760534040.196533,6095
1760534040.297263,6502
1760534040.499723,6194
1760534040.60148,6161
1760534040.704175,6114
1760534040.804933,6123
1760534040.909198,6329
1760534041.009928,6224
1760534041.112654,6746
1760534041.213384,6155
1760534041.314115,6988
1760534041.415353,6815
1760534041.518079,6448
1760534041.618924,6663
1760534041.719655,5966
1760534041.820386,6641
1760534041.922117,5986
1760534042.136048,6627
1760534042.136048,6627
1760534042.344492,5919
1760534042.446219,6428
1760534042.546949,6909
1760534042.647679,6353
1760534042.74841,6214
1760534042.849144,6641
1760534042.949872,6860
1760534043.050602,6452
1760534043.151333,6581
1760534043.352794,6065
1760534043.352794,6065
1760534043.45552,6493
1760534043.659973,6448
1760534043.761375,5936
1760534043.862143,6599
1760534043.962874,6353
1760534044.063613,6601
1760534044.164344,6214
1760534044.265027,7121
1760534044.365758,5718
1760534044.467105,5732
1760534044.568836,6691
1760534044.669564,7058
1760534044.775293,6426
1760534044.878006,6591
1760534044.984721,6574
1760534045.191168,6861
1760534045.2919,6482
1760534045.392629,6601
1760534045.49336,6671
1760534045.595088,6094
1760534045.695819,7008
1760534045.79655,6849
1760534045.89728,6532
1760534045.997984,7169
1760534046.099181,6591
1760534046.201898,6668
1760534046.302629,6641
1760534046.406351,6369
1760534046.613801,5966
1760534046.715524,6281
1760534046.817013,6424
1760534046.918742,6438
1760534047.019475,6661
1760534047.120207,6800
1760534047.220938,6393
1760534047.322174,6134
1760534047.424901,6210
1760534047.526629,6134
1760534047.627359,6363
1760534047.828821,6452
1760534047.931547,6677
1760534048.033274,6429
1760534048.134701,6270
1760534048.235432,6333
1760534048.33716,6596
1760534048.438312,6485
1760534048.539044,5996
1760534048.639614,6473
1760534048.740345,6413
1760534048.842073,6651
1760534048.942805,6492
1760534049.044532,6497
1760534049.251978,6854
1760534049.355699,6575
1760534049.457432,6674
1760534049.559155,6498
1760534049.661513,6750
1760534049.763238,6547
1760534049.863968,6720
1760534049.964699,6830
1760534050.066427,6462
1760534050.166813,6634
1760534050.268543,6542
1760534050.370271,6949
1760534050.471766,6414
1760534050.673228,6969
1760534050.673228,6969
1760534050.876683,6596
1760534050.977413,6313
1760534051.078144,6532
1760534051.179873,6222
1760534051.280603,6601
1760534051.381334,6760
1760534051.482064,6740
1760534051.583792,5976
1760534051.68552,6691
1760534051.786539,6870
1760534051.888283,6532
1760534052.093722,6249
1760534052.195448,6930
1760534052.300649,6736
1760534052.401379,6562
1760534052.502111,6621
1760534052.602839,6284
1760534052.70357,6691
1760534052.804811,6647
1760534052.908534,6420
1760534053.009775,6341
1760534053.110535,6857
1760534053.212234,7090
1760534053.312966,6661
1760534053.515425,6792
1760534053.617152,6772
1760534053.717813,6487
1760534053.819541,6468
1760534053.920271,6383
1760534054.022996,6804
1760534054.125722,6921
1760534054.228448,7135
1760534054.330174,6576
1760534054.430906,6978
1760534054.531636,6542
1760534054.632877,6469
1760534054.733607,6482
1760534054.936065,6661
1760534055.037795,6959
1760534055.139522,6487
1760534055.240758,6628
1760534055.341489,6462
1760534055.443218,7136
1760534055.544396,7017
1760534055.646123,7048
1760534055.746854,7296
1760534055.848582,6497
1760534055.951813,6364
1760534056.05354,6094
1760534056.154271,7078
1760534056.356245,6799
1760534056.456979,6125
1760534056.55771,6969
1760534056.65844,6552
1760534056.759172,6403
1760534056.8609,6383
1760534056.962628,6340
1760534057.063358,6869
1760534057.164089,6164
1760534057.265817,6291
1760534057.367066,6172
1760534057.468794,6664
1760534057.572517,7278
1760534057.778964,6403
1760534057.8808,6353
1760534057.981527,6036
1760534058.083255,6163
1760534058.184984,6527
1760534058.285713,6572
1760534058.389437,4328
1760534058.490168,5956
1760534058.590898,5757
1760534058.692641,6673
1760534058.79536,6891
1760534058.89609,7415
1760534058.999405,6750
1760534059.101131,7107
1760534059.30359,6492
1760534059.404321,6373
1760534059.50551,5731
1760534059.607242,6399
1760534059.708969,6183
1760534059.809701,6522
1760534059.911055,6876
1760534060.013785,6359
1760534060.114515,6452
1760534060.215246,6790
1760534060.316976,6399
1760534060.418702,6084
1760534060.621161,6244
1760534060.722888,5701
1760534060.824616,5524
1760534060.925873,6251
1760534061.030594,6415
1760534061.131327,6690
1760534061.23405,6629
1760534061.335777,6694
1760534061.436508,6423
1760534061.537243,6670
1760534061.638967,6224
1760534061.741691,6493
1760534061.842423,6025
1760534062.046407,6531
1760534062.147137,6800
1760534062.248866,6025
1760534062.349596,6601
1760534062.451324,6419
1760534062.553051,6743
1760534062.654779,6222
1760534062.756313,6303
1760534062.859042,6843
1760534062.96077,6143
1760534063.062498,6183
1760534063.164225,6389
1760534063.272465,6489
1760534063.483899,6526
1760534063.585627,6143
1760534063.686862,6114
1760534063.787593,7018
1760534063.888323,6591
1760534063.989054,6512
1760534064.089784,5827
1760534064.190514,6969
1760534064.291245,6869
1760534064.393208,5982
1760534064.49394,4417
1760534064.595668,4639
1760534064.696398,5519
1760534064.798127,6145
1760534065.001148,6556
1760534065.103874,5831
1760534065.205602,6173
1760534065.306332,5956
1760534065.407062,6631
1760534065.507794,6492
1760534065.608524,6026
1760534065.709254,6790
1760534065.809985,7187
1760534065.913708,6257
1760534066.015436,6428
1760534066.217893,6323
1760534066.318626,6522
1760534066.419355,6125
1760534066.520086,7038
1760534066.621814,6881
1760534066.725071,6681
1760534066.826798,6458
1760534066.929534,6482
1760534067.030264,6284
1760534067.130997,5827
1760534067.232723,6684
1760534067.334453,6418
1760534067.438174,6758
1760534067.642626,6409
1760534067.743357,6413
1760534067.844061,6504
1760534067.944792,6294
1760534068.045522,5817
1760534068.146253,6423
1760534068.246993,6382
1760534068.347713,6185
1760534068.448911,6413
1760534068.549643,7008
1760534068.650371,6224
1760534068.754123,6461
1760534068.957579,6571
1760534069.058309,6502
1760534069.160037,6264
1760534069.262272,6348
1760534069.364,6251
1760534069.465737,6448
1760534069.566519,6350
1760534069.667561,6304
1760534069.768256,7120
1760534069.86967,6744
1760534069.970401,5827
1760534070.171869,6164
1760534070.171869,6164
1760534070.375917,6202
1760534070.477645,6428
1760534070.579379,6174
1760534070.680109,6393
1760534070.78084,6313
1760534070.881572,6591
1760534070.982301,6085
1760534071.083031,6363
1760534071.183762,6373
1760534071.284493,6512
1760534071.385223,6859
1760534071.488947,6276
1760534071.700641,6716
1760534071.802338,6942
1760534071.903069,6254
1760534072.006334,7156
1760534072.108058,6783
1760534072.213776,6617
1760534072.315014,6430
1760534072.416741,6313
1760534072.519466,6697
1760534072.620196,6591
1760534072.720927,6462
1760534072.825647,6207
1760534072.926377,6601
1760534073.027108,6532
1760534073.2339,6658
1760534073.33514,7151
1760534073.43587,6304
1760534073.536618,7414
1760534073.639326,6503
1760534073.740582,6755
1760534073.841312,6442
1760534073.942042,6859
1760534074.043771,6409
1760534074.145008,6707
1760534074.246737,6822
1760534074.348464,6507
1760534074.450192,6841
1760534074.655169,7052
1760534074.756399,7132
1760534074.859127,6379
1760534074.959972,6812
1760534075.061701,7067
1760534075.16243,6859
1760534075.264162,6536
1760534075.365887,6202
1760534075.467614,6502
1760534075.568856,6509
1760534075.670588,6644
1760534075.772316,6232
1760534075.873046,6512
1760534076.076504,6454
1760534076.179228,6123
1760534076.279959,6472
1760534076.381687,6802
1760534076.482417,6641
1760534076.584144,6890
1760534076.68687,6399
1760534076.788598,6605
1760534076.891323,6989
1760534076.993051,6566
1760534077.094784,6522
1760534077.196506,6419
1760534077.303222,6428
1760534077.50719,6787
1760534077.50719,6787
1760534077.710647,6320
1760534077.812372,6429
1760534077.913139,6361
1760534078.014832,6755
1760534078.115562,6294
1760534078.216293,6472
1760534078.318022,6204
1760534078.418751,6006
1760534078.520479,6639
1760534078.622207,6478
1760534078.72593,6449
1760534078.928092,6575
1760534078.928092,6575
1760534079.132546,6360
1760534079.234273,6723
1760534079.335003,6472
1760534079.436246,5699
1760534079.537019,6688
1760534079.637746,5907
1760534079.738498,6481
1760534079.839229,6790
1760534079.940936,5771
1760534080.043661,6269
1760534080.144391,6373
1760534080.247116,6843
1760534080.349842,6853
1760534080.5523,6452
1760534080.654028,7067
1760534080.754786,7324
1760534080.856486,6440
1760534080.957217,6919
1760534081.058455,6884
1760534081.162352,7065
1760534081.264078,7127
1760534081.364809,6383
1760534081.466538,6261
1760534081.573253,6854
1760534081.775711,6661
1760534081.878438,6746
1760534081.981264,6690
1760534082.081994,6760
1760534082.182725,6472
1760534082.283477,6391
1760534082.384187,6563
1760534082.485525,6749
1760534082.586255,7405
1760534082.687018,6877
1760534082.789222,6624
1760534082.889951,6671
1760534082.99168,6979
1760534083.093435,6722
1760534083.296864,6413
1760534083.398591,6468
1760534083.499343,6491
1760534083.60108,6251
1760534083.702364,6713
1760534083.803073,6404
1760534083.903831,6510
1760534084.005532,7020
1760534084.107259,6428
1760534084.20896,6735
1760534084.41136,6814
1760534084.41136,6814
1760534084.515089,6468
1760534084.720536,6360
1760534084.821293,6381
1760534084.921998,6722
1760534085.022727,6621
1760534085.12397,6963
1760534085.2247,6562
1760534085.326458,6328
1760534085.430153,6991
1760534085.530883,6849
1760534085.631615,6720
1760534085.732345,6522
1760534085.834081,6221
1760534085.934804,6552
1760534086.138704,6590
1760534086.240636,7112
1760534086.342364,6340
1760534086.443014,6477
1760534086.543747,6710
1760534086.644479,6621
1760534086.745241,6748
1760534086.848939,6808
1760534087.053274,6143
1760534087.155029,6495
1760534087.155029,6495
1760534087.356623,6442
1760534087.460345,6919
1760534087.562072,7235
1760534087.662572,6606
1760534087.763304,7098
1760534087.864327,6572
1760534087.965057,6244
1760534088.065814,7026
1760534088.167305,6443
1760534088.268009,6682
1760534088.469469,6403
1760534088.469469,6403
1760534088.673923,6843
1760534088.77565,6625
1760534088.876381,7048
1760534088.977139,6520
1760534089.077842,6107
1760534089.1786,6232
1760534089.280301,6361
1760534089.381066,7204
1760534089.482791,6320
1760534089.584546,6368
1760534089.685274,7128
1760534089.887708,6468
1760534089.887708,6468
1760534090.091193,6699
1760534090.191894,6901
1760534090.29462,6281
1760534090.395349,6075
1760534090.497079,6763
1760534090.598339,6369
1760534090.70204,6757
1760534090.806175,6693
1760534090.909898,6473
1760534091.010629,6393
1760534091.11136,6879
1760534091.213087,7038
1760534091.320799,6703
1760534091.42552,6999
1760534091.630381,6892
1760534091.73311,6644
1760534091.83384,6184
1760534091.9346,6212
1760534092.035301,6673
1760534092.13703,6881
1760534092.23776,6303
1760534092.338876,6161
1760534092.439634,6599
1760534092.540337,6841
1760534092.642065,7108
1760534092.743794,6861
1760534092.948247,6691
1760534093.048859,6957
1760534093.149589,6502
1760534093.250748,6563
1760534093.351477,6055
1760534093.453205,7028
1760534093.553963,6520
1760534093.655243,6437
1760534093.755948,7060
1760534093.857674,6546
1760534093.959402,6094
1760534094.060641,6667
1760534094.263668,6674
1760534094.364426,7006
1760534094.466126,7246
1760534094.568854,6716
1760534094.67058,6969
1760534094.771311,6462
1760534094.872041,6135
1760534094.972772,6800
1760534095.073789,7572
1760534095.17452,6889
1760534095.276247,6596
1760534095.376978,6830
1760534095.478706,6310
1760534095.580434,6428
1760534095.786882,5273
1760534095.888609,5937
1760534095.989851,6390
1760534096.090581,6710
1760534096.191312,6383
1760534096.292625,6711
1760534096.393357,6790
1760534096.494114,6312
1760534096.594818,6692
1760534096.695548,6661
1760534096.796278,6562
1760534096.897009,6502
1760534096.998737,6134
1760534097.202675,6442
1760534097.304402,6802
1760534097.405132,6760
1760534097.50686,7195
1760534097.607591,7336
1760534097.708321,7058
1760534097.809576,6942
1760534097.911164,6546
1760534098.011934,6509
1760534098.112627,6604
1760534098.213358,5896
1760534098.414849,7463
1760534098.516548,6932
1760534098.617306,6887
1760534098.718415,7012
1760534098.819145,6244
1760534098.919876,6641
1760534099.020643,6698
1760534099.121337,6276
1760534099.222067,7068
1760534099.322799,6949
1760534099.423557,7126
1760534099.524288,6462
1760534099.625023,6551
1760534099.830979,6656
1760534099.931677,6435
1760534100.032408,6780
1760534100.133139,6115
1760534100.233903,6758
1760534100.335598,6440
1760534100.436328,6691
1760534100.537253,7143
1760534100.637986,6432
1760534100.739725,7273
1760534100.841442,6626
1760534100.945165,6035
1760534101.149618,6750
1760534101.25037,6302
1760534101.35108,6881
1760534101.45181,6512
1760534101.552541,6571
1760534101.653301,6480
1760534101.754001,6285
1760534101.85573,6763
1760534101.95646,6462
1760534102.057191,6214
1760534102.157921,6303
1760534102.359383,6512
1760534102.485047,6857
1760534102.485047,6857
1760534102.591761,5791
1760534102.695431,6472
1760534102.797159,6881
1760534103.000615,7118
1760534103.101345,3573
1760534103.202076,4467
1760534103.303803,5278
1760534103.404561,5756
1760534103.505265,6464
1760534103.605996,6631
1760534103.70677,6598
1760534103.807456,6584
1760534103.908187,6482
1760534104.008918,6383
1760534104.109648,6869
1760534104.314102,6763
1760534104.415829,6989
1760534104.517578,7282
1760534104.61832,6432
1760534104.719018,6554
1760534104.819749,6780
1760534104.92048,6740
1760534105.021437,6448
1760534105.122167,6740
1760534105.222911,6997
1760534105.324625,6154
1760534105.526087,6363
1760534105.627815,6301
1760534105.728545,6413
1760534105.829276,6353
1760534105.930006,6830
1760534106.030737,6204
1760534106.132912,7017
1760534106.233669,6848
1760534106.334373,6424
1760534106.435104,7018
1760534106.535861,7056
1760534106.637583,6901
1760534106.738293,6781
1760534106.942062,6723
1760534107.043789,6871
1760534107.14452,6651
1760534107.245842,6671
1760534107.346544,6663
1760534107.447276,7038
1760534107.548033,7145
1760534107.648735,6524
1760534107.749892,6949
1760534107.850589,6832
1760534107.951319,6790
1760534108.052043,6532
1760534108.253954,6581
1760534108.355682,6949
1760534108.456448,7244
1760534108.557593,6920
1760534108.658295,6494
1760534108.759054,7006
1760534108.859757,6861
1760534108.960487,7068
1760534109.061219,6681
1760534109.265864,6497
1760534109.265864,6497
1760534109.367591,6743
1760534109.468322,6770
1760534109.673773,6531
1760534109.775523,6712
1760534109.876231,6851
1760534109.976961,7495
1760534110.077692,6939
1760534110.178422,7068
1760534110.279186,6480
1760534110.379884,7060
1760534110.480863,6209
1760534110.682351,6631
1760534110.784052,6243
1760534110.886776,6681
1760534110.988504,6733
1760534111.089235,6155
1760534111.190963,6566
1760534111.299673,6758
1760534111.401044,7112
1760534111.501763,6642
1760534111.602493,7098
1760534111.703224,7068
1760534111.804952,6733
1760534111.905682,6413
1760534112.107144,6979
1760534112.208872,6527
1760534112.309571,6871
1760534112.411299,7107
1760534112.512056,6272
1760534112.613757,6774
1760534112.715486,6750
1760534112.81695,6839
1760534112.926656,6671
1760534113.028384,6527
1760534113.130113,6566
1760534113.230843,6423
1760534113.338556,7037
1760534113.539887,6510
1760534113.539887,6510
1760534113.743395,6679
1760534113.844125,6939
1760534113.948846,6665
1760534114.049605,6689
1760534114.150308,6524
1760534114.252035,6900
1760534114.352765,6820
1760534114.453496,6869
1760534114.554228,6512
1760534114.654957,6711
1760534114.755691,6512
1760534114.857417,6930
1760534115.061383,6686
1760534115.162647,6803
1760534115.264369,6734
1760534115.3651,6740
1760534115.46583,6651
1760534115.566531,6355
1760534115.668259,6605
1760534115.769988,6591
1760534115.870717,7217
1760534115.979934,6024
1760534116.082666,6239
1760534116.183393,6562
1760534116.284124,6571
1760534116.385365,7180
1760534116.589817,7343
1760534116.691545,6635
1760534116.793273,6576
1760534116.895002,6841
1760534116.995731,7048
1760534117.096465,7117
1760534117.197702,6707
1760534117.298433,6701
1760534117.400104,6540
1760534117.500841,6581
1760534117.601565,6443
1760534117.803026,6333
1760534117.803026,6333
1760534118.005486,6399
1760534118.107212,6792
1760534118.208299,7033
1760534118.310027,6301
1760534118.412756,6468
1760534118.513483,6244
1760534118.614214,6760
1760534118.715941,6733
1760534118.816672,5906
1760534119.020129,6899
1760534119.020129,6899
1760534119.122854,6619
1760534119.326309,6940
1760534119.427039,6859
1760534119.52777,6939
1760534119.628534,7522
1760534119.729306,6549
1760534119.830037,5857
1760534119.930795,6202
1760534120.032523,6713
1760534120.13425,6517
1760534120.235037,6667
1760534120.442483,7275
1760534120.544209,6891
1760534120.645445,6272
1760534120.746175,6552
1760534120.846906,6373
1760534120.947636,6164
1760534121.048367,6611
1760534121.149098,6502
1760534121.249828,6879
1760534121.351588,6505
1760534121.452287,6722
1760534121.554014,6576
1760534121.654748,6750
1760534121.755984,6242
1760534121.856714,6651
1760534122.060171,6713
1760534122.163894,6687
1760534122.264623,7078
1760534122.366351,6625
1760534122.468079,6143
1760534122.56881,6452
1760534122.670538,6849
1760534122.771269,6641
1760534122.874991,6960
1760534122.976719,6537
1760534123.077401,6585
1760534123.178131,7276
1760534123.280611,6879
1760534123.484496,6645
1760534123.586224,6251
1760534123.686982,6202
1760534123.787687,6752
1760534123.889414,6389
1760534123.99114,7018
1760534124.094867,6872
1760534124.197592,6882
1760534124.298323,6681
1760534124.400071,6653
1760534124.500781,6891
1760534124.702242,6544
1760534124.802975,3663
1760534124.904728,1356
1760534125.006433,1809
1760534125.107187,2233
1760534125.208888,1927
1760534125.311612,1956
1760534125.412343,3295
1760534125.51507,4993
1760534125.616796,5829
1760534125.717526,6879
1760534125.818257,6234
1760534125.920017,5807
1760534126.020744,6800
1760534126.223175,6232
1760534126.324929,6397
1760534126.425634,6603
1760534126.526364,6512
1760534126.627094,6313
1760534126.727824,6750
1760534126.829553,6409
1760534126.930311,6570
1760534127.031035,6433
1760534127.131745,6493
1760534127.232476,6115
1760534127.334203,6193
1760534127.539653,6596
1760534127.641381,6242
1760534127.742632,6044
1760534127.843362,6641
1760534127.944093,6413
1760534128.044823,6631
1760534128.145683,7148
1760534128.246386,6404
1760534128.347116,6353
1760534128.447847,6889
1760534128.548578,6293
1760534128.649308,6294
1760534128.85077,6961
1760534128.9515,6631
1760534129.052231,6969
1760534129.152961,6740
1760534129.253692,6581
1760534129.354665,6328
1760534129.455393,6512
1760534129.556124,6919
1760534129.656854,6462
1760534129.757612,6351
1760534129.859152,6381
1760534130.060587,6594
1760534130.162315,5976
1760534130.263045,6234
1760534130.363817,6718
1760534130.465139,6474
1760534130.565842,6921
1760534130.667353,6491
1760534130.768085,6492
1760534130.868812,6562
1760534130.97003,6846
1760534131.070762,6849
1760534131.171491,6631
1760534131.272221,6820
1760534131.375452,6897
1760534131.580902,6625
1760534131.681633,6472
1760534131.782395,6917
1760534131.883094,6703
1760534131.983846,6391
1760534132.084556,6851
1760534132.185286,4824
1760534132.287014,5976
1760534132.387744,6423
1760534132.488475,6720
1760534132.589208,6363
1760534132.691931,6629
1760534132.89568,6497
1760534132.996411,7217
1760534133.097149,6392
1760534133.19788,6581
1760534133.29861,6432
1760534133.399228,7126
1760534133.499957,6651
1760534133.600709,6590
1760534133.70147,6182
1760534133.802173,7278
1760534133.902904,6482
1760534134.005026,6913
1760534134.207472,6252
1760534134.3092,6537
1760534134.409931,6333
1760534134.511391,6150
1760534134.612141,6868
1760534134.713849,6351
1760534134.81458,6840
1760534134.915311,6264
1760534135.016047,6531
1760534135.117769,6576
1760534135.220737,6652
1760534135.321467,7098
1760534135.425296,6780
1760534135.63075,6517
1760534135.732477,7166
1760534135.833208,7147
1760534135.933938,6830
1760534136.034669,6293
1760534136.135399,6800
1760534136.23613,6006
1760534136.337288,6900
1760534136.438019,6403
1760534136.53875,6661
1760534136.639988,6390
1760534136.740719,6611
1760534136.944177,6724
1760534137.045903,6389
1760534137.14763,6605
1760534137.248382,7205
1760534137.349093,6702
1760534137.45082,6851
1760534137.552575,6977
1760534137.653278,6663
1760534137.754009,6800
1760534137.855737,6625
1760534137.956467,6383
1760534138.057197,6760
1760534138.158466,6566
1760534138.361922,6083
1760534138.462624,6345
1760534138.563356,6502
1760534138.664118,5845
1760534138.764816,6504
1760534138.865546,5499
1760534138.966277,6581
1760534139.067014,6780
1760534139.168145,6427
1760534139.268909,6649
1760534139.372599,6683
1760534139.474834,6533
1760534139.677316,6918
1760534139.778053,7087
1760534139.880752,6725
1760534139.982127,6757
1760534140.082858,6611
1760534140.183589,6462
1760534140.284319,6363
1760534140.38502,6901
1760534140.486747,6959
1760534140.587478,6373
1760534140.689205,6448
1760534140.790934,6859
1760534140.99442,6601
1760534141.09515,6641
1760534141.195881,7326
1760534141.297609,7579
1760534141.400347,7679
1760534141.502062,6567
1760534141.602793,6581
1760534141.70452,6861
1760534141.805251,7127
1760534141.90698,6419
1760534142.00771,6681
1760534142.210168,6684
1760534142.310899,6710
1760534142.41163,6899
1760534142.51236,6919
1760534142.613092,6502
1760534142.7144,7057
1760534142.815132,6959
1760534142.916859,6822
1760534143.023574,6831
1760534143.125301,6389
1760534143.226033,7078
1760534143.32776,7294
1760534143.430486,6301
1760534143.632946,6929
1760534143.632946,6929
1760534143.839392,6950
1760534143.941119,6242
1760534144.041796,7350
1760534144.142527,6542
1760534144.243258,6393
1760534144.343988,6502
1760534144.444747,6838
1760534144.545941,6482
1760534144.647669,7137
1760534144.748399,6740
1760534144.851125,6800
1760534145.052616,6381
1760534145.153316,6802
1760534145.254047,6959
1760534145.355775,6940
1760534145.456505,6740
1760534145.557236,6244
1760534145.657968,7058
1760534145.759695,6389
1760534145.860425,7386
1760534145.961155,6929
1760534146.061908,6491
1760534146.163615,6626
1760534146.369065,5475
1760534146.474783,4945
1760534146.576509,6055
1760534146.677241,6194
1760534146.778973,6782
1760534146.881701,7427
1760534146.983455,6270
1760534147.084157,6246
1760534147.185885,7077
1760534147.286616,6512
1760534147.387377,6947
1760534147.488077,6563
1760534147.588807,6879
1760534147.791267,7323
1760534147.893993,6989
1760534147.995719,6940
1760534148.096451,7405
1760534148.198684,7013
1760534148.299415,7038
1760534148.400663,6518
1760534148.501421,6609
1760534148.602154,6829
1760534148.702884,6889
1760534148.803614,7376
1760534148.904851,6716
1760534149.00597,6695
1760534149.207434,6810
1760534149.308164,7078
1760534149.408895,6333
1760534149.509625,7108
1760534149.610356,6164
1760534149.711087,6760
1760534149.811817,6641
1760534149.912693,6988
1760534150.013422,6969
1760534150.114158,7127
1760534150.214886,6591
1760534150.416421,6815
1760534150.517154,6681
1760534150.617889,7008
1760534150.718625,6998
1760534150.819323,7090
1760534150.920556,6944
1760534151.021289,6601
1760534151.123016,6664
1760534151.22377,7056
1760534151.324503,6571
1760534151.425235,6641
1760534151.525964,6949
1760534151.727426,6681
1760534151.829154,7028
1760534151.930882,6438
1760534152.031612,6284
1760534152.132343,7515
1760534152.233073,6522
1760534152.333805,6581
1760534152.434534,6740
1760534152.535265,6849
1760534152.636284,6939
1760534152.737015,6641
1760534152.837747,6899
1760534153.045193,6893
1760534153.14692,7117
1760534153.24765,6750
1760534153.34938,6133
1760534153.450622,6657
1760534153.551354,6968
1760534153.65308,6900
1760534153.75381,6462
1760534153.855538,7215
1760534153.962253,6315
1760534154.062984,6770
1760534154.163714,7028
1760534154.265442,6753
1760534154.368169,6191
1760534154.576679,6619
1760534154.677408,6353
1760534154.778139,6591
1760534154.878869,6303
1760534154.9796,6760
1760534155.080331,6879
1760534155.181061,7217
1760534155.281805,6918
1760534155.382523,6811
1760534155.483254,5132
1760534155.584981,6261
1760534155.685712,6293
1760534155.78695,7013
1760534155.990409,6681
1760534156.092136,6920
1760534156.193376,7151
1760534156.294882,7270
1760534156.395612,6383
1760534156.497341,6998
1760534156.599069,6517
1760534156.700796,6674
1760534156.801527,6939
1760534156.902258,6641
1760534157.002988,6849
1760534157.103719,6869
1760534157.204582,7078
1760534157.40704,6631
1760534157.507772,7098
1760534157.608506,7078
1760534157.709232,6304
1760534157.809963,6800
1760534157.910693,7296
1760534158.011426,6988
1760534158.112318,7225
1760534158.213047,6065
1760534158.313778,6720
1760534158.415022,6183
1760534158.616482,6879
1760534158.720205,6874
1760534158.821442,7003
1760534158.922172,6998
1760534159.023899,6586
1760534159.124631,6800
1760534159.225363,6988
1760534159.326093,6790
1760534159.426822,6780
1760534159.527552,6631
1760534159.628283,7028
1760534159.728968,6684
1760534159.829698,6572
1760534159.932426,6892
1760534160.138693,6950
1760534160.239423,6959
1760534160.340154,6442
1760534160.440884,6730
1760534160.54232,6220
1760534160.64305,7028
1760534160.74378,6621
1760534160.845125,7064
1760534160.945873,7077
1760534161.047589,6537
1760534161.148315,6334
1760534161.249045,7117
1760534161.458485,6590
1760534161.559215,7207
1760534161.659946,6869
1760534161.760678,7385
1760534161.862404,6497
1760534161.963135,6552
1760534162.063866,6879
1760534162.164597,6631
1760534162.265327,6562
1760534162.366057,6492
1760534162.466789,6581
1760534162.56752,6452
1760534162.670756,6305
1760534162.777471,6564
1760534162.982921,6645
1760534163.083651,6879
1760534163.184382,7038
1760534163.285112,6710
1760534163.385843,6512
1760534163.487404,7010
1760534163.588323,6529
1760534163.689054,7048
1760534163.789792,6670
1760534163.891513,6572
1760534163.992243,6165
1760534164.092973,6949
1760534164.29643,6665
1760534164.398158,6674
1760534164.498697,6813
1760534164.599429,7117
1760534164.701156,6959
1760534164.801886,6701
1760534164.902617,6294
1760534165.003369,6828
1760534165.104875,6541
1760534165.205605,6631
1760534165.306335,6929
1760534165.407578,6736
1760534165.513296,6816
1760534165.715756,6820
1760534165.816485,7108
1760534165.918213,6045
1760534166.018944,7137
1760534166.120671,6487
1760534166.221402,6919
1760534166.322665,6517
1760534166.423396,6929
1760534166.524126,6790
1760534166.625362,6104
1760534166.72709,6556
1760534166.928551,6194
1760534167.03028,6900
1760534167.131003,7197
1760534167.231735,6879
1760534167.332465,7038
1760534167.433201,6690
1760534167.53393,7108
1760534167.639875,7346
1760534167.740605,6343
1760534167.841335,7147
1760534167.942066,6760
1760534168.043306,7012
1760534168.144036,6462
1760534168.348489,6785
1760534168.449732,6380
1760534168.550462,6462
1760534168.651193,6343
1760534168.751924,7098
1760534168.852655,6770
1760534168.954385,6899
1760534169.056117,6458
1760534169.156848,6770
1760534169.259083,6191
1760534169.361808,6191
1760534169.463046,6786
1760534169.565771,6901
1760534169.775716,7028
1760534169.876952,6608
1760534169.977683,6373
1760534170.078413,6780
1760534170.179144,6403
1760534170.280382,6450
1760534170.381113,6869
1760534170.482261,6811
1760534170.582991,7237
1760534170.684228,6568
1760534170.784959,6949
1760534170.885689,6730
1760534171.087151,7187
1760534171.187882,6750
1760534171.288612,6532
1760534171.389342,7157
1760534171.490073,6472
1760534171.590804,6214
1760534171.691534,6899
1760534171.793293,6996
1760534171.89499,6961
1760534171.995721,6413
1760534172.096452,6879
1760534172.197686,6973
1760534172.399906,6780
1760534172.501634,6812
1760534172.602364,6512
1760534172.703095,7078
1760534172.803826,6383
1760534172.905553,6458
1760534173.006284,6462
1760534173.107014,6780
1760534173.207935,6450
1760534173.308666,6274
1760534173.409397,7306
1760534173.510127,6522
1760534173.712585,7306
1760534173.814313,7087
1760534173.915045,6681
1760534174.015987,6687
1760534174.116718,6571
1760534174.218446,7087
1760534174.319176,7306
1760534174.419907,6998
1760534174.520638,6978
1760534174.621368,7118
1760534174.722099,7078
1760534174.822766,7092
1760534174.923769,6702
1760534175.131712,6601
1760534175.233435,6950
1760534175.334165,6313
1760534175.434895,6294
1760534175.544603,6816
1760534175.645333,6849
1760534175.746065,7058
1760534175.847885,6894
1760534175.951609,6430
1760534176.053336,7067
1760534176.155065,7048
1760534176.256302,7032
1760534176.35703,6641
1760534176.561484,6701
1760534176.663212,7038
1760534176.764945,6134
1760534176.866672,6556
1760534176.968905,6866
1760534177.071431,6408
1760534177.175154,6687
1760534177.276882,6438
1760534177.377613,6661
1760534177.47934,6635
1760534177.580071,6274
1760534177.681426,6926
1760534177.785163,6551
1760534177.989603,6820
1760534177.989603,6820
1760534178.096317,7037
1760534178.201037,7219
1760534178.408485,6746
1760534178.509933,6643
1760534178.610637,6712
1760534178.711367,6661
1760534178.812097,6959
1760534178.912828,6452
1760534179.013559,6701
1760534179.114289,7127
1760534179.21502,7068
1760534179.315751,6651
1760534179.416562,6864
1760534179.519287,6989
1760534179.720748,6951
1760534179.821508,6947
1760534179.922211,7020
1760534180.02294,7028
1760534180.124668,6881
1760534180.225402,6879
1760534180.327127,6743
1760534180.428856,6871
1760534180.529585,6621
1760534180.630316,6978
1760534180.731068,6739
1760534180.832802,6861
1760534181.036576,6593
1760534181.139304,6814
1760534181.241032,6566
1760534181.341762,6363
1760534181.444565,7460
1760534181.546265,7001
1760534181.648989,6733
1760534181.749719,6572
1760534181.850451,6284
1760534181.951181,6522
1760534182.052936,7016
1760534182.153639,6653
1760534182.257362,6462
1760534182.362084,6837
1760534182.565538,6572
1760534182.666296,6828
1760534182.766999,6285
1760534182.867729,6482
1760534182.968461,6671
1760534183.06975,6792
1760534183.17048,7058
1760534183.274203,6870
1760534183.374933,6849
1760534183.47567,7048
1760534183.576396,6939
1760534183.677126,6472
1760534183.77985,6249
1760534183.984304,6969
1760534184.085062,6599
1760534184.185765,6216
1760534184.286496,6413
1760534184.387226,7038
1760534184.487957,6849
1760534184.588688,6671
1760534184.699392,6259
1760534184.80112,6635
1760534184.901851,6720
1760534185.002581,6750
1760534185.109761,6596
1760534185.212486,6687
1760534185.315211,6522
1760534185.416939,6192
1760534185.621393,6861
1760534185.722123,6393
1760534185.823646,6717
1760534185.924375,6889
1760534186.026103,6035
1760534186.126856,6848
1760534186.228561,6666
1760534186.33727,6459
1760534186.438998,7018
1760534186.539729,7435
1760534186.640492,6490
1760534186.742189,6283
1760534186.94365,6254
1760534187.044411,6411
1760534187.14511,6435
1760534187.24584,6323
1760534187.346571,6849
1760534187.447807,6628
1760534187.548538,6293
1760534187.651284,6589
1760534187.752035,6570
1760534187.852744,7318
1760534187.954472,6222
1760534188.055202,6254
1760534188.155933,6006
1760534188.359388,6860
1760534188.460515,7139
1760534188.562243,6621
1760534188.663,6669
1760534188.763733,6403
1760534188.864448,6860
1760534188.965166,6821
1760534189.065924,6699
1760534189.167414,6512
1760534189.268143,7147
1760534189.368874,6512
1760534189.471599,6376
1760534189.676052,6687
1760534189.776783,6889
1760534189.877513,6433
1760534189.980746,6248
1760534190.0815,6084
1760534190.182207,6374
1760534190.282964,6470
1760534190.383744,7035
1760534190.484466,6840
1760534190.585203,6512
1760534190.78809,6175
1760534190.88882,6820
1760534190.989934,7348
1760534191.091236,6840
1760534191.192937,6755
1760534191.293666,6681
1760534191.394426,6570
1760534191.495204,6727
1760534191.595919,6275
1760534191.698644,6317
1760534191.799402,6867
1760534191.901103,6814
1760534192.001833,6850
1760534192.102563,6145
1760534192.203295,6403
1760534192.409752,6572
1760534192.5115,6722
1760534192.612232,6949
1760534192.712961,7366
1760534192.813714,6491
1760534192.91445,6958
1760534193.01613,6933
1760534193.117857,6271
1760534193.220582,7067
1760534193.321341,6719
1760534193.423075,6664
1760534193.523785,6682
1760534193.624503,6622
1760534193.73022,6545
1760534193.934565,6849
1760534194.036293,6586
1760534194.138048,6849
1760534194.24177,6527
1760534194.342502,6810
1760534194.443204,6226
1760534194.544932,6065
1760534194.645662,6710
1760534194.746393,6740
1760534194.847124,6760
1760534194.947942,6407
1760534195.048672,6849
1760534195.252129,6310
1760534195.352885,7096
1760534195.454597,7059
1760534195.556314,7245
1760534195.657045,6393
1760534195.757775,6294
1760534195.858507,6552
1760534195.960234,6438
1760534196.060914,6138
1760534196.161644,7187
1760534196.263371,7097
1760534196.465831,6454
1760534196.56756,7185
1760534196.668733,6068
1760534196.769496,6530
1760534196.870194,7020
1760534196.970925,6780
1760534197.072209,6249
1760534197.172965,7036
1760534197.27369,7028
1760534197.374429,6760
1760534197.475228,6061
1760534197.576923,6785
1760534197.678651,6674
1760534197.883612,6680
1760534197.985366,7193
1760534198.086098,6293
1760534198.186829,6740
1760534198.288586,6928
1760534198.390284,6464
1760534198.491015,6294
1760534198.592744,6743
1760534198.694471,6822
1760534198.795201,6085
1760534198.895932,6760
1760534198.996663,6552
1760534199.205891,6577
1760534199.307618,5976
1760534199.40835,6710
1760534199.509081,6333
1760534199.609811,6611
1760534199.71054,6820
1760534199.811272,6571
1760534199.912208,7281
1760534200.013938,6841
1760534200.114669,6959
1760534200.2154,6701
1760534200.316131,6343
1760534200.416863,6472
1760534200.520584,7173
1760534200.724036,6542
1760534200.824797,6222
1760534200.925499,6792
1760534201.027228,6733
1760534201.127985,6798
1760534201.229286,6623
1760534201.330038,6580
1760534201.430748,6523
1760534201.531507,6292
1760534201.632209,6097
1760534201.73294,6770
1760534201.83367,6303
1760534202.037127,6212
1760534202.138548,6961
1760534202.239246,6325
1760534202.339976,7108
1760534202.440707,6145
1760534202.542435,7274
1760534202.643169,6452
1760534202.743896,6463
1760534202.844626,6393
1760534202.945358,6432
1760534203.04604,7061
1760534203.146771,6552
1760534203.351226,6968
1760534203.451955,6591
1760534203.552686,6442
1760534203.653416,6274
1760534203.754146,6492
1760534203.855384,7250
1760534203.956117,6561
1760534204.056875,6709
1760534204.157578,6941
1760534204.258309,7137
1760534204.459769,6651
1760534204.561499,6362
1760534204.662261,6510
1760534204.763956,6971
1760534204.864687,7247
1760534204.965418,6571
1760534205.066148,7177
1760534205.167585,6713
1760534205.268343,6738
1760534205.370079,6683
1760534205.470774,7070
1760534205.571505,6691
1760534205.776967,6673
1760534205.776967,6673
1760534205.980934,6299
1760534206.08266,6871
1760534206.183391,6889
1760534206.284443,6857
1760534206.385173,6621
1760534206.485904,6472
1760534206.586635,7028
1760534206.688874,6250
1760534206.789605,6413
1760534206.890336,6313
1760534206.992063,6497
1760534207.093301,6795
1760534207.299151,7028
1760534207.400385,7260
1760534207.501116,6889
1760534207.601877,6163
1760534207.703575,6499
1760534207.804306,6671
1760534207.905036,6939
1760534208.005767,7286
1760534208.106499,6899
1760534208.207228,6234
1760534208.307959,6413
1760534208.510095,6429
1760534208.611217,6714
1760534208.712947,6753
1760534208.813678,6591
1760534208.914409,6502
1760534209.01514,6343
1760534209.115869,6512
1760534209.2166,6730
1760534209.31733,6413
1760534209.41906,6831
1760534209.519817,6471
1760534209.62052,6901
1760534209.721252,7068
1760534209.924709,7078
1760534210.02544,6462
1760534210.126171,7048
1760534210.226902,6869
1760534210.327639,6928
1760534210.428369,6552
1760534210.5291,6303
1760534210.629831,6929
1760534210.731559,6684
1760534210.832289,6750
1760534210.93302,6939
1760534211.035745,6677
1760534211.244695,6648
1760534211.346422,6311
1760534211.44718,6351
1760534211.547883,6553
1760534211.648614,6462
1760534211.749345,7108
1760534211.850075,6423
1760534211.950806,6403
1760534212.051536,6959
1760534212.152268,6909
1760534212.252998,7147
1760534212.353728,6413
1760534212.556353,6595
1760534212.658111,6358
1760534212.758811,7040
1760534212.859546,7157
1760534212.960273,6989
1760534213.062001,6517
1760534213.162732,7256
1760534213.263462,6522
1760534213.364192,6929
1760534213.465277,6311
1760534213.566007,6720
1760534213.767513,6613
1760534213.868785,6497
1760534213.970507,7186
1760534214.072235,7067
1760534214.176954,8078
1760534214.277685,7237
1760534214.379971,7118
1760534214.480702,6522
1760534214.58146,6897
1760534214.68316,6871
1760534214.783891,6413
1760534214.884622,6899
1760534214.988344,6575
1760534215.192798,6691
1760534215.293748,6765
1760534215.293748,6765
1760534215.497197,6645
1760534215.600921,6726
1760534215.702159,7507
1760534215.802888,6413
1760534215.903619,7664
1760534216.004406,7044
1760534216.106134,6772
1760534216.207107,6189
1760534216.307838,6333
1760534216.409566,6556
1760534216.611027,6512
1760534216.611027,6512
1760534216.813485,6859
1760534216.914216,6204
1760534217.016941,6772
1760534217.117671,7137
1760534217.218402,7197
1760534217.319145,6233
1760534217.420872,6930
1760534217.522601,6497
1760534217.62333,6611
1760534217.725058,6723
1760534217.827784,6323
1760534217.929512,6959
1760534218.030243,7068
1760534218.135475,6376
1760534218.340926,6881
1760534218.441656,7554
1760534218.543384,7038
1760534218.644142,6351
1760534218.744872,6671
1760534218.845608,7018
1760534218.946306,6445
1760534219.048035,7016
1760534219.149793,6436
1760534219.253485,6837
1760534219.455452,6637
1760534219.455452,6637
1760534219.659904,6655
1760534219.760575,6754
1760534219.861333,6540
1760534219.962036,7278
1760534220.062766,6720
1760534220.164005,7003
1760534220.264736,6552
1760534220.365465,6830
1760534220.466197,6303
1760534220.670656,7382
1760534220.771385,6969
1760534220.871916,6276
1760534220.973643,6291
1760534221.074375,5936
1760534221.176131,6338
1760534221.278856,6590
1760534221.38055,6086
1760534221.484277,6512
1760534221.585301,6919
1760534221.686032,6760
1760534221.787761,7470
1760534221.889489,7088
1760534222.091974,7364
1760534222.193184,6955
1760534222.297906,6707
1760534222.399647,6369
1760534222.500364,6443
1760534222.601126,7155
1760534222.710802,6827
1760534222.811532,6055
1760534222.912263,7157
1760534223.016491,6622
1760534223.141663,6057
1760534223.24339,6940
1760534223.346622,6361
1760534223.448349,6969
1760534223.54908,6641
1760534223.650316,6697
1760534223.753547,6432
1760534223.859264,6280
1760534223.960992,6674
1760534224.169943,7051
1760534224.276657,6299
1760534224.37739,6770
1760534224.47795,6692
1760534224.584666,6758
1760534224.686843,6557
1760534224.787579,7048
1760534224.888309,7237
1760534224.990036,6645
1760534225.091267,6233
1760534225.192998,6605
1760534225.293728,6750
1760534225.394963,6292
1760534225.495694,6840
1760534225.598929,6867
1760534225.703649,6950
1760534225.809366,6979
1760534226.018129,6921
1760534226.119857,7677
1760534226.221585,6920
1760534226.322821,7082
1760534226.423551,6939
1760534226.524285,6661
1760534226.625519,6835
1760534226.726251,6879
1760534226.837952,7094
1760534226.938682,6859
1760534227.140144,6681
1760534227.241872,6655
1760534227.342602,6025
1760534227.443152,6693
1760534227.544882,6124
1760534227.645612,6532
1760534227.74658,6526
1760534227.849306,6804
1760534227.950037,6889
1760534228.050766,6691
1760534228.151526,6589
1760534228.252228,6504
1760534228.455683,6330
1760534228.556414,6611
1760534228.6572,6836
1760534228.757931,7465
1760534228.858661,6284
1760534228.959392,6919
1760534229.060627,6805
1760534229.161372,6710
1760534229.263115,6614
1760534229.363848,6651
1760534229.464546,6812
1760534229.565277,6472
1760534229.769238,6782
1760534229.870475,6756
1760534229.971233,6738
1760534230.071964,6710
1760534230.172667,6375
1760534230.273424,6471
1760534230.37415,6621
1760534230.474891,6472
1760534230.576586,6509
1760534230.677317,6581
1760534230.778048,6413
1760534230.981505,6350
1760534231.086224,6420
1760534231.186957,6790
1760534231.287778,6655
1760534231.388972,6868
1760534231.4897,6145
1760534231.590458,7155
1760534231.691667,6580
1760534231.793395,6920
1760534231.894126,6631
1760534231.994856,6641
1760534232.095588,6512
1760534232.196318,6859
1760534232.398781,6541
1760534232.500504,6271
1760534232.601263,6709
1760534232.702962,6548
1760534232.805688,6635
1760534232.906419,5916
1760534233.007151,6909
1760534233.108005,6484
1760534233.211727,6853
1760534233.312458,7088
1760534233.414185,6773
1760534233.617641,7316
1760534233.718371,6701
1760534233.819102,6462
1760534233.919832,7108
1760534234.020567,6095
1760534234.121298,6413
1760534234.22203,6919
1760534234.32266,6558
1760534234.423393,7236
1760534234.525121,6596
1760534234.626577,6584
1760534234.727818,5985
1760534234.830546,6814
1760534235.037039,6719
1760534235.13877,6920
1760534235.239502,7872
1760534235.340259,6262
1760534235.441667,6429
1760534235.543395,6723
1760534235.644126,6909
1760534235.744856,6790
1760534235.845688,5950
1760534235.946448,6718
1760534236.048146,6342
1760534236.148876,6552
1760534236.252796,6264
1760534236.361506,6567
1760534236.567956,6376
1760534236.669683,6350
1760534236.770415,7256
1760534236.872143,6438
1760534236.972872,6552
1760534237.074605,6635
1760534237.176333,6684
1760534237.277609,7336
1760534237.378308,6812
1760534237.478991,6455
1760534237.58074,6869
1760534237.681955,7034
1760534237.782713,6064
1760534237.985144,6448
1760534238.086382,6697
1760534238.187112,6800
1760534238.288351,6400
1760534238.389081,6552
1760534238.490319,6716
1760534238.591078,6728
1760534238.692291,6846
1760534238.793022,6840
1760534238.894259,6223
1760534238.994991,6492
1760534239.095886,6551
1760534239.301363,6938
1760534239.402094,6532
1760534239.502828,6214
1760534239.604038,6560
1760534239.704769,6810
1760534239.805499,6879
1760534239.906736,6460
1760534240.008463,6478
1760534240.109762,6347
1760534240.210493,6413
1760534240.412461,7137
1760534240.5137,6341
1760534240.615427,6350
1760534240.716688,6873
1760534240.817397,6742
1760534240.919126,6772
1760534241.019856,6889
1760534241.120586,6740
1760534241.222328,6214
1760534241.324562,6612
1760534241.425637,6757
1760534241.526368,6581
1760534241.62713,6252
1760534241.72783,6554
1760534241.82856,6681
1760534242.033526,6611
1760534242.135253,6605
1760534242.235985,7088
1760534242.33722,6776
1760534242.437951,7008
1760534242.53919,6598
1760534242.639919,6889
1760534242.740651,7068
1760534242.841408,6877
1760534242.942112,6295
1760534243.043839,6605
1760534243.24633,6192
1760534243.347617,6229
1760534243.448514,6333
1760534243.549724,7054
1760534243.650455,7147
1760534243.751201,7295
1760534243.851932,6710
1760534243.953174,7052
1760534244.053904,6333
1760534244.154635,7187
1760534244.255646,6821
1760534244.356374,6731
1760534244.457105,6681
1760534244.659221,7167
1760534244.759956,6978
1760534244.860686,6711
1760534244.962145,6869
1760534245.062876,7008
1760534245.163857,6783
1760534245.264584,6889
1760534245.365173,6720
1760534245.465904,6502
1760534245.567373,6957
1760534245.669101,7038
1760534245.876374,6825
1760534245.977103,6433
1760534246.07834,6519
1760534246.179071,7276
1760534246.280315,6528
1760534246.382035,6714
1760534246.484083,7418
1760534246.584814,6621
1760534246.686048,6697
1760534246.78678,6591
1760534246.888022,6775
1760534246.989257,6618
1760534247.093485,6955
1760534247.297905,6763
1760534247.399156,6972
1760534247.499887,7078
1760534247.600618,6512
1760534247.701348,7395
1760534247.802584,6460
1760534247.903824,6904
1760534248.004555,6889
1760534248.106283,6025
1760534248.308512,6315
1760534248.410239,7067
1760534248.511967,6979
1760534248.612698,6969
1760534248.713429,6879
1760534248.814159,7118
1760534248.91489,7922
1760534249.01562,6591
1760534249.116351,6413
1760534249.217081,7118
1760534249.318096,6919
1760534249.418821,6721
1760534249.622278,7107
1760534249.726997,7209
1760534249.827728,7276
1760534249.928459,6383
1760534250.029189,6710
1760534250.12992,7008
1760534250.231648,6930
1760534250.33238,6899
1760534250.433109,6989
1760534250.533839,6343
1760534250.635075,6865
1760534250.735806,7524
1760534250.836536,7187
1760534251.039993,6438
1760534251.140723,6343
1760534251.245443,6417
1760534251.346173,6701
1760534251.446904,6899
1760534251.547635,6790
1760534251.648223,6312
1760534251.748954,6869
1760534251.85001,7184
1760534251.95174,6812
1760534252.052471,6264
1760534252.153202,6532
1760534252.253933,7187
1760534252.458081,6114
1760534252.559278,6867
1760534252.660035,6927
1760534252.760615,7238
1760534252.861345,6542
1760534252.962075,6492
1760534253.06333,7071
1760534253.164061,5886
1760534253.265301,5640
1760534253.366031,6929
1760534253.466762,6701
1760534253.567494,6998
1760534253.67321,6411
1760534253.875696,6778
1760534253.97642,6800
1760534254.078127,7305
1760534254.179855,6881
1760534254.280613,7046
1760534254.381318,6960
1760534254.482047,6979
1760534254.582781,7614
1760534254.68351,6730
1760534254.784241,6601
1760534254.885455,7054
1760534254.986181,6363
1760534255.189121,6605
1760534255.289852,7177
1760534255.390582,6591
1760534255.491313,7058
1760534255.592044,6998
1760534255.692775,6452
1760534255.794502,6733
1760534255.89623,7372
1760534255.99847,7169
1760534256.099201,6750
1760534256.301663,6713
1760534256.40339,7274
1760534256.504121,6710
1760534256.605849,6979
1760534256.70658,7038
1760534256.80731,6373
1760534256.908401,7053
1760534257.009132,6780
1760534257.109862,6919
1760534257.210594,7157
1760534257.313319,7137
1760534257.414048,7098
1760534257.616508,6576
1760534257.718235,6350
1760534257.819182,6547
1760534257.920418,6855
1760534258.021149,6601
1760534258.121879,7266
1760534258.22261,7415
1760534258.323346,7048
1760534258.425074,6802
1760534258.525804,6224
1760534258.727843,6603
1760534258.727843,6603
1760534258.831565,6853
1760534259.035021,6264
1760534259.135752,6552
1760534259.236481,6631
1760534259.338209,7176
1760534259.43894,6899
1760534259.539671,6512
1760534259.640401,6383
1760534259.741132,6661
1760534259.841862,6512
1760534259.942596,6442
1760534260.145053,6978
1760534260.145053,6978
1760534260.24678,6959
1760534260.448488,6674
1760534260.549645,6524
1760534260.650376,6869
1760534260.751106,6621
1760534260.852573,6898
1760534260.964277,6770
1760534261.065004,6889
1760534261.165736,6432
1760534261.267463,6753
1760534261.368195,7028
1760534261.47009,6565
1760534261.579796,6925
1760534261.783252,6419
1760534261.884981,6330
1760534261.986217,6361
1760534262.086947,6959
1760534262.187677,6969
1760534262.288408,6949
1760534262.389178,6748
1760534262.489907,7266
1760534262.590638,6949
1760534262.691368,6393
1760534262.794818,6266
1760534262.897543,6395
1760534263.10101,6452
1760534263.20173,6552
1760534263.30246,6919
1760534263.40319,5926
1760534263.504918,6556
1760534263.605787,6533
1760534263.706516,6572
1760534263.807247,7127
1760534263.90856,6780
1760534264.009291,6879
1760534264.110022,6830
1760534264.21276,6550
1760534264.415218,6517
1760534264.515948,6363
1760534264.61668,7078
1760534264.717437,7413
1760534264.818143,6057
1760534264.918871,6780
1760534265.019601,6373
1760534265.120332,6423
1760534265.221063,6462
1760534265.32279,7451
1760534265.423521,6413
1760534265.524252,7137
1760534265.726738,6330
1760534265.827441,6702
1760534265.928172,6313
1760534266.028902,6780
1760534266.129633,6691
1760534266.231361,7126
1760534266.332119,6461
1760534266.433819,5978
1760534266.53455,6998
1760534266.635281,6631
1760534266.73601,6849
1760534266.836741,6730
1760534266.937473,6065
1760534267.142946,6639
1760534267.243653,6494
1760534267.344384,6224
1760534267.445116,6909
1760534267.545846,6562
1760534267.646576,7058
1760534267.747306,7217
1760534267.848037,7276
1760534267.949765,6419
1760534268.050495,6720
1760534268.151226,6929
1760534268.35471,6560
1760534268.455412,6563
1760534268.556173,6699
1760534268.656874,6941
1760534268.757605,6274
1760534268.858335,6869
1760534268.960064,6831
1760534269.060793,7247
1760534269.161742,6845
1760534269.263454,6144
1760534269.365208,6751
1760534269.465912,6742
1760534269.667878,7127
1760534269.769562,7228
1760534269.870293,7257
1760534269.971024,6641
1760534270.071754,6274
1760534270.172485,6998
1760534270.273215,6433
1760534270.374944,6546
1760534270.475676,6720
1760534270.576405,7078
1760534270.677162,6669
1760534270.777877,6245
1760534270.98133,6668
1760534271.083057,6723
1760534271.183789,6393
1760534271.284518,6294
1760534271.385956,6723
1760534271.488681,6674
1760534271.589411,6810
1760534271.690142,7038
1760534271.791378,6786
1760534271.892299,6569
1760534271.99303,6959
1760534272.09376,6979
1760534272.194492,7038
1760534272.397554,7258
1760534272.49928,6124
1760534272.600013,6601
1760534272.70174,7077
1760534272.802469,6939
1760534272.903205,6909
1760534273.004928,7294
1760534273.106656,6556
1760534273.207388,7127
1760534273.308117,6681
1760534273.408848,6691
1760534273.51009,7467
1760534273.712549,7117
1760534273.813279,6869
1760534273.914011,7366
1760534274.014741,6581
1760534274.115472,6879
1760534274.216202,7425
1760534274.317932,7215
1760534274.419658,6969
1760534274.520388,6542
1760534274.621119,6472
1760534274.72185,7227
1760534274.822581,6919
1760534275.02504,6482
1760534275.126766,7205
1760534275.227498,7058
1760534275.328227,7217
1760534275.428958,7018
1760534275.529689,6770
1760534275.63042,7038
1760534275.73115,6790
1760534275.831881,6859
1760534275.933064,7194
1760534276.036297,6563
1760534276.139022,6814
1760534276.24075,6999
1760534276.444207,7156
1760534276.545933,6429
1760534276.646665,6889
1760534276.747395,6969
1760534276.849124,6840
1760534276.95085,7068
1760534277.052579,6487
1760534277.153309,7167
1760534277.254041,6849
1760534277.354771,6681
1760534277.458493,6726
1760534277.560221,6527
1760534277.664941,6550
1760534277.87004,6911
1760534277.971767,6851
1760534278.072498,6641
1760534278.173229,7296
1760534278.27396,6264
1760534278.374689,6482
1760534278.475425,6134
1760534278.576151,5728
1760534278.676882,6879
1760534278.777613,7683
1760534278.882332,6818
1760534278.98406,6999
1760534279.086313,6444
1760534279.190032,6170
1760534279.399492,6497
1760534279.500223,6701
1760534279.601458,6934
1760534279.702189,6542
1760534279.805912,7067
1760534279.907151,6696
1760534280.00888,7227
1760534280.110608,6714
1760534280.211338,7316
1760534280.312069,7018
1760534280.412801,6968
1760534280.513529,6512
1760534280.614261,6760
1760534280.815722,6710
1760534280.916427,7159
1760534281.017684,7071
1760534281.118416,6422
1760534281.220142,6792
1760534281.320873,6492
1760534281.421603,6710
1760534281.522334,7058
1760534281.623065,6710
1760534281.723798,6968
1760534281.824531,6720
1760534281.925262,7048
1760534282.02699,6772
1760534282.23244,7296
1760534282.33317,6830
1760534282.433901,7346
1760534282.534632,7296
1760534282.635329,6991
1760534282.73606,7247
1760534282.83679,6909
1760534282.937521,6760
1760534283.038252,6800
1760534283.138983,6532
1760534283.240717,7804
1760534283.344433,6758
1760534283.565841,6623
1760534283.565841,6623
1760534283.771802,7286
1760534283.872532,6830
1760534283.973075,6653
1760534284.074803,6586
1760534284.175535,7167
1760534284.277262,6546
1760534284.377993,6552
1760534284.478723,7058
1760534284.579963,6805
1760534284.680696,6849
1760534284.782421,6704
1760534284.884178,6440
1760534285.088604,7058
1760534285.189333,7038
1760534285.290064,6552
1760534285.390794,6244
1760534285.49352,6478
1760534285.596245,6911
1760534285.701469,7051
1760534285.803198,6792
1760534285.903928,7068
1760534286.004659,6820
1760534286.105389,6889
1760534286.207117,6251
1760534286.307875,6858
1760534286.509438,6899
1760534286.611165,6802
1760534286.711896,6849
1760534286.812627,6492
1760534286.913357,6750
1760534287.014088,6849
1760534287.114819,6919
1760534287.215549,7624
1760534287.31679,6805
1760534287.418517,7107
1760534287.519248,6452
1760534287.619979,6591
1760534287.721707,6969
1760534287.925165,6155
1760534288.026891,6399
1760534288.127642,6630
1760534288.228597,6448
1760534288.329328,6919
1760534288.430058,7286
1760534288.530788,7038
1760534288.632029,6677
1760534288.732756,7674
1760534288.833487,6840
1760534288.934217,6214
1760534289.034948,6184
1760534289.240858,6772
1760534289.342611,6623
1760534289.443318,6633
1760534289.545044,6202
1760534289.645775,7088
1760534289.746506,6929
1760534289.847236,6413
1760534289.947967,6929
1760534290.049231,6537
1760534290.149962,6552
1760534290.25169,6350
1760534290.353418,7107
1760534290.555878,6869
1760534290.656607,6919
1760534290.757338,6840
1760534290.859066,6320
1760534290.960793,6193
1760534291.061524,6671
1760534291.162256,6363
1760534291.262985,6701
1760534291.363716,7197
1760534291.464446,7108
1760534291.565177,6353
1760534291.665908,6194
1760534291.869862,6747
1760534291.869862,6747
1760534292.074831,7181
1760534292.175562,6581
1760534292.276293,7296
1760534292.377024,6691
1760534292.483739,6353
1760534292.585467,6369
1760534292.68919,6835
1760534292.790919,6625
1760534292.891648,6522
1760534292.992378,6472
1760534293.093109,6800
1760534293.297564,7215
1760534293.398297,6760
1760534293.499029,6988
1760534293.600758,6369
1760534293.702485,7038
1760534293.803723,6272
1760534293.905452,6681
1760534294.006183,7058
1760534294.106913,6562
1760534294.208641,5947
1760534294.311366,3222
1760534294.412117,1875
1760534294.514849,1898
1760534294.72728,2034
1760534294.72728,2034
1760534294.829007,2929
1760534295.044431,3848
1760534295.146158,4924
1760534295.246889,5132
1760534295.34762,5777
1760534295.448351,6413
1760534295.549081,7336
1760534295.649811,6879
1760534295.75154,6448
1760534295.85327,6566
1760534295.953999,6591
1760534296.055726,6704
1760534296.16344,6428
1760534296.367892,6581
1760534296.367892,6581
1760534296.571347,7232
1760534296.672077,6621
1760534296.772808,6790
1760534296.873538,7356
1760534296.974599,6362
1760534297.076335,6457
1760534297.178059,6871
1760534297.278819,6887
1760534297.382513,6699
1760534297.483243,6582
1760534297.583974,6929
1760534297.685701,6871
1760534297.786433,6849
1760534297.990887,6619
1760534298.09361,7048
1760534298.197334,6314
1760534298.303051,5770
1760534298.403781,6006
1760534298.50551,6497
1760534298.606748,6706
1760534298.707477,6830
1760534298.813702,6558
1760534298.914437,6581
1760534299.015673,6894
1760534299.1174,6822
1760534299.21864,6657
1760534299.420608,6919
1760534299.420608,6919
1760534299.62358,6953
1760534299.724818,6667
1760534299.828544,6320
1760534299.930271,6566
1760534300.032,6661
1760534300.132731,7346
1760534300.236466,6458
1760534300.337183,6414
1760534300.438912,6763
1760534300.643876,6171
1760534300.745605,6900
1760534300.849835,6949
1760534300.960538,6630
1760534301.063262,6347
1760534301.163994,6591
1760534301.264724,2740
1760534301.365455,3673
1760534301.466185,4586
1760534301.567915,5996
1760534301.669643,6940
1760534301.770371,6423
1760534301.871102,5777
1760534301.973829,6483
1760534302.078549,6629
1760534302.179278,5986
1760534302.28001,5976
1760534302.485009,6645
1760534302.585739,6830
1760534302.686976,6618
1760534302.788736,7006
1760534302.889596,6563
1760534302.990284,6574
1760534303.091668,6953
1760534303.194394,6810
1760534303.295159,6678
1760534303.396852,6755
1760534303.498581,6730
1760534303.601955,6462
1760534303.808909,6905
1760534303.909668,6401
1760534304.011142,7016
1760534304.111871,6353
1760534304.213432,7059
1760534304.314162,6790
1760534304.415403,6864
1760534304.516163,6967
1760534304.617379,7123
1760534304.718109,7028
1760534304.818855,6660
1760534304.920587,6369
1760534305.023313,6892
1760534305.225771,6482
1760534305.328496,6746
1760534305.429226,6125
1760534305.530475,6192
1760534305.631207,6889
1760534305.731938,6085
1760534305.832667,6264
1760534305.933398,6720
1760534306.034129,6562
1760534306.134862,6432
1760534306.23559,6492
1760534306.341309,7085
1760534306.446027,6579
1760534306.548752,6269
1760534306.7508,6393
1760534306.852532,6546
1760534306.953259,6393
1760534307.054018,6282
1760534307.15472,5789
1760534307.256452,6125
1760534307.357209,6173
1760534307.458423,6708
1760534307.56015,6586
1760534307.662361,6202
1760534307.764097,6162
1760534307.865822,6733
1760534308.069795,6412
1760534308.171068,6803
1760534308.272764,6470
1760534308.373495,6681
1760534308.474227,6661
1760534308.575954,6645
1760534308.677681,6871
1760534308.778443,6599
1760534308.880141,6494
1760534308.981868,5849
1760534309.082598,6353
1760534309.184328,6821
1760534309.288054,6517
1760534309.493501,6369
1760534309.59423,6869
1760534309.694962,6164
1760534309.795692,6562
1760534309.896422,6661
1760534309.99815,5917
1760534310.098881,7028
1760534310.200609,6704
1760534310.302337,6065
1760534310.403067,6174
1760534310.503797,6522
1760534310.605292,6798
1760534310.806754,6998
1760534310.907484,6472
1760534311.010211,7086
1760534311.111938,6055
1760534311.213666,6143
1760534311.314395,6254
1760534311.415128,6442
1760534311.515857,6254
1760534311.616587,7266
1760534311.717318,6651
1760534311.819047,6369
1760534311.921771,6600
1760534312.022502,6631
1760534312.125227,6415
1760534312.329681,6605
1760534312.431435,6328
1760534312.532166,6363
1760534312.633904,6516
1760534312.734597,6435
1760534312.83634,6359
1760534312.938053,6931
1760534313.038788,6929
1760534313.140539,6280
1760534313.24224,6335
1760534313.343989,6604
1760534313.446694,6730
1760534313.656133,6639
1760534313.757861,6829
1760534313.861584,6605
1760534313.962827,6222
1760534314.06626,6618
1760534314.166992,6780
1760534314.268719,6409
1760534314.370446,6694
1760534314.475168,5987
1760534314.576894,6743
1760534314.677625,6879
1760534314.778355,6969
1760534314.880599,6680
1760534315.083086,6194
1760534315.184788,6637
1760534315.286529,6300
1760534315.388256,6438
1760534315.489416,6306
1760534315.590146,6462
1760534315.690876,7167
1760534315.792345,6376
1760534315.896067,6806
1760534315.997794,6900
1760534316.099525,6271
1760534316.201251,6841
1760534316.302979,6772
1760534316.405703,6541
1760534316.507434,6910
1760534316.710893,5927
1760534316.812647,6260
1760534316.914349,7118
1760534317.016076,6615
1760534317.117807,6310
1760534317.219532,6389
1760534317.321773,7139
1760534317.4235,6576
1760534317.52423,6651
1760534317.624961,7078
1760534317.725696,6809
1760534317.826423,7227
1760534317.928151,7333
1760534318.135597,6424
1760534318.237324,6753
1760534318.339051,6556
1760534318.439783,6750
1760534318.541514,6143
1760534318.642772,6162
1760534318.747465,6628
1760534318.849195,6507
1760534318.951919,6871
1760534319.053646,6674
1760534319.15538,6241
1760534319.257111,6359
1760534319.358837,7068
1760534319.565311,6741
1760534319.666016,6672
1760534319.767741,6959
1760534319.868472,6909
1760534319.9702,7352
1760534320.07125,7085
1760534320.17198,6294
1760534320.272711,6939
1760534320.373441,5956
1760534320.477679,6686
1760534320.684124,6566
1760534320.784855,6720
1760534320.888133,6293
1760534320.98986,6733
1760534321.091588,6340
1760534321.193316,6704
1760534321.295043,7195
1760534321.396772,6369
1760534321.498501,5996
1760534321.599754,6083
1760534321.701473,5534
1760534321.803201,5829
1760534321.904929,6478
1760534322.007169,6426
1760534322.211623,6684
1760534322.31335,6714
1760534322.414084,7048
1760534322.515809,6694
1760534322.616553,5767
1760534322.718267,5279
1760534322.819001,6363
1760534322.920726,6379
1760534323.022809,6837
1760534323.124536,6743
1760534323.227026,6946
1760534323.32826,6341
1760534323.428993,6313
1760534323.633478,6446
1760534323.735201,6615
1760534323.835904,6722
1760534323.937654,6987
1760534324.040361,6640
1760534324.148069,6220
1760534324.2488,7197
1760534324.350534,6379
1760534324.451297,6262
1760534324.553551,6767
1760534324.654282,7147
1760534324.75552,6805
1760534324.859247,6613
1760534325.062214,6410
1760534325.163944,6517
1760534325.26567,6625
1760534325.3674,6959
1760534325.468721,6040
1760534325.57142,6767
1760534325.675407,6693
1760534325.776158,6183
1760534325.876867,7069
1760534325.977599,6899
1760534326.079326,6871
1760534326.181054,6743
1760534326.284776,6825
1760534326.387503,6999
1760534326.49721,6489
1760534326.599937,6843
1760534326.707647,6979
1760534326.810371,6717
1760534326.922075,7597
1760534327.02779,6101
1760534327.23324,6664
1760534327.333971,6482
1760534327.435698,6291
1760534327.536431,6413
1760534327.638158,6045
1760534327.738888,6740
1760534327.840622,6310
1760534327.941353,6611
1760534328.042087,6661
1760534328.142815,7048
1760534328.243545,7157
1760534328.345273,6720
1760534328.551721,6973
1760534328.652477,7076
1760534328.753689,6886
1760534328.854358,6496
1760534328.956084,6753
1760534329.057812,6800
1760534329.158542,6383
1760534329.259276,6055
1760534329.360004,6591
1760534329.460734,7058
1760534329.561465,7157
1760534329.66519,6845
1760534329.868671,6500
1760534329.969401,6611
1760534330.070106,6901
1760534330.171888,6946
1760534330.27259,6414
1760534330.374318,6497
1760534330.476049,7097
1760534330.577773,6389
1760534330.678504,6770
1760534330.779234,6572
1760534330.881962,6415
1760534330.98272,6093
1760534331.08741,6563
1760534331.290873,6580
1760534331.392593,6222
1760534331.493325,7117
1760534331.594054,7286
1760534331.694786,7018
1760534331.795543,6093
1760534331.896246,7189
1760534331.996977,7356
1760534332.097708,6720
1760534332.198989,6802
1760534332.299717,6492
1760534332.400448,6879
1760534332.603905,6543
1760534332.704634,6542
1760534332.805365,6859
1760534332.906095,6919
1760534333.006828,6323
1760534333.107556,6979
1760534333.208314,6590
1760534333.309019,6166
1760534333.41395,6594
1760534333.515674,6340
1760534333.617402,6291
1760534333.719131,6881
1760534333.820858,6782
1760534333.924582,6546
1760534334.131031,6758
1760534334.231761,6691
1760534334.332489,6939
1760534334.43322,6750
1760534334.534948,7107
1760534334.635681,6681
1760534334.736409,6462
1760534334.837143,6948
1760534334.937874,7127
1760534335.038608,6690
1760534335.140333,6841
1760534335.244055,6772
1760534335.344787,6671
1760534335.548241,6183
1760534335.650967,7154
1760534335.752695,6704
1760534335.853932,6440
1760534335.955658,6163
1760534336.065365,6544
1760534336.167095,7126
1760534336.268821,6989
1760534336.370549,6566
1760534336.471279,6939
1760534336.572531,6706
1760534336.676252,6488
1760534336.776982,6423
1760534336.978714,6514
1760534337.080441,6562
1760534337.18117,6681
1760534337.281902,6561
1760534337.383631,6261
1760534337.484361,6452
1760534337.585596,6805
1760534337.688322,6892
1760534337.790051,6458
1760534337.890781,7286
1760534337.992508,6134
1760534338.093238,6442
1760534338.297691,6576
1760534338.39942,6517
1760534338.500151,7088
1760534338.601881,6910
1760534338.705602,7076
1760534338.807329,6999
1760534338.908061,7098
1760534339.008791,7485
1760534339.110518,7067
1760534339.212246,6546
1760534339.312977,6234
1760534339.523414,6180
1760534339.624145,6820
1760534339.72687,6639
1760534339.829595,6863
1760534339.930327,6303
1760534340.031056,6274
1760534340.131788,6621
1760534340.233516,6770
1760534340.334245,7326
1760534340.434975,6393
1760534340.539698,6837
1760534340.641425,6556
1760534340.742157,6502
1760534340.842885,7098
1760534340.952592,6755
1760534341.05432,6507
1760534341.156048,6438
1760534341.360502,6605
1760534341.461231,6651
1760534341.561962,6889
1760534341.662696,6323
1760534341.76442,7127
1760534341.865584,6692
1760534341.967311,6782
1760534342.068553,6361
1760534342.170285,6585
1760534342.271016,6035
1760534342.373741,6629
1760534342.476467,6765
1760534342.680205,6691
1760534342.780936,6403
1760534342.88167,6532
1760534342.982398,5976
1760534343.083129,6204
1760534343.184857,7136
1760534343.286598,6909
1760534343.388329,5878
1760534343.489061,6313
1760534343.589791,7008
1760534343.808207,6816
1760534343.808207,6816
1760534343.909934,6822
1760534344.011666,6393
1760534344.114388,6532
1760534344.217114,6463
1760534344.422564,6770
1760534344.524291,6949
1760534344.625022,6174
1760534344.725755,6671
1760534344.827482,6566
1760534344.928211,6274
1760534345.028942,7127
1760534345.131671,6590
1760534345.233425,6368
1760534345.334125,6832
1760534345.435256,6664
1760534345.537984,6736
1760534345.639711,6284
1760534345.842168,7579
1760534345.9429,6760
1760534346.044626,6360
1760534346.146356,6969
1760534346.247084,6899
1760534346.348816,6458
1760534346.450541,6429
1760534346.551272,6234
1760534346.652002,6393
1760534346.853464,6710
1760534346.955192,6379
1760534347.055924,6194
1760534347.156653,6333
1760534347.257385,6988
1760534347.358145,6341
1760534347.458844,7060
1760534347.559575,6482
1760534347.660306,7068
1760534347.762058,6692
1760534347.865757,6750
1760534348.068219,6968
1760534348.169951,6743
1760534348.270681,6631
1760534348.371412,6184
1760534348.472142,6333
1760534348.572819,6724
1760534348.67355,6641
1760534348.774186,6786
1760534348.874917,7008
1760534348.97565,5946
1760534349.081376,6153
1760534349.183093,6813
1760534349.387548,6423
1760534349.489274,7146
1760534349.591002,6507
1760534349.692731,7048
1760534349.794459,6094
1760534349.895188,6433
1760534349.995919,6571
1760534350.096649,6353
1760534350.197383,6750
1760534350.29811,6601
1760534350.398857,6263
1760534350.499572,6702
1760534350.600305,6820
1760534350.804757,6570
1760534350.906484,6006
1760534351.007218,6760
1760534351.107946,6800
1760534351.208675,6482
1760534351.309756,6677
1760534351.41187,6698
1760534351.513591,6655
1760534351.614323,6353
1760534351.718044,6797
1760534351.819773,6428
1760534351.924491,6347
1760534352.127947,6701
1760534352.229183,6430
1760534352.330423,6529
1760534352.431154,6859
1760534352.531884,6333
1760534352.633296,6409
1760534352.734025,6155
1760534352.834756,6631
1760534352.935487,6730
1760534353.138328,6493
1760534353.138328,6493
1760534353.240058,6989
1760534353.451143,6710
1760534353.5519,7225
1760534353.652603,6941
1760534353.753333,6571
1760534353.854069,6839
1760534353.955792,7176
1760534354.056523,7038
1760534354.157253,6343
1760534354.259981,6609
1760534354.36071,6105
1760534354.46144,6770
1760534354.563183,6506
1760534354.669887,6347
1760534354.77161,6507
1760534354.874336,6379
1760534355.084772,6459
1760534355.185503,6919
1760534355.286236,6383
1760534355.387972,6113
1760534355.488702,6194
1760534355.589432,6919
1760534355.690163,6254
1760534355.791409,6390
1760534355.893135,6576
1760534355.993864,6462
1760534356.195326,6194
1760534356.296057,7147
1760534356.396787,6502
1760534356.497517,6770
1760534356.599247,7018
1760534356.699977,6611
1760534356.800709,6393
1760534356.901437,6701
1760534357.002168,6621
1760534357.1029,6710
1760534357.203629,7038
1760534357.304359,6820
1760534357.505822,6651
1760534357.607549,6350
1760534357.708306,6242
1760534357.80901,6941
1760534357.90974,6581
1760534358.010473,5986
1760534358.111203,6234
1760534358.211932,6274
1760534358.312663,6730
1760534358.413395,6939
1760534358.615862,6660
1760534358.717581,7412
1760534358.820823,7264
1760534358.922548,7362
1760534359.023278,7127
1760534359.124009,7177
1760534359.225739,6723
1760534359.326468,6095
1760534359.427743,6605
1760534359.528474,6939
1760534359.630203,6251
1760534359.731931,6674
1760534359.835653,6350
1760534360.038114,6792
1760534360.140864,6997
1760534360.241595,7316
1760534360.342298,6573
1760534360.444028,6556
1760534360.544756,6790
1760534360.645487,6403
1760534360.746218,6919
1760534360.846948,6552
1760534360.949183,6455
1760534361.049913,6969
1760534361.251879,6194
1760534361.353118,7003
1760534361.454844,6822
1760534361.555575,7018
1760534361.656306,6462
1760534361.757037,6830
1760534361.859764,7262
1760534361.961511,7253
1760534362.06222,7645
1760534362.162952,5906
1760534362.265676,6928
1760534362.366436,7006
1760534362.467166,7088
1760534362.671621,7612
1760534362.773348,7205
1760534362.876074,6765
1760534362.976806,6829
1760534363.07953,7048
1760534363.180259,6899
1760534363.28099,7892
1760534363.382719,6399
1760534363.483449,6840
1760534363.584178,6413
1760534363.68491,6681
1760534363.786639,7185
1760534363.88837,6517
1760534363.990093,6881
1760534364.193558,6909
1760534364.29428,6493
1760534364.39603,6850
1760534364.497736,7476
1760534364.598542,6944
1760534364.702265,6949
1760534364.803503,6588
1760534364.904616,6388
1760534365.005864,6419
1760534365.114568,7167
1760534365.215805,7131
1760534365.317538,6359
1760534365.419264,6232
1760534365.523983,6546
1760534365.626708,6833
1760534365.833671,6891
1760534365.934402,6760
1760534366.037128,6134
1760534366.138855,6310
1760534366.239585,6830
1760534366.342311,6234
1760534366.444039,6497
1760534366.556738,6591
1760534366.657468,6442
1760534366.758201,6403
1760534366.859926,6714
1760534366.960657,7008
1760534367.164314,6959
1760534367.266039,6104
1760534367.370761,7028
1760534367.47149,6969
1760534367.572222,6462
1760534367.673949,6674
1760534367.774679,6303
1760534367.875411,6571
1760534367.977141,7097
1760534368.078866,6743
1760534368.179596,6482
1760534368.280327,7038
1760534368.382056,6527
1760534368.58651,6346
1760534368.688236,6291
1760534368.788968,6502
1760534368.890694,6841
1760534368.991425,6284
1760534369.093153,6910
1760534369.193887,6065
1760534369.296609,6645
1760534369.397341,6909
1760534369.499068,6546
1760534369.600798,6541
1760534369.802256,7118
1760534369.903984,6851
1760534370.005713,7057
1760534370.107442,6890
1760534370.208695,6883
1760534370.310424,7078
1760534370.414148,6969
1760534370.515877,6949
1760534370.619596,6816
1760534370.721324,5947
1760534370.823559,6489
1760534371.025019,6850
1760534371.125771,6858
1760534371.226483,6483
1760534371.327241,7036
1760534371.427941,6266
1760534371.528671,6125
1760534371.631401,7018
1760534371.733125,6812
1760534371.843829,7045
1760534371.945558,6055
1760534372.04928,6739
1760534372.15001,6552
1760534372.250741,6075
1760534372.453199,6999
1760534372.554927,7008
1760534372.658651,7115
1760534372.763878,6899
1760534372.867602,7519
1760534372.96833,6701
1760534373.069063,7008
1760534373.169792,7078
1760534373.270523,6522
1760534373.371253,6959
1760534373.471984,7455
1760534373.575709,6256
1760534373.676436,6830
1760534373.777168,6224
1760534373.878895,7008
1760534374.082858,6434
1760534374.183706,6227
1760534374.284438,5182
1760534374.393148,6144
1760534374.493877,6403
1760534374.602587,6347
1760534374.704315,6546
1760534374.806043,6940
1760534374.906773,6929
1760534375.007506,6889
1760534375.108234,6393
1760534375.209962,6959
1760534375.312687,6684
1760534375.518138,6758
1760534375.618868,6363
1760534375.720596,6733
1760534375.822326,6133
1760534375.923055,7396
1760534376.024784,6291
1760534376.125513,6542
1760534376.226553,6601
1760534376.329271,6665
1760534376.430004,7137
1760534376.530735,6641
1760534376.632466,6605
1760534376.734191,6330
1760534376.936658,6928
1760534377.038378,6272
1760534377.140105,7147
1760534377.241356,6320
1760534377.343084,6615
1760534377.443831,6511
1760534377.545072,6914
1760534377.646801,7107
1760534377.74753,7217
1760534377.849583,6947
1760534377.951309,6596
1760534378.052549,6716
1760534378.153279,6284
1760534378.259,7254
1760534378.368707,6654
1760534378.574154,7028
1760534378.675888,6880
1760534378.776618,6800
1760534378.878346,6428
1760534378.979589,7338
1760534379.08032,7127
1760534379.182047,6556
1760534379.282779,7127
1760534379.38351,7137
1760534379.485237,7205
1760534379.585995,6947
1760534379.686699,7000
1760534379.787432,6740
1760534379.890155,7135
1760534379.999862,7008
1760534380.204315,6497
1760534380.306548,7081
1760534380.407279,6532
1760534380.508043,6639
1760534380.608741,6524
1760534380.709471,5867
1760534380.810202,6661
1760534380.911411,6728
1760534381.013136,7205
1760534381.113866,6790
1760534381.214597,6849
1760534381.315327,6671
1760534381.519289,6804
1760534381.621038,7007
1760534381.721748,6732
1760534381.822513,6579
1760534381.923244,6859
1760534382.024001,6609
1760534382.124733,6482
1760534382.225438,6970
1760534382.327163,6586
1760534382.428899,6748
1760534382.529622,6691
1760534382.631858,6805
1760534382.733581,7117
1760534382.840296,6887
1760534383.048589,6551
1760534383.150315,6084
1760534383.250955,6985
1760534383.351686,6770
1760534383.452421,6343
1760534383.553157,6482
1760534383.653905,6312
1760534383.755609,6853
1760534383.856845,6944
1760534383.958572,6173
1760534384.059818,5945
1760534384.162546,6930
1760534384.264283,6821
1760534384.4767,6399
1760534384.579424,7028
1760534384.683146,6536
1760534384.783876,6691
1760534384.884641,6520
1760534384.986365,6330
1760534385.090059,6876
1760534385.1943,6302
1760534385.295023,6473
1760534385.39675,6527
1760534385.506459,6542
1760534385.608185,6930
1760534385.709912,7323
1760534385.912884,6719
1760534385.912884,6719
1760534386.116751,6673
1760534386.217512,6609
1760534386.318215,6365
1760534386.419943,7107
1760534386.521668,6920
1760534386.622429,7244
1760534386.724127,7109
1760534386.825855,6851
1760534386.926586,6780
1760534387.028313,7008
1760534387.131039,6794
1760534387.334559,6257
1760534387.334559,6257
1760534387.436223,6570
1760534387.650166,6517
1760534387.751894,6605
1760534387.852623,6294
1760534387.953355,6532
1760534388.055082,5927
1760534388.155813,6770
1760534388.256545,6343
1760534388.358273,6468
1760534388.46003,6771
1760534388.56073,6782
1760534388.662459,6851
1760534388.764186,6890
1760534388.866145,6885
1760534389.072596,7203
1760534389.175321,6360
1760534389.27605,6462
1760534389.377778,6940
1760534389.479039,6962
1760534389.579769,6939
1760534389.681496,6989
1760534389.782254,6729
1760534389.882958,6533
1760534389.983687,7316
1760534390.086413,6960
1760534390.188141,6841
1760534390.288873,6522
1760534390.492329,6782
1760534390.593061,6969
1760534390.693793,6313
1760534390.794526,7167
1760534390.895255,6929
1760534390.995985,6601
1760534391.096715,6859
1760534391.197331,5406
1760534391.29806,5887
1760534391.398792,6413
1760534391.600255,7087
1760534391.702979,6736
1760534391.803708,7078
1760534391.904946,6825
1760534392.007672,7018
1760534392.1094,6124
1760534392.21013,7286
1760534392.310862,6849
1760534392.412595,6830
1760534392.51332,6731
1760534392.61405,6641
1760534392.71478,6621
1760534392.815511,7048
1760534392.916244,6929
1760534393.123688,6350
1760534393.224927,6479
1760534393.326659,6733
1760534393.430382,6575
1760534393.532109,6153
1760534393.634839,6901
1760534393.735643,6706
1760534393.836374,6343
1760534393.937486,6507
1760534394.038219,6512
1760534394.138949,6750
1760534394.239677,6522
1760534394.340409,6403
1760534394.546116,6134
1760534394.646847,6621
1760534394.748574,6222
1760534394.852301,5938
1760534394.954025,6901
1760534395.054756,6849
1760534395.155486,6452
1760534395.256255,6271
1760534395.357986,6507
1760534395.458718,6740
1760534395.559954,6371
1760534395.665675,6424
1760534395.7674,6193
1760534395.870125,6347
1760534396.075981,6820
1760534396.176711,6790
1760534396.277442,6820
1760534396.378172,6472
1760534396.4809,6524
1760534396.581628,6542
1760534396.684381,5868
1760534396.78708,6601
1760534396.88832,6558
1760534396.991045,6463
1760534397.094768,6228
1760534397.196497,6271
1760534397.298223,5642
1760534397.500682,6291
1760534397.601413,6115
1760534397.702144,6085
1760534397.802873,5797
1760534397.903604,6542
1760534398.005335,6428
1760534398.109061,6603
1760534398.210788,6252
1760534398.311518,6750
1760534398.412779,6419
1760534398.513831,6155
1760534398.716288,6413
1760534398.818016,5957
1760534398.918777,6937
1760534399.019476,6276
1760534399.120208,6462
1760534399.221935,6615
1760534399.322666,6482
1760534399.423912,6350
1760534399.525639,6635
1760534399.627368,7038
1760534399.729007,6532
1760534399.931496,6584
1760534399.931496,6584
1760534400.033418,6200
1760534400.244853,6537
1760534400.346581,6802
1760534400.44732,7216
1760534400.549039,6370
1760534400.650768,6743
1760534400.751497,6919
1760534400.852261,6599
1760534400.954955,6826
1760534401.056682,6812
1760534401.159407,6804
1760534401.26313,6874
1760534401.376825,6737
1760534401.478555,7244
1760534401.583274,6932
1760534401.685008,6467
1760534401.786739,6291
1760534401.890459,6430
1760534401.996178,6874
1760534402.202626,6340
1760534402.304352,6311
1760534402.405081,6889
1760534402.505815,6075
1760534402.618521,6814
1760534402.725232,6459
1760534402.835937,6900
1760534402.936666,6780
1760534403.043382,6409
1760534403.144657,6497
1760534403.245388,6383
1760534403.346119,7366
1760534403.447846,6910
1760534403.549088,6617
1760534403.751058,6608
1760534403.852578,6747
1760534403.953308,7584
1760534404.054547,6608
1760534404.156781,5487
1760534404.276976,5166
1760534404.377705,6423
1760534404.478436,6601
1760534404.579681,7644
1760534404.680411,6869
1760534404.781647,6934
1760534404.882243,6391
1760534404.983803,6350
1760534405.084553,6789
1760534405.185284,6383
1760534405.286039,6619
1760534405.49,7067
1760534405.71041,6776
1760534405.90263,3730
1760534406.00336,6889
1760534406.104506,6713
1760534406.205206,6693
1760534406.305937,7405
1760534406.60015,6880
1760534406.828576,6294
1760534407.628529,6505
1760534407.887424,6094
1760534408.123833,6916
1760534408.348738,6319
1760534408.467421,5948
1760534408.670386,7088
1760534408.670386,7088
1760534408.874842,6743
1760534408.977566,6716
1760534409.078297,7366
1760534409.180025,6733
1760534409.280756,6333
1760534409.382484,6232
1760534409.483214,6393
1760534409.584942,6537
1760534409.687668,6931
1760534409.788744,6955
1760534409.889336,6869
1760534410.093462,6114
1760534410.093462,6114
1760534410.297902,5878
1760534410.398633,6125
1760534410.499363,6671
1760534410.600097,7078
1760534410.700824,6582
1760534410.801555,6750
1760534410.90268,6249
1760534411.00341,6442
1760534411.116109,6379
1760534411.217838,6900
1760534411.318574,6720
1760534411.419298,6741
1760534411.520029,7286
1760534411.622754,6940
1760534411.82621,6369
1760534411.926941,6303
1760534412.027672,6740
1760534412.128402,6343
1760534412.229134,6621
1760534412.329863,6671
1760534412.43159,6448
1760534412.532321,6710
1760534412.642029,7167
1760534412.743756,6891
1760534412.844486,6462
1760534412.946723,6568
1760534413.047454,6532
1760534413.151176,7066
1760534413.353635,6988
1760534413.454365,6224
1760534413.555096,6830
1760534413.655827,6472
1760534413.756559,6581
1760534413.857287,7018
1760534413.958018,6959
1760534414.058749,6859
1760534414.162979,7003
1760534414.265703,7096
1760534414.366433,7256
1760534414.469159,7271
1760534414.673611,6403
1760534414.774932,6869
1760534414.875657,6353
1760534414.976388,6611
1760534415.077266,6344
1760534415.177967,6206
1760534415.278697,6591
1760534415.380426,6930
1760534415.582883,6164
1760534415.582883,6164
1760534415.685609,6658
1760534415.889579,6989
1760534415.990309,6681
1760534416.091039,6611
1760534416.191805,6162
1760534416.293526,6458
1760534416.394228,6663
1760534416.494959,7098
1760534416.595689,6542
1760534416.697418,6694
1760534416.800143,6434
1760534416.900873,6542
1760534417.001604,6423
1760534417.207055,6556
1760534417.30978,6356
1760534417.410537,6461
1760534417.511242,6365
1760534417.612477,6568
1760534417.719192,6462
1760534417.821918,6202
1760534417.922648,6294
1760534418.023379,6482
1760534418.124109,6830
1760534418.224841,6839
1760534418.326568,6770
1760534418.43029,7076
1760534418.531021,6909
1760534418.736472,6586
1760534418.837203,6462
1760534418.937932,6601
1760534419.038664,6164
1760534419.139395,6145
1760534419.240124,6770
1760534419.340855,6452
1760534419.443582,4847
1760534419.544311,1826
1760534419.645042,1598
1760534419.745772,1677
1760534419.846503,2074
1760534419.947987,2660
1760534420.150444,4189
1760534420.252113,4947
1760534420.352834,6175
1760534420.460547,7259
1760534420.562274,6723
1760534420.66351,6647
1760534420.764565,6768
1760534420.866292,6537
1760534420.967023,7386
1760534421.067758,6661
1760534421.169688,6622
1760534421.374142,6959
1760534421.374142,6959
1760534421.578594,6773
1760534421.679325,6452
1760534421.780055,6363
1760534421.880788,6631
1760534421.982541,6712
1760534422.083273,6601
1760534422.184994,7294
1760534422.285703,6672
1760534422.387432,6940
1760534422.488161,6830
1760534422.588892,7038
1760534422.79135,6252
1760534422.892083,6820
1760534422.99381,6271
1760534423.095567,6423
1760534423.198291,6999
1760534423.300409,6433
1760534423.401126,6612
1760534423.501858,6601
1760534423.602587,7128
1760534423.704317,7227
1760534423.806046,6468
1760534423.909769,6382
1760534424.011496,6999
1760534424.114223,6483
1760534424.317679,7116
1760534424.419406,7018
1760534424.522138,6366
1760534424.622883,7275
1760534424.725588,6747
1760534424.827314,6861
1760534424.928046,6393
1760534425.028776,6532
1760534425.129528,6153
1760534425.231234,6971
1760534425.333983,6540
1760534425.436715,6813
1760534425.537457,6779
1760534425.639146,6844
1760534425.841604,6792
1760534425.942659,6313
1760534426.043385,6959
1760534426.144116,7117
1760534426.244846,7217
1760534426.345577,6125
1760534426.447335,6302
1760534426.550031,6378
1760534426.650761,5936
1760534426.755484,6526
1760534426.857209,6733
1760534426.960932,6969
1760534427.063656,6785
1760534427.270105,6075
1760534427.370835,6125
1760534427.471565,6780
1760534427.572296,7117
1760534427.673027,6661
1760534427.773785,6977
1760534427.874488,7020
1760534427.976217,5817
1760534428.18127,6542
1760534428.18127,6542
1760534428.383745,6732
1760534428.484461,6582
1760534428.585192,6492
1760534428.686946,6220
1760534428.787651,6653
1760534428.888381,6720
1760534428.989112,7088
1760534429.089843,6800
1760534429.190572,6502
1760534429.291303,6542
1760534429.392036,6949
1760534429.492791,6461
1760534429.593495,6911
1760534429.798947,6921
1760534429.900673,6222
1760534430.002401,7058
1760534430.10413,6998
1760534430.20486,6800
1760534430.307585,7057
1760534430.408315,6432
1760534430.509046,6115
1760534430.609778,7008
1760534430.710507,6542
1760534430.911969,6502
1760534431.015691,7115
1760534431.117439,6693
1760534431.221142,6825
1760534431.321873,7147
1760534431.424598,6736
1760534431.526326,6861
1760534431.627056,6790
1760534431.727788,6264
1760534431.828934,6663
1760534431.929665,6969
1760534432.030395,6770
1760534432.131129,7227
1760534432.335601,6565
1760534432.436321,6731
1760534432.537528,6610
1760534432.639246,7206
1760534432.740974,6763
1760534432.846692,6668
1760534432.948419,6822
1760534433.051145,6833
1760534433.15241,6685
1760534433.255182,6529
1760534433.356912,6625
1760534433.457643,6482
1760534433.659104,6184
1760534433.760953,6313
1760534433.862682,6104
1760534433.96441,6576
1760534434.066641,6641
1760534434.168372,6723
1760534434.269251,6621
1760534434.370978,6625
1760534434.471709,6671
1760534434.572439,6512
1760534434.674263,6629
1760534434.775991,6448
1760534434.876722,6770
1760534434.977452,6840
1760534435.078183,6800
1760534435.182904,6674
1760534435.388354,6546
1760534435.490082,6438
1760534435.591809,6596
1760534435.693046,6894
1760534435.794777,6900
1760534435.895508,6681
1760534435.996239,6045
1760534436.097966,6586
1760534436.199724,6938
1760534436.300452,6701
1760534436.401187,6740
1760534436.505384,6792
1760534436.707596,7165
1760534436.809324,6035
1760534436.912051,6191
1760534437.01278,6343
1760534437.11351,6591
1760534437.214748,6064
1760534437.315499,6233
1760534437.417207,7129
1760534437.518934,7098
1760534437.623655,6796
1760534437.725384,6527
1760534437.829105,6629
1760534437.933825,7047
1760534438.034555,6284
1760534438.237965,7027
1760534438.338702,7077
1760534438.440429,6910
1760534438.542131,6879
1760534438.642861,6701
1760534438.743591,6433
1760534438.846286,6582
1760534438.950008,6286
1760534439.051763,6446
1760534439.152466,6464
1760534439.254194,6674
1760534439.358914,6321
1760534439.561374,7048
1760534439.663102,6360
1760534439.764861,6908
1760534439.865559,6941
1760534439.967288,7274
1760534440.069015,6900
1760534440.179719,6747
1760534440.280449,6750
1760534440.38118,6661
1760534440.481911,6959
1760534440.582668,6659
1760534440.683373,6603
1760534440.784102,6601
1760534440.885338,7171
1760534440.989061,6522
1760534441.089792,6512
1760534441.293247,6542
1760534441.394,6282
1760534441.494709,6563
1760534441.595439,6661
1760534441.697167,6615
1760534441.801887,6808
1760534441.903615,6979
1760534442.005343,7056
1760534442.106074,6601
1760534442.206805,6373
1760534442.307535,6572
1760534442.409263,6570
1760534442.509994,6145
1760534442.715955,6661
1760534442.816685,7177
1760534442.918413,6645
1760534443.020141,6704
1760534443.120871,6810
1760534443.2226,6552
1760534443.326322,6806
1760534443.428051,6841
1760534443.528781,6770
1760534443.629513,6829
1760534443.731239,7146
1760534443.831971,6641
1760534443.933725,5906
1760534444.137181,6437
1760534444.238294,6744
1760534444.339047,7195
1760534444.439756,7268
1760534444.541483,6369
1760534444.642214,6909
1760534444.742975,6570
1760534444.846667,6814
1760534445.049637,6720
1760534445.150917,6092
1760534445.252618,6823
1760534445.354298,6913
1760534445.455027,7018
1760534445.555759,7068
1760534445.660478,6789
1760534445.762223,6614
1760534445.862937,6771
1760534445.964665,5976
1760534446.065757,6261
1760534446.166487,6373
1760534446.270211,6420
1760534446.475661,7126
1760534446.576391,6701
1760534446.679117,6635
1760534446.781842,6531
1760534446.885566,7066
1760534446.986812,6558
1760534447.087542,6979
1760534447.188272,6988
1760534447.289004,6502
1760534447.389734,6542
1760534447.490465,6631
1760534447.591196,6691
1760534447.692925,6163
1760534447.794651,6301
1760534447.99711,6743
1760534448.09784,6919
1760534448.199568,7343
1760534448.300299,6909
1760534448.401029,7366
1760534448.50176,6601
1760534448.60249,7068
1760534448.704219,6379
1760534448.805457,6894
1760534448.906188,6869
1760534449.108647,6711
1760534449.209378,6621
1760534449.311106,4797
1760534449.413831,1362
1760534449.515559,1386
1760534449.617286,1602
1760534449.718172,1655
1760534449.818903,1707
1760534449.919633,1419
1760534450.020385,1250
1760534450.122091,1563
1760534450.222822,1677
1760534450.324551,1307
1760534450.528006,1720
1760534450.629018,1574
1760534450.730719,1455
1760534450.831449,1419
1760534450.933177,1553
1760534451.033908,1657
1760534451.134654,1905
1760534451.235371,1936
1760534451.336611,2252
1760534451.437342,2620
1760534451.538505,3044
1760534451.642227,3740
1760534451.847184,4816
1760534451.948604,6211
1760534452.049335,6571
1760534452.150065,7137
1760534452.250796,6929
1760534452.352528,6605
1760534452.453672,6851
1760534452.554401,7425
1760534452.655132,6780
1760534452.755832,6256
1760534452.85707,6568
1760534452.957802,6671
1760534453.161764,6766
1760534453.263495,7156
1760534453.364236,6938
1760534453.464991,6768
1760534453.565692,6832
1760534453.666422,6810
1760534453.767175,7146
1760534453.867884,6722
1760534453.968614,6373
1760534454.069345,7048
1760534454.170103,6967
1760534454.373565,6988
1760534454.474415,5969
1760534454.575181,6758
1760534454.67588,7020
1760534454.776609,7306
1760534454.87734,7425
1760534454.978071,6730
1760534455.079825,7056
1760534455.181363,5968
1760534455.282099,6452
1760534455.382803,6156
1760534455.585261,6458
1760534455.685992,6462
1760534455.786723,6562
1760534455.888477,5650
1760534455.989181,6762
1760534456.089893,6295
1760534456.190625,6740
1760534456.291384,6193
1760534456.392085,6444
1760534456.493228,6792
1760534456.593957,6572
1760534456.695685,6586
1760534456.79744,7282
1760534456.999872,6448
1760534457.101599,5976
1760534457.202342,6213
1760534457.30306,6195
1760534457.403791,5986
1760534457.504522,6671
1760534457.605252,6691
1760534457.705982,7306
1760534457.806741,6322
1760534457.907443,6722
1760534458.008175,6204
1760534458.210632,6720
1760534458.31236,6576
1760534458.413092,6770
1760534458.513821,6313
1760534458.614552,6949
1760534458.715283,6988
1760534458.816686,6222
1760534458.918419,6143
1760534459.01915,6482
1760534459.119881,6661
1760534459.220642,7016
1760534459.321343,6395
1760534459.524797,6881
1760534459.626525,6586
1760534459.728061,6963
1760534459.829788,7126
1760534459.931023,6470
1760534460.031708,6495
1760534460.132993,6723
1760534460.233725,6949
1760534460.335455,7057
1760534460.436691,6835
1760534460.538425,6910
1760534460.640145,6783
1760534460.740875,6502
1760534460.947324,6293
1760534460.947324,6293
1760534461.158757,6497
1760534461.259515,7036
1760534461.360536,7246
1760534461.462293,6073
1760534461.563053,6550
1760534461.663756,6911
1760534461.764486,7078
1760534461.865218,5837
1760534461.965948,6284
1760534462.066678,6472
1760534462.168408,6192
1760534462.269137,6313
1760534462.470754,6581
1760534462.571483,6472
1760534462.672214,6244
1760534462.772945,6800
1760534462.873676,6601
1760534462.974408,6909
1760534463.076138,6694
1760534463.176868,6433
1760534463.277433,6204
1760534463.382184,6673
1760534463.48388,6627
1760534463.584611,6353
1760534463.68634,7058
1760534463.889795,6651
1760534463.991523,6251
1760534464.092254,6432
1760534464.193225,6694
1760534464.293991,6599
1760534464.395713,7019
1760534464.496414,6782
1760534464.59766,6637
1760534464.69839,6373
1760534464.801116,6570
1760534464.90384,7009
1760534465.005036,6502
1760534465.207494,6673
1760534465.308224,6562
1760534465.409407,6740
1760534465.51011,6752
1760534465.611087,6694
1760534465.711817,6214
1760534465.812548,6442
1760534465.913279,6671
1760534466.01401,6353
1760534466.114741,6244
1760534466.215471,6591
1760534466.318197,7028
1760534466.521165,6242
1760534466.621895,6641
1760534466.722626,6343
1760534466.823358,6641
1760534466.925085,6733
1760534467.025815,6591
1760534467.126546,6651
1760534467.227276,5847
1760534467.329004,5593
1760534467.430733,6340
1760534467.53246,6596
1760534467.633191,6035
1760534467.838291,3911
1760534467.94002,5475
1760534468.041256,5818
1760534468.14301,6309
1760534468.243714,6583
1760534468.344446,6681
1760534468.445176,6770
1760534468.546903,6419
1760534468.648282,7092
1760534468.750036,6328
1760534468.85074,6514
1760534468.952467,6664
1760534469.054195,6462
1760534469.258873,7168
1760534469.360601,4521
1760534469.464324,4762
1760534469.566051,5554
1760534469.667197,6159
1760534469.767961,7026
1760534469.869656,6693
1760534469.971383,6497
1760534470.072619,6588
1760534470.174347,6527
1760534470.279066,6174
1760534470.380304,6193
1760534470.483032,6278
1760534470.688481,6025
1760534470.688481,6025
1760534470.893934,6522
1760534470.994663,6224
1760534471.095421,6699
1760534471.196124,6752
1760534471.299702,6487
1760534471.401429,6940
1760534471.50216,6720
1760534471.60289,6363
1760534471.703622,6532
1760534471.804373,6213
1760534471.908078,6277
1760534472.0108,6201
1760534472.112598,6408
1760534472.218866,6454
1760534472.424316,6723
1760534472.526071,6554
1760534472.626774,6484
1760534472.72753,6997
1760534472.828239,6791
1760534472.928966,6830
1760534473.029697,6641
1760534473.132423,6802
1760534473.236145,6444
1760534473.33887,6590
1760534473.442593,6584
1760534473.647047,6076
1760534473.748805,6200
1760534473.849506,6166
1760534473.951234,5681
1760534474.052987,6014
1760534474.153691,6653
1760534474.254421,6145
1760534474.356163,7076
1760534474.456879,6761
1760534474.55761,6542
1760534474.658341,6403
1760534474.760069,6055
1760534474.8608,6710
1760534475.062882,6630
1760534475.16364,6609
1760534475.265341,6627
1760534475.366071,6492
1760534475.466802,6810
1760534475.567513,6414
1760534475.670273,6150
1760534475.772997,6288
1760534475.874725,6438
1760534475.975969,6647
1760534476.076699,6859
1760534476.279159,6849
1760534476.381884,6726
1760534476.483611,6635
1760534476.584346,6492
1760534476.685072,6304
1760534476.786804,7136
1760534476.888528,6586
1760534476.989259,6343
1760534477.08999,6988
1760534477.19072,6323
1760534477.291452,6125
1760534477.39221,5359
1760534477.492912,6226
1760534477.593643,6343
1760534477.698365,6423
1760534477.901818,6212
1760534478.002563,6481
1760534478.103786,6470
1760534478.204516,6929
1760534478.305248,7177
1760534478.405977,6433
1760534478.506709,6750
1760534478.607463,6431
1760534478.708161,6554
1760534478.808861,6673
1760534479.013314,6900
1760534479.013314,6900
1760534479.220763,6645
1760534479.32149,6641
1760534479.422221,6909
1760534479.522951,6353
1760534479.623682,6065
1760534479.725411,6871
1760534479.827138,6635
1760534479.928866,6723
1760534480.030593,6350
1760534480.132322,6861
1760534480.233051,6353
1760534480.333782,6681
1760534480.434609,5940
1760534480.638235,6232
1760534480.739968,6055
1760534480.841692,6621
1760534480.94342,6674
1760534481.045147,6458
1760534481.146875,6517
1760534481.2496,6901
1760534481.352325,6940
1760534481.455051,6356
1760534481.556806,6496
1760534481.658507,6597
1760534481.761231,6772
1760534481.86695,6884
1760534482.069485,6777
1760534482.171578,6307
1760534482.276298,6178
1760534482.377028,6969
1760534482.477759,6601
1760534482.57849,6889
1760534482.68321,7133
1760534482.784965,7095
1760534482.886432,7046
1760534482.988159,6664
1760534483.088767,6182
1760534483.189498,6452
1760534483.294218,6314
1760534483.395945,6458
1760534483.497703,6741
1760534483.704123,7116
1760534483.805849,7009
1760534483.906586,6234
1760534484.00783,6202
1760534484.109558,6645
1760534484.210288,6859
1760534484.311019,6413
1760534484.41175,6254
1760534484.513506,6830
1760534484.61421,7060
1760534484.715937,6611
1760534484.816667,6869
1760534484.919181,6555
1760534485.122636,6232
1760534485.223367,6432
1760534485.325125,7173
1760534485.425828,6752
1760534485.526617,7193
1760534485.627347,6611
1760534485.728078,6720
1760534485.829655,6970
1760534485.930386,6393
1760534486.031117,6045
1760534486.132846,6419
1760534486.235572,6434
1760534486.439559,7117
1760534486.54079,6282
1760534486.641521,6432
1760534486.742255,6661
1760534486.843036,7064
1760534486.94374,6474
1760534487.044497,6471
1760534487.1452,6722
1760534487.245959,6798
1760534487.347167,6768
1760534487.447899,6631
1760534487.651858,6691
1760534487.753096,6677
1760534487.854824,6389
1760534487.958056,6877
1760534488.059783,6084
1760534488.161031,6518
1760534488.262758,6271
1760534488.363995,6726
1760534488.465723,6478
1760534488.566963,6776
1760534488.667693,6691
1760534488.770926,6785
1760534488.873651,6025
1760534488.977395,6708
1760534489.080121,6551
1760534489.282579,6820
1760534489.38331,6661
1760534489.483952,6855
1760534489.584682,6939
1760534489.685414,6651
1760534489.786177,6202
1760534489.887899,6085
1760534489.988602,6454
1760534490.089333,6959
1760534490.193059,6343
1760534490.295781,6989
1760534490.397509,6586
1760534490.500235,7125
1760534490.705685,6183
1760534490.806415,7256
1760534490.907146,6770
1760534491.008382,6746
1760534491.109112,6671
1760534491.209872,6073
1760534491.311631,6977
1760534491.412364,6532
1760534491.51306,6415
1760534491.617781,6796
1760534491.718511,6482
1760534491.821237,6114
1760534491.922965,6517
1760534492.027468,6371
1760534492.233887,6271
1760534492.335615,6403
1760534492.436346,6105
1760534492.538081,6644
1760534492.639807,6350
1760534492.741108,7097
1760534492.84184,6482
1760534492.943076,5916
1760534493.043806,6214
1760534493.145675,6390
1760534493.256379,6324
1760534493.357115,6601
1760534493.457846,6919
1760534493.659307,6303
1760534493.760038,6482
1760534493.861451,6744
1760534493.96216,6503
1760534494.063401,6756
1760534494.166752,6821
1760534494.267482,6383
1760534494.368213,6681
1760534494.469452,6864
1760534494.570785,7302
1760534494.671516,6403
1760534494.772246,6284
1760534494.872976,6770
1760534494.9767,6141
1760534495.180692,6280
1760534495.28242,6114
1760534495.383156,7107
1760534495.483887,6840
1760534495.585125,6015
1760534495.685856,6363
1760534495.787163,7817
1760534495.888623,6702
1760534495.989354,6224
1760534496.090085,6095
1760534496.191816,6743
1760534496.293544,6330
1760534496.495516,7127
1760534496.596276,6361
1760534496.697512,6657
1760534496.798242,6065
1760534496.898973,6919
1760534496.999703,6710
1760534497.10045,6680
1760534497.201166,6860
1760534497.301897,6969
1760534497.403133,6450
1760534497.504861,6478
1760534497.707828,6244
1760534497.810074,6816
1760534497.914795,6777
1760534498.016032,6045
1760534498.116763,6522
1760534498.21851,7037
1760534498.319243,6760
1760534498.419975,6919
1760534498.520706,6353
1760534498.621942,6687
1760534498.723186,6568
1760534498.824922,6153
1760534498.92764,6318
1760534499.132598,6444
1760534499.234838,6817
1760534499.335569,6740
1760534499.436299,7078
1760534499.536983,6863
1760534499.638003,6800
1760534499.738734,6701
1760534499.840105,6717
1760534499.940837,6998
1760534500.042276,7127
1760534500.146996,6073
1760534500.248723,6114
1760534500.350564,6421
1760534500.454286,6893
1760534500.657452,6790
1760534500.758183,7336
1760534500.85991,7126
1760534500.960642,6442
1760534501.061372,6413
1760534501.162056,6386
1760534501.263784,6556
1760534501.366508,6055
1760534501.467744,6529
1760534501.568476,6353
1760534501.770445,6611
1760534501.882659,6856
1760534501.882659,6856
1760534502.090626,6742
1760534502.191357,6800
1760534502.292593,6825
1760534502.393324,7137
1760534502.495051,7274
1760534502.595782,6730
1760534502.696513,6730
1760534502.797243,6710
1760534502.898971,6753
1760534502.999701,7108
1760534503.133345,6774
1760534503.235072,6576
1760534503.335803,6740
1760534503.436533,6770
1760534503.537265,6512
1760534503.637995,6224
1760534503.738725,6383
1760534503.839456,6472
1760534504.043909,6541
1760534504.144639,6571
1760534504.24537,6909
1760534504.346102,6403
1760534504.446832,6462
1760534504.547659,6119
1760534504.649388,6409
1760534504.752113,6605
1760534504.854839,6434
1760534504.957564,6201
1760534505.06029,6308
1760534505.162019,6192
1760534505.26574,5996
1760534505.473185,6419
1760534505.575911,6989
1760534505.677638,6419
1760534505.779366,6497
1760534505.880097,6750
1760534505.981824,7294
1760534506.082555,6710
1760534506.183285,6323
1760534506.284015,7088
1760534506.385252,6321
1760534506.486488,6716
1760534506.587246,6808
1760534506.789497,6562
1760534506.890829,6305
1760534506.991561,6661
1760534507.092298,6829
1760534507.194025,6242
1760534507.296748,6687
1760534507.398476,6999
1760534507.501202,5860
1760534507.601933,5926
1760534507.702663,6363
1760534507.803393,6552
1760534507.904124,6234
1760534508.006854,6667
1760534508.10858,6330
1760534508.312872,5385
1760534508.413603,6830
1760534508.515331,6507
1760534508.616061,7068
1760534508.716792,6859
1760534508.817528,6780
1760534508.91925,6439
1760534509.020048,6309
1760534509.120778,5986
1760534509.221572,6607
1760534509.322275,7139
1760534509.523758,6234
1760534509.624489,6969
1760534509.725245,6868
1760534509.82596,6692
1760534509.92669,6859
1760534510.027421,6403
1760534510.128893,6454
1760534510.230348,6258
1760534510.33108,6869
1760534510.43181,7048
1760534510.537527,6463
1760534510.638257,6095
1760534510.739016,6619
1760534510.942577,6704
1760534511.045306,6317
1760534511.146036,6303
1760534511.247765,6487
1760534511.348494,6552
1760534511.450222,6527
1760534511.550954,7356
1760534511.651684,6055
1760534511.752414,6512
1760534511.853146,6810
1760534511.953876,7127
1760534512.056601,6298
1760534512.159327,6551
1760534512.362782,6423
1760534512.463681,6531
1760534512.564412,7256
1760534512.665174,6301
1760534512.765899,6433
1760534512.866602,6861
1760534512.967332,6224
1760534513.068064,6849
1760534513.169011,7033
1760534513.269742,6413
1760534513.370473,6581
1760534513.472201,7117
1760534513.678156,6170
1760534513.779884,6369
1760534513.880615,6701
1760534513.982371,6495
1760534514.083293,6153
1760534514.183997,6345
1760534514.284727,6433
1760534514.385479,6491
1760534514.486182,6762
1760534514.586913,5847
1760534514.687645,1816
1760534514.788375,2005
1760534514.991831,3686
1760534515.092562,5013
1760534515.194807,5672
1760534515.296534,6507
1760534515.397264,6750
1760534515.497995,7137
1760534515.599724,6645
1760534515.700453,6194
1760534515.802183,7244
1760534515.904321,6579
1760534516.005157,6277
1760534516.106891,6467
1760534516.213619,6052
1760534516.418059,6722
1760534516.518817,6361
1760534516.619547,6284
1760534516.72099,6397
1760534516.822718,6373
1760534516.92644,6584
1760534517.027171,6621
1760534517.127931,7244
1760534517.22963,6656
1760534517.331357,7244
1760534517.433085,6261
1760534517.557752,6725
1760534517.664467,6943
1760534517.766196,6173
1760534517.866926,6294
1760534518.071379,6881
1760534518.174125,6598
1760534518.276829,6625
1760534518.377559,6502
1760534518.480791,6983
1760534518.581547,6550
1760534518.683249,6332
1760534518.784976,6930
1760534518.885665,6842
1760534518.986395,6383
1760534519.088123,6753
1760534519.188855,6959
1760534519.293574,6598
1760534519.395302,5829
1760534519.598204,6701
1760534519.699896,5929
1760534519.800626,6522
1760534519.902354,6713
1760534520.004082,6743
1760534520.104971,6492
1760534520.205674,7070
1760534520.306918,6657
1760534520.407648,6502
1760534520.508379,6363
1760534520.709842,6770
1760534520.709842,6770
1760534520.911304,6542
1760534521.013035,6821
1760534521.113762,5946
1760534521.214519,6232
1760534521.315954,6486
1760534521.417275,6642
1760534521.519003,6468
1760534521.619764,6768
1760534521.720464,6474
1760534521.822193,6527
1760534521.923428,6519
1760534522.025156,6601
1760534522.127392,6529
1760534522.331409,6584
1760534522.433136,6940
1760534522.534395,6962
1760534522.635267,6572
1760534522.73597,6514
1760534522.836701,6869
1760534522.93807,7033
1760534523.038799,6790
1760534523.13953,6542
1760534523.241257,6360
1760534523.342985,6556
1760534523.545482,6847
1760534523.545482,6847
1760534523.74945,6361
1760534523.852175,6478
1760534523.953411,6144
1760534524.055139,6232
1760534524.157375,7072
1760534524.2601,6493
1760534524.361337,5857
1760534524.462068,6532
1760534524.562815,6719
1760534524.663545,6979
1760534524.765789,6670
1760534524.971736,6354
1760534524.971736,6354
1760534525.177695,6770
1760534525.279423,6458
1760534525.381035,6574
1760534525.482766,6841
1760534525.583529,6232
1760534525.684228,6732
1760534525.78659,6330
1760534525.888316,6900
1760534525.989227,6748
1760534526.090954,6753
1760534526.191711,6729
1760534526.293413,6489
1760534526.396139,6635
1760534526.497867,6251
1760534526.700334,6182
1760534526.801579,6775
1760534526.90231,6293
1760534527.00305,6283
1760534527.103781,6462
1760534527.204512,6800
1760534527.30624,6153
1760534527.406826,6571
1760534527.507557,6293
1760534527.608287,6284
1760534527.709028,6740
1760534527.810746,6999
1760534528.013633,6810
1760534528.114364,6978
1760534528.215094,6770
1760534528.317821,6424
1760534528.419547,6222
1760534528.520278,6284
1760534528.621009,5698
1760534528.721739,6323
1760534528.823976,6420
1760534528.924707,6214
1760534529.025437,6214
1760534529.227896,6487
1760534529.328626,6522
1760534529.430353,6360
1760534529.531084,6929
1760534529.632816,6340
1760534529.733547,6571
1760534529.834277,6711
1760534529.935008,6452
1760534530.035738,7137
1760534530.136469,6492
1760534530.237199,6224
1760534530.33793,6313
1760534530.439658,6045
1760534530.645109,6487
1760534530.748831,6575
1760534530.849865,6473
1760534530.951597,7008
1760534531.053323,6252
1760534531.154054,6472
1760534531.254784,6552
1760534531.355515,6323
1760534531.456246,6681
1760534531.556977,6581
1760534531.65774,6629
1760534531.759464,6537
1760534531.861163,6430
1760534532.06334,6800
1760534532.165067,6183
1760534532.265798,6542
1760534532.366528,6432
1760534532.467272,6144
1760534532.567991,7089
1760534532.669718,6674
1760534532.770448,6820
1760534532.871179,6859
1760534532.972907,6343
1760534533.074635,6202
1760534533.175366,6740
1760534533.277094,6389
1760534533.479551,6735
1760534533.58031,6401
1760534533.68104,6889
1760534533.782741,6538
1760534533.883472,6373
1760534533.984202,6274
1760534534.084719,6556
1760534534.185449,6681
1760534534.289172,6247
1760534534.493625,6740
1760534534.595353,6900
1760534534.696084,6343
1760534534.797319,6450
1760534534.898078,6510
1760534534.998781,6365
1760534535.099517,6154
1760534535.200246,6006
1760534535.300977,6720
1760534535.401707,6204
1760534535.503435,6379
1760534535.604165,6115
1760534535.805627,6661
1760534535.906367,6442
1760534536.007099,7266
1760534536.107849,7146
1760534536.208927,6668
1760534536.309657,6244
1760534536.410388,6899
1760534536.511118,6869
1760534536.611876,6858
1760534536.71258,6047
1760534536.813311,6939
1760534536.914041,6720
1760534537.115502,6423
1760534537.216234,6254
1760534537.316963,6909
1760534537.418691,6713
1760534537.519422,6333
1760534537.620464,6264
1760534537.721194,7088
1760534537.821924,5986
1760534537.922655,5946
1760534538.023387,6661
1760534538.124116,6800
1760534538.224849,6631
1760534538.327573,6755
1760534538.532025,7028
1760534538.632756,6353
1760534538.733487,6294
1760534538.834218,6810
1760534538.935945,6389
1760534539.036676,7167
1760534539.137407,6105
1760534539.238138,6323
1760534539.338869,6849
1760534539.439598,6740
1760534539.540334,6234
1760534539.74379,6114
1760534539.84452,6025
1760534539.94523,6632
1760534540.046733,6817
1760534540.147468,6849
1760534540.248193,6502
1760534540.348926,6611
1760534540.450228,6406
1760534540.55096,6482
1760534540.651695,6313
1760534540.75268,7179
1760534540.855403,6843
1760534541.05886,6730
1760534541.159617,7195
1760534541.260369,6560
1760534541.362096,6212
1760534541.462828,6601
1760534541.563559,6522
1760534541.664289,6959
1760534541.766017,7028
1760534541.866747,6979
1760534541.967478,6611
1760534542.068209,6859
1760534542.271664,6055
1760534542.372394,6840
1760534542.473125,6532
1760534542.574853,6743
1760534542.675584,6194
1760534542.776314,6651
1760534542.877045,6750
1760534542.977776,6978
1760534543.078611,6475
1760534543.179364,6391
1760534543.282068,6705
1760534543.382798,6075
1760534543.586254,7008
1760534543.686984,6661
1760534543.788712,6674
1760534543.89044,6084
1760534543.991171,6482
1760534544.091902,6423
1760534544.192633,6512
1760534544.29436,6812
1760534544.395091,6740
1760534544.495822,6174
1760534544.596552,6720
1760534544.697284,6730
1760534544.798013,6105
1760534544.898744,6264
1760534545.104195,6434
1760534545.204925,6661
1760534545.305656,6343
1760534545.406409,6590
1760534545.507117,6484
1760534545.607848,6641
1760534545.708578,6294
1760534545.809536,6775
1760534545.910245,6742
1760534546.011918,6766
1760534546.11467,6763
1760534546.217395,6249
1760534546.420923,6243
1760534546.523651,6629
1760534546.626375,6210
1760534546.727106,6184
1760534546.827837,6492
1760534546.929564,6576
1760534547.03229,6191
1760534547.134018,6556
1760534547.234856,6574
1760534547.336583,6743
1760534547.437314,6383
1760534547.541036,6595
1760534547.642791,6397
1760534547.849216,6462
1760534547.849216,6462
1760534548.057654,5966
1760534548.158385,7187
1760534548.259116,6601
1760534548.359873,6282
1760534548.461152,6042
1760534548.561884,6700
1760534548.66312,6726
1760534548.763851,6701
1760534548.864581,6403
1760534548.96631,6389
1760534549.067039,6323
1760534549.269519,6530
1760534549.370228,6613
1760534549.472016,6474
1760534549.57279,6827
1760534549.67349,6246
1760534549.774219,6840
1760534549.87495,6562
1760534549.975681,6740
1760534550.076412,6710
1760534550.177142,6989
1760534550.277894,6312
1760534550.3796,7020
1760534550.582059,6671
1760534550.683786,6831
1760534550.784518,6452
1760534550.885248,6869
1760534550.985979,6254
1760534551.087706,6723
1760534551.190432,6113
1760534551.292161,5996
1760534551.39289,6591
1760534551.493751,6920
1760534551.594482,6661
1760534551.700199,6422
1760534551.901776,6591
1760534552.002534,6431
1760534552.103237,6941
1760534552.204038,6587
1760534552.305798,6790
1760534552.407494,6305
1760534552.508225,6055
1760534552.608956,6184
1760534552.811118,7157
1760534552.811118,7157
1760534553.01557,6584
1760534553.116301,6194
1760534553.218029,6556
1760534553.319266,6045
1760534553.419998,6581
1760534553.520726,6304
1760534553.621415,6227
1760534553.722144,6462
1760534553.824589,6276
1760534553.926316,6438
1760534554.031036,6646
1760534554.233495,6095
1760534554.233495,6095
1760534554.435953,6552
1760534554.536774,6576
1760534554.637505,6591
1760534554.739231,6507
1760534554.839961,6274
1760534554.941689,6723
1760534555.044414,6507
1760534555.145145,6482
1760534555.246873,6487
1760534555.34811,6272
1760534555.449668,6272
1760534555.653255,6607
1760534555.755486,5624
1760534555.857216,6153
1760534555.958944,6478
1760534556.059675,5857
1760534556.161705,6253
1760534556.262442,6710
1760534556.364171,6566
1760534556.465898,6635
1760534556.567994,6523
1760534556.669726,6605
1760534556.770993,5895
1760534556.873847,5697
1760534557.077815,6760
1760534557.182534,6207
1760534557.284263,7294
1760534557.384993,7078
1760534557.486721,6369
1760534557.588477,6309
1760534557.689174,6325
1760534557.791899,6999
1760534557.895622,6131
1760534557.997349,6478
1760534558.098083,6661
1760534558.199808,6841
1760534558.300539,6611
1760534558.402266,6714
1760534558.502998,6939
1760534558.603728,6482
1760534558.807183,6239
1760534558.908911,6782
1760534559.010148,6351
1760534559.111874,7167
1760534559.212605,6859
1760534559.313356,6391
1760534559.414066,6394
1760534559.514966,6025
1760534559.616328,5564
1760534559.817773,6194
1760534559.919498,6714
1760534560.020228,6343
1760534560.120959,6790
1760534560.221689,6164
1760534560.322926,6549
1760534560.423657,6522
1760534560.524387,6025
1760534560.625118,6542
1760534560.725849,6522
1760534560.826579,6502
1760534560.928307,6849
1760534561.129768,6780
1760534561.231497,6153
1760534561.332349,6336
1760534561.43308,6800
1760534561.533812,6651
1760534561.634542,6403
1760534561.735272,6899
1760534561.836003,6651
1760534561.936734,6194
1760534562.037478,6293
1760534562.139221,6024
1760534562.239974,6401
1760534562.341173,6847
1760534562.544655,5945
1760534562.646356,6420
1760534562.748084,6261
1760534562.849321,6282
1760534562.950621,6811
1760534563.052338,6360
1760534563.153587,5925
1760534563.254317,6254
1760534563.355628,6524
1760534563.456358,6601
1760534563.557089,6502
1760534563.659814,7047
1760534563.866262,6399
1760534563.96702,6500
1760534564.068797,6288
1760534564.170528,6389
1760534564.271259,6373
1760534564.372582,5990
1760534564.473312,7058
1760534564.574664,6245
1760534564.675395,6710
1760534564.776899,7290
1760534564.87766,6788
1760534564.97836,7348
1760534565.079118,6083
1760534565.282891,6473
1760534565.384127,6390
1760534565.485085,6269
1760534565.585815,6105
1760534565.686547,6313
1760534565.787811,6102
1760534565.888545,6373
1760534565.989248,6246
1760534566.089979,6621
1760534566.191216,6726
1760534566.292761,6588
1760534566.393491,6631
1760534566.496216,6970
1760534566.702175,6360
1760534566.803411,6865
1760534566.904142,7177
1760534567.00541,6862
1760534567.106117,6514
1760534567.206846,6651
1760534567.307577,6492
1760534567.408307,5589
1760534567.509064,6312
1760534567.610798,6556
1760534567.711528,6194
1760534567.91396,6890
1760534568.015196,6410
1760534568.115955,6629
1760534568.216658,6256
1760534568.317389,6869
1760534568.419116,6605
1760534568.519847,6333
1760534568.621083,6578
1760534568.721842,6401
1760534568.82309,6172
1760534568.923822,6413
1760534569.026057,6416
1760534569.130285,6497
1760534569.333767,6496
1760534569.435468,6528
1760534569.541186,5978
1760534569.641943,6669
1760534569.742648,6762
1760534569.843377,6859
1760534569.944619,6993
1760534570.046343,7225
1760534570.147074,6383
1760534570.247829,6600
1760534570.349533,6204
1760534570.450531,6673
1760534570.551771,6934
1760534570.754738,6153
1760534570.859458,6846
1760534570.960722,6369
1760534571.061427,6752
1760534571.162165,6204
1760534571.262898,6025
1760534571.364136,6292
1760534571.465894,5984
1760534571.567545,6305
1760534571.669277,6635
1760534571.770008,7167
1760534571.971469,6681
1760534572.072597,6565
1760534572.173328,6959
1760534572.274059,6601
1760534572.375118,6431
1760534572.475851,5956
1760534572.576559,6553
1760534572.677321,6053
1760534572.778047,6621
1760534572.87875,6871
1760534572.979481,6095
1760534573.084206,6302
1760534573.286772,6687
1760534573.38853,6456
1760534573.489233,6494
1760534573.589964,6254
1760534573.690694,6651
1760534573.791426,6015
1760534573.892155,6552
1760534573.993884,6360
1760534574.094614,6740
1760534574.196343,6487
1760534574.297073,6462
1760534574.397804,6651
1760534574.501527,6604
1760534574.706497,6242
1760534574.807228,6343
1760534574.907958,6571
1760534575.008693,6730
1760534575.109422,6621
1760534575.210153,6790
1760534575.310884,6571
1760534575.414606,6810
1760534575.515364,6143
1760534575.616067,6107
1760534575.716797,6532
1760534575.817536,6750
1760534575.91905,6639
1760534576.12151,6561
1760534576.222767,6423
1760534576.324518,7056
1760534576.425741,6026
1760534576.527469,6419
1760534576.6282,7008
1760534576.72996,6672
1760534576.831166,6659
1760534576.931897,7296
1760534577.032628,6700
1760534577.134356,6763
1760534577.235086,6234
1760534577.437055,6953
1760534577.538783,6546
1760534577.641508,7116
1760534577.742261,6798
1760534577.843966,6206
1760534577.944696,6621
1760534578.046425,6133
1760534578.147154,6760
1760534578.247893,5509
1760534578.348624,6353
1760534578.452347,6064
1760534578.655803,6527
1760534578.756536,6551
1760534578.859258,6615
1760534578.959989,6025
1760534579.061717,6664
1760534579.163445,6674
1760534579.264175,6810
1760534579.364927,6689
1760534579.465636,6851
1760534579.566851,6313
1760534579.66858,5780
1760534579.873033,6635
1760534579.974762,6684
1760534580.076255,6630
1760534580.17801,6034
1760534580.28015,6285
1760534580.381306,6979
1760534580.48401,6841
1760534580.586843,6427
1760534580.687573,5877
1760534580.788303,6492
1760534580.889035,6661
1760534580.989765,6115
1760534581.090605,6624
1760534581.295059,6251
1760534581.396786,6350
1760534581.498029,7486
1760534581.600754,6775
1760534581.703479,6183
1760534581.806205,6249
1760534581.907441,6894
1760534582.009169,6310
1760534582.1099,6135
1760534582.211628,6586
1760534582.313356,6379
1760534582.41622,6552
1760534582.517947,6399
1760534582.61994,6445
1760534582.721669,6684
1760534582.826388,6317
1760534583.031839,6393
1760534583.136587,6491
1760534583.237289,6504
1760534583.33804,6272
1760534583.438764,6860
1760534583.54149,6522
1760534583.642221,6611
1760534583.742958,6452
1760534583.843688,6333
1760534583.944419,5817
1760534584.046146,6252
1760534584.146878,5787
1760534584.248606,6930
1760534584.451064,6842
1760534584.552382,6484
1760534584.653139,6441
1760534584.75387,6542
1760534584.854654,6637
1760534584.956369,6655
1760534585.058459,6200
1760534585.166677,5883
1760534585.269911,6112
1760534585.371237,5684
1760534585.471926,6723
1760534585.573654,6601
1760534585.676379,6979
1760534585.881337,6512
1760534585.982067,5956
1760534586.082798,6055
1760534586.18353,5847
1760534586.28477,6598
1760534586.3855,6423
1760534586.486231,6403
1760534586.586962,7078
1760534586.687693,6552
1760534586.788423,6244
1760534586.889154,6671
1760534586.991879,5850
1760534587.0966,6247
1760534587.301052,6949
1760534587.401783,6482
1760534587.502513,6929
1760534587.603749,6499
1760534587.704481,6025
1760534587.805212,6691
1760534587.905948,6452
1760534588.006686,6263
1760534588.107413,6701
1760534588.208062,6636
1760534588.308794,6343
1760534588.413542,6505
1760534588.515928,6485
1760534588.720382,6552
1760534588.821111,6482
1760534588.922839,6222
1760534589.02357,6154
1760534589.1243,6204
1760534589.225035,6720
1760534589.326759,6517
1760534589.427489,6234
1760534589.52822,6651
1760534589.62895,6204
1760534589.730479,6067
1760534589.833205,6639
1760534589.93593,6609
1760534590.142377,6488
1760534590.243109,6621
1760534590.343838,6155
1760534590.44457,6522
1760534590.545301,5827
1760534590.647029,6291
1760534590.748225,6008
1760534590.84927,6304
1760534590.949996,6403
1760534591.050727,6224
1760534591.254183,6979
1760534591.254183,6979
1760534591.459071,6507
1760534591.560798,6959
1760534591.663985,6512
1760534591.765713,6222
1760534591.866445,6145
1760534591.967174,5877
1760534592.069251,6671
1760534592.170979,7038
1760534592.272707,6969
1760534592.373439,6224
1760534592.48115,6483
1760534592.581901,6233
1760534592.682623,6761
1760534592.787332,6264
1760534592.992781,6830
1760534593.094055,6744
1760534593.194818,6669
1760534593.295517,6425
1760534593.396248,6859
1760534593.497497,6370
1760534593.598248,6332
1760534593.699955,6528
1760534593.800685,6234
1760534593.902414,6232
1760534594.003267,6722
1760534594.208718,6552
1760534594.309449,6224
1760534594.410683,6924
1760534594.511415,6532
1760534594.613142,6369
1760534594.71445,6514
1760534594.815153,6444
1760534594.916393,6766
1760534595.018127,6556
1760534595.11885,6969
1760534595.219613,6679
1760534595.320312,6852
1760534595.421917,6564
1760534595.624885,7008
1760534595.726614,6497
1760534595.828342,6261
1760534595.930069,6989
1760534596.030975,6669
1760534596.131707,6661
1760534596.232437,6502
1760534596.333167,6304
1760534596.433898,6641
1760534596.534628,6452
1760534596.737087,6635
1760534596.737087,6635
1760534596.838815,6193
1760534597.045263,6311
1760534597.145994,6244
1760534597.246724,6333
1760534597.347454,6532
1760534597.448889,7482
1760534597.549619,6691
1760534597.650349,6562
1760534597.75108,6254
1760534597.952541,6393
1760534598.054269,6242
1760534598.155,6681
1760534598.256729,5907
1760534598.358458,6124
1760534598.460184,6851
1760534598.564905,6550
1760534598.666632,6625
1760534598.769357,6512
1760534598.870087,6661
1760534598.970818,6462
1760534599.072545,6419
1760534599.173276,6194
1760534599.375737,6477
1760534599.375737,6477
1760534599.478462,5947
1760534599.681248,6282
1760534599.781979,6472
1760534599.882711,6194
1760534599.984112,5877
1760534600.084853,7385
1760534600.186577,6075
1760534600.291296,6102
1760534600.394021,6220
1760534600.495749,6674
1760534600.596484,6442
1760534600.798942,6641
1760534600.798942,6641
1760534601.002399,6242
1760534601.104126,6350
1760534601.204857,6423
1760534601.306586,6222
1760534601.409311,6249
1760534601.511056,6290
1760534601.612766,6371
1760534601.713497,6155
1760534601.815225,6075
1760534601.917951,6123
1760534602.019679,6537
1760534602.221139,6165
1760534602.221139,6165
1760534602.424596,6800
1760534602.526323,6025
1760534602.627054,6810
1760534602.728782,6419
1760534602.829512,5698
1760534602.930243,6720
1760534603.030973,6671
1760534603.132701,6045
1760534603.233432,6532
1760534603.334163,6274
1760534603.434894,5976
1760534603.641818,6183
1760534603.743545,5436
1760534603.847269,6594
1760534603.948995,6586
1760534604.052718,6652
1760534604.153449,6502
1760534604.25518,6182
1760534604.355907,6314
1760534604.45664,6264
1760534604.557368,6810
1760534604.658099,6393
1760534604.75883,6710
1760534604.859561,6581
1760534604.961288,6301
1760534605.163747,5898
1760534605.265475,6261
1760534605.367202,5917
1760534605.468931,6164
1760534605.570658,5740
1760534605.672387,5986
1760534605.774114,6006
1760534605.875842,6244
1760534605.976574,6194
1760534606.077303,6234
1760534606.178305,6455
1760534606.280033,6546
1760534606.482003,6264
1760534606.482003,6264
1760534606.687454,6909
1760534606.788189,7018
1760534606.888915,6393
1760534606.989645,6611
1760534607.090376,6115
1760534607.191106,6452
1760534607.293833,6376
1760534607.395559,6212
1760534607.497294,6104
1760534607.599017,5927
1760534607.701742,6438
1760534607.906195,6502
1760534608.008426,6798
1760534608.109157,6879
1760534608.210885,6369
1760534608.313611,6552
1760534608.415328,6616
1760534608.516059,6403
1760534608.617787,6822
1760534608.718518,6720
1760534608.820247,5681
1760534608.920976,6294
1760534609.124432,6212
1760534609.22616,6704
1760534609.327363,6649
1760534609.429119,6495
1760534609.529822,6454
1760534609.631551,6360
1760534609.735273,6932
1760534609.837,6743
1760534609.938729,6802
1760534610.040456,6291
1760534610.141187,6611
1760534610.242425,6716
1760534610.343156,6095
1760534610.546123,5976
1760534610.647359,6558
1760534610.74809,6750
1760534610.849107,2316
1760534610.950834,3127
1760534611.052069,5976
1760534611.1528,6234
1760534611.254036,6450
1760534611.355764,6507
1760534611.457001,6371
1760534611.558729,6224
1760534611.661964,6751
1760534611.763205,6400
1760534611.966171,6114
1760534612.066902,6254
1760534612.168151,6992
1760534612.269879,6753
1760534612.372113,6759
1760534612.472844,6323
1760534612.57408,6489
1760534612.675809,6487
1760534612.777045,6924
1760534612.877776,6502
1760534612.980014,6465
1760534613.083555,6374
1760534613.185792,6181
1760534613.388756,6094
1760534613.489486,6343
1760534613.590458,6219
1760534613.691189,6155
1760534613.792486,6298
1760534613.893217,6373
1760534613.994457,6351
1760534614.096185,6605
1760534614.197422,6163
1760534614.298152,6512
1760534614.399389,6469
1760534614.50012,6045
1760534614.703086,6379
1760534614.804322,6766
1760534614.905053,6780
1760534615.006292,6430
1760534615.107022,6790
1760534615.207753,6710
1760534615.308488,6373
1760534615.409242,6689
1760534615.509972,6234
1760534615.610704,6472
1760534615.711434,6710
1760534615.912895,6929
1760534616.014622,6566
1760534616.115358,6363
1760534616.216084,6065
1760534616.316602,5988
1760534616.418329,5966
1760534616.51906,6224
1760534616.61979,6373
1760534616.720521,6601
1760534616.821255,6452
1760534616.921983,6264
1760534617.024708,6239
1760534617.229716,6706
1760534617.331416,6932
1760534617.432147,6740
1760534617.532878,6303
1760534617.633607,6582
1760534617.734848,6726
1760534617.835579,6323
1760534617.937307,6478
1760534618.038039,6601
1760534618.138774,6670
1760534618.239504,7018
1760534618.340235,6601
1760534618.440965,6254
1760534618.541697,6264
1760534618.745665,6125
1760534618.846396,6442
1760534618.947127,6373
1760534619.047857,6234
1760534619.148588,6035
1760534619.249319,6611
1760534619.350052,6303
1760534619.451778,6330
1760534619.553037,6567
1760534619.654275,6845
1760534619.755008,6730
1760534619.957465,6502
1760534620.059192,6183
1760534620.159924,6254
1760534620.261293,6392
1760534620.362023,5946
1760534620.462754,6343
1760534620.563485,6393
1760534620.664216,6204
1760534620.764947,6571
1760534620.865677,6462
1760534620.966408,6621
1760534621.067652,6548
1760534621.272107,6463
1760534621.372838,6353
1760534621.473569,6572
1760534621.5743,6492
1760534621.676027,6350
1760534621.776758,6462
1760534621.877497,6462
1760534621.979225,6212
1760534622.079955,6234
1760534622.180686,6462
1760534622.281416,6542
1760534622.382148,6929
1760534622.485869,7057
1760534622.687836,6440
1760534622.788568,6125
1760534622.889298,5748
1760534622.990028,6701
1760534623.090758,6760
1760534623.191489,6025
1760534623.29222,6085
1760534623.393949,6780
1760534623.495675,6458
1760534623.596406,6929
1760534623.697137,7108
1760534623.798865,6802
1760534624.001323,6254
1760534624.102053,6512
1760534624.202785,6611
1760534624.303515,6601
1760534624.404246,6125
1760534624.505778,6461
1760534624.606511,6333
1760534624.707242,6423
1760534624.807972,4685
1760534624.908702,5887
1760534625.009947,6202
1760534625.111675,6291
1760534625.31513,5820
1760534625.415862,6363
1760534625.5166,6710
1760534625.61852,6976
1760534625.71904,6466
1760534625.819771,6452
1760534625.9205,5896
1760534626.021231,6562
1760534626.121961,6323
1760534626.222692,6383
1760534626.323422,6035
1760534626.424153,6383
1760534626.626612,6350
1760534626.727343,6492
1760534626.829337,5673
1760534626.933058,6556
1760534627.033789,6969
1760534627.13452,6502
1760534627.236252,6585
1760534627.336981,6443
1760534627.439707,6184
1760534627.542432,6259
1760534627.64416,6016
1760534627.8536,6428
1760534627.8536,6428
1760534627.956326,6537
1760534628.159294,6568
1760534628.260026,6204
1760534628.360756,6065
1760534628.463482,6346
1760534628.564211,6730
1760534628.665157,6310
1760534628.76586,6712
1760534628.867097,6598
1760534628.967827,6591
1760534629.068558,6442
1760534629.169289,5926
1760534629.274009,6474
1760534629.37474,6770
1760534629.576956,6899
1760534629.678684,6320
1760534629.780411,6045
1760534629.881143,6611
1760534629.981873,6542
1760534630.082604,6432
1760534630.183334,6353
1760534630.285565,6309
1760534630.387302,6752
1760534630.488032,7088
1760534630.590756,7009
1760534630.692485,6261
1760534630.793216,6284
1760534630.996671,6830
1760534631.097429,6341
1760534631.198208,6588
1760534631.299252,7175
1760534631.399982,6740
1760534631.500713,6323
1760534631.60244,6389
1760534631.703682,6914
1760534631.805409,6615
1760534631.906139,6581
1760534632.107601,6482
1760534632.20853,6628
1760534632.309229,6137
1760534632.411955,5899
1760534632.514679,7333
1760534632.615916,5827
1760534632.716645,6800
1760534632.818342,6676
1760534632.920072,6242
1760534633.0218,6065
1760534633.122534,6482
1760534633.224261,6576
1760534633.32699,6694
1760534633.533437,6243
1760534633.635166,6753
1760534633.735896,7167
1760534633.837633,6467
1760534633.938354,6592
1760534634.039591,7102
1760534634.140349,6391
1760534634.24205,6912
1760534634.345801,6891
1760534634.447502,6302
1760534634.548758,6448
1760534634.649469,6523
1760534634.751197,6330
1760534634.953656,6536
1760534634.953656,6536
1760534635.157112,6234
1760534635.258839,6832
1760534635.361564,6658
1760534635.463292,6743
1760534635.564205,6807
1760534635.664965,6907
1760534635.765665,6295
1760534635.866926,6577
1760534635.967661,6045
1760534636.068362,6633
1760534636.172083,6775
1760534636.373545,6750
1760534636.474296,6262
1760534636.579014,6283
1760534636.681739,6545
1760534636.78299,6241
1760534636.88771,7142
1760534636.989438,6320
1760534637.091165,6900
1760534637.191896,7028
1760534637.292628,6681
1760534637.394355,6635
1760534637.4961,6447
1760534637.597811,6184
1760534637.699051,6351
1760534637.800779,6713
1760534637.906497,6337
1760534638.01321,6931
1760534638.216174,6919
1760534638.316904,6800
1760534638.418633,6694
1760534638.52036,6566
1760534638.621091,6611
1760534638.722948,5929
1760534638.823678,6591
1760534638.924409,6750
1760534639.025167,6351
1760534639.125871,6553
1760534639.227123,6883
1760534639.430577,6556
1760534639.531815,6489
1760534639.632546,6224
1760534639.733277,6224
1760534639.834007,6125
1760534639.934738,6313
1760534640.036262,6402
1760534640.137499,6035
1760534640.23823,6482
1760534640.338961,6035
1760534640.439694,6591
1760534640.540926,6213
1760534640.641657,6701
1760534640.844116,6468
1760534640.944848,6552
1760534641.045577,6403
1760534641.146307,6174
1760534641.247038,6204
1760534641.355747,6591
1760534641.456479,6244
1760534641.557216,6502
1760534641.657948,6710
1760534641.758678,6601
1760534641.859411,6780
1760534641.960146,6641
1760534642.060875,6373
1760534642.26284,6242
1760534642.363573,6025
1760534642.464304,6552
1760534642.565034,7187
1760534642.66627,6855
1760534642.767997,6635
1760534642.868729,6284
1760534642.969459,6462
1760534643.070922,6869
1760534643.171653,6512
1760534643.272383,6363
1760534643.373625,6835
1760534643.477354,5976
1760534643.681301,6841
1760534643.782031,6254
1760534643.882763,5956
1760534643.983997,6549
1760534644.084728,6413
1760534644.185458,6155
1760534644.286189,6720
1760534644.387917,6360
1760534644.489083,5990
1760534644.589813,6661
1760534644.690544,6293
1760534644.89494,6681
1760534644.99567,6522
1760534645.096401,6254
1760534645.197132,6234
1760534645.297862,6343
1760534645.408087,6984
1760534645.514803,6447
1760534645.616529,6517
1760534645.71726,6204
1760534645.818005,6551
1760534645.918736,6621
1760534646.019468,5638
1760534646.120198,6383
1760534646.221927,6035
1760534646.322657,6383
1760534646.525116,6095
1760534646.625846,6651
1760534646.726577,6502
1760534646.827307,6403
1760534646.928037,6393
1760534647.029274,6163
1760534647.132999,6931
1760534647.234239,6212
1760534647.334969,6274
1760534647.435699,6025
1760534647.53659,6046
1760534647.638315,6763
1760534647.84177,6064
1760534647.944008,6292
1760534648.044738,6204
1760534648.145979,6361
1760534648.246706,6244
1760534648.347437,6502
1760534648.449165,7018
1760534648.549895,6214
1760534648.651623,6635
1760534648.752353,6641
1760534648.853084,6800
1760534648.954812,6772
1760534649.057538,6181
1760534649.26302,6602
1760534649.36375,6343
1760534649.464481,7197
1760534649.566209,6261
1760534649.66694,6135
1760534649.767674,6105
1760534649.869402,6655
1760534649.970308,6540
1760534650.071038,6611
1760534650.17177,7018
1760534650.2725,6661
1760534650.473964,6998
1760534650.575695,6261
1760534650.676425,6691
1760534650.777156,6135
1760534650.87825,6419
1760534650.978981,5658
1760534651.079711,6095
1760534651.180646,6211
1760534651.281376,6611
1760534651.382108,6313
1760534651.483836,6145
1760534651.685624,6402
1760534651.78686,6025
1760534651.887592,6234
1760534651.98835,6917
1760534652.089053,6841
1760534652.189784,6601
1760534652.290516,6293
1760534652.391246,6145
1760534652.492974,6016
1760534652.594218,6192
1760534652.694979,6669
1760534652.795707,6472
1760534652.89641,6335
1760534652.999136,6259
1760534653.202613,6709
1760534653.303323,6265
1760534653.404052,6165
1760534653.504783,5708
1760534653.605513,6045
1760534653.706245,6293
1760534653.806976,6423
1760534653.907705,6383
1760534654.008946,6380
1760534654.109676,5956
1760534654.21023,6215
1760534654.310961,6542
1760534654.416678,6678
1760534654.619137,6433
1760534654.719867,6184
1760534654.820598,5946
1760534654.921329,6194
1760534655.023056,6143
1760534655.123787,6393
1760534655.224518,6303
1760534655.326248,6251
1760534655.427974,6104
1760534655.52873,6570
1760534655.629434,6126
1760534655.731162,6271
1760534655.933621,5936
1760534656.034351,6641
1760534656.13608,5986
1760534656.237807,6556
1760534656.338538,7127
1760534656.439268,6284
1760534656.54,6264
1760534656.64073,6482
1760534656.74146,6502
1760534656.944917,6152
1760534657.045674,6500
1760534657.146405,6254
1760534657.247913,6117
1760534657.348616,6305
1760534657.450346,6704
1760534657.551106,6153
1760534657.652803,6155
1760534657.753536,6611
1760534657.854345,5912
1760534657.955075,6840
1760534658.055806,6294
1760534658.259263,6568
1760534658.365978,5978
1760534658.466707,7038
1760534658.570554,6596
1760534658.672282,6379
1760534658.773011,6016
1760534658.873742,6978
1760534658.976467,6330
1760534659.077197,6234
1760534659.186904,6222
1760534659.310573,5578
1760534659.707545,4212
1760534659.809274,6890
1760534659.910004,6184
1760534660.012281,6580
1760534660.216505,6256
1760534660.317568,6560
1760534660.418807,6588
1760534660.519537,6155
1760534660.620296,6252
1760534660.720998,6643
1760534660.82173,6810
1760534660.922481,6233
1760534661.02319,6533
1760534661.123948,6054
1760534661.227645,6268
1760534661.330368,6872
1760534661.432097,6154
1760534661.634555,6264
1760534661.735285,5877
1760534661.836048,6490
1760534661.936748,6573
1760534662.037478,6562
1760534662.139206,6271
1760534662.241931,6959
1760534662.342661,6413
1760534662.443392,6472
1760534662.54512,6242
1760534662.646847,6261
1760534662.750571,6517
1760534662.952558,6413
1760534663.053289,6571
1760534663.15402,6254
1760534663.257743,6266
1760534663.358473,6780
1760534663.459203,6532
1760534663.560963,6819
1760534663.663657,6543
1760534663.765384,6006
1760534663.866142,6202
1760534663.966845,6414
1760534664.068815,5972
1760534664.272862,6542
1760534664.373998,6862
1760534664.474729,7028
1760534664.57546,5628
1760534664.677209,5975
1760534664.777946,6214
1760534664.878649,6851
1760534664.980063,6764
1760534665.080793,6264
1760534665.182544,7026
1760534665.283252,6345
1760534665.485712,6635
1760534665.485712,6635
1760534665.690164,6310
1760534665.791318,6228
1760534665.896429,7011
1760534665.998184,6269
1760534666.098924,6094
1760534666.20068,5994
1760534666.30238,6633
1760534666.406101,6430
1760534666.506833,6849
1760534666.609557,6726
1760534666.710316,6292
1760534666.812017,6469
1760534666.913745,6393
1760534667.015472,6153
1760534667.218928,6743
1760534667.320656,6163
1760534667.421386,6204
1760534667.522116,5976
1760534667.622847,6313
1760534667.725082,6598
1760534667.826844,6662
1760534667.929535,6125
1760534668.030265,6492
1760534668.131993,6242
1760534668.232723,6313
1760534668.334452,6552
1760534668.438174,6600
1760534668.644195,6181
1760534668.744924,6174
1760534668.845655,6115
1760534668.946385,6720
1760534669.047116,6244
1760534669.147849,6492
1760534669.248577,6373
1760534669.350306,6552
1760534669.451037,6214
1760534669.551807,6857
1760534669.753241,5757
1760534669.753241,5757
1760534669.854969,6183
1760534670.058543,6753
1760534670.159294,6153
1760534670.26002,6611
1760534670.360765,6382
1760534670.461481,6821
1760534670.563209,6713
1760534670.664937,6399
1760534670.769166,6543
1760534670.870922,7193
1760534670.972133,7390
1760534671.07386,6025
1760534671.175734,6243
1760534671.381188,6569
1760534671.482911,5888
1760534671.583645,6224
1760534671.685372,6320
1760534671.786133,6490
1760534671.889856,6222
1760534671.990586,6492
1760534672.091317,6393
1760534672.192973,6266
1760534672.293703,5748
1760534672.394433,6512
1760534672.59789,6045
1760534672.59789,6045
1760534672.801346,6713
1760534672.902076,6552
1760534673.002806,6313
1760534673.104534,6566
1760534673.20726,6939
1760534673.309014,6132
1760534673.409746,6492
1760534673.511091,6759
1760534673.611824,6413
1760534673.71258,6490
1760534673.813283,6444
1760534673.915012,6487
1760534674.119465,6512
1760534674.220195,6492
1760534674.321924,7057
1760534674.423679,6358
1760534674.52538,7040
1760534674.627108,6143
1760534674.728835,6379
1760534674.83156,6444
1760534674.933288,6566
1760534675.03402,6323
1760534675.13523,6165
1760534675.236614,5977
1760534675.337344,6820
1760534675.543329,6466
1760534675.646027,6371
1760534675.746786,6818
1760534675.849483,6066
1760534675.958699,7187
1760534676.059429,6433
1760534676.160193,6649
1760534676.261665,6740
1760534676.36253,6107
1760534676.468248,6428
1760534676.570007,6702
1760534676.77147,6661
1760534676.873196,6566
1760534676.973927,6601
1760534677.074658,6244
1760534677.175896,6371
1760534677.276626,6502
1760534677.377861,6845
1760534677.478591,6433
1760534677.57991,6267
1760534677.681611,6601
1760534677.783846,6602
1760534677.891557,6141
1760534678.094521,6556
1760534678.195252,6810
1760534678.296015,6569
1760534678.396713,6663
1760534678.497444,6125
1760534678.598178,6988
1760534678.699934,6751
1760534678.800659,6046
1760534678.901368,6414
1760534679.002604,6539
1760534679.10484,6074
1760534679.206078,6114
1760534679.412037,6588
1760534679.513767,6065
1760534679.614498,6423
1760534679.715229,6552
1760534679.816491,6596
1760534679.918223,6694
1760534680.019467,6696
1760534680.120198,6363
1760534680.221436,6667
1760534680.322166,6194
1760534680.423408,6242
1760534680.524139,6631
1760534680.625375,6193
1760534680.830359,6321
1760534680.932061,6076
1760534681.033297,6223
1760534681.134055,5984
1760534681.236263,6506
1760534681.338018,6053
1760534681.439255,6578
1760534681.539958,5938
1760534681.641195,6015
1760534681.741926,6264
1760534681.843162,6381
1760534681.944839,6589
1760534682.046567,6379
1760534682.24803,6194
1760534682.348793,5517
1760534682.44949,5402
1760534682.550221,5698
1760534682.650979,6113
1760534682.751682,6087
1760534682.85341,5947
1760534682.954141,6939
1760534683.05589,6565
1760534683.156599,5937
1760534683.258327,6566
1760534683.360056,5848
1760534683.562525,6481
1760534683.664241,6724
1760534683.76495,6503
1760534683.866164,6175
1760534683.966895,6760
1760534684.067626,6780
1760534684.169354,6861
1760534684.270591,6400
1760534684.371322,6075
1760534684.473049,7018
1760534684.574777,6655
1760534684.780233,6556
1760534684.880963,6631
1760534684.982692,6562
1760534685.087411,6722
1760534685.190137,6113
1760534685.291374,6835
1760534685.3941,6473
1760534685.495827,5927
1760534685.596559,6045
1760534685.697302,6342
1760534685.798032,6274
1760534685.898733,6673
1760534686.011431,6404
1760534686.113187,6161
1760534686.216881,6524
1760534686.318062,6374
1760534686.42877,6411
1760534686.630203,6216
1760534686.730936,6700
1760534686.831666,6155
1760534686.932398,6700
1760534687.044263,6295
1760534687.144993,6433
1760534687.245724,7197
1760534687.346454,6413
1760534687.447207,6352
1760534687.851127,6101
1760534687.851127,6101
1760534687.963825,5808
1760534688.083506,6149
1760534688.188226,6662
1760534688.290951,6123
1760534688.493408,6468
1760534688.59414,6601
1760534688.695503,7024
1760534688.796234,7425
1760534688.897961,6291
1760534688.999711,6801
1760534689.100421,6642
1760534689.20115,6462
1760534689.30188,6611
1760534689.402611,6512
1760534689.503343,6413
1760534689.604924,6684
1760534689.706647,6212
1760534689.807379,6710
1760534690.009836,6596
1760534690.110568,6194
1760534690.211298,6532
1760534690.312028,6532
1760534690.412759,6611
1760534690.513492,6472
1760534690.61422,6591
1760534690.71495,6442
1760534690.815682,6224
1760534691.020135,6392
1760534691.121863,6586
1760534691.222593,6552
1760534691.323323,6254
1760534691.424054,6065
1760534691.524785,6591
1760534691.625516,6234
1760534691.726247,6284
1760534691.827004,6599
1760534691.927739,6492
1760534692.028438,6693
1760534692.129169,6482
1760534692.330629,1281
1760534692.432357,4315
1760534692.5336,7022
1760534692.634331,6552
1760534692.735062,6512
1760534692.83679,6261
1760534692.93752,6591
1760534693.03825,6502
1760534693.138981,6452
1760534693.240054,6589
1760534693.341781,7028
1760534693.442673,6105
1760534693.545401,6220
1760534693.749166,6232
1760534693.849901,6055
1760534693.951625,6264
1760534694.052356,6383
1760534694.153086,6333
1760534694.253844,6431
1760534694.355329,6700
1760534694.456244,6708
1760534694.556975,6889
1760534694.657705,6184
1760534694.758438,6790
1760534694.859167,6363
1760534695.062623,6438
1760534695.16435,6183
1760534695.265081,5886
1760534695.366328,6676
1760534695.467059,6760
1760534695.56779,7028
1760534695.66852,7257
1760534695.769251,6571
1760534695.869982,6740
1760534695.970712,5668
1760534696.071473,7274
1760534696.172201,7008
1760534696.375629,6353
1760534696.47636,6651
1760534696.577091,6671
1760534696.677821,6284
1760534696.77908,6794
1760534696.879819,6988
1760534696.982545,6792
1760534697.084272,6704
1760534697.185003,6720
1760534697.285734,6988
1760534697.389457,6401
1760534697.490187,6264
1760534697.590917,6155
1760534697.793377,6242
1760534697.894109,6601
1760534697.995868,6181
1760534698.096598,6492
1760534698.197834,6361
1760534698.298591,6272
1760534698.399296,6464
1760534698.500026,6165
1760534698.600758,6978
1760534698.702484,6714
1760534698.803976,6315
1760534698.905704,6723
1760534699.112152,6184
1760534699.212882,6452
1760534699.31461,6605
1760534699.415368,6371
1760534699.51615,6151
1760534699.61788,7048
1760534699.718612,6403
1760534699.819342,6363
1760534699.920075,5996
1760534700.020805,6065
1760534700.121536,6194
1760534700.227253,6044
1760534700.328982,5888
1760534700.530476,6867
1760534700.631176,6474
1760534700.731903,6810
1760534700.832634,6383
1760534700.934907,6052
1760534701.037634,5694
1760534701.138958,6266
1760534701.239689,5916
1760534701.340843,6534
1760534701.441574,6710
1760534701.54287,6525
1760534701.6436,6065
1760534701.747909,6901
1760534701.950341,6597
1760534702.051073,6125
1760534702.15231,5126
1760534702.253042,6363
1760534702.355276,6622
1760534702.456006,6711
1760534702.557244,5551
1760534702.660966,6353
1760534702.762276,6238
1760534702.862977,6325
1760534702.963727,6233
1760534703.064459,6462
1760534703.168688,6742
1760534703.370662,6581
1760534703.475889,6408
1760534703.577616,6655
1760534703.678852,6657
1760534703.779502,6259
1760534703.880233,6462
1760534703.980964,6472
1760534704.082692,6651
1760534704.184419,6320
1760534704.28515,6204
1760534704.386472,6839
1760534704.490194,6546
1760534704.590925,6373
1760534704.793383,6310
1760534704.895111,6094
1760534704.996842,6005
1760534705.098986,6451
1760534705.200713,6340
1760534705.304436,6006
1760534705.408159,6152
1760534705.511389,5628
1760534705.613052,6285
1760534705.715778,6645
1760534705.817506,6234
1760534705.919234,6909
1760534706.123333,6757
1760534706.225062,6782
1760534706.326788,6202
1760534706.427519,6730
1760534706.52825,7048
1760534706.62898,6542
1760534706.729711,6849
1760534706.830474,7433
1760534706.931171,6544
1760534707.032414,6538
1760534707.135141,6775
1760534707.23587,6264
1760534707.438836,7805
1760534707.539568,6403
1760534707.640297,6631
1760534707.741027,6174
1760534707.841758,6562
1760534707.942915,6830
1760534708.044633,6557
1760534708.145364,7266
1760534708.247091,7136
1760534708.347822,6780
1760534708.549284,6621
1760534708.549284,6621
1760534708.652482,6259
1760534708.858304,6869
1760534708.961028,6576
1760534709.062265,6766
1760534709.170003,6729
1760534709.271731,6841
1760534709.372491,5994
1760534709.473193,6325
1760534709.57492,6193
1760534709.67565,6492
1760534709.776381,6095
1760534709.877112,6154
1760534709.979837,6074
1760534710.1858,6350
1760534710.1858,6350
1760534710.390252,6330
1760534710.492976,6249
1760534710.593735,5756
1760534710.694438,6375
1760534710.795169,6204
1760534710.896897,6320
1760534710.998186,6515
1760534711.099133,6141
1760534711.199867,6005
1760534711.300598,6462
1760534711.401328,6403
1760534711.502086,6619
1760534711.604811,2949
1760534711.809237,6438
1760534711.910612,5849
1760534712.012313,6735
1760534712.113044,6323
1760534712.214772,6782
1760534712.315535,5895
1760534712.416233,5988
1760534712.517961,6468
1760534712.618692,6045
1760534712.719423,6055
1760534712.820153,6284
1760534713.021619,6234
1760534713.123364,6309
1760534713.224106,6541
1760534713.3258,6175
1760534713.426531,6065
1760534713.527294,6311
1760534713.627992,6564
1760534713.729273,6467
1760534713.82997,6484
1760534713.930727,6064
1760534714.132162,5777
1760534714.232892,6184
1760534714.333623,6105
1760534714.435378,6387
1760534714.536082,5779
1760534714.63781,6586
1760534714.738561,6362
1760534714.83927,6484
1760534714.940998,6202
1760534715.041729,6522
1760534715.145452,6122
1760534715.347419,6095
1760534715.448679,5619
1760534715.550408,6016
1760534715.651139,5738
1760534715.75187,6333
1760534715.8526,6621
1760534715.95333,6194
1760534716.054061,6135
1760534716.154792,6423
1760534716.255473,5939
1760534716.356206,6502
1760534716.456936,6333
1760534716.659395,6114
1760534716.760125,6591
1760534716.860856,6194
1760534716.961588,6135
1760534717.062318,5956
1760534717.163048,6035
1760534717.263778,6115
1760534717.36451,5976
1760534717.465239,6085
1760534717.565971,6373
1760534717.666668,6554
1760534717.767399,6830
1760534717.870155,6354
1760534718.074577,6234
1760534718.175308,6224
1760534718.27604,6264
1760534718.376769,5688
1760534718.4775,5708
1760534718.57823,6313
1760534718.67896,5807
1760534718.779692,6075
1760534718.880423,5618
1760534718.981153,6085
1760534719.084875,6208
1760534719.290841,6113
1760534719.393566,6210
1760534719.494296,6740
1760534719.595037,6114
1760534719.695793,6302
1760534719.79651,5947
1760534719.897219,6464
1760534719.99795,6889
1760534720.098679,6433
1760534720.200408,6438
1760534720.301139,5708
1760534720.401869,6155
1760534720.5026,6006
1760534720.70805,6792
1760534720.808816,6639
1760534720.90954,6353
1760534721.010625,6360
1760534721.111355,6601
1760534721.212114,6351
1760534721.312844,6542
1760534721.413547,5908
1760534721.514278,6492
1760534721.615008,6234
1760534721.715739,6502
1760534721.818465,6232
1760534721.919195,6105
1760534722.123649,6314
1760534722.228368,6608
1760534722.330096,6684
1760534722.430827,6631
1760534722.531557,6373
1760534722.632288,6472
1760534722.733019,6145
1760534722.834094,5609
1760534722.936819,6580
1760534723.037554,6254
1760534723.240009,6552
1760534723.240009,6552
1760534723.342734,6259
1760534723.547192,6841
1760534723.647918,7048
1760534723.749192,6635
1760534723.849895,6017
1760534723.951619,6542
1760534724.05235,6522
1760534724.154104,6240
1760534724.255806,5889
1760534724.35853,6142
1760534724.460259,6849
1760534724.560989,6403
1760534724.661746,7195
1760534724.863203,6313
1760534724.963933,6423
1760534725.0652,6379
1760534725.165903,6762
1760534725.266634,6621
1760534725.367365,6125
1760534725.468094,6055
1760534725.569222,6486
1760534725.669947,6145
1760534725.770678,6681
1760534725.871435,6510
1760534725.972166,6353
1760534726.074631,6753
1760534726.277089,6393
1760534726.377819,6214
1760534726.478505,6286
1760534726.579239,6542
1760534726.679967,6621
1760534726.780724,7096
1760534726.882423,6722
1760534726.984178,6672
1760534727.084911,6224
1760534727.185589,6307
1760534727.288257,6866
1760534727.390008,6515
1760534727.595435,6261
1760534727.696671,6252
1760534727.797428,6292
1760534727.898152,6512
1760534727.998863,6563
1760534728.099595,6532
1760534728.200353,6570
1760534728.301054,6563
1760534728.401785,6562
1760534728.502528,6640
1760534728.703977,6045
1760534728.804707,6661
1760534728.905437,6323
1760534729.00617,6323
1760534729.106943,6043
1760534729.20763,6674
1760534729.308353,7039
1760534729.41008,6930
1760534729.511413,6098
1760534729.613111,6266
1760534729.714838,6202
1760534729.921285,6730
1760534730.022523,7289
1760534730.123253,6085
1760534730.223985,6204
1760534730.324715,6333
1760534730.425473,6877
1760534730.526176,6553
1760534730.626906,6562
1760534730.728107,6462
1760534730.828837,6532
1760534730.929567,6830
1760534731.131032,6412
1760534731.231759,6631
1760534731.33249,6601
1760534731.43322,6770
1760534731.533951,6045
1760534731.635187,7003
1760534731.735916,6393
1760534731.836818,6620
1760534731.937519,6146
1760534732.038252,6988
1760534732.139977,7048
1760534732.240708,7068
1760534732.341439,6204
1760534732.543372,6501
1760534732.644102,6164
1760534732.745009,6560
1760534732.84574,6591
1760534732.94647,6571
1760534733.047228,6599
1760534733.147932,6176
1760534733.249687,6771
1760534733.350421,6810
1760534733.452118,6175
1760534733.552869,6709
1760534733.653519,5623
1760534733.859967,6382
1760534733.961229,5806
1760534734.061959,6552
1760534734.16269,6303
1760534734.263421,5916
1760534734.364153,5996
1760534734.464882,6204
1760534734.565674,6746
1760534734.666399,7048
1760534734.767102,6484
1760534734.867833,6284
1760534734.968565,6581
1760534735.070293,6333
1760534735.275742,6684
1760534735.376985,6439
1760534735.477725,6531
1760534735.578455,6730
1760534735.679186,6522
1760534735.780424,6618
1760534735.881157,6750
1760534735.982883,5711
1760534736.083641,5796
1760534736.184344,6692
1760534736.285074,6879
1760534736.386835,6898
1760534736.590289,6399
1760534736.691021,6055
1760534736.791773,6520
1760534736.892481,6494
1760534736.99421,6438
1760534737.09494,6631
1760534737.195671,6740
1760534737.296408,6641
1760534737.397172,6470
1760534737.5986,6552
1760534737.700329,6202
1760534737.801059,6482
1760534737.901789,6363
1760534738.00252,6969
1760534738.103251,7326
1760534738.204068,7240
1760534738.304798,6989
1760534738.407523,6570
1760534738.508163,6488
1760534738.710618,6472
1760534738.811349,7018
1760534738.91208,6095
1760534739.013808,6340
1760534739.114322,6904
1760534739.21702,7069
1760534739.317751,7316
1760534739.419479,6537
1760534739.52202,6787
1760534739.622751,6016
1760534739.725476,5928
1760534739.931129,6995
1760534740.03186,5896
1760534740.134585,6512
1760534740.236313,7176
1760534740.339038,6989
1760534740.440765,6517
1760534740.541449,6853
1760534740.64218,6075
1760534740.74291,6720
1760534740.843641,6532
1760534740.944373,6482
1760534741.145833,6343
1760534741.145833,6343
1760534741.24756,6084
1760534741.450019,6284
1760534741.551747,6271
1760534741.653475,6419
1760534741.754711,6450
1760534741.855442,6363
1760534741.956172,6194
1760534742.056903,6820
1760534742.158631,6998
1760534742.260359,6507
1760534742.36109,5946
1760534742.562551,5996
1760534742.562551,5996
1760534742.767004,6822
1760534742.868731,6251
1760534742.969462,6512
1760534743.070194,6274
1760534743.170924,6115
1760534743.272651,6586
1760534743.397319,7027
1760534743.507027,6122
1760534743.60975,6327
1760534743.71048,6323
1760534743.811211,6790
1760534743.911943,6909
1760534744.012672,6522
1760534744.113484,6457
1760534744.214133,6100
1760534744.314864,6978
1760534744.41759,6629
1760534744.622477,6812
1760534744.723207,7048
1760534744.824936,6094
1760534744.925666,6502
1760534745.026397,6671
1760534745.127127,6502
1760534745.227858,6135
1760534745.328588,6254
1760534745.429832,6202
1760534745.530564,5906
1760534745.631296,6631
1760534745.834749,6251
1760534745.935481,6591
1760534746.036624,6416
1760534746.138355,6232
1760534746.240084,6879
1760534746.341367,6575
1760534746.442641,6270
1760534746.545369,6615
1760534746.646099,6522
1760534746.746831,6333
1760534746.851143,6317
1760534747.053588,5927
1760534747.155317,6472
1760534747.25605,6542
1760534747.357775,6301
1760534747.460503,6502
1760534747.562228,6261
1760534747.662959,5906
1760534747.763713,5736
1760534747.86644,6454
1760534747.968166,5947
1760534748.070893,6726
1760534748.17262,6733
1760534748.273351,6145
1760534748.482791,6531
1760534748.584519,6472
1760534748.686246,6155
1760534748.787975,6782
1760534748.888705,6462
1760534748.990454,6869
1760534749.09415,5950
1760534749.19488,6869
1760534749.295621,6720
1760534749.396343,6046
1760534749.497072,6313
1760534749.5998,6487
1760534749.700529,6045
1760534749.905978,6419
1760534750.007706,6625
1760534750.109434,6192
1760534750.211163,6222
1760534750.31289,5647
1760534750.414646,6486
1760534750.515349,6732
1760534750.618074,5840
1760534750.718835,6302
1760534750.819535,6693
1760534750.928218,7154
1760534751.030945,6746
1760534751.131719,6241
1760534751.233401,6008
1760534751.334156,6371
1760534751.436857,6173
1760534751.642307,6281
1760534751.743067,6103
1760534751.843771,5977
1760534751.944502,6790
1760534752.045738,6677
1760534752.14647,6383
1760534752.248197,5957
1760534752.34934,5951
1760534752.450095,6709
1760534752.550827,6006
1760534752.651528,6434
1760534752.756076,6150
1760534752.857801,6252
1760534753.05929,6689
1760534753.161988,6420
1760534753.263716,5917
1760534753.365444,6075
1760534753.468169,6317
1760534753.571892,5809
1760534753.672622,6145
1760534753.773353,6105
1760534753.874083,6413
1760534753.974814,6135
1760534754.076542,6114
1760534754.177272,6432
1760534754.279,6684
1760534754.482456,6580
1760534754.584184,6340
1760534754.684914,6194
1760534754.785644,6581
1760534754.886393,7077
1760534754.990116,6537
1760534755.091844,5789
1760534755.195036,6409
1760534755.295766,6492
1760534755.396497,6522
1760534755.497227,6452
1760534755.598955,6242
1760534755.700711,5925
1760534755.906134,6804
1760534756.006864,6631
1760534756.107595,6909
1760534756.208361,6232
1760534756.310066,6489
1760534756.412793,6920
1760534756.513521,5946
1760534756.614253,6720
1760534756.715005,6550
1760534756.815713,6613
1760534756.917373,6659
1760534757.018104,6512
1760534757.220568,6462
1760534757.322296,6802
1760534757.423027,6849
1760534757.523757,6343
1760534757.626484,5811
1760534757.727213,6661
1760534757.827944,6780
1760534757.929671,6674
1760534758.031399,7058
1760534758.132366,6764
1760534758.234089,7038
1760534758.338779,6390
1760534758.440507,6560
1760534758.543261,6442
1760534758.746688,6369
1760534758.847419,6045
1760534758.948149,6323
1760534759.049389,6726
1760534759.150119,6760
1760534759.25085,6691
1760534759.352578,6831
1760534759.455304,6210
1760534759.557063,6161
1760534759.659321,7061
1760534759.861247,6907
1760534759.861247,6907
1760534760.067697,6763
1760534760.16945,6692
1760534760.270154,6136
1760534760.371881,6065
1760534760.472613,6323
1760534760.573342,6800
1760534760.677066,5977
1760534760.777796,6482
1760534760.87855,6580
1760534760.979281,6373
1760534761.080012,6214
1760534761.28247,6164
1760534761.384198,6448
1760534761.384198,6448
1760534761.58719,6761
1760534761.689402,6095
1760534761.791131,6694
1760534761.893365,6563
1760534761.995092,6419
1760534762.096049,5933
1760534762.197777,6035
1760534762.299017,6262
1760534762.399747,6780
1760534762.501033,6387
1760534762.601759,6333
1760534762.702964,6649
1760534762.806688,6247
1760534763.009652,6664
1760534763.110891,6390
1760534763.212808,6534
1760534763.314009,6304
1760534763.415738,6448
1760534763.520963,6465
1760534763.621693,6512
1760534763.722931,6025
1760534763.824659,6163
1760534763.925389,5996
1760534764.128354,6529
1760534764.128354,6529
1760534764.333314,5907
1760534764.435042,5957
1760534764.536042,6415
1760534764.638333,5953
1760534764.739066,6164
1760534764.840306,6133
1760534764.942032,6360
1760534765.04376,6517
1760534765.145488,6340
1760534765.246219,6343
1760534765.346949,5817
1760534765.448678,5858
1760534765.549408,6016
1760534765.650138,6303
1760534765.855101,6400
1760534765.956858,6024
1760534766.059554,6533
1760534766.165271,5700
1760534766.266001,5906
1760534766.366732,6174
1760534766.467968,6114
1760534766.568699,6552
1760534766.669989,6180
1760534766.770719,6313
1760534766.87145,6552
1760534767.075903,6760
1760534767.075903,6760
1760534767.279359,6419
1760534767.380636,5914
1760534767.482366,6163
1760534767.583097,6601
1760534767.684829,6772
1760534767.788553,5958
1760534767.889282,6313
1760534767.990013,6135
1760534768.091763,6201
1760534768.192495,5996
1760534768.29373,6183
1760534768.39446,5847
1760534768.495697,5482
1760534768.698666,6252
1760534768.799396,6442
1760534768.900155,6034
1760534769.000858,6355
1760534769.101588,7108
1760534769.203317,7038
1760534769.304047,6532
1760534769.405775,7237
1760534769.507503,6730
1760534769.610228,6249
1760534769.710986,6351
1760534769.81169,6583
1760534770.015147,6183
1760534770.116875,5898
1760534770.218604,6310
1760534770.320332,6458
1760534770.421062,6651
1760534770.52279,6212
1760534770.623521,6293
1760534770.724253,6214
1760534770.825008,6203
1760534770.926367,6136
1760534771.027098,6631
1760534771.231126,7086
1760534771.332854,6546
1760534771.435004,6647
1760534771.536732,7028
1760534771.637492,6103
1760534771.73919,6588
1760534771.840453,6172
1760534771.942154,6175
1760534772.044879,6162
1760534772.146634,6525
1760534772.249333,6173
1760534772.452301,6468
1760534772.554028,6143
1760534772.656754,6232
1760534772.758482,6065
1760534772.861206,6016
1760534772.962934,6625
1760534773.065659,6512
1760534773.167409,5945
1760534773.269116,6390
1760534773.370355,6341
1760534773.471086,6611
1760534773.571844,6461
1760534773.672547,6057
1760534773.874009,6065
1760534773.975768,6495
1760534774.078462,6972
1760534774.179703,6924
1760534774.281431,6566
1760534774.38316,6222
1760534774.484887,6379
1760534774.586122,6213
1760534774.686853,6383
1760534774.788092,6608
1760534774.889821,6353
1760534774.99058,6768
1760534775.09179,6471
1760534775.29659,6727
1760534775.398309,6114
1760534775.502538,6169
1760534775.604293,6309
1760534775.705994,6322
1760534775.806724,6671
1760534775.907455,6373
1760534776.009182,6232
1760534776.112414,5802
1760534776.213711,6732
1760534776.317143,6324
1760534776.419379,5946
1760534776.522105,6035
1760534776.624829,6113
1760534776.726559,6782
1760534776.831783,6357
1760534777.034241,6452
1760534777.134972,6641
1760534777.235703,6691
1760534777.336941,6301
1760534777.437671,6691
1760534777.538402,6432
1760534777.639133,6313
1760534777.739863,6383
1760534777.841591,6242
1760534777.942329,6710
1760534778.144787,6830
1760534778.144787,6830
1760534778.246053,7060
1760534778.449509,6527
1760534778.55024,6671
1760534778.651968,6704
1760534778.752699,6522
1760534778.853428,6313
1760534778.954159,6105
1760534779.05489,6224
1760534779.158613,6189
1760534779.26034,6399
1760534779.361071,6045
1760534779.564527,6743
1760534779.666254,6114
1760534779.666254,6114
1760534779.868713,6822
1760534779.969444,6303
1760534780.070687,6420
1760534780.172421,6349
1760534780.274143,6694
1760534780.374873,6492
1760534780.476601,7372
1760534780.577331,5936
1760534780.67906,6753
1760534780.781785,6950
1760534780.983854,6621
1760534780.983854,6621
1760534781.188311,6383
1760534781.289043,6105
1760534781.389773,6194
1760534781.490503,6254
1760534781.591234,6919
1760534781.691964,6591
1760534781.793692,6763
1760534781.89542,6861
1760534781.996151,6204
1760534782.199137,6671
1760534782.300864,6537
1760534782.403589,6271
1760534782.505333,6241
1760534782.607045,6662
1760534782.708773,6635
1760534782.811498,6580
1760534782.913226,6625
1760534783.013958,6393
1760534783.115685,7048
1760534783.216415,6373
1760534783.317146,6532
1760534783.418875,6124
1760534783.621333,6571
1760534783.722578,6459
1760534783.824158,6349
1760534783.925885,6212
1760534784.026616,6601
1760534784.128344,5868
1760534784.230039,6460
1760534784.331767,5996
1760534784.432608,6535
1760534784.533338,6869
1760534784.635067,6497
1760534784.737791,6532
1760534784.838523,6512
1760534785.042484,6983
1760534785.145211,6681
1760534785.24594,6443
1760534785.347668,6664
1760534785.45139,6911
1760534785.552121,6472
1760534785.652851,6135
1760534785.753582,6035
1760534785.854312,6413
1760534785.955043,6681
1760534786.055774,6482
1760534786.156505,6145
1760534786.258233,6631
1760534786.463194,6810
1760534786.463194,6810
1760534786.671636,6430
1760534786.773364,6546
1760534786.874095,6343
1760534786.975822,6714
1760534787.076554,6621
1760534787.178281,6310
1760534787.28001,6571
1760534787.385727,6044
1760534787.487455,6432
1760534787.588693,6509
1760534787.689424,6661
1760534787.89139,6353
1760534787.89139,6353
1760534788.093849,6224
1760534788.194579,6472
1760534788.300297,6403
1760534788.402025,6419
1760534788.502757,6164
1760534788.603993,6213
1760534788.704723,6740
1760534788.806451,6428
1760534788.907181,5877
1760534789.007913,6115
1760534789.108642,6214
1760534789.31058,6718
1760534789.411816,6292
1760534789.515543,6684
1760534789.616785,6291
1760534789.717516,6125
1760534789.818753,5906
1760534789.919486,6750
1760534790.020216,6859
1760534790.121944,6303
1760534790.222674,6135
1760534790.323405,6452
1760534790.426131,6346
1760534790.530227,6828
1760534790.630905,6406
1760534790.834363,6084
1760534790.935095,6512
1760534791.036826,6163
1760534791.138557,6330
1760534791.239287,6016
1760534791.340018,5996
1760534791.443188,6426
1760534791.544918,6271
1760534791.646646,6252
1760534791.747377,6631
1760534791.950833,6661
1760534792.051563,6661
1760534792.154288,6356
1760534792.255956,6078
1760534792.357513,6764
1760534792.459241,6409
1760534792.559972,6462
1760534792.660702,6423
1760534792.763428,6551
1760534792.865155,6124
1760534792.966883,6949
1760534793.068612,6576
1760534793.171337,6163
1760534793.374044,6701
1760534793.47477,6840
1760534793.576489,6124
1760534793.678216,6478
1760534793.778975,6560
1760534793.880678,7010
1760534793.983406,6998
1760534794.085134,6546
1760534794.185844,6325
1760534794.287572,6861
1760534794.388302,6512
1760534794.49003,6792
1760534794.590761,5777
1760534794.79461,6340
1760534794.79461,6340
1760534794.998065,6879
1760534795.099803,6890
1760534795.202519,5986
1760534795.304246,6674
1760534795.408967,6808
1760534795.520667,5532
1760534795.621568,6303
1760534795.724444,6133
1760534795.826118,6481
1760534795.927122,6346
1760534796.028337,6461
1760534796.129067,6244
1760534796.230796,6595
1760534796.332524,6202
1760534796.538133,6414
1760534796.640857,6395
1760534796.741619,6292
1760534796.842348,6284
1760534796.94361,6320
1760534797.04434,6313
1760534797.145071,5847
1760534797.245803,6115
1760534797.346532,6959
1760534797.447263,6442
1760534797.547994,6194
1760534797.651716,6350
1760534797.855173,6165
1760534797.955902,6155
1760534798.056639,6611
1760534798.157396,6173
1760534798.258649,6380
1760534798.35938,6820
1760534798.460083,6315
1760534798.560813,6323
1760534798.661532,6225
1760534798.763262,6350
1760534798.86499,6546
1760534798.965722,7098
1760534799.066454,6472
1760534799.269055,6930
1760534799.370781,6104
1760534799.471903,6141
1760534799.572557,6815
1760534799.673289,6810
1760534799.774019,6403
1760534799.874749,6105
1760534799.97548,6284
1760534800.076335,6107
1760534800.178089,6751
1760534800.278793,7149
1760534800.481884,6120
1760534800.583612,6143
1760534800.686337,5888
1760534800.786851,6586
1760534800.888595,6221
1760534800.991309,6367
1760534801.092039,6363
1760534801.193767,6310
1760534801.294497,6393
1760534801.396225,5937
1760534801.498951,5792
1760534801.702416,6375
1760534801.803145,6959
1760534801.905871,6093
1760534802.009593,7009
1760534802.111322,6173
1760534802.212051,6294
1760534802.312782,6055
1760534802.413513,6671
1760534802.514243,6770
1760534802.615972,6163
1760534802.716711,5717
1760534802.818812,6395
1760534802.921541,6687
1760534803.124,5986
1760534803.225729,5701
1760534803.327456,6478
1760534803.429205,6181
1760534803.532907,5959
1760534803.633636,6373
1760534803.735365,6232
1760534803.837092,6487
1760534803.937823,6691
1760534804.038554,6552
1760534804.139285,5887
1760534804.341743,6184
1760534804.443042,6683
1760534804.543776,5936
1760534804.645502,6556
1760534804.748231,6743
1760534804.850953,6814
1760534804.958666,6220
1760534805.059396,6810
1760534805.160127,6432
1760534805.262144,6567
1760534805.362875,6055
1760534805.463605,6869
1760534805.564335,6661
1760534805.766795,6393
1760534805.766795,6393
1760534805.869521,6755
1760534806.072979,6841
1760534806.17371,5956
1760534806.27444,6323
1760534806.37517,6403
1760534806.475901,6998
1760534806.576632,6909
1760534806.67836,7234
1760534806.780088,6234
1760534806.88082,6164
1760534806.983544,6201
1760534807.085272,6124
1760534807.187998,6541
1760534807.392609,6383
1760534807.493339,7078
1760534807.59407,6780
1760534807.6948,6760
1760534807.795531,7008
1760534807.897258,6556
1760534807.999984,6310
1760534808.100714,6591
1760534808.201473,6272
1760534808.303173,6725
1760534808.403903,6532
1760534808.505633,6310
1760534808.60736,6655
1760534808.810816,6694
1760534808.912053,6519
1760534809.013784,6723
1760534809.115018,6331
1760534809.21575,6542
1760534809.317722,6982
1760534809.419419,6322
1760534809.521147,6389
1760534809.622875,6340
1760534809.723606,6621
1760534809.825333,6586
1760534810.027792,6293
1760534810.129519,7156
1760534810.232245,6531
1760534810.333972,6311
1760534810.435701,6320
1760534810.536943,6607
1760534810.639187,6016
1760534810.73992,6958
1760534810.841647,6684
1760534810.942377,6423
1760534811.043611,6499
1760534811.144343,6740
1760534811.245074,6313
1760534811.346803,6812
1760534811.448531,6596
1760534811.651986,6045
1760534811.752716,5688
1760534811.853954,6331
1760534811.954683,6105
1760534812.055414,6542
1760534812.156144,6691
1760534812.256876,6432
1760534812.358113,6460
1760534812.458844,6889
1760534812.559575,6373
1760534812.660306,6293
1760534812.864759,6755
1760534812.965489,6721
1760534813.066219,6512
1760534813.16695,6333
1760534813.268193,6538
1760534813.368923,6363
1760534813.470651,6909
1760534813.572379,6222
1760534813.67311,6512
1760534813.77484,6271
1760534813.875571,6492
1760534813.976317,6303
1760534814.07803,6685
1760534814.282001,6400
1760534814.382731,6155
1760534814.483463,6284
1760534814.584697,6104
1760534814.685428,6601
1760534814.786158,6323
1760534814.886889,6363
1760534814.98762,6591
1760534815.088883,6063
1760534815.190611,6999
1760534815.291342,6502
1760534815.492803,6403
1760534815.593534,6105
1760534815.695261,6065
1760534815.79699,6284
1760534815.89772,5748
1760534815.99845,5936
1760534816.099182,6224
1760534816.199913,6740
1760534816.300642,6621
1760534816.401373,6502
1760534816.502103,6045
1760534816.602835,6780
1760534816.705559,6123
1760534816.909528,5788
1760534817.011255,6153
1760534817.111986,6552
1760534817.212716,6442
1760534817.313446,6085
1760534817.416172,5801
1760534817.517901,6310
1760534817.618631,6661
1760534817.719361,6929
1760534817.820098,5966
1760534817.920827,6313
1760534818.021559,6472
1760534818.123286,6222
1760534818.328252,6710
1760534818.428983,5767
1760534818.529713,6264
1760534818.630446,5996
1760534818.731659,6441
1760534818.832389,6115
1760534818.933119,6472
1760534819.03385,6452
1760534819.135085,6460
1760534819.236814,6192
1760534819.439272,6274
1760534819.439272,6274
1760534819.54499,6555
1760534819.747448,6184
1760534819.848178,6760
1760534819.949906,6969
1760534820.050637,6552
1760534820.151367,6849
1760534820.252098,6413
1760534820.35981,6214
1760534820.465528,6254
1760534820.570756,6485
1760534820.672483,6674
1760534820.773214,6621
1760534820.873945,6651
1760534820.978175,6596
1760534821.079903,6114
1760534821.283358,6621
1760534821.38409,6353
1760534821.484877,6816
1760534821.585608,6432
1760534821.686339,6085
1760534821.787069,6462
1760534821.888306,6390
1760534821.989036,6125
1760534822.089767,6562
1760534822.190497,5698
1760534822.293223,6259
1760534822.395506,6785
1760534822.497233,6645
1760534822.700689,6135
1760534822.80142,6164
1760534822.90215,6532
1760534823.002881,6581
1760534823.104116,6806
1760534823.204845,6184
1760534823.305576,5936
1760534823.406584,6534
1760534823.507316,5976
1760534823.608046,6572
1760534823.709783,6339
1760534823.813496,6379
1760534823.914229,6700
1760534824.116685,6448
1760534824.217417,6006
1760534824.318156,6233
1760534824.419879,6429
1760534824.521608,6055
1760534824.623335,6134
1760534824.724073,6670
1760534824.825799,6714
1760534824.927527,5839
1760534825.028257,6234
1760534825.233394,6694
1760534825.334125,6631
1760534825.434855,6413
1760534825.540574,6318
1760534825.641808,6381
1760534825.74254,6035
1760534825.843271,6343
1760534825.944003,6651
1760534826.045243,6351
1760534826.145975,6780
1760534826.246704,6323
1760534826.354418,6806
1760534826.457141,5918
1760534826.6596,6635
1760534826.761329,6192
1760534826.863056,6832
1760534826.963787,6462
1760534827.065516,6930
1760534827.166245,6135
1760534827.266975,6562
1760534827.367706,6671
1760534827.468436,6810
1760534827.569171,6452
1760534827.771641,6164
1760534827.771641,6164
1760534827.874352,6299
1760534828.078804,6143
1760534828.179535,6085
1760534828.280266,6671
1760534828.381996,6264
1760534828.482724,6810
1760534828.583454,6343
1760534828.68465,6067
1760534828.785925,6477
1760534828.886869,6468
1760534828.987599,5906
1760534829.189068,5747
1760534829.189068,5747
1760534829.391527,6005
1760534829.493246,6124
1760534829.594367,6111
1760534829.695098,6591
1760534829.796825,6733
1760534829.897557,6720
1760534830.001863,6265
1760534830.103564,6155
1760534830.204294,6542
1760534830.305024,6294
1760534830.408747,5681
1760534830.612132,6428
1760534830.612132,6428
1760534830.815589,6310
1760534830.917315,6163
1760534831.021039,6327
1760534831.122766,6153
1760534831.227488,6093
1760534831.328217,5787
1760534831.429232,5494
1760534831.530959,5809
1760534831.632207,6330
1760534831.732937,6621
1760534831.833668,6313
1760534831.934398,6542
1760534832.04211,6233
1760534832.14284,6135
1760534832.345619,5096
1760534832.447346,6389
1760534832.548076,6323
1760534832.648807,6661
1760534832.749537,5946
1760534832.850268,5787
1760534832.951995,6330
1760534833.053725,6497
1760534833.155451,5996
1760534833.256371,6430
1760534833.357104,6700
1760534833.458832,6204
1760534833.561558,6629
1760534833.764015,6242
1760534833.864746,6780
1760534833.965477,6691
1760534834.066209,6125
1760534834.167653,6092
1760534834.268384,6482
1760534834.371109,5947
1760534834.47184,6522
1760534834.572536,5958
1760534834.674266,6468
1760534834.876724,6442
1760534834.978451,6497
1760534835.079182,5827
1760534835.18091,6428
1760534835.281641,5976
1760534835.383369,6065
1760534835.489086,1730
1760534835.591812,1732
1760534835.694537,2122
1760534835.795266,2471
1760534835.895997,3633
1760534835.996727,4556
1760534836.097459,5708
1760534836.298921,5986
1760534836.298921,5986
1760534836.401645,6596
1760534836.605101,5976
1760534836.705831,6651
1760534836.806562,6105
1760534836.907804,6518
1760534837.008535,6581
1760534837.111261,6763
1760534837.211991,6155
1760534837.312722,6284
1760534837.414449,6134
1760534837.517174,6911
1760534837.618902,6753
1760534837.721628,6340
1760534837.823192,6075
1760534838.028834,5694
1760534838.129565,6611
1760534838.230295,6373
1760534838.331027,5787
1760534838.431756,6006
1760534838.532486,6562
1760534838.633218,6283
1760534838.73694,6113
1760534838.838668,6016
1760534838.939399,6869
1760534839.144363,6143
1760534839.144363,6143
1760534839.247089,6192
1760534839.450545,6438
1760534839.551276,6522
1760534839.652005,6105
1760534839.752736,6512
1760534839.853469,6293
1760534839.955196,6350
1760534840.055926,6135
1760534840.156656,5956
1760534840.257387,6323
1760534840.358118,6433
1760534840.559502,6929
1760534840.661565,6251
1760534840.763288,6675
1760534840.865037,6683
1760534840.966744,6449
1760534841.067475,5787
1760534841.1702,6804
1760534841.271927,6940
1760534841.374616,6670
1760534841.475347,6393
1760534841.577076,6244
1760534841.678802,6311
1760534841.779533,6740
1760534841.880761,6075
1760534842.083216,6075
1760534842.185942,6385
1760534842.286674,6353
1760534842.3884,6114
1760534842.490128,6497
1760534842.590859,6254
1760534842.692587,6694
1760534842.793318,6442
1760534842.898037,6044
1760534842.999765,6251
1760534843.101493,6035
1760534843.20221,6691
1760534843.302941,6423
1760534843.404669,6881
1760534843.607149,6407
1760534843.708855,7069
1760534843.809586,6323
1760534843.910317,6045
1760534844.012044,6704
1760534844.113772,6694
1760534844.215501,6016
1760534844.316231,6214
1760534844.417902,6913
1760534844.518632,6552
1760534844.62036,5986
1760534844.829573,5912
1760534844.829573,5912
1760534844.932299,6064
1760534845.135302,6889
1760534845.237029,6458
1760534845.338758,6419
1760534845.439488,6849
1760534845.54022,6830
1760534845.640949,6502
1760534845.74168,6770
1760534845.842411,6611
1760534845.944748,6371
1760534846.052459,6795
1760534846.256913,6360
1760534846.256913,6360
1760534846.357643,6611
1760534846.560015,6109
1760534846.661744,5721
1760534846.762501,6351
1760534846.863205,6186
1760534846.964443,6924
1760534847.065172,6740
1760534847.166899,6084
1760534847.269625,6677
1760534847.370356,6442
1760534847.471086,6542
1760534847.571817,5738
1760534847.67554,6694
1760534847.776898,6116
1760534847.978359,5916
1760534848.079089,6155
1760534848.180817,6393
1760534848.281548,6204
1760534848.382786,6953
1760534848.484514,6261
1760534848.585244,6165
1760534848.687969,6655
1760534848.788701,6700
1760534848.889431,6730
1760534849.092887,6694
1760534849.194615,6458
1760534849.296342,6861
1760534849.39807,6212
1760534849.498801,6095
1760534849.60005,6113
1760534849.703768,6777
1760534849.804877,6221
1760534849.905582,5938
1760534850.006328,5846
1760534850.107758,6378
1760534850.209027,6862
1760534850.309755,6532
1760534850.516294,6601
1760534850.618021,6389
1760534850.721751,6256
1760534850.825467,6843
1760534850.926574,6606
1760534851.029299,6415
1760534851.132025,6173
1760534851.232754,5976
1760534851.333498,6372
1760534851.434217,6423
1760534851.536454,7230
1760534851.638179,5495
1760534851.740905,5671
1760534851.843598,6008
1760534852.047076,5955
1760534852.147785,6235
1760534852.248516,6969
1760534852.349416,6223
1760534852.450148,7147
1760534852.550879,6393
1760534852.652607,6586
1760534852.753337,6214
1760534852.855065,6271
1760534852.956794,6556
1760534853.159252,6681
1760534853.159252,6681
1760534853.366851,6512
1760534853.469578,6210
1760534853.570307,6234
1760534853.671038,6303
1760534853.773763,6387
1760534853.874494,6621
1760534853.975225,6353
1760534854.075954,6035
1760534854.176686,6641
1760534854.278413,6035
1760534854.380142,6045
1760534854.5826,6333
1760534854.5826,6333
1760534854.786056,5898
1760534854.887783,5957
1760534854.988515,6224
1760534855.090242,6605
1760534855.190973,6522
1760534855.292463,6365
1760534855.393486,6760
1760534855.494654,6444
1760534855.595385,6730
1760534855.696115,5658
1760534855.796846,6303
1760534855.897577,6025
1760534855.998308,5936
1760534856.103027,6369
1760534856.306483,6016
1760534856.407213,6462
1760534856.507946,5847
1760534856.608676,5936
1760534856.709405,6234
1760534856.810136,6194
1760534856.910868,6403
1760534857.012622,6132
1760534857.113325,5968
1760534857.215057,5787
1760534857.4172,5985
1760534857.517931,6452
1760534857.618662,6164
1760534857.719393,6383
1760534857.82015,6074
1760534857.921872,6557
1760534858.022581,6285
1760534858.123312,6125
1760534858.224044,6323
1760534858.325771,6438
1760534858.426529,6560
1760534858.628475,5896
1760534858.729158,6207
1760534858.831884,5868
1760534858.932614,6601
1760534859.033344,6651
1760534859.134643,6150
1760534859.235373,6433
1760534859.336103,6095
1760534859.437831,6635
1760534859.538562,6363
1760534859.639293,6442
1760534859.740023,5748
1760534859.9423,6096
1760534860.044034,5750
1760534860.145272,6509
1760534860.246551,5795
1760534860.347287,6293
1760534860.450014,6093
1760534860.551274,6083
1760534860.652035,6639
1760534860.752765,6631
1760534860.853474,6563
1760534860.955197,6665
1760534861.056545,6522
1760534861.159271,5879
1760534861.36173,5628
1760534861.46246,5916
1760534861.563191,6115
1760534861.66443,5887
1760534861.765192,6182
1760534861.866397,6323
1760534861.967128,6174
1760534862.068367,6420
1760534862.170094,6124
1760534862.27133,6213
1760534862.372061,6452
1760534862.575029,6478
1760534862.676265,6756
1760534862.777994,5996
1760534862.879721,6429
1760534862.980452,6214
1760534863.081183,6035
1760534863.181913,6184
1760534863.283644,6182
1760534863.384375,6135
1760534863.485106,6403
1760534863.585836,6889
1760534863.687564,6114
1760534863.788298,5916
1760534863.989755,6820
1760534864.090487,6522
1760534864.191424,5676
1760534864.292462,6373
1760534864.393192,6363
1760534864.494744,5918
1760534864.596446,6037
1760534864.697688,6074
1760534864.798419,6333
1760534864.899176,6629
1760534865.000878,6305
1760534865.102115,6341
1760534865.203844,6458
1760534865.405304,6224
1760534865.506088,6489
1760534865.607325,6361
1760534865.708057,6532
1760534865.808787,6174
1760534865.909519,6542
1760534866.010249,6363
1760534866.11098,5708
1760534866.211711,6125
1760534866.416164,6346
1760534866.416164,6346
1760534866.517892,6134
1760534866.725341,6191
1760534866.829059,6103
1760534866.930787,6556
1760534867.031517,6492
1760534867.132248,6661
1760534867.232978,6075
1760534867.33371,6065
1760534867.434949,6578
1760534867.536187,5748
1760534867.637938,6624
1760534867.738646,6523
1760534867.840374,6989
1760534867.941105,6820
1760534868.041835,6770
1760534868.244294,6830
1760534868.345025,6452
1760534868.445786,6063
1760534868.546485,6454
1760534868.647217,6571
1760534868.747946,6224
1760534868.849349,6055
1760534868.951077,6487
1760534869.055805,6588
1760534869.158521,7048
1760534869.262244,6765
1760534869.362975,7048
1760534869.467695,6808
1760534869.671664,6546
1760534869.772394,6492
1760534869.873125,6313
1760534869.974037,6748
1760534870.075769,6104
1760534870.1765,6095
1760534870.277231,6552
1760534870.377961,6244
1760534870.479198,5561
1760534870.579927,6105
1760534870.681656,6635
1760534870.885113,6601
1760534870.98684,7009
1760534871.088568,6448
1760534871.190295,6664
1760534871.292024,6782
1760534871.393283,7228
1760534871.493988,6494
1760534871.594717,6313
1760534871.695448,6214
1760534871.796179,6681
1760534871.89691,6075
1760534871.998638,6605
1760534872.201623,6949
1760534872.302355,6899
1760534872.403591,6173
1760534872.504323,6432
1760534872.60605,6605
1760534872.706781,5708
1760534872.808021,6252
1760534872.908753,6303
1760534873.009988,6608
1760534873.111207,6550
1760534873.211937,6552
1760534873.313665,6153
1760534873.518118,6859
1760534873.618849,6909
1760534873.721574,6697
1760534873.823302,6615
1760534873.924032,6194
1760534874.024763,6462
1760534874.125493,6889
1760534874.226529,6532
1760534874.327259,6244
1760534874.42799,6333
1760534874.529727,6438
1760534874.630468,6412
1760534874.732191,6691
1760534874.934649,6174
1760534875.035379,4993
1760534875.137101,4984
1760534875.237831,6532
1760534875.338562,6889
1760534875.44029,7038
1760534875.541526,6884
1760534875.642257,6770
1760534875.742987,6403
1760534875.843718,6065
1760534875.944451,6412
1760534876.046521,6515
1760534876.249476,6251
1760534876.351504,6870
1760534876.452236,5688
1760534876.553471,5255
1760534876.654202,5718
1760534876.755541,6463
1760534876.856276,6750
1760534876.957013,6631
1760534877.058741,6674
1760534877.159502,6530
1760534877.260306,6100
1760534877.462763,7217
1760534877.563494,6492
1760534877.664226,6621
1760534877.765953,6458
1760534877.87167,6417
1760534877.9724,6482
1760534878.073908,7230
1760534878.174641,6383
1760534878.275397,6153
1760534878.376099,6524
1760534878.47683,6899
1760534878.577561,6840
1760534878.680286,6853
1760534878.884767,6024
1760534878.98547,6623
1760534879.086228,6500
1760534879.186931,7030
1760534879.288662,6658
1760534879.38939,6492
1760534879.490121,6512
1760534879.590819,6911
1760534879.69155,6869
1760534879.793277,6566
1760534879.894041,6778
1760534879.994738,6256
1760534880.196737,6764
1760534880.196737,6764
1760534880.40116,6733
1760534880.501891,6720
1760534880.602655,6321
1760534880.704381,6330
1760534880.805112,7296
1760534880.906265,5872
1760534881.006997,6293
1760534881.107729,6522
1760534881.208464,6948
1760534881.309192,7277
1760534881.409927,6174
1760534881.511163,6539
1760534881.714618,6124
1760534881.815348,6323
1760534881.916586,6203
1760534882.017316,6552
1760534882.118046,6661
1760534882.218777,6611
1760534882.320054,7227
1760534882.42177,7039
1760534882.522499,6820
1760534882.62323,5380
1760534882.72419,5517
1760534882.830908,6268
1760534882.932635,6851
1760534883.136118,7085
1760534883.236849,6413
1760534883.337552,6355
1760534883.438283,6293
1760534883.539013,6373
1760534883.639773,6381
1760534883.740474,6434
1760534883.841205,6433
1760534883.941936,6869
1760534884.042666,6284
1760534884.143397,6363
1760534884.245148,6496
1760534884.447527,6545
1760534884.548257,6135
1760534884.64925,6376
1760534884.74998,6224
1760534884.850712,6800
1760534884.951441,6760
1760534885.052172,6820
1760534885.152902,6472
1760534885.253634,6671
1760534885.355062,6329
1760534885.456791,6419
1760534885.660247,6035
1760534885.761006,6500
1760534885.861708,6146
1760534885.962465,6451
1760534886.063169,6385
1760534886.164497,6918
1760534886.265228,7068
1760534886.368952,6723
1760534886.469681,7108
1760534886.570412,6184
1760534886.685106,6341
1760534886.786834,6654
1760534886.888332,6157
1760534886.989063,6710
1760534887.190524,6184
1760534887.291258,6095
1760534887.392497,6301
1760534887.493432,5884
1760534887.594163,6879
1760534887.694866,6524
1760534887.795596,6899
1760534887.897325,6183
1760534887.998505,6315
1760534888.099253,6352
1760534888.199988,6541
1760534888.303714,6150
1760534888.509164,6713
1760534888.609894,6780
1760534888.710625,6740
1760534888.811377,6649
1760534888.912086,7169
1760534889.012816,6542
1760534889.113547,7286
1760534889.215275,6694
1760534889.316005,6462
1760534889.416736,7028
1760534889.517467,6710
1760534889.620192,6366
1760534889.722917,6415
1760534889.927371,6576
1760534890.028101,6184
1760534890.128847,6094
1760534890.23108,5878
1760534890.331811,5896
1760534890.432541,5827
1760534890.53427,6625
1760534890.634999,6671
1760534890.73573,6462
1760534890.83646,6254
1760534891.03892,6581
1760534891.03892,6581
1760534891.140649,7018
1760534891.344104,6635
1760534891.445832,6183
1760534891.546503,6248
1760534891.64823,6202
1760534891.749961,6035
1760534891.850695,6333
1760534891.951426,6393
1760534892.052184,6778
1760534892.152912,7009
1760534892.253651,6760
1760534892.355121,6750
1760534892.457847,6132
1760534892.660305,6522
1760534892.762033,7195
1760534892.870742,6466
1760534892.972498,6181
1760534893.073986,6414
1760534893.174737,6193
1760534893.275446,6513
1760534893.376177,6899
1760534893.476908,6393
1760534893.577638,6631
1760534893.678368,7008
1760534893.779126,6044
1760534893.880831,6361
1760534893.983553,6678
1760534894.185014,6155
1760534894.285745,6988
1760534894.387472,6517
1760534894.488203,6244
1760534894.588933,6313
1760534894.689574,6746
1760534894.791303,6065
1760534894.892032,6254
1760534894.99376,6782
1760534895.095488,6310
1760534895.297947,6095
1760534895.297947,6095
1760534895.40167,6074
1760534895.604128,6462
1760534895.705391,6744
1760534895.80659,6541
1760534895.908059,7056
1760534896.00879,6631
1760534896.110518,6684
1760534896.211749,6658
1760534896.312477,6502
1760534896.413208,6353
1760534896.514936,6576
1760534896.717395,6691
1760534896.717395,6691
1760534896.921847,6249
1760534897.022578,6661
1760534897.124306,6909
1760534897.225037,6601
1760534897.326765,5937
1760534897.42949,6376
1760534897.531219,7008
1760534897.63195,6383
1760534897.733677,6095
1760534897.834407,6373
1760534898.039857,6507
1760534898.140588,6105
1760534898.241509,6292
1760534898.343236,6605
1760534898.443967,6879
1760534898.546693,6940
1760534898.651916,6300
1760534898.752647,6502
1760534898.853884,6588
1760534898.954614,6979
1760534899.056342,6281
1760534899.157073,6373
1760534899.2588,5563
1760534899.360529,5898
1760534899.562499,6889
1760534899.66323,6849
1760534899.763959,6830
1760534899.86469,6323
1760534899.965421,6284
1760534900.066282,5819
1760534900.167046,6272
1760534900.267747,6117
1760534900.368478,6542
1760534900.469208,6363
1760534900.569939,6899
1760534900.670697,6530
1760534900.872132,6959
1760534900.973102,6784
1760534901.074803,6047
1760534901.17653,6478
1760534901.277261,6145
1760534901.377992,6025
1760534901.478751,6153
1760534901.579453,5908
1760534901.680184,6472
1760534901.780914,6006
1760534901.881732,6734
1760534901.98246,6631
1760534902.185916,6556
1760534902.287666,6348
1760534902.388375,6196
1760534902.490102,6517
1760534902.590833,6681
1760534902.691487,6467
1760534902.79233,6614
1760534902.893061,6581
1760534902.993791,6840
1760534903.196286,6420
1760534903.298043,6594
1760534903.398744,6871
1760534903.499474,6611
1760534903.600205,6214
1760534903.701447,6440
1760534903.802178,6651
1760534903.902908,6800
1760534904.003638,5886
1760534904.10437,6492
1760534904.205135,6351
1760534904.306613,6572
1760534904.413328,6426
1760534904.515056,6576
1760534904.72005,6502
1760534904.820783,5678
1760534904.92154,6788
1760534905.022269,6691
1760534905.122994,6552
1760534905.223703,6752
1760534905.325431,6114
1760534905.42716,6635
1760534905.527889,6254
1760534905.62862,6423
1760534905.730011,6381
1760534905.831433,6783
1760534906.034898,6751
1760534906.136354,6455
1760534906.237084,6621
1760534906.337815,6879
1760534906.438545,6174
1760534906.539277,6889
1760534906.640007,6274
1760534906.741735,6183
1760534906.842269,6346
1760534906.943,6035
1760534907.044728,6438
1760534907.145459,6194
1760534907.348918,5827
1760534907.450649,6241
1760534907.552376,6802
1760534907.653107,6820
1760534907.753838,6730
1760534907.854584,6451
1760534907.955315,6810
1760534908.05658,6468
1760534908.157309,6165
1760534908.25833,6761
1760534908.359061,6234
1760534908.459791,7028
1760534908.564511,6517
1760534908.766969,6651
1760534908.8677,6264
1760534908.96843,6452
1760534909.069163,5946
1760534909.169893,6859
1760534909.270622,6830
1760534909.371353,6591
1760534909.472083,6770
1760534909.572816,6591
1760534909.674542,6507
1760534909.775272,6482
1760534909.877999,6371
1760534909.978729,6194
1760534910.182189,6183
1760534910.282919,6423
1760534910.383682,6569
1760534910.484407,6582
1760534910.585138,6691
1760534910.685869,6830
1760534910.787009,6426
1760534910.888759,6516
1760534910.989489,6184
1760534911.090364,6364
1760534911.191123,6470
1760534911.394329,6573
1760534911.496089,6485
1760534911.596815,6274
1760534911.697513,6802
1760534911.798244,6204
1760534911.900012,6740
1760534912.000742,6810
1760534912.102471,6143
1760534912.203204,6274
1760534912.305059,6460
1760534912.408783,6739
1760534912.509513,6333
1760534912.710974,6135
1760534912.81287,6536
1760534912.913601,6452
1760534913.014758,6692
1760534913.115488,6432
1760534913.21624,6838
1760534913.316955,5848
1760534913.418683,6193
1760534913.519414,5847
1760534913.621142,6625
1760534913.721873,7038
1760534913.826538,6592
1760534913.927268,6065
1760534914.129291,5943
1760534914.231018,6045
1760534914.332263,6558
1760534914.432994,7038
1760534914.533756,6421
1760534914.634513,6570
1760534914.735246,6522
1760534914.836482,6410
1760534914.937212,6343
1760534915.039937,6210
1760534915.140667,5410
1760534915.241399,6145
1760534915.344123,6463
1760534915.549585,6605
1760534915.650316,5877
1760534915.751047,6433
1760534915.851778,6611
1760534915.953473,6981
1760534916.054204,6333
1760534916.154934,6442
1760534916.255666,7316
1760534916.359395,6873
1760534916.464142,6482
1760534916.56503,6373
1760534916.666266,6657
1760534916.770986,6312
1760534916.972446,6810
1760534917.073177,7078
1760534917.173907,6006
1760534917.274638,6581
1760534917.375369,6790
1760534917.4761,6671
1760534917.577828,6281
1760534917.679554,6242
1760534917.780286,6353
1760534917.881018,6293
1760534917.981747,6016
1760534918.082478,6184
1760534918.29392,5581
1760534918.29392,5581
1760534918.500367,6278
1760534918.602095,6212
1760534918.703823,6291
1760534918.805551,6537
1760534918.908117,6734
1760534919.008849,6075
1760534919.109578,6313
1760534919.211306,6890
1760534919.313035,6720
1760534919.413765,6482
1760534919.515493,6522
1760534919.617221,6949
1760534919.718949,6184
1760534919.924399,6277
1760534920.026127,6399
1760534920.126885,6401
1760534920.227589,5888
1760534920.333306,6886
1760534920.435033,6497
1760534920.536142,6052
1760534920.636873,6164
1760534920.737603,6234
1760534920.838334,6512
1760534920.940061,5976
1760534921.143622,6765
1760534921.245351,6562
1760534921.346082,6234
1760534921.448279,6389
1760534921.550762,6424
1760534921.651492,6294
1760534921.752223,6085
1760534921.852953,5996
1760534921.954682,6635
1760534922.056409,6763
1760534922.157141,6542
1760534922.258895,6564
1760534922.460329,6542
1760534922.563044,6567
1760534922.663807,6540
1760534922.766501,5930
1760534922.869225,6230
1760534922.972456,6422
1760534923.074184,6389
1760534923.174914,6482
1760534923.275646,6313
1760534923.376376,6532
1760534923.478104,5622
1760534923.581826,6192
1760534923.683554,6704
1760534923.789273,6273
1760534923.890003,6214
1760534924.091464,6254
1760534924.195187,6334
1760534924.296914,6311
1760534924.39768,6450
1760534924.498375,6425
1760534924.599108,6839
1760534924.699837,6244
1760534924.800567,6571
1760534924.902296,6615
1760534925.003026,6224
1760534925.204735,6365
1760534925.204735,6365
1760534925.406711,6357
1760534925.508143,5954
1760534925.613272,6491
1760534925.714002,6433
1760534925.814938,6736
1760534925.915669,6452
1760534926.018403,6064
1760534926.119133,6105
1760534926.220046,6233
1760534926.321026,6248
1760534926.421729,6136
1760534926.523458,6006
1760534926.725082,5609
1760534926.826777,6067
1760534926.927508,6393
1760534927.02871,6650
1760534927.12944,6204
1760534927.230467,6028
1760534927.331198,6244
1760534927.432925,7048
1760534927.533656,6482
1760534927.634492,5801
1760534927.735196,6534
1760534927.836124,6242
1760534927.937852,6361
1760534928.139421,6343
1760534928.240246,6585
1760534928.340994,6759
1760534928.441723,6472
1760534928.543451,6163
1760534928.645178,6232
1760534928.74591,6571
1760534928.84664,6790
1760534928.947881,6104
1760534929.048611,6105
1760534929.149342,6294
1760534929.250073,6542
1760534929.455525,6054
1760534929.556282,6232
1760534929.656984,6434
1760534929.757745,6570
1760534929.858446,6454
1760534929.959343,6372
1760534930.060072,6512
1760534930.1614,6592
1760534930.263131,6192
1760534930.363902,6132
1760534930.464632,6303
1760534930.666007,5878
1760534930.7674,6114
1760534930.868131,6393
1760534930.968861,6224
1760534931.070035,7106
1760534931.171363,6770
1760534931.273063,6583
1760534931.373792,6284
1760534931.474524,6293
1760534931.57625,6222
1760534931.676981,6452
1760534931.777739,6858
1760534931.878443,6514
1760534932.081915,6654
1760534932.183642,5848
1760534932.284373,6730
1760534932.385367,6337
1760534932.486098,6601
1760534932.588126,6684
1760534932.688885,6391
1760534932.789685,6418
1760534932.890996,3405
1760534932.992337,3631
1760534933.093068,4904
1760534933.194497,5777
1760534933.397324,6448
1760534933.498054,6303
1760534933.598786,6532
1760534933.700514,6890
1760534933.801244,6949
1760534933.901973,6274
1760534934.002704,6522
1760534934.10394,6262
1760534934.204671,6522
1760534934.305812,6446
1760534934.406986,6246
1760534934.507721,6760
1760534934.60842,6722
1760534934.809882,3851
1760534934.910612,6333
1760534935.01234,6546
1760534935.113071,7078
1760534935.213805,5906
1760534935.314536,6452
1760534935.415267,6472
1760534935.516995,5896
1760534935.617748,6550
1760534935.71948,6399
1760534935.820214,6780
1760534935.923907,6308
1760534936.125879,6578
1760534936.22661,6075
1760534936.32734,5827
1760534936.429069,6360
1760534936.530796,6566
1760534936.632525,6389
1760534936.733255,6790
1760534936.833986,6353
1760534936.934716,6770
1760534937.038995,6873
1760534937.139724,6095
1760534937.240455,6869
1760534937.442914,6360
1760534937.544642,6094
1760534937.645372,6174
1760534937.746103,6988
1760534937.846955,6474
1760534937.947686,6284
1760534938.048926,6469
1760534938.149656,6859
1760534938.250387,6164
1760534938.351118,6373
1760534938.453445,7133
1760534938.556198,6598
1760534938.658191,6657
1760534938.860682,6652
1760534938.961412,6353
1760534939.062115,6404
1760534939.162848,6403
1760534939.264201,6117
1760534939.364904,5799
1760534939.466175,6161
1760534939.566921,6015
1760534939.667621,6256
1760534939.768355,6770
1760534939.871082,6541
1760534939.973811,6901
1760534940.178263,6532
1760534940.279144,6324
1760534940.379874,6532
1760534940.48097,6142
1760534940.582698,6291
1760534940.683291,5964
1760534940.784021,6552
1760534940.884678,6358
1760534940.986407,6153
1760534941.087603,5642
1760534941.189484,6193
1760534941.290722,5946
1760534941.494812,6555
1760534941.494812,6555
1760534941.702795,6157
1760534941.803587,7153
1760534941.904635,5670
1760534942.005895,6152
1760534942.109621,6122
1760534942.211349,6448
1760534942.312808,6440
1760534942.415537,6191
1760534942.516614,6262
1760534942.618342,6681
1760534942.719073,6284
1760534942.925521,5967
1760534942.925521,5967
1760534943.027248,6350
1760534943.231658,6609
1760534943.332389,6323
1760534943.434247,6607
1760534943.534978,6224
1760534943.636033,5759
1760534943.736949,5459
1760534943.838678,6271
1760534943.940168,6453
1760534944.043449,6254
1760534944.146174,6399
1760534944.246904,5827
1760534944.347636,6164
1760534944.551092,6065
1760534944.65282,6163
1760534944.754501,6125
1760534944.855234,5906
1760534944.955966,6353
1760534945.057693,6389
1760534945.15942,6861
1760534945.260151,5946
1760534945.362075,6288
1760534945.463801,6537
1760534945.564532,6343
1760534945.76699,6532
1760534945.76699,6532
1760534945.968526,6338
1760534946.070254,6094
1760534946.170985,6562
1760534946.272223,6361
1760534946.372954,6363
1760534946.474319,6106
1760534946.57605,6412
1760534946.67678,6492
1760534946.781927,5839
1760534946.882658,6701
1760534946.984386,6104
1760534947.188348,6403
1760534947.290076,6704
1760534947.391804,6242
1760534947.493531,6261
1760534947.59526,5976
1760534947.696987,5662
1760534947.798718,6114
1760534947.899446,5787
1760534948.000254,5594
1760534948.101982,6320
1760534948.205312,6058
1760534948.307039,6438
1760534948.40806,6434
1760534948.610456,6126
1760534948.71322,6023
1760534948.71322,6023
1760534948.919669,6202
1760534949.02044,6341
1760534949.122167,5534
1760534949.222897,6462
1760534949.323655,6322
1760534949.427827,5666
1760534949.52853,5908
1760534949.63126,6094
1760534949.731986,6056
1760534949.832717,5886
1760534949.933839,6150
1760534950.036219,5997
1760534950.137973,5906
1760534950.344405,6760
1760534950.445429,6839
1760534950.546159,5827
1760534950.647887,6222
1760534950.748618,6313
1760534950.84922,6898
1760534950.950978,5994
1760534951.051708,6800
1760534951.152436,6145
1760534951.254137,6322
1760534951.4571,6506
1760534951.4571,6506
1760534951.558827,6035
1760534951.769292,6102
1760534951.869995,6643
1760534951.970725,6224
1760534952.071457,6512
1760534952.172209,6123
1760534952.272945,6303
1760534952.373669,6532
1760534952.474317,6388
1760534952.57605,5838
1760534952.677406,6353
1760534952.882986,6409
1760534952.882986,6409
1760534953.086431,6165
1760534953.188159,6192
1760534953.289887,6214
1760534953.394608,6016
1760534953.495337,6244
1760534953.596095,6073
1760534953.696826,6065
1760534953.797556,6611
1760534953.898287,5986
1760534953.99899,6335
1760534954.100885,6104
1760534954.303592,6159
1760534954.40532,6546
1760534954.509042,6658
1760534954.609773,5618
1760534954.711331,6163
1760534954.813033,6106
1760534954.913763,6174
1760534955.015491,6232
1760534955.116221,6214
1760534955.217949,6192
1760534955.318681,6452
1760534955.420408,6261
1760534955.522136,6552
1760534955.625464,6532
1760534955.828918,6301
1760534955.929649,6313
1760534956.030379,6730
1760534956.131111,5837
1760534956.231841,5777
1760534956.333873,5821
1760534956.434604,6939
1760534956.535249,6160
1760534956.636947,6155
1760534956.73943,6371
1760534956.84016,6413
1760534956.940905,6213
1760534957.042117,6185
1760534957.24632,6340
1760534957.348104,6634
1760534957.449834,6477
1760534957.550596,6321
1760534957.651323,5599
1760534957.752383,6313
1760534957.853114,6423
1760534957.954403,6111
1760534958.055135,6681
1760534958.15593,6071
1760534958.256628,6325
1760534958.357359,6224
1760534958.560814,6383
1760534958.661547,6015
1760534958.763273,5809
1760534958.864004,5807
1760534958.96496,6200
1760534959.065691,6671
1760534959.16742,5956
1760534959.270144,6379
1760534959.371873,6261
1760534959.472603,7276
1760534959.573335,6641
1760534959.679051,6432
1760534959.884503,6084
1760534959.996203,5953
1760534960.104913,6649
1760534960.104913,6649
1760534960.310883,6369
1760534960.415604,6760
1760534960.522327,5940
1760534960.623564,6707
1760534960.724297,6343
1760534960.825606,6327
1760534960.926336,6254
1760534961.027244,6342
1760534961.127974,6840
1760534961.228736,6609
1760534961.329435,6385
1760534961.430539,5865
1760534961.531271,6006
1760534961.733727,6075
1760534961.835239,6225
1760534961.935926,6386
1760534962.037166,6153
1760534962.140893,6603
1760534962.241791,6551
1760534962.34249,6901
1760534962.444371,6680
1760534962.545101,6502
1760534962.645832,7385
1760534962.746562,6681
1760534962.952622,6556
1760534962.952622,6556
1760534963.157074,4335
1760534963.257805,5837
1760534963.358858,6244
1760534963.459582,6135
1760534963.561309,6301
1760534963.662041,6254
1760534963.763768,6605
1760534963.864526,6669
1760534963.96523,6762
1760534964.069951,6629
1760534964.272286,6227
1760534964.272286,6227
1760534964.374015,6232
1760534964.57747,6684
1760534964.679197,6458
1760534964.779928,6710
1760534964.881304,6618
1760534964.982037,7167
1760534965.082768,6393
1760534965.183498,6641
1760534965.284231,6968
1760534965.386981,6744
1760534965.487712,6522
1760534965.689665,6545
1760534965.689665,6545
1760534965.893099,6115
1760534965.994826,6773
1760534966.095558,6562
1760534966.196288,6909
1760534966.297046,6679
1760534966.398342,6870
1760534966.500044,6519
1760534966.601771,6143
1760534966.702776,6692
1760534966.806497,5996
1760534966.907227,7574
1760534967.109141,6582
1760534967.109141,6582
1760534967.312752,6379
1760534967.414021,6309
1760534967.515141,6427
1760534967.615871,6224
1760534967.716603,6422
1760534967.817931,6335
1760534967.919662,6900
1760534968.020896,6904
1760534968.127499,5823
1760534968.22823,5192
1760534968.329413,5751
1760534968.430651,5867
1760534968.531409,5498
1760534968.735835,6251
1760534968.836587,6213
1760534968.938113,6254
1760534969.039352,5975
1760534969.140083,6979
1760534969.241813,6621
1760534969.342571,6808
1760534969.443784,6115
1760534969.544515,6790
1760534969.645246,5678
1760534969.746001,6163
1760534969.847238,5985
1760534969.950969,6719
1760534970.155193,6863
1760534970.255968,6608
1760534970.356693,6860
1760534970.457425,6224
1760534970.558288,6503
1760534970.659021,6522
1760534970.759751,6333
1760534970.860995,6647
1760534970.962452,7323
1760534971.063144,6673
1760534971.163876,6283
1760534971.366089,6562
1760534971.466848,5994
1760534971.568086,6499
1760534971.669818,5819
1760534971.771424,6357
1760534971.872932,6561
1760534971.973849,6758
1760534972.075147,6870
1760534972.175902,6590
1760534972.277606,6489
1760534972.378341,6561
1760534972.480764,6375
1760534972.682225,6502
1760534972.783989,6082
1760534972.884719,5966
1760534972.985962,6894
1760534973.087691,6641
1760534973.189418,6163
1760534973.290148,5896
1760534973.390944,6369
1760534973.492396,6190
1760534973.592919,6824
1760534973.693578,6417
1760534973.795336,6161
1760534973.896829,6404
1760534974.098743,6722
1760534974.200102,6373
1760534974.301755,6010
1760534974.402485,6184
1760534974.503238,6064
1760534974.603968,5996
1760534974.704739,6569
1760534974.805468,6224
1760534974.906241,6598
1760534975.006972,5906
1760534975.107703,5966
1760534975.208434,6095
1760534975.312157,6372
1760534975.516609,5996
1760534975.619334,6016
1760534975.72067,5891
1760534975.821402,5956
1760534975.922147,5886
1760534976.022878,6115
1760534976.12398,6468
1760534976.224716,6452
1760534976.325678,5774
1760534976.42638,6275
1760534976.527133,6332
1760534976.627869,6581
1760534976.834315,6055
1760534976.934865,6703
1760534977.035574,6424
1760534977.136704,5913
1760534977.237462,5895
1760534977.338166,6027
1760534977.438896,6432
1760534977.539627,6432
1760534977.640357,6284
1760534977.741927,5552
1760534977.842658,6145
1760534977.944762,6424
1760534978.147134,6404
1760534978.247871,6214
1760534978.350437,6971
1760534978.452158,6694
1760534978.552866,6186
1760534978.653596,6800
1760534978.754341,6074
1760534978.856069,6192
1760534978.958449,6391
1760534979.060177,6369
1760534979.160845,6268
1760534979.262573,6428
1760534979.364935,6535
1760534979.569368,6548
1760534979.671094,6547
1760534979.772273,6305
1760534979.87303,6699
1760534979.973724,6167
1760534980.075455,6094
1760534980.176185,6542
1760534980.276916,5877
1760534980.377647,6284
1760534980.478379,6442
1760534980.57939,6405
1760534980.681117,6419
1760534980.883855,6251
1760534980.984564,6553
1760534981.086292,6025
1760534981.187022,5956
1760534981.287757,6750
1760534981.38948,7156
1760534981.490211,6949
1760534981.590942,6432
1760534981.6917,6937
1760534981.793494,6503
1760534981.89473,6598
1760534981.997293,6240
1760534982.200113,6101
1760534982.30184,6920
1760534982.402571,5757
1760534982.503301,6204
1760534982.604286,6971
1760534982.705017,6313
1760534982.805747,6770
1760534982.906477,5668
1760534983.007067,5835
1760534983.108792,5868
1760534983.209522,5877
1760534983.310761,5975
1760534983.412809,6585
1760534983.61826,6065
1760534983.71899,6572
1760534983.819609,6141
1760534983.920368,6103
1760534984.02107,6305
1760534984.121803,6154
1760534984.222531,6730
1760534984.323993,5962
1760534984.425388,5976
1760534984.526647,6310
1760534984.628572,6612
1760534984.7303,5907
1760534984.837015,6568
1760534984.946239,6006
1760534985.050004,6341
1760534985.252462,6016
1760534985.353193,6393
1760534985.453935,6273
1760534985.555651,6075
1760534985.656382,6879
1760534985.757112,5777
1760534985.85844,5812
1760534985.959143,6414
1760534986.060016,5908
1760534986.160747,5807
1760534986.261843,6241
1760534986.362572,5966
1760534986.5641,6224
1760534986.664869,5964
1760534986.766559,6096
1760534986.867333,6985
1760534986.96906,6566
1760534987.070026,6507
1760534987.170757,6075
1760534987.27154,6122
1760534987.372292,6024
1760534987.473051,6639
1760534987.573782,6303
1760534987.675511,6281
1760534987.877112,6007
1760534987.977821,6752
1760534988.079551,6704
1760534988.182275,6463
1760534988.283059,5903
1760534988.383763,6603
1760534988.484493,6760
1760534988.585224,6264
1760534988.686062,5979
1760534988.786764,6464
1760534988.888216,6623
1760534988.990968,6121
1760534989.091671,6583
1760534989.297262,6642
1760534989.397973,6781
1760534989.498757,6538
1760534989.59949,6313
1760534989.700128,6419
1760534989.800873,6600
1760534989.901417,6285
1760534990.002147,5896
1760534990.102879,6274
1760534990.203609,6353
1760534990.306884,6187
1760534990.408612,6615
1760534990.510791,6592
1760534990.715463,6110
1760534990.816194,6641
1760534990.917545,7034
1760534991.0193,6338
1760534991.119953,6418
1760534991.220684,5857
1760534991.321415,6522
1760534991.422658,6509
1760534991.523389,6581
1760534991.62412,5738
1760534991.725849,6611
1760534991.828573,6191
1760534992.031515,6511
1760534992.137232,6318
1760534992.237962,6840
1760534992.339269,6208
1760534992.439972,6365
1760534992.540901,6578
1760534992.64163,6591
1760534992.745325,6872
1760534992.846055,6552
1760534992.947573,6855
1760534993.049299,6045
1760534993.15003,6849
1760534993.252756,6833
1760534993.459534,6428
1760534993.565288,5872
1760534993.667019,6772
1760534993.76877,6808
1760534993.869501,6581
1760534993.970263,6510
1760534994.070962,6226
1760534994.171692,6502
1760534994.272423,6532
1760534994.373183,6431
1760534994.474073,6333
1760534994.574801,6671
1760534994.677524,6376
1760534994.882975,6400
1760534994.984355,6214
1760534995.085089,7187
1760534995.186127,6779
1760534995.286874,6402
1760534995.388239,6313
1760534995.492995,6653
1760534995.594291,6693
1760534995.695021,6710
1760534995.795752,6681
1760534995.89748,6143
1760534995.998976,6463
1760534996.10024,6241
1760534996.302679,6761
1760534996.403519,6356
1760534996.505554,6551
1760534996.606707,6257
1760534996.707436,6582
1760534996.809165,6910
1760534996.909868,6295
1760534997.010598,6303
1760534997.111834,6815
1760534997.213106,6625
1760534997.313858,6391
1760534997.417765,6630
1760534997.520491,6064
1760534997.623251,6348
1760534997.826186,6333
1760534997.926916,6135
1760534998.028225,6228
1760534998.129952,6330
1760534998.231553,6240
1760534998.332793,6361
1760534998.433736,6251
1760534998.534493,7324
1760534998.635486,6505
1760534998.736216,6443
1760534998.836947,6284
1760534998.937677,6264
1760534999.142572,6401
1760534999.244328,6161
1760534999.345029,5789
1760534999.445805,6737
1760534999.546535,6552
1760534999.650754,6820
1760534999.751484,6760
1760534999.853212,6487
1760534999.95494,6517
1760535000.055671,6710
1760535000.156402,6105
1760535000.257605,6758
1760535000.459364,6948
1760535000.561091,6802
1760535000.662313,6609
1760535000.763044,6373
1760535000.86404,6307
1760535000.964745,6176
1760535001.069606,6498
1760535001.170336,6472
1760535001.27217,6490
1760535001.372869,6176
1760535001.474021,6287
1760535001.575754,5632
1760535001.677238,6651
1760535001.883688,6629
1760535001.984417,6343
1760535002.0872,6906
1760535002.18793,6492
1760535002.289425,6561
1760535002.391179,6486
1760535002.492419,6696
1760535002.59312,6375
1760535002.694074,6824
1760535002.794833,6431
1760535002.895567,6998
1760535002.997262,6381
1760535003.098993,6694
1760535003.302805,6835
1760535003.404532,6851
1760535003.506371,6657
1760535003.6071,6621
1760535003.708107,6356
1760535003.808838,6006
1760535003.910508,4494
1760535004.012233,5681
1760535004.113962,5996
1760535004.214693,6264
1760535004.315827,6189
1760535004.416548,6473
1760535004.519809,6556
1760535004.724157,6681
1760535004.824914,6441
1760535004.925618,7030
1760535005.027345,6605
1760535005.130422,6232
1760535005.232149,6517
1760535005.333684,6504
1760535005.434414,6115
1760535005.535443,6305
1760535005.636142,6405
1760535005.737897,6053
1760535005.83907,6187
1760535005.940768,6312
1760535006.147215,6454
1760535006.248601,6815
1760535006.35731,6609
1760535006.574239,6918
1760535006.803626,5421
1760535007.375656,4573
1760535007.871838,6114
1760535008.352569,4005
1760535008.352569,4005
1760535008.465267,5616
1760535008.569495,6896
1760535008.672726,6461
1760535008.775479,6948
1760535008.978908,6244
1760535009.079706,6637
1760535009.180436,6274
1760535009.281455,6553
1760535009.382179,6046
1760535009.483121,5359
1760535009.583873,5280
1760535009.685212,6275
1760535009.786941,6576
1760535009.990396,6468
1760535010.092124,6330
1760535010.193362,6213
1760535010.295093,6310
1760535010.396525,6230
1760535010.497085,6205
1760535010.597815,6730
1760535010.699543,6389
1760535010.800295,6322
1760535010.901343,6066
1760535011.002101,5974
1760535011.203536,6264
1760535011.304907,5948
1760535011.405639,6045
1760535011.506369,6045
1760535011.607099,5976
1760535011.708061,6517
1760535011.808763,5541
1760535011.909493,4814
1760535012.010173,5224
1760535012.11159,5206
1760535012.212321,5599
1760535012.314163,6028
1760535012.517618,5681
1760535012.618349,5896
1760535012.719567,6243
1760535012.820297,6353
1760535012.921538,5965
1760535013.02227,5996
1760535013.123213,5864
1760535013.224454,6262
1760535013.326109,5990
1760535013.426839,6413
1760535013.52757,6343
1760535013.628806,5422
1760535013.831889,5837
1760535013.933615,6134
1760535014.034347,5956
1760535014.135117,5964
1760535014.235847,5708
1760535014.336578,6075
1760535014.437308,6095
1760535014.538055,5816
1760535014.639783,5652
1760535014.740523,6382
1760535014.841758,5995
1760535014.94249,6075
1760535015.145945,6310
1760535015.246676,7068
1760535015.347405,5896
1760535015.448078,6039
1760535015.548837,5289
1760535015.64957,6214
1760535015.750319,5846
1760535015.851004,5740
1760535015.951995,5802
1760535016.052698,5630
1760535016.153455,5607
1760535016.254159,5948
1760535016.35888,5882
1760535016.462601,5967
1760535016.668247,6330
1760535016.769871,6081
1760535016.870602,6333
1760535016.971156,6573
1760535017.071872,7168
1760535017.172601,6631
1760535017.273354,6094
1760535017.374063,5808
1760535017.474795,6730
1760535017.575524,6631
1760535017.77752,6271
1760535017.878251,6691
1760535017.979526,6309
1760535018.081234,5673
1760535018.182738,6029
1760535018.283498,6282
1760535018.38423,6422
1760535018.485483,6073
1760535018.58618,6385
1760535018.686911,6333
1760535018.7879,5990
1760535018.992353,6064
1760535019.09408,6428
1760535019.194887,6388
1760535019.299603,6340
1760535019.40133,6193
1760535019.502061,5837
1760535019.602827,5904
1760535019.704519,6057
1760535019.806248,6753
1760535019.906978,6125
1760535020.007966,5614
1760535020.108697,6204
1760535020.21015,6347
1760535020.414987,6179
1760535020.516714,6369
1760535020.61751,6051
1760535020.718241,6432
1760535020.819751,6757
1760535020.9215,5975
1760535021.022201,5958
1760535021.122932,6403
1760535021.224582,6512
1760535021.329298,6207
1760535021.431025,6655
1760535021.535746,6440
1760535021.740198,6482
1760535021.840929,6194
1760535021.942166,6361
1760535022.043895,6537
1760535022.145623,5829
1760535022.24735,6428
1760535022.34808,6452
1760535022.449808,6478
1760535022.550539,6502
1760535022.652267,6537
1760535022.753996,6645
1760535022.855723,6320
1760535022.956454,5896
1760535023.159911,6353
1760535023.266624,6231
1760535023.368352,6625
1760535023.469083,6075
1760535023.569813,6433
1760535023.670571,6540
1760535023.771275,6246
1760535023.872004,6135
1760535023.972735,6085
1760535024.073458,7098
1760535024.174215,6709
1760535024.274918,6116
1760535024.47638,6423
1760535024.57711,6433
1760535024.677841,6522
1760535024.778874,6067
1760535024.879605,6750
1760535024.980336,6353
1760535025.081094,5964
1760535025.181797,6315
1760535025.282558,6490
1760535025.384256,6715
1760535025.484987,7048
1760535025.585716,6085
1760535025.686475,6500
1760535025.889915,6466
1760535025.992613,6261
1760535026.093371,6093
1760535026.194075,6255
1760535026.294806,6571
1760535026.396533,6055
1760535026.498262,6546
1760535026.59999,7058
1760535026.701717,6750
1760535026.802448,6532
1760535026.904176,5652
1760535027.005905,6350
1760535027.108629,5840
1760535027.313082,6409
1760535027.41481,6586
1760535027.51554,5678
1760535027.617268,6615
1760535027.719994,6600
1760535027.820798,6646
1760535027.921529,6621
1760535028.022258,5797
1760535028.122989,6204
1760535028.224224,5946
1760535028.324958,6154
1760535028.528413,6340
1760535028.630142,6242
1760535028.737853,6999
1760535028.839602,6516
1760535028.940328,6909
1760535029.041042,6463
1760535029.141772,6909
1760535029.242505,6909
1760535029.344236,6536
1760535029.446962,6522
1760535029.547724,6301
1760535029.648457,5628
1760535029.764148,6408
1760535029.865875,6232
1760535029.968601,6269
1760535030.071327,6220
1760535030.177044,6129
1760535030.38201,6993
1760535030.48274,6889
1760535030.583471,6353
1760535030.684201,6691
1760535030.784933,6393
1760535030.885664,6442
1760535030.987391,6389
1760535031.088122,5767
1760535031.188966,6485
1760535031.289696,6591
1760535031.392422,6366
1760535031.494149,6419
1760535031.695612,6015
1760535031.797339,5976
1760535031.898069,6125
1760535031.9988,6214
1760535032.100356,6695
1760535032.201593,6252
1760535032.303324,6497
1760535032.404051,6423
1760535032.504809,7036
1760535032.606538,6389
1760535032.707241,6911
1760535032.808968,7008
1760535032.911203,6582
1760535033.116658,6666
1760535033.217388,6562
1760535033.317903,6367
1760535033.419633,6448
1760535033.520365,6125
1760535033.621095,6413
1760535033.721825,6710
1760535033.822515,6574
1760535033.923246,6820
1760535034.023976,6701
1760535034.124707,6760
1760535034.225442,6184
1760535034.428893,6704
1760535034.529624,6859
1760535034.633687,6898
1760535034.734781,6845
1760535034.835511,6423
1760535034.937239,6478
1760535035.03797,5410
1760535035.1387,5906
1760535035.239656,6567
1760535035.340386,6552
1760535035.441117,6284
1760535035.642545,6552
1760535035.642545,6552
1760535035.845004,7256
1760535035.946733,7067
1760535036.047469,6323
1760535036.148543,5639
1760535036.249274,5777
1760535036.350006,5807
1760535036.453726,6016
1760535036.556452,6134
1760535036.658179,5858
1760535036.759908,6438
1760535036.860638,6750
1760535037.063098,6393
1760535037.163827,7028
1760535037.265563,6310
1760535037.367288,6782
1760535037.470014,6940
1760535037.570744,6572
1760535037.671475,6025
1760535037.773202,6173
1760535037.873933,6214
1760535037.975194,6853
1760535038.077912,6084
1760535038.179639,6350
1760535038.28037,6125
1760535038.484824,6822
1760535038.585568,6690
1760535038.686284,6265
1760535038.787017,6800
1760535038.889257,6933
1760535038.994972,6470
1760535039.096701,6591
1760535039.198428,6802
1760535039.301153,6765
1760535039.401884,5906
1760535039.504155,6684
1760535039.604885,6284
1760535039.705616,7008
1760535039.80653,6827
1760535039.911251,6385
1760535040.014973,6633
1760535040.219426,6438
1760535040.320156,6204
1760535040.420887,6681
1760535040.521617,6542
1760535040.622348,6125
1760535040.723431,6717
1760535040.825159,6930
1760535040.925889,6472
1760535041.027617,6802
1760535041.128349,6413
1760535041.22983,6700
1760535041.330562,7088
1760535041.43229,6890
1760535041.637249,6181
1760535041.73798,6323
1760535041.838711,6244
1760535041.940439,6234
1760535042.041169,6492
1760535042.144892,6902
1760535042.246619,6635
1760535042.349346,6239
1760535042.55231,6261
1760535042.55231,6261
1760535042.654038,6596
1760535042.86287,6200
1760535042.9636,6740
1760535043.064332,6561
1760535043.165062,6323
1760535043.265792,6750
1760535043.366523,6035
1760535043.467254,6939
1760535043.567989,6442
1760535043.669713,6439
1760535043.773435,6399
1760535043.975894,6641
1760535043.975894,6641
1760535044.180347,6075
1760535044.282075,6153
1760535044.382806,7008
1760535044.483536,5956
1760535044.584266,6482
1760535044.684997,6631
1760535044.785755,6818
1760535044.886458,6762
1760535044.988186,6373
1760535045.088917,6204
1760535045.190644,5386
1760535045.29183,6147
1760535045.495887,6568
1760535045.596608,6413
1760535045.697856,6034
1760535045.798587,6423
1760535045.900314,6291
1760535046.004037,6220
1760535046.104982,5983
1760535046.205711,6373
1760535046.306441,2283
1760535046.407172,2799
1760535046.507903,5271
1760535046.609033,5220
1760535046.710787,5650
1760535046.913219,5678
1760535047.015946,6601
1760535047.117671,6202
1760535047.218402,6214
1760535047.319133,6423
1760535047.419864,6244
1760535047.521104,6252
1760535047.621835,6671
1760535047.722565,6522
1760535047.824,5944
1760535047.925237,6677
1760535048.025967,6274
1760535048.126698,6611
1760535048.331151,6493
1760535048.431893,6134
1760535048.532618,4686
1760535048.633348,4348
1760535048.734081,7435
1760535048.834812,6611
1760535048.936536,6340
1760535049.037283,6888
1760535049.138996,6361
1760535049.239726,7257
1760535049.4427,6323
1760535049.544425,6124
1760535049.645156,5817
1760535049.746392,6440
1760535049.847123,6442
1760535049.94861,6178
1760535050.04934,5986
1760535050.150071,6830
1760535050.250801,6651
1760535050.351532,6035
1760535050.452262,5986
1760535050.552994,6601
1760535050.654722,6861
1760535050.859174,6281
1760535050.960902,6625
1760535051.06263,6350
1760535051.16348,6256
1760535051.26421,6661
1760535051.364941,6204
1760535051.465672,6264
1760535051.567399,6655
1760535051.669127,6674
1760535051.769858,5827
1760535051.870589,6502
1760535052.072051,6492
1760535052.177768,5930
1760535052.279006,6311
1760535052.379734,6184
1760535052.480465,5519
1760535052.581196,5807
1760535052.681926,5281
1760535052.783654,2801
1760535052.884849,4160
1760535052.98558,4785
1760535053.094289,5900
1760535053.196017,6458
1760535053.297253,6499
1760535053.398981,6458
1760535053.499712,7058
1760535053.70217,6234
1760535053.8029,6691
1760535053.903631,6562
1760535054.004362,6224
1760535054.107089,6502
1760535054.207818,6830
1760535054.308548,6303
1760535054.409279,6929
1760535054.510017,6065
1760535054.610745,6115
1760535054.713471,6123
1760535054.916927,7078
1760535055.017657,6254
1760535055.118388,6095
1760535055.219118,6631
1760535055.319849,6065
1760535055.420581,6482
1760535055.52131,6899
1760535055.622042,6303
1760535055.722772,6423
1760535055.823502,5767
1760535055.924232,6224
1760535056.025961,6890
1760535056.126691,6184
1760535056.329268,6683
1760535056.430994,6389
1760535056.531747,6242
1760535056.632458,6622
1760535056.734183,6320
1760535056.834914,6423
1760535056.935644,6174
1760535057.036379,6442
1760535057.138103,6291
1760535057.240828,6142
1760535057.341559,6164
1760535057.442289,5837
1760535057.54334,6620
1760535057.746796,6340
1760535057.848554,6476
1760535057.950252,6165
1760535058.050982,5936
1760535058.151713,6413
1760535058.252443,5837
1760535058.353201,5934
1760535058.453905,6057
1760535058.554615,5759
1760535058.655345,5966
1760535058.756078,6462
1760535058.861794,5978
1760535059.069239,6320
1760535059.170966,6428
1760535059.271725,6540
1760535059.372428,6772
1760535059.473158,6343
1760535059.574886,6694
1760535059.675617,6631
1760535059.77638,6083
1760535059.878075,6145
1760535059.978809,7058
1760535060.079539,6025
1760535060.180271,6333
1760535060.383726,5789
1760535060.485454,6822
1760535060.588207,5703
1760535060.68891,6365
1760535060.78964,6284
1760535060.890371,6065
1760535060.991102,6313
1760535061.091832,6313
1760535061.193634,6610
1760535061.295342,6508
1760535061.396093,6352
1760535061.496803,6037
1760535061.597532,6016
1760535061.799775,6583
1760535061.901504,6399
1760535062.002768,6132
1760535062.105052,6413
1760535062.206003,6141
1760535062.306735,5986
1760535062.407467,6244
1760535062.508707,5748
1760535062.609437,6929
1760535062.710167,6552
1760535062.810898,5946
1760535063.01635,6278
1760535063.117079,6879
1760535063.218808,5947
1760535063.320535,6212
1760535063.421467,6420
1760535063.522198,5896
1760535063.623435,6420
1760535063.724168,6075
1760535063.824897,5956
1760535063.926624,6389
1760535064.027355,6581
1760535064.128086,6393
1760535064.229798,5702
1760535064.331077,5914
1760535064.433776,6173
1760535064.648203,6183
1760535064.751925,6536
1760535064.852681,6351
1760535064.954383,6420
1760535065.055113,6313
1760535065.155844,6224
1760535065.256575,6234
1760535065.357305,6462
1760535065.458035,6482
1760535065.558766,5867
1760535065.659497,5767
1760535065.760183,6415
1760535065.863903,6565
1760535066.066362,6194
1760535066.16758,5927
1760535066.268313,6144
1760535066.369041,5926
1760535066.4698,6470
1760535066.570504,6295
1760535066.671234,5966
1760535066.772962,6713
1760535066.875687,6064
1760535066.976422,6154
1760535067.180871,6707
1760535067.180871,6707
1760535067.392306,5568
1760535067.49354,6272
1760535067.594271,6095
1760535067.695003,5916
1760535067.796729,5917
1760535067.897461,6016
1760535067.998315,5840
1760535068.099048,6800
1760535068.200774,6399
1760535068.301504,6204
1760535068.402741,6223
1760535068.604953,6929
1760535068.709671,6436
1760535068.8114,6487
1760535068.912131,6681
1760535069.013858,6153
1760535069.114588,6323
1760535069.215319,6234
1760535069.31605,6055
1760535069.417519,6346
1760535069.51825,6462
1760535069.619566,6800
1760535069.720296,6006
1760535069.821004,5838
1760535069.92273,6202
1760535070.125189,5878
1760535070.22592,6949
1760535070.32665,6462
1760535070.427381,6780
1760535070.528111,6780
1760535070.628841,6442
1760535070.730112,6635
1760535070.830842,6214
1760535070.931573,6720
1760535071.032309,5837
1760535071.13304,6025
1760535071.233771,6293
1760535071.435231,6512
1760535071.535962,6323
1760535071.636966,6276
1760535071.737697,6194
1760535071.838428,6154
1760535071.940155,6428
1760535072.040887,6383
1760535072.141616,6532
1760535072.242347,6145
1760535072.443809,6216
1760535072.443809,6216
1760535072.546083,6605
1760535072.751532,6143
1760535072.8523,6658
1760535072.953992,6391
1760535073.054721,5708
1760535073.156449,5691
1760535073.25718,6373
1760535073.357939,6768
1760535073.459862,5935
1760535073.560591,6204
1760535073.663318,6566
1760535073.764075,6014
1760535073.866338,6063
1760535074.069794,6291
1760535074.170523,6621
1760535074.271253,6691
1760535074.37247,6224
1760535074.473201,6988
1760535074.574928,6438
1760535074.675687,6460
1760535074.77639,6256
1760535074.87712,6174
1760535074.977852,6214
1760535075.078582,6075
1760535075.179312,6512
1760535075.281041,6350
1760535075.484497,6442
1760535075.586225,6369
1760535075.686955,6611
1760535075.787685,6879
1760535075.888922,6628
1760535075.989674,6759
1760535076.09089,5720
1760535076.191624,6551
1760535076.292888,6507
1760535076.393591,6275
1760535076.495567,6226
1760535076.596532,6061
1760535076.797757,6623
1760535076.898487,6611
1760535076.999217,5986
1760535077.099948,6363
1760535077.200711,5984
1760535077.301409,6276
1760535077.402167,6590
1760535077.503402,6549
1760535077.605874,5991
1760535077.706604,6085
1760535077.807403,6240
1760535078.011845,6014
1760535078.115566,5900
1760535078.217293,6832
1760535078.318037,6878
1760535078.419233,6650
1760535078.520961,6517
1760535078.621691,6393
1760535078.72342,6350
1760535078.824684,6754
1760535078.925414,6234
1760535079.026144,6482
1760535079.126875,6929
1760535079.227606,6780
1760535079.432127,6691
1760535079.533875,6319
1760535079.634585,5997
1760535079.735841,5974
1760535079.836549,5868
1760535079.93728,5956
1760535080.038016,6452
1760535080.138742,6552
1760535080.239472,6542
1760535080.340203,7207
1760535080.440933,6393
1760535080.541601,7201
1760535080.642331,6919
1760535080.84479,6998
1760535080.946517,6507
1760535081.048245,6193
1760535081.149484,6726
1760535081.250215,7197
1760535081.350946,6830
1760535081.451707,7046
1760535081.552406,6077
1760535081.653138,6224
1760535081.753868,6264
1760535081.854599,6691
1760535081.958322,6584
1760535082.063041,6220
1760535082.2655,6979
1760535082.366231,6482
1760535082.467467,6756
1760535082.568286,5861
1760535082.670018,6851
1760535082.771745,6596
1760535082.872475,6671
1760535082.973206,6432
1760535083.074968,6210
1760535083.175665,6484
1760535083.276395,6601
1760535083.377126,6730
1760535083.479854,6671
1760535083.688295,6291
1760535083.789025,6869
1760535083.889756,6353
1760535083.990508,6520
1760535084.091216,6831
1760535084.193104,6624
1760535084.293837,6780
1760535084.395565,6674
1760535084.497,7019
1760535084.597731,5966
1760535084.69946,6153
1760535084.800189,6423
1760535084.901918,6084
1760535085.106293,6694
1760535085.20802,6438
1760535085.311252,6400
1760535085.412333,6964
1760535085.514064,5838
1760535085.614795,6442
1760535085.716034,6914
1760535085.817762,6635
1760535085.919998,6690
1760535086.020727,7058
1760535086.121963,7003
1760535086.222843,6948
1760535086.4298,6979
1760535086.531037,7121
1760535086.631769,6552
1760535086.733004,6430
1760535086.833735,6452
1760535086.934973,6746
1760535087.035702,6730
1760535087.13743,6999
1760535087.238161,5936
1760535087.338892,6889
1760535087.44062,5721
1760535087.541351,6363
1760535087.642081,6234
1760535087.845537,6765
1760535087.946298,6569
1760535088.048023,6959
1760535088.148726,6047
1760535088.249457,6154
1760535088.350189,6313
1760535088.451914,6379
1760535088.553643,6733
1760535088.655398,6309
1760535088.756103,6305
1760535088.857857,6840
1760535088.958588,7008
1760535089.165009,6192
1760535089.266736,6920
1760535089.368463,6861
1760535089.470192,6369
1760535089.570922,6234
1760535089.671652,6562
1760535089.772415,6311
1760535089.873114,6673
1760535089.97397,6306
1760535090.075673,5643
1760535090.176404,6363
1760535090.277134,6591
1760535090.377864,6333
1760535090.480097,6827
1760535090.684557,6733
1760535090.786109,6262
1760535090.88883,7018
1760535090.990558,6075
1760535091.091289,6323
1760535091.192043,6907
1760535091.294256,6016
1760535091.394986,6244
1760535091.496591,5708
1760535091.597352,6569
1760535091.6981,6610
1760535091.899563,6403
1760535092.000293,6651
1760535092.101023,7167
1760535092.201753,6472
1760535092.302483,6333
1760535092.403214,6224
1760535092.503945,6661
1760535092.605365,6980
1760535092.70655,5929
1760535092.807284,6760
1760535092.908014,6631
1760535093.012198,6498
1760535093.11293,5956
1760535093.214658,5888
1760535093.421107,6684
1760535093.521863,6520
1760535093.622588,6284
1760535093.723296,6434
1760535093.825024,6448
1760535093.925876,6474
1760535094.026607,6155
1760535094.127365,6431
1760535094.228069,6494
1760535094.42953,6164
1760535094.42953,6164
1760535094.53026,6849
1760535094.740698,6269
1760535094.841946,6261
1760535094.942679,6502
1760535095.044406,6320
1760535095.145135,6512
1760535095.245866,6323
1760535095.346597,6383
1760535095.447833,6608
1760535095.549592,6289
1760535095.651288,6145
1760535095.852749,6214
1760535095.852749,6214
1760535096.057202,6164
1760535096.158957,6112
1760535096.259668,6285
1760535096.360392,6681
1760535096.461121,6383
1760535096.561852,6055
1760535096.662587,6065
1760535096.763315,7068
1760535096.865042,6586
1760535096.966769,6527
1760535097.068501,6234
1760535097.169228,6443
1760535097.26996,6194
1760535097.379178,6840
1760535097.483901,6350
1760535097.691347,6015
1760535097.792076,6572
1760535097.892807,6383
1760535097.994535,6254
1760535098.095293,5538
1760535098.196744,5933
1760535098.297474,6224
1760535098.398204,6373
1760535098.498935,6323
1760535098.599666,5837
1760535098.701394,6399
1760535098.803122,6428
1760535098.903852,6572
1760535099.112294,6203
1760535099.213025,6552
1760535099.313756,6293
1760535099.41565,6653
1760535099.517377,6438
1760535099.618107,6651
1760535099.718838,6621
1760535099.820073,6341
1760535099.920837,6966
1760535100.021535,7090
1760535100.122265,6542
1760535100.323793,6170
1760535100.425494,3352
1760535100.527223,1985
1760535100.627605,6545
1760535100.728818,6214
1760535100.829552,6045
1760535100.930282,6145
1760535101.035998,6413
1760535101.138725,6454
1760535101.239455,6899
1760535101.340186,6432
1760535101.546634,6526
1760535101.546634,6526
1760535101.647364,6730
1760535101.751102,6454
1760535101.958533,6488
1760535102.059262,6194
1760535102.160311,5947
1760535102.261041,6542
1760535102.361772,6303
1760535102.462503,5976
1760535102.563253,6888
1760535102.664008,6084
1760535102.764714,6305
1760535102.865444,6572
1760535102.969167,6527
1760535103.074885,6148
1760535103.177609,6249
1760535103.382063,6655
1760535103.48379,6537
1760535103.584521,6432
1760535103.685252,6552
1760535103.785982,6482
1760535103.88771,6163
1760535103.988441,5887
1760535104.089172,6770
1760535104.189902,6581
1760535104.291631,6841
1760535104.392867,6796
1760535104.495592,6210
1760535104.596323,6552
1760535104.698052,6320
1760535104.903015,5878
1760535105.004743,6065
1760535105.106472,6192
1760535105.209196,6403
1760535105.310925,6428
1760535105.411658,6194
1760535105.513388,6320
1760535105.614119,6988
1760535105.71485,6164
1760535105.816578,6350
1760535106.019037,6810
1760535106.019037,6810
1760535106.222494,6293
1760535106.330712,6459
1760535106.432441,6586
1760535106.534168,6940
1760535106.635286,6438
1760535106.736016,5877
1760535106.836748,6879
1760535106.937478,7088
1760535107.03821,6462
1760535107.13894,6284
1760535107.239959,6582
1760535107.341686,5957
1760535107.443416,6674
1760535107.54515,7077
1760535107.748607,6016
1760535107.849426,6209
1760535107.951157,6310
1760535108.054879,6629
1760535108.155609,6899
1760535108.256342,5648
1760535108.35707,6036
1760535108.457801,7058
1760535108.559529,6114
1760535108.66026,6581
1760535108.761987,6743
1760535108.867705,6575
1760535108.97043,6619
1760535109.173886,6350
1760535109.276611,6405
1760535109.377998,6203
1760535109.478729,6462
1760535109.57946,6482
1760535109.68019,6303
1760535109.780921,6234
1760535109.88265,6422
1760535109.985374,6201
1760535110.086105,5966
1760535110.186835,6423
1760535110.291496,6068
1760535110.392226,6443
1760535110.597678,5908
1760535110.699912,6152
1760535110.800643,6065
1760535110.902372,6084
1760535111.003101,6810
1760535111.105773,6808
1760535111.206503,6224
1760535111.307234,6770
1760535111.407964,6353
1760535111.508695,6383
1760535111.609438,6501
1760535111.711154,6016
1760535111.812882,6261
1760535112.018334,6478
1760535112.119534,6343
1760535112.220263,6522
1760535112.320994,6710
1760535112.421724,6264
1760535112.52388,6548
1760535112.625126,6380
1760535112.725855,6452
1760535112.928315,6075
1760535112.928315,6075
1760535113.132066,6163
1760535113.233792,6350
1760535113.334523,5946
1760535113.435253,6393
1760535113.535985,6025
1760535113.636715,6214
1760535113.737445,6016
1760535113.838177,6849
1760535113.939905,6492
1760535114.040635,6433
1760535114.141366,6432
1760535114.343823,5807
1760535114.446549,6477
1760535114.549274,6664
1760535114.650005,6701
1760535114.750735,6423
1760535114.851466,6651
1760535114.952197,6075
1760535115.053924,6468
1760535115.157649,6379
1760535115.258379,6472
1760535115.359108,6214
1760535115.56057,6254
1760535115.662298,6566
1760535115.765395,6401
1760535115.867123,6016
1760535115.967854,6710
1760535116.069582,6959
1760535116.171312,6145
1760535116.275034,6218
1760535116.375763,6115
1760535116.477492,6674
1760535116.582211,6789
1760535116.68394,6074
1760535116.784669,6919
1760535116.98595,6025
1760535116.98595,6025
1760535117.187411,5936
1760535117.289138,6360
1760535117.391865,6259
1760535117.493591,6497
1760535117.594322,6452
1760535117.695053,6830
1760535117.796781,6512
1760535117.89851,6065
1760535118.001235,6600
1760535118.102963,6340
1760535118.203693,6472
1760535118.405687,6251
1760535118.507415,6163
1760535118.609823,6636
1760535118.710553,6095
1760535118.811283,6472
1760535118.912521,6351
1760535119.014252,5986
1760535119.114982,6026
1760535119.217707,6502
1760535119.318851,6772
1760535119.42158,6340
1760535119.624039,6557
1760535119.725767,6340
1760535119.831484,5902
1760535119.935206,6363
1760535120.036936,6664
1760535120.138662,5672
1760535120.239393,6601
1760535120.340153,5885
1760535120.443851,6474
1760535120.545574,5868
1760535120.646304,6988
1760535120.747035,6462
1760535120.950492,6399
1760535121.052219,7097
1760535121.152949,6254
1760535121.253708,6044
1760535121.35521,5605
1760535121.457938,6181
1760535121.559663,6871
1760535121.661393,6571
1760535121.762122,6254
1760535121.864847,5616
1760535121.966574,6114
1760535122.069302,6376
1760535122.170031,5837
1760535122.270763,6442
1760535122.474152,6836
1760535122.574886,6909
1760535122.678608,6191
1760535122.780336,6438
1760535122.881071,6263
1760535122.982796,5917
1760535123.084524,6045
1760535123.186251,6546
1760535123.287234,5941
1760535123.388965,6527
1760535123.489696,6452
1760535123.590427,6323
1760535123.691219,6627
1760535123.894467,6383
1760535123.996194,6006
1760535124.096925,5886
1760535124.198652,6016
1760535124.299385,6899
1760535124.401111,6782
1760535124.50284,6861
1760535124.604567,6792
1760535124.705297,6065
1760535124.806028,6661
1760535124.908754,6785
1760535125.009486,6254
1760535125.111212,7136
1760535125.314668,5730
1760535125.416395,6343
1760535125.517154,6808
1760535125.618855,5988
1760535125.720119,6359
1760535125.820822,6623
1760535125.921553,6274
1760535126.022284,6542
1760535126.124012,6487
1760535126.224742,6462
1760535126.32647,6389
1760535126.427232,6917
1760535126.628662,6504
1760535126.730332,6944
1760535126.831083,5965
1760535126.931792,6315
1760535127.032523,6661
1760535127.133939,6261
1760535127.234669,6750
1760535127.3354,6502
1760535127.43613,6810
1760535127.639114,6350
1760535127.740842,6487
1760535127.841573,6274
1760535127.942324,5975
1760535128.044031,5702
1760535128.145267,6450
1760535128.245997,6333
1760535128.346733,6383
1760535128.447486,6411
1760535128.548658,6414
1760535128.650417,6653
1760535128.751146,6482
1760535128.851877,6403
1760535128.964577,6684
1760535129.071293,6222
1760535129.173021,5966
1760535129.378339,6261
1760535129.479921,6487
1760535129.580624,6236
1760535129.682352,6586
1760535129.784079,6419
1760535129.884822,6739
1760535129.985555,6432
1760535130.086315,6361
1760535130.187523,6392
1760535130.288254,6532
1760535130.389981,6733
1760535130.490711,6889
1760535130.695551,6042
1760535130.796281,6800
1760535130.898009,6492
1760535130.998739,7197
1760535131.099427,6197
1760535131.200173,6382
1760535131.301889,6528
1760535131.402619,6552
1760535131.503349,6532
1760535131.604081,6730
1760535131.704811,7078
1760535131.906273,6643
1760535132.007003,6363
1760535132.107762,6282
1760535132.208464,6563
1760535132.309195,5867
1760535132.409925,6254
1760535132.510631,7010
1760535132.611388,6431
1760535132.712092,5948
1760535132.812822,6214
1760535132.914116,6535
1760535133.014876,6758
1760535133.115605,6572
1760535133.318036,7018
1760535133.419772,6163
1760535133.520503,7068
1760535133.621232,6631
1760535133.721963,6452
1760535133.823199,6499
1760535133.923929,6552
1760535134.024659,6313
1760535134.12539,6542
1760535134.226159,6777
1760535134.327044,6879
1760535134.428772,6419
1760535134.531497,6395
1760535134.737512,6588
1760535134.837874,6177
1760535134.938572,6226
1760535135.039303,6532
1760535135.140034,7068
1760535135.240829,6627
1760535135.341565,6929
1760535135.442268,6822
1760535135.54303,6411
1760535135.64373,6206
1760535135.744493,6172
1760535135.851177,6364
1760535136.056626,6541
1760535136.158353,6409
1760535136.259084,6016
1760535136.360812,6330
1760535136.461564,6511
1760535136.562273,5858
1760535136.663005,6045
1760535136.764419,6576
1760535136.86515,6651
1760535136.96588,6532
1760535137.067323,6368
1760535137.169049,6635
1760535137.269779,6214
1760535137.474233,6133
1760535137.57596,6487
1760535137.676691,6274
1760535137.777518,6297
1760535137.878248,6234
1760535137.979186,6261
1760535138.07989,6593
1760535138.18062,6184
1760535138.28135,6274
1760535138.382593,6272
1760535138.484316,6203
1760535138.585046,5767
1760535138.786508,6482
1760535138.888236,6065
1760535138.988966,6254
1760535139.089698,5877
1760535139.190427,6373
1760535139.291672,6657
1760535139.392403,6184
1760535139.493135,6611
1760535139.593865,6869
1760535139.694625,6659
1760535139.795326,6494
1760535139.89905,6753
1760535140.000777,6664
1760535140.205231,6184
1760535140.30596,6800
1760535140.406691,6512
1760535140.507422,6462
1760535140.608152,6661
1760535140.708882,6651
1760535140.809613,6859
1760535140.911343,6143
1760535141.013072,6497
1760535141.114333,6764
1760535141.215035,6732
1760535141.315765,6085
1760535141.420486,6827
1760535141.624003,6667
1760535141.724736,6641
1760535141.826462,6841
1760535141.927193,5221
1760535142.028428,4889
1760535142.129186,4882
1760535142.230887,6430
1760535142.331617,6621
1760535142.432858,6143
1760535142.533589,6452
1760535142.634321,6403
1760535142.73505,6184
1760535142.937509,6949
1760535143.040234,6395
1760535143.140998,6073
1760535143.241695,6315
1760535143.342457,6679
1760535143.443321,6186
1760535143.545045,6615
1760535143.646281,6420
1760535143.747033,6719
1760535143.848277,6271
1760535143.951483,6889
1760535144.057197,6139
1760535144.166664,6111
1760535144.270386,6152
1760535144.473843,6635
1760535144.574572,6572
1760535144.675303,6790
1760535144.776066,6232
1760535144.876764,6812
1760535144.977495,6274
1760535145.078226,7187
1760535145.178955,6462
1760535145.279713,6302
1760535145.380418,7209
1760535145.584869,6517
1760535145.686598,5780
1760535145.788832,5624
1760535145.889563,6562
1760535145.990803,6094
1760535146.092531,6733
1760535146.194765,6054
1760535146.295495,7098
1760535146.396733,6667
1760535146.500456,6444
1760535146.601186,7306
1760535146.701918,6383
1760535146.904376,6800
1760535146.904376,6800
1760535147.109768,6571
1760535147.210497,6800
1760535147.311228,6105
1760535147.412469,6548
1760535147.514199,6625
1760535147.615443,7180
1760535147.723156,6662
1760535147.824393,6371
1760535147.925125,6720
1760535148.025861,6124
1760535148.126592,6691
1760535148.332551,6426
1760535148.332551,6426
1760535148.433791,6716
1760535148.636997,6851
1760535148.738725,6492
1760535148.839455,6979
1760535148.941693,7130
1760535149.04342,6684
1760535149.144151,6284
1760535149.245388,6548
1760535149.347117,3381
1760535149.448357,5669
1760535149.549087,6889
1760535149.650326,6430
1760535149.751057,6780
1760535149.957013,6123
1760535150.058742,6497
1760535150.161469,7018
1760535150.263702,6592
1760535150.364432,6244
1760535150.465403,6348
1760535150.566133,6204
1760535150.667615,6286
1760535150.768369,6441
1760535150.870076,6784
1760535150.970807,6403
1760535151.173278,6274
1760535151.275001,6468
1760535151.376729,6183
1760535151.478483,6250
1760535151.580184,6646
1760535151.681912,6320
1760535151.782642,6433
1760535151.884398,6741
1760535151.985102,6881
1760535152.085832,6184
1760535152.190552,6283
1760535152.293277,6736
1760535152.396003,6635
1760535152.599512,6598
1760535152.599512,6598
1760535152.804962,2929
1760535152.906689,3302
1760535153.00742,4239
1760535153.114134,4366
1760535153.214865,5529
1760535153.315595,6055
1760535153.419318,6170
1760535153.521046,6694
1760535153.624769,6580
1760535153.729489,6661
1760535153.832215,6629
1760535153.933942,6114
1760535154.036391,6227
1760535154.138118,6409
1760535154.240844,6389
1760535154.344567,6575
1760535154.452279,6034
1760535154.656731,6291
1760535154.758459,6920
1760535154.860187,6281
1760535154.960917,6264
1760535155.061648,6889
1760535155.162383,6760
1760535155.264106,6684
1760535155.364864,6093
1760535155.466154,6397
1760535155.566884,5837
1760535155.668612,6340
1760535155.769343,6800
1760535155.872069,6707
1760535156.077032,6134
1760535156.177765,6383
1760535156.278495,6661
1760535156.380722,6104
1760535156.481456,6273
1760535156.582215,6222
1760535156.682917,6553
1760535156.783648,6621
1760535156.986107,6635
1760535157.086837,7256
1760535157.187569,7058
1760535157.288299,6016
1760535157.389029,5976
1760535157.48976,6522
1760535157.590511,6421
1760535157.691243,6343
1760535157.792724,6247
1760535157.89346,6323
1760535157.994796,5703
1760535158.095492,6077
1760535158.298529,6435
1760535158.399259,6591
1760535158.50054,5914
1760535158.601269,6393
1760535158.702,7038
1760535158.802731,6184
1760535158.903489,6272
1760535159.004192,7030
1760535159.104924,6333
1760535159.205654,6730
1760535159.307382,6419
1760535159.509953,5906
1760535159.610683,6661
1760535159.711992,6495
1760535159.81275,6649
1760535159.913453,6961
1760535160.014183,6850
1760535160.117906,6330
1760535160.219634,6025
1760535160.320957,6967
1760535160.421687,6274
1760535160.523415,6576
1760535160.725875,6343
1760535160.826604,6532
1760535160.928332,6586
1760535161.029063,6830
1760535161.129793,5966
1760535161.231023,6529
1760535161.332778,6692
1760535161.433481,6117
1760535161.534211,6552
1760535161.635274,7064
1760535161.845677,5746
1760535161.845677,5746
1760535161.957378,6150
1760535162.058109,6720
1760535162.158866,5994
1760535162.362295,6879
1760535162.463026,7078
1760535162.564753,6183
1760535162.666482,6360
1760535162.767213,6502
1760535162.86894,5907
1760535162.970178,6262
1760535163.070819,6259
1760535163.171523,7139
1760535163.272253,6562
1760535163.374985,6310
1760535163.47571,6314
1760535163.57857,6620
1760535163.682292,6278
1760535163.888251,6792
1760535163.988982,6571
1760535164.089713,6055
1760535164.190443,6125
1760535164.291175,6899
1760535164.391905,6462
1760535164.492667,6024
1760535164.593366,6613
1760535164.694099,6105
1760535164.79782,6372
1760535164.899941,6913
1760535165.101375,6373
1760535165.202106,6671
1760535165.303833,6596
1760535165.404565,5986
1760535165.505295,6522
1760535165.606026,6720
1760535165.706756,6303
1760535165.807487,6472
1760535165.908216,6701
1760535166.008948,5867
1760535166.211406,5996
1760535166.211406,5996
1760535166.312136,6542
1760535166.525566,6448
1760535166.627294,6045
1760535166.728024,6482
1760535166.828755,6293
1760535166.929486,6432
1760535167.030215,6572
1760535167.130947,6968
1760535167.231699,6679
1760535167.333405,6803
1760535167.434136,6145
1760535167.538368,6706
1760535167.744815,6444
1760535167.846543,6320
1760535167.947274,6155
1760535168.048004,6363
1760535168.148735,6651
1760535168.249465,5628
1760535168.350196,4794
1760535168.450954,5051
1760535168.552724,4549
1760535168.654425,5368
1760535168.756153,6232
1760535168.859875,6483
1760535169.063846,6201
1760535169.063846,6201
1760535169.267303,6055
1760535169.368033,6730
1760535169.470758,6473
1760535169.572487,6615
1760535169.673216,6443
1760535169.773947,6274
1760535169.874678,6780
1760535169.975408,6035
1760535170.076139,6740
1760535170.176897,6480
1760535170.280593,6368
1760535170.484048,6423
1760535170.484048,6423
1760535170.688502,6084
1760535170.792224,5803
1760535170.892955,6383
1760535170.993685,6244
1760535171.099405,6719
1760535171.201557,6500
1760535171.304282,5607
1760535171.406037,5297
1760535171.507738,6285
1760535171.608468,6502
1760535171.7092,6194
1760535171.810958,6869
1760535171.913653,6613
1760535172.115234,6147
1760535172.217961,6369
1760535172.319687,6458
1760535172.420417,6701
1760535172.521175,6153
1760535172.621878,6663
1760535172.725601,6633
1760535172.826364,6808
1760535172.927091,6373
1760535173.028013,6074
1760535173.130353,6263
1760535173.23207,6006
1760535173.435554,6286
1760535173.536652,6320
1760535173.638397,6280
1760535173.741501,6750
1760535173.84223,6313
1760535173.943468,6726
1760535174.044199,6661
1760535174.144929,5748
1760535174.24566,6075
1760535174.34639,6294
1760535174.447145,6481
1760535174.548363,6392
1760535174.751818,6698
1760535174.854001,6576
1760535174.955729,6271
1760535175.057457,6143
1760535175.158187,6343
1760535175.259428,4425
1760535175.360727,5508
1760535175.461489,5091
1760535175.566178,5487
1760535175.667438,5214
1760535175.771136,5413
1760535175.871866,6423
1760535175.972597,6780
1760535176.197916,6888
1760535176.197916,6888
1760535176.303634,5325
1760535176.405361,5072
1760535176.606823,5172
1760535176.707553,5311
1760535176.808284,5013
1760535176.909014,5599
1760535177.01025,4731
1760535177.11098,5400
1760535177.212216,5334
1760535177.312968,5141
1760535177.413708,5261
1760535177.515405,5368
1760535177.616168,5359
1760535177.716866,5024
1760535177.817599,5380
1760535177.920323,5182
1760535178.123805,4373
1760535178.224665,3380
1760535178.326396,4600
1760535178.427127,4894
1760535178.527856,5102
1760535178.629585,4816
1760535178.73134,4982
1760535178.832089,5429
1760535178.933771,4936
1760535179.034502,5192
1760535179.135023,4874
1760535179.336485,5281
1760535179.437641,6000
1760535179.538371,6482
1760535179.639102,6641
1760535179.741828,6212
1760535179.842557,6542
1760535179.943289,6184
1760535180.045018,6723
1760535180.145747,6482
1760535180.247474,6281
1760535180.350203,6254
1760535180.452926,6356
1760535180.554654,6782
1760535180.756119,6791
1760535180.857843,6360
1760535180.958573,6343
1760535181.059304,6264
1760535181.160035,6681
1760535181.260814,6122
1760535181.361329,6257
1760535181.462032,6355
1760535181.562764,6542
1760535181.663494,6800
1760535181.764224,7058
1760535181.86695,6346
1760535181.968678,6478
1760535182.172134,6468
1760535182.273862,6399
1760535182.374592,6204
1760535182.475323,5996
1760535182.575997,6386
1760535182.678722,6674
1760535182.779264,6266
1760535182.881818,6292
1760535182.982548,6542
1760535183.083278,6284
1760535183.285737,6666
1760535183.285737,6666
1760535183.388462,6259
1760535183.592915,6222
1760535183.693646,6006
1760535183.795373,6055
1760535183.896104,6701
1760535183.996835,6423
1760535184.097565,6115
1760535184.198324,6599
1760535184.301021,6222
1760535184.402749,6084
1760535184.503482,6522
1760535184.604219,6442
1760535184.705947,6413
1760535184.810667,6770
1760535185.01465,6429
1760535185.11538,6641
1760535185.217087,6164
1760535185.320817,6104
1760535185.421548,5936
1760535185.523275,6497
1760535185.625003,6183
1760535185.725753,6570
1760535185.826515,6153
1760535185.927274,6500
1760535186.027976,6375
1760535186.133435,6865
1760535186.234165,6532
1760535186.440613,5947
1760535186.541344,6363
1760535186.642074,6730
1760535186.742805,6184
1760535186.843535,6224
1760535186.944299,6559
1760535187.045994,6450
1760535187.146725,5916
1760535187.247484,6381
1760535187.350396,6500
1760535187.553362,6163
1760535187.553362,6163
1760535187.658081,6488
1760535187.861353,5081
1760535187.96259,5709
1760535188.063322,6144
1760535188.165049,6212
1760535188.265779,6383
1760535188.36651,5747
1760535188.46724,6045
1760535188.567972,6512
1760535188.669702,5868
1760535188.77143,6419
1760535188.973424,6274
1760535189.074129,6543
1760535189.181839,6706
1760535189.305509,6218
1760535189.419204,5838
1760535189.419204,5838
1760535189.524433,6519
1760535189.7309,5948
1760535189.832627,6143
1760535189.933385,5964
1760535190.034259,6562
1760535190.13499,6174
1760535190.235721,6681
1760535190.336451,6075
1760535190.437182,6681
1760535190.537913,6363
1760535190.638645,6462
1760535190.739373,6284
1760535190.840104,6532
1760535190.942495,6475
1760535191.051202,6696
1760535191.256659,6298
1760535191.358381,7117
1760535191.459111,6939
1760535191.559841,6403
1760535191.660572,6641
1760535191.761304,6611
1760535191.862068,6272
1760535191.962769,6087
1760535192.064498,6920
1760535192.165255,6044
1760535192.265958,5759
1760535192.366688,6214
1760535192.568346,6373
1760535192.670074,6645
1760535192.770803,6323
1760535192.871534,6919
1760535192.972265,6978
1760535193.073701,6161
1760535193.174432,6522
1760535193.275163,6681
1760535193.375893,6462
1760535193.476627,6919
1760535193.577382,6173
1760535193.678099,6493
1760535193.882539,6438
1760535193.983269,6016
1760535194.084,6145
1760535194.184751,6094
1760535194.285491,6581
1760535194.387188,6598
1760535194.487919,6562
1760535194.588677,6242
1760535194.689421,5965
1760535194.790144,6632
1760535194.890841,6514
1760535194.991572,6442
1760535195.095296,6469
1760535195.300777,6476
1760535195.401476,5998
1760535195.502206,6899
1760535195.602931,6731
1760535195.703662,6591
1760535195.804405,6422
1760535195.905122,5987
1760535196.005857,6591
1760535196.10659,7187
1760535196.20732,6413
1760535196.308051,6671
1760535196.409779,6369
1760535196.511507,6694
1760535196.715987,6545
1760535196.816714,6115
1760535196.918418,7020
1760535197.01915,6313
1760535197.119893,6680
1760535197.22061,6662
1760535197.321341,6631
1760535197.422045,6176
1760535197.523772,6792
1760535197.625502,6929
1760535197.726231,6462
1760535197.928689,6448
1760535198.030417,6261
1760535198.131148,6562
1760535198.231878,6135
1760535198.33312,6667
1760535198.43385,6353
1760535198.534581,6532
1760535198.635263,6346
1760535198.735992,6929
1760535198.83675,6391
1760535198.937454,6037
1760535199.038187,6075
1760535199.244633,6527
1760535199.34636,6153
1760535199.447725,6077
1760535199.548484,6272
1760535199.650185,6430
1760535199.750915,6333
1760535199.851657,6184
1760535199.953373,6223
1760535200.054103,6254
1760535200.155831,6075
1760535200.256594,6460
1760535200.358311,6665
1760535200.459258,5973
1760535200.661722,6546
1760535200.763472,6368
1760535200.864175,6216
1760535200.964913,6521
1760535201.065643,6621
1760535201.166325,6187
1760535201.267056,6472
1760535201.367786,6145
1760535201.469535,6014
1760535201.571242,6233
1760535201.67297,6115
1760535201.775149,6889
1760535201.881866,6315
1760535202.085259,6504
1760535202.186016,6272
1760535202.288228,5997
1760535202.388959,6204
1760535202.489689,6403
1760535202.59042,6581
1760535202.69115,5271
1760535202.792572,5689
1760535202.893354,6459
1760535202.994057,5630
1760535203.094787,6333
1760535203.198524,6448
1760535203.300238,6203
1760535203.506687,6677
1760535203.607416,5857
1760535203.708147,5777
1760535203.808878,6899
1760535203.909608,6760
1760535204.011043,6555
1760535204.111774,6155
1760535204.212505,6770
1760535204.313235,5996
1760535204.414963,5986
1760535204.51572,6510
1760535204.617422,5997
1760535204.818886,6105
1760535204.920611,6631
1760535205.022339,6281
1760535205.124066,6792
1760535205.227789,6160
1760535205.32852,6601
1760535205.42925,6651
1760535205.529981,6492
1760535205.633706,6281
1760535205.738423,5882
1760535205.839153,6701
1760535205.939911,6083
1760535206.041614,6342
1760535206.144337,6181
1760535206.347821,6576
1760535206.449522,7000
1760535206.550252,5936
1760535206.650988,6253
1760535206.751713,6522
1760535206.852476,6123
1760535206.953175,6474
1760535207.053933,6401
1760535207.154636,6444
1760535207.255367,6462
1760535207.45982,7046
1760535207.560577,6183
1760535207.663281,6494
1760535207.765008,6075
1760535207.865739,6760
1760535207.966497,6332
1760535208.067227,6403
1760535208.168928,6833
1760535208.270657,5789
1760535208.372928,6414
1760535208.475656,6418
1760535208.577381,5937
1760535208.678113,5728
1760535208.88113,6950
1760535208.981861,6413
1760535209.082591,5757
1760535209.183321,6720
1760535209.284052,6432
1760535209.384783,5996
1760535209.486512,6133
1760535209.590244,6179
1760535209.692754,6018
1760535209.794481,6586
1760535209.895716,6262
1760535209.997142,5629
1760535210.099871,6522
1760535210.304323,6707
1760535210.406049,6576
1760535210.507777,6478
1760535210.609505,6979
1760535210.710263,6480
1760535210.810966,6126
1760535210.912172,6165
1760535211.013894,6065
1760535211.114625,6115
1760535211.215382,6064
1760535211.316086,3723
1760535211.417813,2142
1760535211.620272,3676
1760535211.721003,4348
1760535211.822239,4701
1760535211.922901,6278
1760535212.023659,6064
1760535212.124362,6692
1760535212.225093,6969
1760535212.325824,6919
1760535212.426805,6228
1760535212.527536,6323
1760535212.628287,6590
1760535212.729973,6824
1760535212.830715,6114
1760535212.932472,6751
1760535213.14085,6209
1760535213.242578,6487
1760535213.344486,6847
1760535213.44721,6025
1760535213.547941,6393
1760535213.648672,6184
1760535213.749404,6681
1760535213.852127,6600
1760535213.952858,6383
1760535214.053588,6581
1760535214.154319,6105
1760535214.35708,6888
1760535214.457784,7219
1760535214.558514,6542
1760535214.659244,6462
1760535214.759974,6472
1760535214.860705,6492
1760535214.96215,6161
1760535215.062852,7010
1760535215.164005,6860
1760535215.264735,6701
1760535215.365467,6145
1760535215.466197,6542
1760535215.670092,6093
1760535215.773814,6671
1760535215.874544,6373
1760535215.975275,6333
1760535216.07601,6293
1760535216.176742,5747
1760535216.278468,6016
1760535216.37945,6634
1760535216.481178,6143
1760535216.581909,5877
1760535216.683636,6340
1760535216.784368,6641
1760535216.885401,6374
1760535216.98613,6909
1760535217.189586,6833
1760535217.290317,6522
1760535217.392046,6224
1760535217.492776,5688
1760535217.593506,6234
1760535217.69424,6681
1760535217.795965,6379
1760535217.896696,6333
1760535218.099156,6595
1760535218.201879,6347
1760535218.30261,6035
1760535218.403341,6601
1760535218.505788,6793
1760535218.606517,6830
1760535218.707275,6361
1760535218.807993,6314
1760535218.90871,6096
1760535219.00944,5767
1760535219.110197,6977
1760535219.311632,6095
1760535219.311632,6095
1760535219.51409,6173
1760535219.61482,6403
1760535219.715744,6648
1760535219.817473,6212
1760535219.919228,6260
1760535220.019931,6196
1760535220.120662,6194
1760535220.221434,6400
1760535220.322697,6112
1760535220.423836,6219
1760535220.524566,6571
1760535220.727579,5819
1760535220.828815,6677
1760535220.929545,6413
1760535221.030125,6432
1760535221.130746,6350
1760535221.232472,6134
1760535221.333516,6670
1760535221.434244,5897
1760535221.534975,6562
1760535221.635706,5906
1760535221.73638,6029
1760535221.837109,6502
1760535221.937897,6111
1760535222.142351,6093
1760535222.244078,5996
1760535222.34597,6947
1760535222.446732,6659
1760535222.547434,5858
1760535222.649183,6761
1760535222.750201,6553
1760535222.851437,6252
1760535222.952171,5995
1760535223.052905,6462
1760535223.153635,6413
1760535223.356094,6094
1760535223.456825,6115
1760535223.557555,6155
1760535223.658792,6183
1760535223.759522,5857
1760535223.860265,6591
1760535223.960995,6025
1760535224.061747,6391
1760535224.163454,5997
1760535224.264184,6264
1760535224.365242,6303
1760535224.466066,6793
1760535224.567797,5776
1760535224.67052,6083
1760535224.875482,5938
1760535224.976236,5706
1760535225.076945,5590
1760535225.178671,5927
1760535225.27941,5926
1760535225.381137,6084
1760535225.481896,6232
1760535225.582626,6542
1760535225.68333,6186
1760535225.884822,6480
1760535225.985552,6492
1760535226.086283,6115
1760535226.187013,5708
1760535226.287779,6549
1760535226.389472,6647
1760535226.490202,6264
1760535226.590934,6244
1760535226.691873,5973
1760535226.793601,6124
1760535226.894927,6395
1760535226.995623,6991
1760535227.200071,6123
1760535227.200071,6123
1760535227.403035,6462
1760535227.50447,6270
1760535227.605971,6137
1760535227.707364,6430
1760535227.808093,6224
1760535227.908824,6055
1760535228.009554,6621
1760535228.110285,6770
1760535228.211015,6284
1760535228.312126,6735
1760535228.514603,6249
1760535228.617829,6955
1760535228.719557,6674
1760535228.820793,5877
1760535228.92252,6114
1760535229.023756,6163
1760535229.124488,6661
1760535229.225725,6311
1760535229.32666,6806
1760535229.427661,6415
1760535229.631624,5741
1760535229.631624,5741
1760535229.837074,6429
1760535229.937805,6899
1760535230.038536,7157
1760535230.139267,6929
1760535230.240994,6664
1760535230.341995,6485
1760535230.442767,6648
1760535230.54401,6904
1760535230.646076,7024
1760535230.747266,6858
1760535230.848503,7309
1760535230.949234,6998
1760535231.050471,7388
1760535231.253438,7296
1760535231.354169,7008
1760535231.455459,6831
1760535231.556222,7185
1760535231.657449,7557
1760535231.758159,7179
1760535231.859396,6973
1760535231.960126,6403
1760535232.061372,6775
1760535232.162103,6651
1760535232.263341,6460
1760535232.364727,6342
1760535232.465934,6373
1760535232.669933,6971
1760535232.770672,6065
1760535232.871906,6203
1760535232.972637,5757
1760535233.073872,6479
1760535233.174603,6939
1760535233.275918,6435
1760535233.377425,6925
1760535233.47866,6292
1760535233.579361,7169
1760535233.680091,6621
1760535233.884373,5840
1760535233.986101,6881
1760535234.08683,6264
1760535234.187566,6323
1760535234.288292,7068
1760535234.389467,7037
1760535234.490811,6305
1760535234.591542,6830
1760535234.692272,6810
1760535234.793003,6691
1760535234.893734,6869
1760535234.997398,6564
1760535235.10112,6697
1760535235.303577,6682
1760535235.404312,6780
1760535235.505605,6683
1760535235.606335,6224
1760535235.707065,6006
1760535235.808793,6625
1760535235.910037,6400
1760535236.011485,6495
1760535236.112215,6333
1760535236.212946,6601
1760535236.314182,6884
1760535236.416909,6716
1760535236.619366,6499
1760535236.721094,6546
1760535236.822091,6158
1760535236.922825,6720
1760535237.023551,6979
1760535237.124282,6879
1760535237.224988,6275
1760535237.326222,6321
1760535237.426951,6343
1760535237.527683,6353
1760535237.632403,6407
1760535237.733183,6380
1760535237.833914,6224
1760535237.936639,6619
1760535238.144085,6710
1760535238.248831,6473
1760535238.349652,6576
1760535238.451383,6743
1760535238.553111,6124
1760535238.653841,6214
1760535238.754593,5885
1760535238.856332,6251
1760535238.958027,6853
1760535239.05876,6671
1760535239.160514,6751
1760535239.274183,6545
1760535239.374913,6403
1760535239.476646,6546
1760535239.578369,6252
1760535239.782851,6472
1760535239.887689,5723
1760535239.989417,6546
1760535240.090128,6652
1760535240.191856,6360
1760535240.293585,5976
1760535240.395312,6458
1760535240.499035,6664
1760535240.600763,6320
1760535240.704487,5987
1760535240.905947,6264
1760535240.905947,6264
1760535241.110401,6492
1760535241.21113,6194
1760535241.311861,6313
1760535241.412592,6075
1760535241.51782,6111
1760535241.618548,6889
1760535241.720277,6353
1760535241.821008,6095
1760535241.922735,6291
1760535242.024463,6379
1760535242.12522,6451
1760535242.327655,6375
1760535242.428385,6661
1760535242.529118,6234
1760535242.629847,6353
1760535242.73357,6560
1760535242.8343,7137
1760535242.93618,6324
1760535243.03742,5956
1760535243.140654,6151
1760535243.242382,6478
1760535243.344137,6260
1760535243.445866,5937
1760535243.546596,6393
1760535243.750613,6737
1760535243.85234,6468
1760535243.953374,6393
1760535244.054105,6413
1760535244.155832,6723
1760535244.257561,6045
1760535244.358292,6244
1760535244.460019,6330
1760535244.56075,6164
1760535244.661725,6278
1760535244.764454,6083
1760535244.866182,6045
1760535244.966914,6462
1760535245.17119,5809
1760535245.272917,5809
1760535245.374155,6568
1760535245.475921,5866
1760535245.577649,6605
1760535245.679396,6250
1760535245.780106,6354
1760535245.880837,6254
1760535245.982564,5986
1760535246.083294,6065
1760535246.184025,6591
1760535246.285787,6082
1760535246.387482,6470
1760535246.58994,6492
1760535246.691668,6497
1760535246.796388,6171
1760535246.89763,5778
1760535246.999817,6285
1760535247.101054,5847
1760535247.201785,5847
1760535247.303512,6625
1760535247.404244,6859
1760535247.504974,6164
1760535247.608697,6488
1760535247.710425,6310
1760535247.811665,6183
1760535248.015122,6502
1760535248.117847,6448
1760535248.219086,6450
1760535248.319816,6532
1760535248.420546,6006
1760535248.522274,6271
1760535248.623005,6284
1760535248.725247,6386
1760535248.825973,6314
1760535248.9277,6881
1760535249.028431,6154
1760535249.130641,6330
1760535249.239369,6208
1760535249.34107,6381
1760535249.44579,6560
1760535249.548515,6093
1760535249.754963,5662
1760535249.856691,5740
1760535249.958418,6772
1760535250.060609,6086
1760535250.161818,6027
1760535250.263549,5937
1760535250.364308,5915
1760535250.46504,6204
1760535250.565741,6166
1760535250.666471,6264
1760535250.767919,6190
1760535250.86865,6045
1760535250.969381,6403
1760535251.174832,6337
1760535251.275562,6343
1760535251.376293,6254
1760535251.477023,6552
1760535251.577754,6959
1760535251.678484,6512
1760535251.779722,6134
1760535251.880455,6462
1760535251.981183,6403
1760535252.081941,6431
1760535252.182645,6027
1760535252.284372,6212
1760535252.386101,6143
1760535252.591551,5956
1760535252.692281,6472
1760535252.793559,6210
1760535252.894258,6643
1760535252.99502,6242
1760535253.09575,5916
1760535253.196449,5978
1760535253.297179,5559
1760535253.397911,6154
1760535253.499666,6220
1760535253.600369,6007
1760535253.702097,6478
1760535253.908544,6473
1760535254.009304,6143
1760535254.110014,6424
1760535254.210736,6304
1760535254.311467,6383
1760535254.412617,5931
1760535254.51438,5954
1760535254.615103,6294
1760535254.715834,6145
1760535254.816564,6135
1760535254.918294,6635
1760535255.120757,6114
1760535255.221481,6502
1760535255.322212,5976
1760535255.422943,6343
1760535255.523673,6343
1760535255.624313,6458
1760535255.725046,6591
1760535255.825775,6552
1760535255.92654,6361
1760535256.027235,6445
1760535256.127994,6629
1760535256.331487,6892
1760535256.432217,6194
1760535256.532948,4546
1760535256.633679,3941
1760535256.734409,5996
1760535256.83514,6502
1760535256.937865,6124
1760535257.039594,6438
1760535257.140351,6401
1760535257.241081,6433
1760535257.341784,6673
1760535257.442757,6615
1760535257.544488,6379
1760535257.645218,6045
1760535257.849173,6554
1760535257.951899,6556
1760535258.052867,6427
1760535258.153597,6254
1760535258.254349,6689
1760535258.355058,6156
1760535258.455635,6532
1760535258.556366,6234
1760535258.65705,4826
1760535258.75778,5807
1760535258.858484,6375
1760535258.959215,5966
1760535259.169189,6495
1760535259.269919,6661
1760535259.370649,6035
1760535259.471448,6279
1760535259.578649,6229
1760535259.680377,5868
1760535259.781107,6442
1760535259.881617,6218
1760535259.982346,6572
1760535260.084075,6556
1760535260.184805,5807
1760535260.285536,5976
1760535260.387264,6502
1760535260.488502,6548
1760535260.692466,6242
1760535260.794193,6143
1760535260.894924,6303
1760535260.995654,7098
1760535261.096216,5717
1760535261.197943,6192
1760535261.298674,6373
1760535261.399405,6810
1760535261.503128,5839
1760535261.607852,6168
1760535261.708583,6651
1760535261.809314,6016
1760535261.910045,6085
1760535262.013992,6022
1760535262.219443,5599
1760535262.321056,6239
1760535262.421786,6442
1760535262.522517,6393
1760535262.623248,6194
1760535262.72398,6710
1760535262.825086,5934
1760535262.925818,6333
1760535263.026551,6075
1760535263.12728,6254
1760535263.228012,7068
1760535263.33106,6201
1760535263.432862,6551
1760535263.639174,6025
1760535263.739903,6184
1760535263.841138,6647
1760535263.941869,6740
1760535264.042599,6155
1760535264.143905,5764
1760535264.244635,6393
1760535264.345365,6204
1760535264.447094,6537
1760535264.547824,6601
1760535264.648554,6581
1760535264.750284,7028
1760535264.855002,6675
1760535265.06145,6193
1760535265.162184,6273
1760535265.264214,6556
1760535265.364945,6065
1760535265.466673,6084
1760535265.567403,6125
1760535265.668134,6830
1760535265.768864,6224
1760535265.869596,6631
1760535265.970326,6303
1760535266.073052,6259
1760535266.17478,6271
1760535266.276508,6360
1760535266.479963,5987
1760535266.58072,6361
1760535266.681424,6256
1760535266.784149,6310
1760535266.884881,6959
1760535266.987606,6551
1760535267.088335,6572
1760535267.189094,6709
1760535267.390528,6432
1760535267.491258,6224
1760535267.591989,6432
1760535267.693241,6548
1760535267.794973,6782
1760535267.8967,6517
1760535268.000423,6237
1760535268.101154,6353
1760535268.202882,6399
1760535268.304609,6409
1760535268.407334,6940
1760535268.509063,6124
1760535268.611787,6330
1760535268.816549,6556
1760535268.816549,6556
1760535269.021999,6383
1760535269.12273,5827
1760535269.22446,6006
1760535269.326186,6566
1760535269.426917,6393
1760535269.527647,6661
1760535269.628377,6601
1760535269.729136,6312
1760535269.831833,5647
1760535269.932564,6651
1760535270.034796,6299
1760535270.239755,6952
1760535270.239755,6952
1760535270.445206,6251
1760535270.546445,6331
1760535270.647177,7098
1760535270.747934,6838
1760535270.848637,5948
1760535270.950372,6310
1760535271.051096,6602
1760535271.151826,6333
1760535271.252557,6869
1760535271.353288,6333
1760535271.454018,6343
1760535271.554749,6502
1760535271.757207,6492
1760535271.858444,6272
1760535271.961169,6434
1760535272.061899,6571
1760535272.162631,6234
1760535272.264358,5698
1760535272.365596,6390
1760535272.466327,6264
1760535272.567057,6393
1760535272.668458,6449
1760535272.770185,6252
1760535272.871913,6291
1760535273.07836,6454
1760535273.179092,6095
1760535273.280825,6349
1760535273.381557,6502
1760535273.483283,6530
1760535273.584014,6512
1760535273.687737,6141
1760535273.789465,6635
1760535273.89122,6299
1760535273.991951,6224
1760535274.092654,6990
1760535274.193384,6830
1760535274.295113,6350
1760535274.497571,6045
1760535274.497571,6045
1760535274.702072,6477
1760535274.802802,6512
1760535274.904071,6244
1760535275.005797,6124
1760535275.108522,5558
1760535275.209253,6184
1760535275.311984,6852
1760535275.41271,6195
1760535275.513439,6035
1760535275.614169,6701
1760535275.7149,6135
1760535275.918367,6194
1760535276.020094,6252
1760535276.121854,6544
1760535276.223571,6577
1760535276.326276,6211
1760535276.429028,6209
1760535276.533721,6399
1760535276.637443,6517
1760535276.738206,6311
1760535276.838881,6327
1760535276.942609,6382
1760535277.045333,5850
1760535277.14607,6641
1760535277.25528,6043
1760535277.458736,6454
1760535277.560463,6094
1760535277.663195,6733
1760535277.764399,6066
1760535277.866129,5848
1760535277.96686,6274
1760535278.068032,5920
1760535278.169792,6839
1760535278.270495,6216
1760535278.371225,6303
1760535278.471955,6433
1760535278.577703,6303
1760535278.679402,6637
1760535278.882857,6274
1760535278.984585,6468
1760535279.085316,6095
1760535279.186046,6532
1760535279.286777,6184
1760535279.388505,5730
1760535279.489235,6661
1760535279.589966,6323
1760535279.690697,6701
1760535279.791431,6353
1760535279.893158,6183
1760535279.995391,6270
1760535280.097119,5504
1760535280.305561,5987
1760535280.406319,6153
1760535280.507537,6243
1760535280.608294,6252
1760535280.709028,6899
1760535280.809729,6146
1760535280.911458,5868
1760535281.012188,5688
1760535281.113916,6360
1760535281.215644,6458
1760535281.316375,6303
1760535281.4182,6354
1760535281.521922,6132
1760535281.72837,6153
1760535281.8291,6184
1760535281.929831,6373
1760535282.030561,6383
1760535282.131297,6353
1760535282.232044,6362
1760535282.333261,6570
1760535282.433992,5718
1760535282.534722,6611
1760535282.636153,5856
1760535282.736884,6164
1760535282.846591,6613
1760535282.948319,6694
1760535283.14978,6303
1760535283.251977,5841
1760535283.353218,6212
1760535283.45397,6421
1760535283.555676,6528
1760535283.657404,6517
1760535283.758135,6045
1760535283.859862,5613
1760535283.962588,6006
1760535284.063318,6085
1760535284.164385,6124
1760535284.265116,6164
1760535284.366844,5730
1760535284.468573,6261
1760535284.672588,5986
1760535284.774108,5988
1760535284.874865,5825
1760535284.975625,6163
1760535285.076326,6295
1760535285.177022,6137
1760535285.277883,6831
1760535285.378614,6095
1760535285.480377,6122
1760535285.581106,6224
1760535285.682834,5888
1760535285.783565,5956
1760535285.98851,6822
1760535286.089241,6125
1760535286.189971,6204
1760535286.291207,6055
1760535286.391937,5857
1760535286.492668,6343
1760535286.593397,5877
1760535286.694683,5400
1760535286.796101,5452
1760535286.897831,5858
1760535286.99856,6403
1760535287.102794,6405
1760535287.310153,6235
1760535287.410883,6234
1760535287.516177,6268
1760535287.617904,6134
1760535287.718635,6492
1760535287.819368,6184
1760535287.921095,6184
1760535288.021824,5976
1760535288.122587,5934
1760535288.223285,5779
1760535288.324016,5857
1760535288.424747,5450
1760535288.526474,6202
1760535288.628202,5898
1760535288.833166,6356
1760535288.934597,6674
1760535289.035316,6592
1760535289.137044,6664
1760535289.237774,6611
1760535289.338569,6190
1760535289.4393,6393
1760535289.54003,6462
1760535289.64076,6423
1760535289.741491,5966
1760535289.943952,5886
1760535289.943952,5886
1760535290.044681,6125
1760535290.249134,6045
1760535290.349867,6621
1760535290.450595,6135
1760535290.551325,6760
1760535290.652056,6095
1760535290.752914,6345
1760535290.854151,5887
1760535290.955879,5622
1760535291.057607,6173
1760535291.158338,6343
1760535291.3598,6581
1760535291.3598,6581
1760535291.569239,6054
1760535291.67997,5924
1760535291.780673,6057
1760535291.881407,5430
1760535291.982111,5938
1760535292.082841,6045
1760535292.183572,5817
1760535292.284303,6293
1760535292.385033,6274
1760535292.485764,6214
1760535292.586377,5973
1760535292.688105,6419
1760535292.893822,6074
1760535292.994779,6309
1760535293.095509,6313
1760535293.196259,5816
1760535293.296988,6006
1760535293.398299,5586
1760535293.499029,6214
1760535293.59976,6274
1760535293.700827,6045
1760535293.802555,5613
1760535293.903312,6113
1760535294.006458,5942
1760535294.107189,6204
1760535294.313636,6114
1760535294.414366,6512
1760535294.515096,6641
1760535294.616469,7161
1760535294.718235,6613
1760535294.819963,6532
1760535294.920719,6490
1760535295.021423,6216
1760535295.123151,6360
1760535295.224409,6863
1760535295.427391,6409
1760535295.427391,6409
1760535295.630012,6373
1760535295.731763,6673
1760535295.832494,5807
1760535295.933225,6393
1760535296.034616,6124
1760535296.135289,6406
1760535296.237819,6717
1760535296.339575,6476
1760535296.441274,6883
1760535296.541944,5979
1760535296.643673,6601
1760535296.848675,6250
1760535296.848675,6250
1760535296.950943,6150
1760535297.154648,6459
1760535297.255883,6440
1760535297.356617,6819
1760535297.457348,6254
1760535297.558078,5976
1760535297.658842,6291
1760535297.760569,6340
1760535297.863295,6473
1760535297.965023,5976
1760535298.065753,6184
1760535298.267578,6274
1760535298.371985,6941
1760535298.371985,6941
1760535298.576834,5809
1760535298.681584,6167
1760535298.782674,6518
1760535298.885372,6222
1760535298.9871,6586
1760535299.088627,6333
1760535299.189865,6410
1760535299.290595,6363
1760535299.391833,6825
1760535299.49356,6684
1760535299.5946,6512
1760535299.699156,5977
1760535299.801388,6397
1760535299.904114,6590
1760535300.108622,6495
1760535300.209858,6884
1760535300.310412,6155
1760535300.411899,6720
1760535300.513675,6317
1760535300.614437,6212
1760535300.716161,5908
1760535300.817372,6728
1760535300.918103,6691
1760535301.120737,6828
1760535301.120737,6828
1760535301.222494,6574
1760535301.425779,6947
1760535301.526985,6274
1760535301.628225,7171
1760535301.729255,6572
1760535301.829986,6482
1760535301.930746,6202
1760535302.031448,7020
1760535302.133176,5662
1760535302.233907,6750
1760535302.337628,6458
1760535302.541629,6477
1760535302.541629,6477
1760535302.643862,6622
1760535302.846886,6308
1760535302.94812,6460
1760535303.048851,6462
1760535303.149982,5725
1760535303.25154,6459
1760535303.352303,5914
1760535303.453509,6709
1760535303.554383,6562
1760535303.756352,6815
1760535303.756352,6815
1760535303.858084,6310
1760535304.060542,6438
1760535304.163271,6317
1760535304.264995,6311
1760535304.366723,6812
1760535304.468452,6605
1760535304.569183,6720
1760535304.670932,7154
1760535304.772102,6484
1760535304.872806,6256
1760535304.973536,6591
1760535305.176176,6649
1760535305.176176,6649
1760535305.380629,6452
1760535305.481865,6460
1760535305.584376,6682
1760535305.685106,6363
1760535305.785935,6664
1760535305.887632,6647
1760535305.989361,7187
1760535306.09009,6294
1760535306.192644,6591
1760535306.293907,7307
1760535306.39461,7159
1760535306.495776,6820
1760535306.59799,6966
1760535306.703702,7000
1760535306.912402,5807
1760535307.014129,6173
1760535307.114886,6064
1760535307.215688,7182
1760535307.317415,6694
1760535307.419143,6360
1760535307.519901,6629
1760535307.620604,6196
1760535307.72166,6649
1760535307.82314,6661
1760535307.923848,6583
1760535308.024622,6569
1760535308.126349,5141
1760535308.331919,6694
1760535308.433809,7144
1760535308.535537,6399
1760535308.637264,6507
1760535308.738016,7305
1760535308.838726,6831
1760535308.939456,6611
1760535309.040864,6468
1760535309.142619,5896
1760535309.243322,5610
1760535309.344434,6042
1760535309.448571,5531
1760535309.652077,6062
1760535309.752808,6482
1760535309.853663,7000
1760535309.954395,6065
1760535310.055126,6035
1760535310.155856,6522
1760535310.259578,5898
1760535310.363301,6507
1760535310.464034,6393
1760535310.565759,6242
1760535310.666491,6621
1760535310.768219,6625
1760535310.87245,6629
1760535311.077416,6344
1760535311.179144,6212
1760535311.28038,6035
1760535311.381151,6519
1760535311.482428,6437
1760535311.583132,6543
1760535311.684429,6426
1760535311.785159,6998
1760535311.885937,6489
1760535311.986668,6641
1760535312.087398,6125
1760535312.289857,6478
1760535312.390587,6840
1760535312.492128,6391
1760535312.592852,6244
1760535312.693563,6275
1760535312.794295,5648
1760535312.895055,6212
1760535312.995785,6472
1760535313.09655,5954
1760535313.197422,6493
1760535313.298125,6414
1760535313.398884,6589
1760535313.603304,6379
1760535313.704032,6532
1760535313.804762,6651
1760535313.906245,6345
1760535314.007613,6432
1760535314.108342,6303
1760535314.209074,6075
1760535314.309804,5926
1760535314.410535,6492
1760535314.511772,6213
1760535314.612503,6462
1760535314.715229,6200
1760535314.818654,6420
1760535315.023113,7038
1760535315.123844,6671
1760535315.224586,6710
1760535315.325354,6827
1760535315.426077,6344
1760535315.52678,6504
1760535315.628209,6211
1760535315.728939,6075
1760535315.830141,6274
1760535315.930871,6383
1760535316.032203,6523
1760535316.134929,6772
1760535316.23716,6133
1760535316.440616,6135
1760535316.541346,6184
1760535316.642078,6254
1760535316.742808,6849
1760535316.843763,6864
1760535316.946489,6230
1760535317.047219,6492
1760535317.147949,6333
1760535317.249757,5765
1760535317.350487,6055
1760535317.451328,7298
1760535317.553057,6800
1760535317.75851,5937
1760535317.85924,6432
1760535317.959999,6441
1760535318.060701,7298
1760535318.161432,6909
1760535318.262615,6977
1760535318.364333,6183
1760535318.464945,7166
1760535318.565653,6801
1760535318.666983,7293
1760535318.869951,6973
1760535318.970679,6760
1760535319.07141,6423
1760535319.17214,6661
1760535319.272871,6899
1760535319.373629,6838
1760535319.475515,6231
1760535319.576245,6294
1760535319.677566,7165
1760535319.7793,6064
1760535319.880029,6641
1760535319.981263,6084
1760535320.082315,6758
1760535320.287842,6659
1760535320.389078,6242
1760535320.490437,6501
1760535320.591167,6691
1760535320.691898,7137
1760535320.793627,6861
1760535320.894384,6937
1760535320.995087,6613
1760535321.095819,6264
1760535321.196549,6730
1760535321.297789,6331
1760535321.39852,6840
1760535321.604142,6210
1760535321.704872,6224
1760535321.805604,7266
1760535321.906334,5946
1760535322.007064,6274
1760535322.107794,6125
1760535322.209131,6216
1760535322.310248,6517
1760535322.41198,6310
1760535322.51371,6448
1760535322.614441,6720
1760535322.715172,6790
1760535322.817899,6502
1760535322.922928,5798
1760535323.029643,6887
1760535323.234734,6937
1760535323.336798,6466
1760535323.437529,6720
1760535323.538257,6572
1760535323.638988,6442
1760535323.740104,6537
1760535323.840834,6750
1760535323.941565,6512
1760535324.043294,6674
1760535324.144056,6301
1760535324.244754,6425
1760535324.446216,6730
1760535324.547641,6812
1760535324.648371,6939
1760535324.749115,6660
1760535324.849834,6344
1760535324.950564,5936
1760535325.051321,6183
1760535325.152265,6855
1760535325.252968,6911
1760535325.354303,7263
1760535325.455123,6893
1760535325.556314,5800
1760535325.759769,6576
1760535325.861497,6655
1760535325.962239,6789
1760535326.062958,6681
1760535326.163691,6899
1760535326.264419,6750
1760535326.365151,6264
1760535326.465908,6163
1760535326.566546,6866
1760535326.667281,6422
1760535326.768005,6066
1760535326.868706,6861
1760535327.070169,6830
1760535327.171895,6350
1760535327.272653,6609
1760535327.373356,6464
1760535327.474088,6373
1760535327.575815,6320
1760535327.67658,6917
1760535327.777303,6701
1760535327.878006,6643
1760535327.978738,7038
1760535328.079468,6681
1760535328.180198,6006
1760535328.382199,6655
1760535328.482935,6065
1760535328.58363,6594
1760535328.684874,6202
1760535328.785533,6358
1760535328.88726,6438
1760535328.988566,6712
1760535329.089297,6333
1760535329.190028,6750
1760535329.291263,6499
1760535329.392023,6411
1760535329.492725,6315
1760535329.593993,6339
1760535329.796626,6786
1760535329.897358,6730
1760535329.998191,6604
1760535330.098895,6911
1760535330.199886,6158
1760535330.300616,6164
1760535330.401838,6451
1760535330.502571,6988
1760535330.603928,6787
1760535330.805751,6281
1760535330.907465,6282
1760535331.009225,6682
1760535331.109983,6401
1760535331.211414,6506
1760535331.312145,6075
1760535331.41289,6035
1760535331.51362,6204
1760535331.614769,5753
1760535331.7155,6254
1760535331.816135,6210
1760535331.916865,6095
1760535332.019591,5938
1760535332.222262,6280
1760535332.32371,6584
1760535332.424949,6578
1760535332.526698,6594
1760535332.630012,6823
1760535332.731738,6615
1760535332.832867,5982
1760535332.933597,6591
1760535333.034327,6214
1760535333.135059,6482
1760535333.236788,6694
1760535333.339511,6463
1760535333.440713,6027
1760535333.642175,6224
1760535333.742906,6125
1760535333.844879,3716
1760535333.94561,2759
1760535334.049926,4064
1760535334.151653,4502
1760535334.252823,5495
1760535334.35406,6341
1760535334.454833,6003
1760535334.556559,6389
1760535334.660282,6814
1760535334.763519,6064
1760535334.864249,6889
1760535334.967929,6442
1760535335.170387,6831
1760535335.271139,6640
1760535335.37188,6472
1760535335.472579,6405
1760535335.573341,5895
1760535335.674071,7127
1760535335.774802,6631
1760535335.875534,5221
1760535335.977261,5573
1760535336.178723,5968
1760535336.280451,6291
1760535336.381181,6571
1760535336.481914,6532
1760535336.583867,6385
1760535336.684597,6641
1760535336.785327,6105
1760535336.887056,6183
1760535336.98782,6341
1760535337.089514,6047
1760535337.190245,6889
1760535337.290974,7137
1760535337.391706,6333
1760535337.492463,6619
1760535337.69393,6421
1760535337.794629,6236
1760535337.896357,6556
1760535337.998111,5621
1760535338.098904,6389
1760535338.200655,6122
1760535338.301365,6116
1760535338.402095,6790
1760535338.502858,6411
1760535338.704288,5658
1760535338.704288,5658
1760535338.906748,6204
1760535339.007479,6512
1760535339.108234,5895
1760535339.208938,5749
1760535339.309696,6113
1760535339.410399,6335
1760535339.512128,5848
1760535339.61297,6197
1760535339.713701,6492
1760535339.814459,6530
1760535339.916191,6694
1760535340.016917,6383
1760535340.219349,6492
1760535340.321076,6212
1760535340.421807,6393
1760535340.522537,6194
1760535340.623268,6661
1760535340.723817,6205
1760535340.825547,6300
1760535340.926278,6532
1760535341.027009,6184
1760535341.127739,5936
1760535341.228975,5926
1760535341.329705,6244
1760535341.532777,6025
1760535341.633507,6740
1760535341.734237,6303
1760535341.834969,5996
1760535341.935699,6244
1760535342.036431,6432
1760535342.139155,6639
1760535342.240882,6065
1760535342.341613,6611
1760535342.442344,6710
1760535342.544071,6419
1760535342.644802,5976
1760535342.846263,6571
1760535342.9475,6440
1760535343.048231,7088
1760535343.148962,6035
1760535343.250212,6054
1760535343.350942,6472
1760535343.451673,6562
1760535343.552404,6631
1760535343.653134,6552
1760535343.753864,6492
1760535343.854546,6853
1760535344.056006,6800
1760535344.156607,6749
1760535344.257659,7115
1760535344.358391,6611
1760535344.459121,6869
1760535344.559851,7058
1760535344.660614,6688
1760535344.76231,6332
1760535344.864038,6351
1760535344.964768,6115
1760535345.167228,6251
1760535345.268982,6505
1760535345.369717,6353
1760535345.470416,6464
1760535345.571146,6998
1760535345.67212,7497
1760535345.772819,6623
1760535345.873549,5867
1760535345.974284,6631
1760535346.075045,6540
1760535346.175748,6494
1760535346.377214,6613
1760535346.477945,6423
1760535346.578696,6570
1760535346.679406,6384
1760535346.780136,6353
1760535346.880869,6194
1760535346.982594,6438
1760535347.084322,6792
1760535347.18605,6810
1760535347.287778,6691
1760535347.389506,6664
1760535347.493229,6940
1760535347.696684,5711
1760535347.797928,6469
1760535347.899654,6497
1760535348.00141,6869
1760535348.102629,6164
1760535348.204355,6271
1760535348.306084,6772
1760535348.407811,5996
1760535348.510537,6424
1760535348.612265,6900
1760535348.715001,6556
1760535348.815721,7168
1760535348.917448,6065
1760535349.118909,6294
1760535349.21964,6750
1760535349.32037,6293
1760535349.421101,5996
1760535349.521832,6423
1760535349.622563,6313
1760535349.72332,6054
1760535349.825049,6379
1760535349.925751,6077
1760535350.026483,6681
1760535350.128211,6710
1760535350.329673,6323
1760535350.430402,6601
1760535350.531127,7098
1760535350.631882,6719
1760535350.732587,6146
1760535350.833318,6293
1760535350.934049,7664
1760535351.034779,6244
1760535351.13551,7098
1760535351.236241,7098
1760535351.336971,6512
1760535351.438387,6705
1760535351.540114,7058
1760535351.643837,7500
1760535351.84829,7088
1760535351.95005,6210
1760535352.050749,6603
1760535352.15148,6542
1760535352.25221,6730
1760535352.35294,6552
1760535352.454668,6517
1760535352.555906,6736
1760535352.656635,6601
1760535352.758126,6778
1760535352.858856,6442
1760535352.960611,5916
1760535353.061314,6851
1760535353.266126,6697
1760535353.367873,6584
1760535353.468602,7137
1760535353.569313,6583
1760535353.670045,6115
1760535353.770775,6125
1760535353.871505,6085
1760535353.972236,6055
1760535354.07858,6369
1760535354.180309,6232
1760535354.28106,6798
1760535354.381769,6603
1760535354.584228,5996
1760535354.684958,6780
1760535354.785721,6639
1760535354.887417,6371
1760535354.988148,5976
1760535355.088878,6135
1760535355.189609,6869
1760535355.290339,6035
1760535355.391102,6738
1760535355.4918,6693
1760535355.592532,6661
1760535355.696742,5977
1760535355.800466,6218
1760535356.004918,6281
1760535356.106646,6556
1760535356.207376,6234
1760535356.308139,6093
1760535356.40885,6424
1760535356.510565,6626
1760535356.611295,6303
1760535356.713024,5917
1760535356.813755,6194
1760535356.914385,6320
1760535357.015138,6451
1760535357.115845,6196
1760535357.31882,6508
1760535357.420572,7243
1760535357.522045,6849
1760535357.622803,6520
1760535357.723507,6484
1760535357.826232,6576
1760535357.927982,6368
1760535358.028691,6682
1760535358.129421,7326
1760535358.230151,6998
1760535358.431645,6460
1760535358.532344,6593
1760535358.633105,7095
1760535358.734803,6381
1760535358.83653,6664
1760535358.93726,6442
1760535359.037995,6532
1760535359.139721,6684
1760535359.24045,6562
1760535359.34118,6373
1760535359.441911,6482
1760535359.543707,6562
1760535359.644438,6284
1760535359.746167,6045
1760535359.950641,5935
1760535360.051377,6055
1760535360.152306,6479
1760535360.253037,5708
1760535360.353767,5589
1760535360.455243,5784
1760535360.555971,5619
1760535360.656709,5688
1760535360.75736,5613
1760535360.85809,3812
1760535361.060549,4030
1760535361.162277,4777
1760535361.263007,6184
1760535361.363738,6482
1760535361.464497,6758
1760535361.565206,6126
1760535361.665937,6274
1760535361.766668,6045
1760535361.867432,6063
1760535361.968128,6325
1760535362.068889,6143
1760535362.169589,5819
1760535362.271317,6881
1760535362.373046,6035
1760535362.577499,6173
1760535362.67826,6232
1760535362.778991,5966
1760535362.87969,5918
1760535362.981451,6495
1760535363.083168,6380
1760535363.184255,6439
1760535363.284986,6730
1760535363.385575,6809
1760535363.490264,6753
1760535363.695714,6931
1760535363.796468,6818
1760535363.897226,5984
1760535363.997929,6325
1760535364.099357,6467
1760535364.201087,6251
1760535364.301817,6413
1760535364.40257,6461
1760535364.503279,7010
1760535364.605006,6104
1760535364.807465,6379
1760535364.909221,6446
1760535365.010145,6965
1760535365.110882,6839
1760535365.211586,6454
1760535365.312315,6204
1760535365.413046,5956
1760535365.513777,6244
1760535365.614507,6482
1760535365.715238,6164
1760535365.815996,6520
1760535365.917475,6375
1760535366.018178,5898
1760535366.220637,6105
1760535366.321389,6322
1760535366.422098,6136
1760535366.523166,6243
1760535366.623878,6245
1760535366.724609,6085
1760535366.825945,6443
1760535366.926677,6631
1760535367.028405,6379
1760535367.129162,6322
1760535367.23089,6271
1760535367.33259,6587
1760535367.534079,6441
1760535367.634784,6533
1760535367.735518,6988
1760535367.836249,6274
1760535367.93698,6075
1760535368.038713,5976
1760535368.139443,6373
1760535368.241171,6244
1760535368.341929,6232
1760535368.442634,6285
1760535368.644216,6246
1760535368.644216,6246
1760535368.745598,6667
1760535368.949855,6133
1760535369.05161,6063
1760535369.152314,5670
1760535369.253044,6760
1760535369.353771,6333
1760535369.4555,6723
1760535369.557298,6620
1760535369.659026,6438
1760535369.762257,6935
1760535369.862987,6661
1760535369.963718,6542
1760535370.065446,6153
1760535370.168171,6337
1760535370.371693,6861
1760535370.473421,5750
1760535370.57515,4974
1760535370.67588,6125
1760535370.776616,6025
1760535370.880341,6645
1760535370.982066,6999
1760535371.082798,6939
1760535371.183528,6532
1760535371.386149,6192
1760535371.486879,6373
1760535371.58761,6264
1760535371.688341,6512
1760535371.789073,6532
1760535371.889801,6224
1760535371.990533,6293
1760535372.091263,5847
1760535372.191993,7455
1760535372.293721,6183
1760535372.394452,6323
1760535372.495182,6631
1760535372.596673,6838
1760535372.799638,6763
1760535372.900369,6234
1760535373.002097,6537
1760535373.102828,6720
1760535373.203558,6303
1760535373.305287,6379
1760535373.406016,6581
1760535373.506748,6730
1760535373.607477,6482
1760535373.708208,6284
1760535373.808938,6810
1760535373.909669,6016
1760535374.111705,6423
1760535374.213432,6330
1760535374.314163,6512
1760535374.414894,6879
1760535374.515625,6830
1760535374.616356,6710
1760535374.717086,6472
1760535374.817819,6373
1760535374.919544,4905
1760535375.020274,5857
1760535375.122011,6025
1760535375.327454,6723
1760535375.430179,6269
1760535375.530909,6899
1760535375.631641,5946
1760535375.733368,7107
1760535375.834099,7187
1760535375.935826,6202
1760535376.036534,6345
1760535376.138257,6517
1760535376.238987,6393
1760535376.339722,6383
1760535376.440448,5708
1760535376.541179,6105
1760535376.742641,5718
1760535376.843371,6254
1760535376.944101,6264
1760535377.045829,5927
1760535377.14656,6601
1760535377.248031,6583
1760535377.348765,5926
1760535377.449494,6462
1760535377.550223,6304
1760535377.650955,6631
1760535377.751685,6155
1760535377.852416,6085
1760535378.054883,6664
1760535378.156601,6714
1760535378.257332,6581
1760535378.358062,5519
1760535378.458803,6362
1760535378.560521,6488
1760535378.661633,6695
1760535378.763358,6370
1760535378.864088,6671
1760535378.96482,6333
1760535379.066057,6677
1760535379.166727,6615
1760535379.267458,6552
1760535379.470914,6065
1760535379.571644,6681
1760535379.672375,6164
1760535379.773104,6383
1760535379.873835,6959
1760535379.974737,6412
1760535380.075465,6502
1760535380.176699,6489
1760535380.277371,7022
1760535380.378101,6224
1760535380.478832,6502
1760535380.58227,6312
1760535380.787721,6201
1760535380.889448,7018
1760535380.990179,6194
1760535381.09091,6373
1760535381.19164,6234
1760535381.293369,6595
1760535381.394099,6830
1760535381.494829,6472
1760535381.59556,6313
1760535381.696291,6254
1760535381.797021,5837
1760535381.99948,6532
1760535382.100212,7137
1760535382.200941,6443
1760535382.302258,6672
1760535382.402989,6413
1760535382.503719,6095
1760535382.60445,6552
1760535382.705181,6482
1760535382.805911,6254
1760535382.906641,6403
1760535383.007373,6413
1760535383.20886,6492
1760535383.310561,6479
1760535383.411357,6567
1760535383.512118,6768
1760535383.612848,6512
1760535383.713579,6254
1760535383.81431,7008
1760535383.917008,6358
1760535384.018768,6328
1760535384.119466,6504
1760535384.220196,6571
1760535384.322922,6515
1760535384.424651,6458
1760535384.628138,6662
1760535384.728868,6959
1760535384.829598,6542
1760535384.930367,6222
1760535385.031071,6474
1760535385.132338,6951
1760535385.234035,5929
1760535385.334821,6776
1760535385.435541,6115
1760535385.536217,6128
1760535385.637942,6271
1760535385.740667,6463
1760535385.844365,6046
1760535386.050813,6555
1760535386.151543,6502
1760535386.252275,6462
1760535386.353005,6522
1760535386.45376,6272
1760535386.554491,6413
1760535386.655222,6105
1760535386.757948,6658
1760535386.859675,6360
1760535386.960406,6691
1760535387.062133,6428
1760535387.16486,6561
1760535387.268582,6173
1760535387.473035,6222
1760535387.574794,6643
1760535387.675499,6434
1760535387.776229,6998
1760535387.87696,6274
1760535387.977691,6323
1760535388.078421,6820
1760535388.179152,6611
1760535388.28088,6674
1760535388.381611,6909
1760535388.482342,6562
1760535388.583471,6140
1760535388.686211,6453
1760535388.88892,6403
1760535388.98965,5877
1760535389.090381,6482
1760535389.191112,6512
1760535389.292809,7298
1760535389.397528,7286
1760535389.498583,5917
1760535389.60031,6497
1760535389.702038,6448
1760535389.802769,6333
1760535389.904004,6430
1760535390.005732,6251
1760535390.109454,6613
1760535390.214173,6827
1760535390.418136,6074
1760535390.518866,6492
1760535390.619619,6391
1760535390.720619,6554
1760535390.82135,6442
1760535390.922081,6750
1760535391.023808,6802
1760535391.124538,6323
1760535391.22527,6115
1760535391.326337,6223
1760535391.43006,5996
1760535391.53079,6552
1760535391.736242,6664
1760535391.836971,6244
1760535391.937702,6313
1760535392.038432,7078
1760535392.139163,6462
1760535392.239886,6413
1760535392.340616,6929
1760535392.441348,6432
1760535392.542809,6002
1760535392.643538,6174
1760535392.845996,6125
1760535392.845996,6125
1760535393.053443,6324
1760535393.1545,6590
1760535393.25531,6705
1760535393.357034,6389
1760535393.457764,6522
1760535393.558495,6035
1760535393.659225,6542
1760535393.759956,6155
1760535393.861685,6320
1760535393.962072,6484
1760535394.063311,6795
1760535394.164016,6484
1760535394.373454,6350
1760535394.475182,6094
1760535394.57691,6360
1760535394.678152,6835
1760535394.77988,6605
1760535394.880746,6493
1760535394.982372,6474
1760535395.083134,6460
1760535395.183878,6561
1760535395.287601,6230
1760535395.389356,5984
1760535395.490562,6600
1760535395.591293,6512
1760535395.693021,6155
1760535395.896476,6566
1760535395.997207,6432
1760535396.098936,6713
1760535396.200663,6409
1760535396.301394,6611
1760535396.403121,6635
1760535396.505513,6490
1760535396.607226,6695
1760535396.708954,6772
1760535396.810681,6055
1760535396.911412,5976
1760535397.012171,5885
1760535397.214601,7117
1760535397.315838,6835
1760535397.416569,6512
1760535397.517833,6813
1760535397.619046,6491
1760535397.720284,6519
1760535397.821015,6581
1760535397.922742,6773
1760535398.023474,6710
1760535398.124758,6427
1760535398.226487,6212
1760535398.327217,6115
1760535398.427948,6313
1760535398.530181,6064
1760535398.732337,6202
1760535398.833069,6254
1760535398.934796,6399
1760535399.035527,6363
1760535399.137287,5984
1760535399.237985,6633
1760535399.338716,6244
1760535399.439446,6264
1760535399.540201,6600
1760535399.64193,6163
1760535399.74266,6423
1760535399.843391,6671
1760535400.049839,6458
1760535400.150571,6700
1760535400.2513,6145
1760535400.352536,6519
1760535400.453271,6651
1760535400.553997,6750
1760535400.654727,6611
1760535400.755536,6090
1760535400.857299,6564
1760535400.958509,6442
1760535401.059273,6262
1760535401.264691,6360
1760535401.367415,6678
1760535401.469143,6133
1760535401.570872,6363
1760535401.671637,6073
1760535401.772359,6691
1760535401.873063,6682
1760535401.973795,6065
1760535402.075522,6389
1760535402.176255,6293
1760535402.27798,6350
1760535402.37871,6979
1760535402.47941,7209
1760535402.681379,6815
1760535402.782109,6492
1760535402.882813,6573
1760535402.983543,5857
1760535403.084273,5202
1760535403.185005,6542
1760535403.286379,6382
1760535403.388125,6270
1760535403.488884,6322
1760535403.589609,5797
1760535403.690319,6573
1760535403.791554,6529
1760535403.892286,6254
1760535404.098735,6102
1760535404.200769,6507
1760535404.3015,6204
1760535404.40223,6006
1760535404.502961,5956
1760535404.604198,6035
1760535404.704928,6115
1760535404.80566,6025
1760535404.90639,6294
1760535405.008631,6484
1760535405.109361,6740
1760535405.210091,6482
1760535405.312818,6424
1760535405.518268,6483
1760535405.620001,6723
1760535405.720726,6562
1760535405.821456,6125
1760535405.922695,6183
1760535406.023456,6103
1760535406.125182,6035
1760535406.225895,6553
1760535406.327118,6411
1760535406.427849,6631
1760535406.530575,6317
1760535406.633299,6045
1760535406.834761,6135
1760535406.935491,6303
1760535407.036357,6731
1760535407.137091,6571
1760535407.237821,6681
1760535407.338552,6075
1760535407.439791,6489
1760535407.540523,6075
1760535407.641252,6125
1760535407.741983,6641
1760535407.943444,6432
1760535408.04617,6674
1760535408.04617,6674
1760535408.25664,6548
1760535408.359362,6454
1760535408.460093,6353
1760535408.560823,6482
1760535408.661819,6208
1760535408.762547,6185
1760535408.863278,5698
1760535408.965006,5986
1760535409.065766,6014
1760535409.168218,6120
1760535409.268982,6569
1760535409.369678,5998
1760535409.57114,6303
1760535409.671878,6323
1760535409.772601,6056
1760535409.873332,5986
1760535409.97405,6185
1760535410.075698,6542
1760535410.176463,6351
1760535410.277159,6435
1760535410.378395,6084
1760535410.479127,6323
1760535410.580689,6350
1760535410.68139,6712
1760535410.782151,6311
1760535410.986571,6619
1760535411.087302,6591
1760535411.189062,6328
1760535411.28976,6395
1760535411.390491,6591
1760535411.491222,7167
1760535411.592949,6271
1760535411.69369,6472
1760535411.795409,6911
1760535411.896166,5806
1760535412.0976,6730
1760535412.198303,6424
1760535412.299034,6274
1760535412.399798,6351
1760535412.500496,6444
1760535412.601253,6361
1760535412.701957,6126
1760535412.802687,6701
1760535412.903417,6482
1760535413.004654,5956
1760535413.106383,6369
1760535413.208111,6055
1760535413.410569,7392
1760535413.512325,6466
1760535413.614025,6735
1760535413.714756,6552
1760535413.815487,6184
1760535413.916244,6292
1760535414.017344,7062
1760535414.118074,6849
1760535414.218805,5926
1760535414.319536,6095
1760535414.420772,6193
1760535414.521502,6383
1760535414.723964,6399
1760535414.825689,5839
1760535414.927099,6468
1760535415.02783,6651
1760535415.12856,6800
1760535415.22924,5909
1760535415.330983,6015
1760535415.431699,6423
1760535415.533428,6271
1760535415.634169,6154
1760535415.734888,6264
1760535415.835492,6888
1760535416.038921,6045
1760535416.139651,6075
1760535416.240409,6014
1760535416.341112,6573
1760535416.442843,6880
1760535416.544568,6094
1760535416.645298,6045
1760535416.746327,6265
1760535416.847057,6800
1760535416.947826,6867
1760535417.048557,6581
1760535417.149287,6234
1760535417.350748,5987
1760535417.452476,5544
1760535417.553206,6482
1760535417.654117,6302
1760535417.754826,6037
1760535417.856554,6379
1760535417.957285,6830
1760535418.05904,6171
1760535418.159743,5968
1760535418.260422,6515
1760535418.363148,6347
1760535418.463878,5936
1760535418.665707,6254
1760535418.767434,5888
1760535418.868193,6222
1760535418.969433,5570
1760535419.070327,5986
1760535419.171025,6008
1760535419.271756,6224
1760535419.372487,6542
1760535419.473167,6456
1760535419.574894,6478
1760535419.675625,6353
1760535419.776356,6135
1760535419.877088,5390
1760535420.082537,6641
1760535420.183268,6065
1760535420.283999,6025
1760535420.385242,6163
1760535420.486971,6492
1760535420.587701,6433
1760535420.688432,6432
1760535420.789162,6025
1760535420.890426,6083
1760535420.991129,6404
1760535421.09186,6333
1760535421.194036,6165
1760535421.294794,6629
1760535421.497225,6343
1760535421.597956,6800
1760535421.699683,5927
1760535421.800414,5916
1760535421.901144,6770
1760535422.001875,6353
1760535422.102606,6174
1760535422.203798,6700
1760535422.304529,6224
1760535422.40526,6482
1760535422.610711,6802
1760535422.71144,6869
1760535422.816161,6633
1760535422.918914,6286
1760535423.019617,6305
1760535423.120199,6183
1760535423.220926,6145
1760535423.321632,6752
1760535423.422363,6164
1760535423.523115,6391
1760535423.623825,6454
1760535423.725585,6426
1760535423.8303,6579
1760535423.932027,6075
1760535424.039795,6275
1760535424.142547,5664
1760535424.348972,6453
1760535424.451694,5987
1760535424.553421,5770
1760535424.654152,6661
1760535424.75491,7215
1760535424.858605,6133
1760535424.960333,6114
1760535425.062061,5681
1760535425.162792,6055
1760535425.263523,6115
1760535425.367244,6189
1760535425.46948,6269
1760535425.673934,6093
1760535425.775661,6183
1760535425.876392,6085
1760535425.977122,6621
1760535426.077853,6214
1760535426.178611,6004
1760535426.279347,5976
1760535426.380045,5729
1760535426.481773,5485
1760535426.582504,5638
1760535426.684737,6876
1760535426.787462,6259
1760535426.888198,6452
1760535427.091679,6820
1760535427.192405,6135
1760535427.29411,6076
1760535427.394841,6462
1760535427.4956,6500
1760535427.596302,6027
1760535427.697033,6502
1760535427.797763,6294
1760535427.898998,6173
1760535428.100407,6744
1760535428.100407,6744
1760535428.303865,6343
1760535428.405622,6033
1760535428.506346,6711
1760535428.607052,6663
1760535428.707784,6949
1760535428.808534,6183
1760535428.909244,6444
1760535429.009974,6284
1760535429.110705,6403
1760535429.211435,6919
1760535429.321143,5888
1760535429.42287,5377
1760535429.52759,5842
1760535429.629345,5719
1760535429.731046,6430
1760535429.935499,6969
1760535430.036731,6796
1760535430.138462,6585
1760535430.239221,6768
1760535430.339923,6971
1760535430.440654,7008
1760535430.541385,6442
1760535430.643112,6625
1760535430.74484,6261
1760535430.845571,6472
1760535430.947299,6704
1760535431.050055,7474
1760535431.154744,6760
1760535431.3582,7392
1760535431.45893,7415
1760535431.559661,7534
1760535431.662387,6269
1760535431.764141,6938
1760535431.864844,6782
1760535431.965576,6770
1760535432.066306,7395
1760535432.167768,6426
1760535432.268499,7306
1760535432.372235,6921
1760535432.474895,7081
1760535432.678331,7088
1760535432.780058,5966
1760535432.881786,6527
1760535432.982516,6591
1760535433.083247,6859
1760535433.183977,6294
1760535433.284708,6234
1760535433.386141,6970
1760535433.486875,6283
1760535433.587603,6472
1760535433.688334,5718
1760535433.792056,6133
1760535433.892442,5857
1760535434.098892,6532
1760535434.20062,6153
1760535434.301351,6025
1760535434.402081,6730
1760535434.503809,6438
1760535434.605045,6381
1760535434.705775,6522
1760535434.807503,5711
1760535434.909232,5976
1760535435.009962,5867
1760535435.111689,6183
1760535435.220399,6137
1760535435.423856,6419
1760535435.423856,6419
1760535435.625336,6214
1760535435.727064,6399
1760535435.829298,6252
1760535435.930027,5797
1760535436.030758,6730
1760535436.132486,6861
1760535436.233217,5936
1760535436.334799,5896
1760535436.438522,6295
1760535436.539283,6331
1760535436.640014,6403
1760535436.841475,5589
1760535436.943629,6225
1760535437.053339,6088
1760535437.154068,6552
1760535437.256492,5659
1760535437.357221,6393
1760535437.457952,5906
1760535437.559704,6427
1760535437.660411,6226
1760535437.761649,6341
1760535437.864376,6405
1760535437.966115,6133
1760535438.066818,6355
1760535438.168547,6035
1760535438.271273,6259
1760535438.374997,6269
1760535438.580447,6424
1760535438.681576,5646
1760535438.782308,6661
1760535438.883038,5966
1760535438.983769,6025
1760535439.085004,6302
1760535439.185734,6542
1760535439.286407,5910
1760535439.38714,6274
1760535439.488869,6674
1760535439.589988,5992
1760535439.691719,6192
1760535439.794442,6269
1760535439.9969,5583
1760535440.097631,6164
1760535440.200356,6269
1760535440.301114,6064
1760535440.401817,6246
1760535440.502493,5711
1760535440.60422,6084
1760535440.704951,5599
1760535440.906413,5777
1760535440.906413,5777
1760535441.109896,6401
1760535441.210549,6040
1760535441.311281,6611
1760535441.412312,6829
1760535441.513043,6472
1760535441.613773,5658
1760535441.714503,6323
1760535441.815234,5946
1760535441.915965,6125
1760535442.016695,6383
1760535442.117427,6532
1760535442.320425,5885
1760535442.422126,6214
1760535442.523856,6323
1760535442.625092,6657
1760535442.725824,5886
1760535442.826828,6138
1760535442.927559,6174
1760535443.029559,5843
1760535443.131285,6125
1760535443.233013,6134
1760535443.334741,6045
1760535443.436469,6094
1760535443.538472,6524
1760535443.746118,6295
1760535443.848621,6370
1760535443.95135,6444
1760535444.052585,6262
1760535444.156308,6639
1760535444.257037,6333
1760535444.360761,6785
1760535444.462489,5996
1760535444.563736,6518
1760535444.665496,6476
1760535444.766222,5827
1760535444.967655,6293
1760535445.068356,6375
1760535445.170086,6222
1760535445.271814,6527
1760535445.372545,6552
1760535445.473671,6308
1760535445.577394,6594
1760535445.679122,5868
1760535445.781601,6079
1760535445.888821,6248
1760535445.989551,6373
1760535446.090282,6532
1760535446.191011,6750
1760535446.291742,6343
1760535446.394468,6269
1760535446.600257,6413
1760535446.702983,6921
1760535446.804711,6202
1760535446.906437,5770
1760535447.007169,6611
1760535447.113883,6156
1760535447.215299,6754
1760535447.317131,6089
1760535447.420821,6342
1760535447.522546,6301
1760535447.624275,6442
1760535447.826734,7237
1760535447.928461,6664
1760535448.03019,6360
1760535448.131918,6183
1760535448.234643,5772
1760535448.3354,6044
1760535448.437128,6143
1760535448.537837,6623
1760535448.63957,6680
1760535448.74133,6318
1760535448.84306,6561
1760535448.945786,6259
1760535449.149241,6274
1760535449.250344,6834
1760535449.352073,6763
1760535449.455795,5917
1760535449.556525,6681
1760535449.657256,6502
1760535449.758984,7048
1760535449.860713,7038
1760535449.961443,6482
1760535450.062196,6411
1760535450.162902,6474
1760535450.265509,6247
1760535450.467967,6343
1760535450.569695,6517
1760535450.671155,6771
1760535450.772883,5878
1760535450.873644,6887
1760535450.974198,6275
1760535451.076652,5797
1760535451.178379,6438
1760535451.280614,6113
1760535451.382579,6325
1760535451.489297,5884
1760535451.590533,6430
1760535451.691285,6640
1760535451.895083,6292
1760535451.895083,6292
1760535451.997809,6812
1760535452.203765,6519
1760535452.304974,6659
1760535452.405704,5887
1760535452.506435,6363
1760535452.608164,6694
1760535452.709891,6428
1760535452.811132,6262
1760535452.912022,6284
1760535453.012756,6621
1760535453.114484,6684
1760535453.316971,6441
1760535453.316971,6441
1760535453.419668,6319
1760535453.622125,6222
1760535453.722856,6363
1760535453.824585,6133
1760535453.925316,6095
1760535454.027117,6434
1760535454.128337,6194
1760535454.229272,3507
1760535454.330003,1955
1760535454.431731,6124
1760535454.532461,6760
1760535454.736371,6103
1760535454.837594,6233
1760535454.939321,5386
1760535455.040052,6790
1760535455.142777,6259
1760535455.244506,6527
1760535455.346233,6576
1760535455.446972,5946
1760535455.547694,6503
1760535455.648453,6073
1760535455.749157,6821
1760535455.849889,6313
1760535455.954607,6132
1760535456.158572,6232
1760535456.259303,6462
1760535456.360033,6651
1760535456.461762,5996
1760535456.565484,6074
1760535456.666215,5946
1760535456.767942,6350
1760535456.868674,6075
1760535456.969403,6591
1760535457.070135,6929
1760535457.17386,6373
1760535457.274615,6242
1760535457.375317,5878
1760535457.576811,6738
1760535457.576811,6738
1760535457.781232,6716
1760535457.88296,6114
1760535457.986684,6570
1760535458.087413,6651
1760535458.189169,6525
1760535458.289873,6543
1760535458.390603,6452
1760535458.491333,5797
1760535458.593062,6303
1760535458.696676,6398
1760535458.797406,6363
1760535458.898164,6530
1760535458.999865,6696
1760535459.206314,5801
1760535459.307714,6351
1760535459.409415,6037
1760535459.511143,6645
1760535459.615862,6655
1760535459.716592,6393
1760535459.817323,6145
1760535459.918083,6173
1760535460.019781,6344
1760535460.120512,6432
1760535460.221244,6293
1760535460.424699,6483
1760535460.526454,6348
1760535460.627157,6385
1760535460.728885,6242
1760535460.829628,6660
1760535460.931344,6301
1760535461.032074,6393
1760535461.135323,6904
1760535461.237051,6251
1760535461.337781,6105
1760535461.438512,6393
1760535461.540241,6645
1760535461.641968,5554
1760535461.743696,6487
1760535461.846421,6507
1760535462.051871,6629
1760535462.154597,7359
1760535462.256325,6998
1760535462.357055,6184
1760535462.458784,6074
1760535462.560511,6173
1760535462.662242,6517
1760535462.764044,6807
1760535462.864774,6601
1760535462.965505,6472
1760535463.066235,6363
1760535463.269663,6492
1760535463.370393,6502
1760535463.471124,6522
1760535463.571854,7108
1760535463.674579,6794
1760535463.776307,6330
1760535463.877037,5976
1760535463.97777,6313
1760535464.079006,6687
1760535464.179737,6442
1760535464.281363,6161
1760535464.383078,6390
1760535464.483809,6145
1760535464.686937,6883
1760535464.787656,6552
1760535464.890382,6249
1760535464.992074,6460
1760535465.092805,6840
1760535465.19354,6353
1760535465.295267,6075
1760535465.39702,6869
1760535465.497722,6802
1760535465.598453,6115
1760535465.700181,6487
1760535465.902912,6045
1760535466.003642,6651
1760535466.104325,6674
1760535466.205055,6572
1760535466.305787,6601
1760535466.407513,6330
1760535466.509243,6674
1760535466.610733,6680
1760535466.711885,7078
1760535466.812619,5886
1760535466.913856,6134
1760535467.014655,6865
1760535467.115902,6054
1760535467.216632,6462
1760535467.421086,6428
1760535467.522813,6369
1760535467.623544,6949
1760535467.724278,6492
1760535467.826003,6606
1760535467.926733,6373
1760535468.027463,5738
1760535468.128194,6065
1760535468.228925,6651
1760535468.329656,6641
1760535468.430386,6025
1760535468.534108,5948
1760535468.738563,6075
1760535468.84029,6153
1760535468.941526,6509
1760535469.043254,5966
1760535469.146978,6382
1760535469.248705,6438
1760535469.349437,6323
1760535469.450166,6155
1760535469.550897,6075
1760535469.651628,6105
1760535469.752231,6540
1760535469.852961,6770
1760535469.953693,6293
1760535470.157148,6016
1760535470.258646,6059
1760535470.359375,6671
1760535470.461103,7067
1760535470.561833,6730
1760535470.662568,6899
1760535470.763294,6522
1760535470.864028,6343
1760535470.964755,6433
1760535471.065486,6373
1760535471.16622,6403
1760535471.26695,6889
1760535471.471403,6635
1760535471.572639,6608
1760535471.67337,6730
1760535471.7741,6611
1760535471.874831,6601
1760535471.975563,6422
1760535472.0763,6541
1760535472.177031,6631
1760535472.277762,6730
1760535472.378492,6562
1760535472.479728,6884
1760535472.598412,7047
1760535472.706122,5951
1760535472.806853,6274
1760535472.911579,6950
1760535473.213735,6764
1760535473.519953,5234
1760535473.643623,5708
1760535473.751335,6418
1760535473.854758,6207
1760535473.955489,6542
1760535474.057217,5888
1760535474.157947,6303
1760535474.258679,6403
1760535474.359409,6462
1760535474.460139,6730
1760535474.56087,6839
1760535474.661604,6214
1760535474.763332,6596
1760535474.966787,6310
1760535475.067519,6760
1760535475.169246,6419
1760535475.269976,6204
1760535475.370707,6363
1760535475.471438,7227
1760535475.572696,6488
1760535475.674423,6399
1760535475.775153,6244
1760535475.978609,6442
1760535476.081335,6123
1760535476.183062,6753
1760535476.283793,6423
1760535476.385521,5966
1760535476.489243,6605
1760535476.589974,6164
1760535476.691217,6864
1760535476.792945,5445
1760535476.893676,5916
1760535476.994407,6323
1760535477.095136,6433
1760535477.296599,6462
1760535477.296599,6462
1760535477.49969,6114
1760535477.600423,6055
1760535477.702149,6075
1760535477.803876,6920
1760535477.904607,6234
1760535478.00576,6158
1760535478.114466,6651
1760535478.216194,7117
1760535478.316924,6174
1760535478.419763,6291
1760535478.520492,6582
1760535478.623218,6142
1760535478.729447,6180
1760535478.834166,6197
1760535478.934896,6303
1760535479.142342,6687
1760535479.243072,6681
1760535479.343803,6671
1760535479.444533,6264
1760535479.545264,6264
1760535479.645995,6224
1760535479.746725,5837
1760535479.847456,6611
1760535479.948955,5842
1760535480.050681,6153
1760535480.152409,6664
1760535480.254138,6350
1760535480.360853,6451
1760535480.566303,6580
1760535480.667033,6452
1760535480.767763,6552
1760535480.868493,7018
1760535480.969224,6730
1760535481.069957,6561
1760535481.170686,6542
1760535481.271416,6363
1760535481.372146,6572
1760535481.47389,6359
1760535481.574611,6691
1760535481.677336,6327
1760535481.881395,5483
1760535481.982123,6582
1760535482.082853,6333
1760535482.184582,6556
1760535482.285312,6512
1760535482.38704,5888
1760535482.487771,6720
1760535482.588502,6204
1760535482.689232,6164
1760535482.789963,6284
1760535482.890694,6174
1760535483.09415,6458
1760535483.196875,6743
1760535483.298602,6507
1760535483.399334,5996
1760535483.500064,6343
1760535483.600795,6333
1760535483.70288,6210
1760535483.80361,6403
1760535483.904341,6214
1760535484.005076,5926
1760535484.10581,6055
1760535484.307271,5966
1760535484.409002,6703
1760535484.510727,6252
1760535484.61244,5907
1760535484.713171,6313
1760535484.814898,6330
1760535484.916625,6566
1760535485.020348,6469
1760535485.122076,6006
1760535485.222806,6581
1760535485.324534,6438
1760535485.425265,5857
1760535485.526507,6242
1760535485.627238,6184
1760535485.832688,6266
1760535485.934923,5868
1760535486.037648,6288
1760535486.139375,6487
1760535486.240106,6115
1760535486.341834,6664
1760535486.443084,6192
1760535486.544805,6773
1760535486.648529,6064
1760535486.749259,6532
1760535486.849994,6551
1760535486.950721,6552
1760535487.052449,6163
1760535487.154176,7176
1760535487.358635,6468
1760535487.459366,5996
1760535487.561095,6576
1760535487.664817,6317
1760535487.765547,6145
1760535487.866278,6373
1760535487.970998,6522
1760535488.071728,6442
1760535488.172459,6472
1760535488.273135,5919
1760535488.481579,6763
1760535488.481579,6763
1760535488.584303,5646
1760535488.687029,6502
1760535488.890484,6389
1760535488.991214,6234
1760535489.091945,6701
1760535489.192682,5936
1760535489.294409,6124
1760535489.395139,6562
1760535489.495869,6234
1760535489.597598,6379
1760535489.698383,6012
1760535489.799114,6701
1760535489.899844,5609
1760535490.101818,6114
1760535490.202549,6145
1760535490.304276,5760
1760535490.405009,6095
1760535490.505678,6794
1760535490.606412,6442
1760535490.707142,6244
1760535490.807873,6284
1760535490.913598,6719
1760535491.015833,5761
1760535491.116564,5549
1760535491.217294,6482
1760535491.318041,6660
1760535491.422775,6311
1760535491.625222,6605
1760535491.725953,6671
1760535491.826685,6512
1760535491.927414,6443
1760535492.029141,6094
1760535492.130871,6153
1760535492.231608,6114
1760535492.332835,6075
1760535492.433566,6055
1760535492.538287,6149
1760535492.747795,5681
1760535492.84953,6212
1760535492.952252,5938
1760535493.05398,6173
1760535493.15471,5946
1760535493.255814,5974
1760535493.356541,5976
1760535493.457271,6512
1760535493.558001,6413
1760535493.658732,6502
1760535493.759681,6042
1760535493.860412,6512
1760535493.961144,6284
1760535494.163481,6387
1760535494.26474,6350
1760535494.366231,6434
1760535494.466962,6591
1760535494.567705,6432
1760535494.669421,5780
1760535494.770154,6720
1760535494.870887,5946
1760535494.97162,5787
1760535495.072351,6293
1760535495.173081,6502
1760535495.274808,6350
1760535495.38154,6343
1760535495.583981,6383
1760535495.684711,6710
1760535495.785442,5936
1760535495.886175,6174
1760535495.986904,6591
1760535496.087635,6274
1760535496.188365,6433
1760535496.289099,7008
1760535496.390339,6351
1760535496.49107,6045
1760535496.5918,6085
1760535496.694531,6239
1760535496.896989,6261
1760535496.99772,6552
1760535497.098451,6482
1760535497.199181,6492
1760535497.299911,6085
1760535497.40164,6133
1760535497.50237,6125
1760535497.603101,6452
1760535497.703832,6969
1760535497.804562,6552
1760535497.905293,7257
1760535498.006025,5926
1760535498.10875,6201
1760535498.312714,6497
1760535498.413446,6015
1760535498.514175,6174
1760535498.614906,6492
1760535498.715637,6174
1760535498.816367,6492
1760535498.917098,6323
1760535499.017828,6284
1760535499.119098,6714
1760535499.219829,6313
1760535499.42129,6025
1760535499.523019,6340
1760535499.623749,6214
1760535499.724487,6432
1760535499.82522,6522
1760535499.92595,6284
1760535500.026682,6790
1760535500.127411,6721
1760535500.228143,6383
1760535500.328873,6899
1760535500.429603,6254
1760535500.530334,6045
1760535500.631065,6740
1760535500.832526,6194
1760535500.933742,6026
1760535501.034473,6452
1760535501.135172,6464
1760535501.235903,6571
1760535501.336633,6651
1760535501.437364,6601
1760535501.538099,6829
1760535501.639823,6340
1760535501.740553,6065
1760535501.841284,6125
1760535502.044741,6989
1760535502.145471,6492
1760535502.246705,6499
1760535502.349435,6635
1760535502.450162,6651
1760535502.550892,6611
1760535502.651624,6472
1760535502.753359,6723
1760535502.85409,6750
1760535502.955817,6881
1760535503.057545,7038
1760535503.158277,6581
1760535503.25938,6686
1760535503.360111,6760
1760535503.464858,5804
1760535503.670449,6025
1760535503.77118,6105
1760535503.87191,6532
1760535503.97264,6780
1760535504.073371,6383
1760535504.174129,6441
1760535504.274865,6293
1760535504.37656,5949
1760535504.477292,6025
1760535504.580017,6343
1760535504.680769,6163
1760535504.783472,6669
1760535504.88919,6131
1760535505.093644,6556
1760535505.195244,6309
1760535505.295974,6830
1760535505.396678,6494
1760535505.497758,6133
1760535505.598488,6403
1760535505.700216,6075
1760535505.80096,6630
1760535505.902674,6744
1760535506.003405,6353
1760535506.105037,5952
1760535506.205768,6988
1760535506.408266,5797
1760535506.508965,6514
1760535506.609828,6672
1760535506.710558,6482
1760535506.811261,6504
1760535506.912999,6251
1760535507.01372,6383
1760535507.11445,7058
1760535507.215181,6601
1760535507.31613,6518
1760535507.417802,6334
1760535507.51953,6743
1760535507.723,6270
1760535507.823743,6481
1760535507.924447,6573
1760535508.025178,6472
1760535508.125909,6591
1760535508.227312,6380
1760535508.328042,6482
1760535508.429771,6969
1760535508.530501,6025
1760535508.631233,6393
1760535508.83369,6534
1760535508.83369,6534
1760535508.935445,6299
1760535509.138874,7117
1760535509.239605,6204
1760535509.340336,6174
1760535509.441065,6532
1760535509.542292,6322
1760535509.642992,5968
1760535509.743722,6244
1760535509.844452,7187
1760535509.94521,6381
1760535510.047123,6907
1760535510.250549,6812
1760535510.352279,6576
1760535510.454006,6340
1760535510.555765,6407
1760535510.656491,6383
1760535510.757194,6295
1760535510.860917,6507
1760535510.962153,6598
1760535511.065903,6242
1760535511.166606,6226
1760535511.26737,6232
1760535511.368068,6415
1760535511.470793,6648
1760535511.672256,6671
1760535511.672256,6671
1760535511.874352,6244
1760535511.975082,6502
1760535512.075813,6323
1760535512.17754,6714
1760535512.27927,6163
1760535512.38051,5946
1760535512.481237,6115
1760535512.581987,6203
1760535512.682697,6126
1760535512.783833,6614
1760535512.885561,6601
1760535513.091012,6257
1760535513.19374,6522
1760535513.296966,5938
1760535513.3987,6281
1760535513.499429,6383
1760535513.600404,5932
1760535513.702098,6490
1760535513.804823,5694
1760535513.906551,6978
1760535514.007281,6542
1760535514.109009,6173
1760535514.210272,6320
1760535514.311972,6702
1760535514.520931,6145
1760535514.520931,6145
1760535514.62366,6428
1760535514.827647,6182
1760535514.928384,6631
1760535515.029684,6732
1760535515.130472,6072
1760535515.232203,6566
1760535515.332933,6055
1760535515.433909,6427
1760535515.534641,5966
1760535515.63619,6164
1760535515.737916,5740
1760535515.83918,6211
1760535515.940882,6833
1760535516.045115,6245
1760535516.248108,6221
1760535516.349312,6323
1760535516.451048,6467
1760535516.551779,6075
1760535516.653507,6193
1760535516.755237,6428
1760535516.856503,6803
1760535516.957207,6047
1760535517.159175,6244
1760535517.260414,6311
1760535517.361143,6244
1760535517.461874,6115
1760535517.562605,6512
1760535517.665329,6278
1760535517.769051,6488
1760535517.870281,6569
1760535517.971015,6571
1760535518.072305,6594
1760535518.173008,6067
1760535518.273743,6144
1760535518.47671,6279
1760535518.577441,6462
1760535518.679169,6586
1760535518.77992,6501
1760535518.880647,6840
1760535518.981379,6740
1760535519.082616,6420
1760535519.183374,5905
1760535519.284589,6342
1760535519.385401,6338
1760535519.486615,6234
1760535519.587348,6412
1760535519.688586,5956
1760535519.890553,6124
1760535519.991284,6383
1760535520.092055,6331
1760535520.192767,6751
1760535520.294061,6693
1760535520.394764,6077
1760535520.496001,6065
1760535520.596759,6123
1760535520.698075,6356
1760535520.798806,5837
1760535520.900043,6539
1760535521.003766,6713
1760535521.210719,5938
1760535521.311957,6341
1760535521.412691,5747
1760535521.513926,6262
1760535521.614684,6371
1760535521.716041,6235
1760535521.816772,6611
1760535521.918012,6380
1760535522.018775,6242
1760535522.119852,6687
1760535522.220552,6156
1760535522.322788,7169
1760535522.429501,6356
1760535522.632466,6556
1760535522.733702,6618
1760535522.834432,6432
1760535522.935676,6518
1760535523.036408,6125
1760535523.137644,5857
1760535523.238374,6194
1760535523.339105,6432
1760535523.439836,6919
1760535523.540566,6423
1760535523.641297,6423
1760535523.742055,6411
1760535523.843756,6430
1760535524.047211,6472
1760535524.14894,6596
1760535524.24967,5986
1760535524.350401,6085
1760535524.451131,6710
1760535524.552859,6458
1760535524.654619,6377
1760535524.75559,6368
1760535524.857344,6515
1760535524.958043,6554
1760535525.061766,6463
1760535525.268722,6761
1760535525.370449,6369
1760535525.47118,6184
1760535525.57191,5926
1760535525.672641,6155
1760535525.774369,6438
1760535525.875099,6125
1760535525.975858,6183
1760535526.07656,6474
1760535526.177291,6194
1760535526.279019,6537
1760535526.482966,6054
1760535526.583692,6651
1760535526.684423,5827
1760535526.785153,6790
1760535526.885884,6105
1760535526.986614,6095
1760535527.087345,6343
1760535527.188075,5916
1760535527.288807,6512
1760535527.390534,6163
1760535527.491264,6651
1760535527.594987,5929
1760535527.798944,6292
1760535527.899674,6333
1760535528.000433,6451
1760535528.101163,7147
1760535528.201866,6573
1760535528.302624,5915
1760535528.403327,5958
1760535528.504565,6104
1760535528.605617,6501
1760535528.706347,6403
1760535528.807078,6115
1760535529.011042,5860
1760535529.112279,5748
1760535529.213009,6333
1760535529.314249,5956
1760535529.41498,6581
1760535529.51622,6054
1760535529.617948,5544
1760535529.719185,6756
1760535529.82046,7168
1760535529.921187,6413
1760535530.021911,6820
1760535530.12262,6712
1760535530.224349,6006
1760535530.427241,6482
1760535530.528477,6440
1760535530.629208,6006
1760535530.730446,6232
1760535530.831177,5976
1760535530.932442,6566
1760535531.033145,6544
1760535531.134381,6193
1760535531.235111,6184
1760535531.33635,6400
1760535531.43708,5748
1760535531.538318,6222
1760535531.743806,6034
1760535531.84653,5899
1760535531.947484,6656
1760535532.048215,6542
1760535532.149478,6063
1760535532.250191,6444
1760535532.35142,6213
1760535532.453148,5986
1760535532.554385,6766
1760535532.655359,5902
1760535532.756567,5997
1760535532.857325,6540
1760535532.959025,6351
1760535533.161212,6327
1760535533.262941,5956
1760535533.364143,6284
1760535533.465885,6506
1760535533.566602,6225
1760535533.668357,6741
1760535533.769568,6372
1760535533.871328,6466
1760535533.972532,6511
1760535534.073263,6284
1760535534.174528,6675
1760535534.275233,6186
1760535534.379588,6132
1760535534.584045,5917
1760535534.684802,6441
1760535534.786446,6326
1760535534.888176,5603
1760535534.988907,5916
1760535535.089637,6105
1760535535.190875,6894
1760535535.291554,6307
1760535535.392817,6231
1760535535.493548,6432
1760535535.594762,6273
1760535535.697487,6522
1760535535.798778,6041
1760535536.003746,6337
1760535536.104509,6361
1760535536.205741,6114
1760535536.306478,6313
1760535536.407176,6057
1760535536.507906,5569
1760535536.608638,5698
1760535536.709368,5638
1760535536.810632,5875
1760535536.91137,5777
1760535537.114816,5711
1760535537.114816,5711
1760535537.220532,5902
1760535537.329241,5966
1760535537.534692,5787
1760535537.635443,5836
1760535537.736182,6273
1760535537.83791,5671
1760535537.938641,6254
1760535538.0394,6470
1760535538.140468,6490
1760535538.2412,5797
1760535538.341928,5648
1760535538.442937,6078
1760535538.547659,5672
1760535538.649387,5937
1760535538.750118,6393
1760535538.956566,6103
1760535539.058301,6300
1760535539.159031,6641
1760535539.259792,6381
1760535539.360492,6266
1760535539.461224,6542
1760535539.561954,6135
1760535539.662717,6877
1760535539.763416,6802
1760535539.864146,6661
1760535539.964882,6948
1760535540.066609,6242
1760535540.272456,6395
1760535540.374173,5947
1760535540.474936,6401
1760535540.575662,6939
1760535540.676387,6701
1760535540.777116,6184
1760535540.877942,6476
1760535540.978673,6720
1760535541.080402,6517
1760535541.181131,6403
1760535541.281862,6532
1760535541.384587,6385
1760535541.487312,6863
1760535541.590037,6487
1760535541.793464,6124
1760535541.894195,6075
1760535541.994926,5946
1760535542.095678,6749
1760535542.196387,6285
1760535542.297117,6810
1760535542.398284,6761
1760535542.499014,6353
1760535542.599746,4497
1760535542.700475,4209
1760535542.80522,5878
1760535542.906924,6046
1760535543.111377,6230
1760535543.212108,5926
1760535543.312838,5926
1760535543.414567,5829
1760535543.516294,6900
1760535543.617535,6647
1760535543.718265,6790
1760535543.818995,6959
1760535543.919726,6115
1760535544.020456,6234
1760535544.121187,6849
1760535544.224755,6493
1760535544.325485,6363
1760535544.531372,6646
1760535544.632823,6683
1760535544.733554,6760
1760535544.836279,5918
1760535544.93701,6204
1760535545.040734,6978
1760535545.141463,6075
1760535545.242198,6363
1760535545.445189,6300
1760535545.445189,6300
1760535545.647648,6546
1760535545.749371,6468
1760535545.853095,6469
1760535545.954821,6487
1760535546.055556,6442
1760535546.156286,5986
1760535546.257017,6710
1760535546.357906,6403
1760535546.458637,6631
1760535546.560364,6694
1760535546.663172,5942
1760535546.865137,6462
1760535546.966865,6733
1760535547.067779,6837
1760535547.168523,6203
1760535547.270242,6350
1760535547.371969,6841
1760535547.475692,6507
1760535547.57742,6212
1760535547.678151,6750
1760535547.778894,7236
1760535547.879612,7228
1760535547.98134,6350
1760535548.082576,7299
1760535548.284038,7822
1760535548.284038,7822
1760535548.38727,6616
1760535548.590726,7107
1760535548.691631,7066
1760535548.793359,6438
1760535548.895595,6788
1760535548.997322,6016
1760535549.099067,7184
1760535549.200793,6596
1760535549.303518,6463
1760535549.405246,6517
1760535549.506492,6706
1760535549.707955,6740
1760535549.808685,6790
1760535549.911915,6345
1760535550.012647,6234
1760535550.114375,6763
1760535550.215106,6591
1760535550.315836,6840
1760535550.416568,6700
1760535550.517331,6808
1760535550.619025,6096
1760535550.721758,6802
1760535550.824476,7106
1760535550.925207,6432
1760535551.128664,7057
1760535551.231389,6697
1760535551.333117,6438
1760535551.433848,6959
1760535551.534577,6691
1760535551.635307,7306
1760535551.738033,6532
1760535551.838763,6671
1760535551.940491,6428
1760535552.041221,6800
1760535552.145942,6324
1760535552.247182,6617
1760535552.347913,6750
1760535552.550373,6780
1760535552.550373,6780
1760535552.752831,6750
1760535552.854068,6944
1760535552.954799,7048
1760535553.056527,6655
1760535553.157265,6889
1760535553.258991,6989
1760535553.359721,6691
1760535553.461449,7217
1760535553.563177,7176
1760535553.663907,6611
1760535553.764666,6679
1760535553.966099,6174
1760535553.966099,6174
1760535554.171551,6163
1760535554.273278,6065
1760535554.375005,6701
1760535554.475736,6313
1760535554.578473,6502
1760535554.679192,6890
1760535554.779924,6174
1760535554.881652,6055
1760535554.985748,6372
1760535555.086478,6740
1760535555.18721,6353
1760535555.388671,6363
1760535555.388671,6363
1760535555.592127,6399
1760535555.69304,6540
1760535555.793774,6909
1760535555.895501,6645
1760535555.997229,6409
1760535556.100278,7394
1760535556.201009,6432
1760535556.301739,6542
1760535556.40247,6810
1760535556.503201,6651
1760535556.604928,6330
1760535556.807389,6333
1760535556.908118,6840
1760535557.008849,6492
1760535557.110576,6586
1760535557.211307,5966
1760535557.312037,6095
1760535557.41278,6283
1760535557.513498,6215
1760535557.614228,6562
1760535557.714959,6631
1760535557.81569,6730
1760535557.916927,6786
1760535558.019652,6684
1760535558.225104,6561
1760535558.32683,6409
1760535558.42856,7177
1760535558.529289,6611
1760535558.631018,6713
1760535558.732746,6596
1760535558.833476,6790
1760535558.93532,6392
1760535559.036051,6035
1760535559.138777,6114
1760535559.341235,6812
1760535559.441965,6323
1760535559.542696,6849
1760535559.643426,6184
1760535559.744157,6353
1760535559.844887,5271
1760535559.945618,5479
1760535560.046349,5857
1760535560.147081,6224
1760535560.24781,5956
1760535560.34854,6353
1760535560.450269,6537
1760535560.654722,6502
1760535560.755963,6815
1760535560.856696,5787
1760535560.957426,5956
1760535561.058157,5867
1760535561.159017,6702
1760535561.259747,6591
1760535561.36048,6730
1760535561.461211,6701
1760535561.561944,7246
1760535561.662673,6611
1760535561.763403,6859
1760535561.864133,6413
1760535562.065594,7018
1760535562.16627,6317
1760535562.267,6472
1760535562.36773,6641
1760535562.468461,5817
1760535562.569194,6532
1760535562.670919,6635
1760535562.77165,6442
1760535562.872381,6998
1760535562.974369,6765
1760535563.075097,6452
1760535563.279257,6483
1760535563.379988,6145
1760535563.480718,6452
1760535563.581447,6909
1760535563.682197,6729
1760535563.782926,6621
1760535563.891148,5932
1760535563.991878,6373
1760535564.09261,6532
1760535564.193299,6763
1760535564.297018,6765
1760535564.397747,6859
1760535564.498499,6461
1760535564.600213,6931
1760535564.700937,6602
1760535564.905417,6663
1760535565.006157,6422
1760535565.10785,6352
1760535565.20858,6929
1760535565.30977,6334
1760535565.410817,6581
1760535565.511549,6552
1760535565.61228,6393
1760535565.713022,5161
1760535565.814763,5681
1760535566.020201,6881
1760535566.122926,6210
1760535566.223684,6163
1760535566.325386,6479
1760535566.426115,6085
1760535566.526846,5966
1760535566.627577,5301
1760535566.728308,6006
1760535566.829065,6947
1760535566.929768,6871
1760535567.0305,6403
1760535567.235345,6269
1760535567.336044,6574
1760535567.436774,6095
1760535567.538043,6260
1760535567.639739,6175
1760535567.740469,6045
1760535567.841199,6472
1760535567.942929,6595
1760535568.043658,6363
1760535568.145052,6440
1760535568.246808,5709
1760535568.347511,6206
1760535568.453242,6129
1760535568.655728,6152
1760535568.756431,7020
1760535568.857162,6730
1760535568.9584,5827
1760535569.059279,5997
1760535569.159982,6424
1760535569.260714,6780
1760535569.361443,6889
1760535569.462174,6552
1760535569.562904,6691
1760535569.764366,6314
1760535569.865886,5890
1760535569.966645,6758
1760535570.067376,5976
1760535570.169132,6338
1760535570.269835,6256
1760535570.370565,6442
1760535570.471296,6601
1760535570.572048,6094
1760535570.672757,6762
1760535570.773515,6322
1760535570.874207,5919
1760535570.974906,6365
1760535571.075636,6730
1760535571.278095,6193
1760535571.378826,6284
1760535571.480261,6457
1760535571.580991,5896
1760535571.681723,6045
1760535571.782708,6218
1760535571.883439,6591
1760535571.984169,6303
1760535572.084899,6363
1760535572.18563,6512
1760535572.286362,6432
1760535572.392078,6735
1760535572.596532,6164
1760535572.697771,6035
1760535572.798528,6530
1760535572.899611,6608
1760535573.00031,6226
1760535573.10104,6442
1760535573.201771,6184
1760535573.30301,5748
1760535573.403741,6710
1760535573.50447,6433
1760535573.605202,6462
1760535573.705932,6224
1760535573.90839,6448
1760535574.009122,6025
1760535574.10988,6460
1760535574.210582,6712
1760535574.311313,5708
1760535574.412281,6249
1760535574.513296,6375
1760535574.614026,5648
1760535574.714756,6433
1760535574.815488,6502
1760535575.01994,6055
1760535575.1207,7274
1760535575.221403,6236
1760535575.322639,5808
1760535575.423877,6440
1760535575.524635,5984
1760535575.625376,6025
1760535575.727104,6173
1760535575.828831,5947
1760535575.929814,6109
1760535576.031509,6405
1760535576.132746,6805
1760535576.338196,6668
1760535576.440204,6705
1760535576.541933,5966
1760535576.64366,6704
1760535576.74439,6303
1760535576.846119,6183
1760535576.946852,6194
1760535577.049602,6111
1760535577.150307,6573
1760535577.25303,5772
1760535577.356855,6155
1760535577.459581,6025
1760535577.565298,6375
1760535577.767106,6482
1760535577.767106,6482
1760535577.969564,5817
1760535578.070295,6343
1760535578.172023,6452
1760535578.272753,5966
1760535578.374482,5986
1760535578.476209,6635
1760535578.576939,6641
1760535578.678669,5917
1760535578.780396,6115
1760535578.883366,6380
1760535578.984064,6246
1760535579.186525,6921
1760535579.186525,6921
1760535579.388981,6929
1760535579.489711,5946
1760535579.590935,6747
1760535579.691666,6343
1760535579.793395,6527
1760535579.896119,6522
1760535579.996851,5896
1760535580.098091,5877
1760535580.199819,6438
1760535580.301547,6428
1760535580.402278,6373
1760535580.605733,5917
1760535580.707461,6222
1760535580.808192,6492
1760535580.908923,5698
1760535581.010299,6678
1760535581.11105,6421
1760535581.211759,6047
1760535581.312491,6820
1760535581.413256,6797
1760535581.513951,6018
1760535581.614683,6353
1760535581.71641,6487
1760535581.819644,6412
1760535582.021076,6700
1760535582.122804,6035
1760535582.223559,6262
1760535582.325262,5997
1760535582.425993,6691
1760535582.527721,6546
1760535582.628452,6115
1760535582.72929,6386
1760535582.829993,6881
1760535582.930723,6035
1760535583.031454,6552
1760535583.132186,6204
1760535583.334644,6611
1760535583.436372,5996
1760535583.536953,6601
1760535583.637686,6154
1760535583.738444,6242
1760535583.839175,6154
1760535583.939899,6403
1760535584.040608,6752
1760535584.141338,6085
1760535584.24207,6571
1760535584.343797,6871
1760535584.444558,6391
1760535584.546772,6545
1760535584.750239,6462
1760535584.851955,6439
1760535584.952686,6532
1760535585.053417,6571
1760535585.154147,6035
1760535585.258867,6084
1760535585.360595,6615
1760535585.461326,6552
1760535585.562056,6373
1760535585.662786,6810
1760535585.763517,6512
1760535585.864753,6637
1760535586.068184,6017
1760535586.170177,6225
1760535586.270908,6254
1760535586.371638,6542
1760535586.472368,6293
1760535586.5731,6681
1760535586.67383,6343
1760535586.775558,6251
1760535586.876289,6363
1760535586.977019,6691
1760535587.07775,6661
1760535587.178481,6313
1760535587.383594,7038
1760535587.484563,7111
1760535587.585295,6780
1760535587.686025,6810
1760535587.787165,6673
1760535587.888897,6802
1760535587.989627,6254
1760535588.090357,6879
1760535588.191851,6847
1760535588.292581,6939
1760535588.393312,6959
1760535588.494043,6720
1760535588.595771,6438
1760535588.800224,6134
1760535588.900955,6522
1760535589.001686,6383
1760535589.102417,6701
1760535589.203147,6879
1760535589.303877,6482
1760535589.404608,6611
1760535589.50534,6889
1760535589.607069,6881
1760535589.708581,6491
1760535589.809306,6403
1760535590.011911,6418
1760535590.112641,6651
1760535590.213408,7194
1760535590.314138,4695
1760535590.414871,4030
1760535590.5156,4914
1760535590.616331,5986
1760535590.717799,6622
1760535590.818506,6613
1760535590.919944,6368
1760535591.020696,6739
1760535591.121433,6353
1760535591.32313,7150
1760535591.424372,7003
1760535591.525104,6522
1760535591.625833,6830
1760535591.727076,6518
1760535591.827807,6988
1760535591.929535,6487
1760535592.030267,6571
1760535592.131995,6625
1760535592.233721,6291
1760535592.334452,7177
1760535592.43679,6771
1760535592.540514,6845
1760535592.642239,6193
1760535592.846693,7097
1760535592.948442,6948
1760535593.049152,6692
1760535593.150879,6969
1760535593.251498,6410
1760535593.352228,6502
1760535593.453513,6466
1760535593.554243,6591
1760535593.654973,6562
1760535593.756703,6468
1760535593.864428,6886
1760535594.065874,6633
1760535594.065874,6633
1760535594.268611,6419
1760535594.370365,6505
1760535594.471101,6204
1760535594.571801,6534
1760535594.674524,6512
1760535594.778247,6854
1760535594.880973,7174
1760535594.9827,6625
1760535595.083431,6244
1760535595.184162,6512
1760535595.284892,6641
1760535595.386163,6072
1760535595.489641,6245
1760535595.592366,6631
1760535595.79525,6333
1760535595.895982,6800
1760535595.997266,6427
1760535596.098994,6323
1760535596.199745,6104
1760535596.300963,6915
1760535596.401693,6373
1760535596.502932,6400
1760535596.604168,6173
1760535596.7049,6849
1760535596.806626,6664
1760535597.01108,6468
1760535597.11181,6174
1760535597.212541,6423
1760535597.313293,6719
1760535597.414234,6310
1760535597.514997,6708
1760535597.615695,6911
1760535597.716426,5996
1760535597.817664,6440
1760535597.92039,6448
1760535598.021119,6522
1760535598.12185,6214
1760535598.223115,6004
1760535598.426571,6743
1760535598.527339,6807
1760535598.628069,6800
1760535598.728799,6214
1760535598.829559,5984
1760535598.930291,6105
1760535599.031021,6661
1760535599.131848,6089
1760535599.232548,6554
1760535599.33328,6284
1760535599.434056,6162
1760535599.53477,5917
1760535599.737233,5976
1760535599.83799,6461
1760535599.939201,6096
1760535600.040257,6412
1760535600.141985,6143
1760535600.242715,6671
1760535600.343446,6621
1760535600.444682,6331
1760535600.545413,6095
1760535600.646144,6403
1760535600.746874,6492
1760535600.847604,6145
1760535600.949053,6426
1760535601.154476,5986
1760535601.255207,6601
1760535601.360924,6598
1760535601.461654,6284
1760535601.562385,6452
1760535601.663161,6459
1760535601.764856,6725
1760535601.865573,6612
1760535601.966305,6462
1760535602.167765,6323
1760535602.269001,6183
1760535602.369731,6472
1760535602.470462,6353
1760535602.571193,5996
1760535602.671923,6701
1760535602.773451,6106
1760535602.874181,5867
1760535602.974913,6184
1760535603.075643,6184
1760535603.176373,6035
1760535603.277104,6661
1760535603.48455,6606
1760535603.586277,6429
1760535603.687378,6528
1760535603.788113,6879
1760535603.889836,6399
1760535603.990568,6333
1760535604.091298,6611
1760535604.192028,6691
1760535604.293757,6202
1760535604.394487,6512
1760535604.495217,5976
1760535604.596076,6742
1760535604.696807,6452
1760535604.798535,6478
1760535604.902257,6045
1760535605.10671,6714
1760535605.208438,6802
1760535605.309169,6452
1760535605.410897,6281
1760535605.512136,6133
1760535605.613862,6448
1760535605.715592,6760
1760535605.818762,6629
1760535605.920494,6566
1760535606.021225,6512
1760535606.121955,6472
1760535606.225255,6340
1760535606.557366,6253
1760535606.823166,4455
1760535607.166754,4348
1760535607.686872,4387
1760535608.18155,5824
1760535608.441853,5208
1760535608.441853,5208
1760535608.564523,5127
1760535608.665258,5956
1760535608.76599,6194
1760535608.866719,6770
1760535608.967451,5628
1760535609.071173,6170
1760535609.174896,6044
1760535609.377419,6026
1760535609.47815,6820
1760535609.578881,6333
1760535609.679639,6838
1760535609.780342,6345
1760535609.881074,6323
1760535609.981803,6810
1760535610.082997,6680
1760535610.183728,6293
1760535610.284464,6333
1760535610.385194,6055
1760535610.586655,6333
1760535610.687386,6135
1760535610.789116,6293
1760535610.890841,6271
1760535610.99257,6432
1760535611.0933,5996
1760535611.194541,6291
1760535611.296265,7186
1760535611.401985,6292
1760535611.506706,6298
1760535611.60943,6882
1760535611.710161,6423
1760535611.810892,6591
1760535611.913088,6252
1760535612.11754,6714
1760535612.218271,6760
1760535612.319003,6393
1760535612.419732,5976
1760535612.520463,6224
1760535612.621193,5609
1760535612.721924,5440
1760535612.822647,6572
1760535612.923377,6542
1760535613.024107,6532
1760535613.12486,6362
1760535613.22557,6404
1760535613.42703,6115
1760535613.527763,6323
1760535613.630488,6600
1760535613.731217,6909
1760535613.831947,6681
1760535613.932678,6145
1760535614.033408,6442
1760535614.13414,6293
1760535614.23487,6442
1760535614.3356,7078
1760535614.43633,5996
1760535614.537063,6532
1760535614.640785,6083
1760535614.845753,6578
1760535614.948475,6269
1760535615.049205,6512
1760535615.149934,6413
1760535615.250665,6859
1760535615.351396,6581
1760535615.452126,6889
1760535615.552858,6423
1760535615.653588,6869
1760535615.754837,6607
1760535615.856556,6930
1760535615.958284,6360
1760535616.159896,6988
1760535616.26057,6784
1760535616.3613,6581
1760535616.462031,6790
1760535616.562762,6343
1760535616.663506,6134
1760535616.764222,6523
1760535616.864953,6194
1760535616.965684,6462
1760535617.066414,6840
1760535617.167145,6204
1760535617.267841,5700
1760535617.473292,6360
1760535617.575047,6771
1760535617.676255,6659
1760535617.776985,7108
1760535617.877737,6630
1760535617.978474,6422
1760535618.079177,6583
1760535618.179908,6184
1760535618.28066,6292
1760535618.381372,6523
1760535618.483609,6459
1760535618.58434,6730
1760535618.685069,6254
1760535618.893512,6434
1760535618.994242,6214
1760535619.094973,4755
1760535619.195704,4497
1760535619.296435,5847
1760535619.398047,6377
1760535619.498778,6929
1760535619.599514,6095
1760535619.700249,6333
1760535619.800978,5897
1760535620.003436,5668
1760535620.104195,6441
1760535620.205927,6005
1760535620.307405,6296
1760535620.408134,5867
1760535620.508864,6353
1760535620.609595,7118
1760535620.710126,6117
1760535620.811856,5747
1760535620.913584,6468
1760535621.117039,6242
1760535621.117039,6242
1760535621.218772,6271
1760535621.420233,6234
1760535621.520964,6353
1760535621.621694,6353
1760535621.722424,7118
1760535621.823157,6204
1760535621.923887,5847
1760535622.025615,6330
1760535622.127343,6135
1760535622.228073,6313
1760535622.329801,6330
1760535622.536756,7121
1760535622.536756,7121
1760535622.739213,6353
1760535622.839943,6601
1760535622.940675,6363
1760535623.041405,6383
1760535623.144131,6232
1760535623.24486,6443
1760535623.346589,5740
1760535623.447829,6519
1760535623.548561,6313
1760535623.64929,6105
1760535623.75002,6681
1760535623.957472,6391
1760535623.957472,6391
1760535624.159924,6264
1760535624.262535,6276
1760535624.36426,6214
1760535624.467981,6594
1760535624.568714,6293
1760535624.676425,6471
1760535624.778152,6301
1760535624.879271,6368
1760535624.980999,5996
1760535625.08173,6383
1760535625.182461,5877
1760535625.283192,6571
1760535625.487645,6173
1760535625.588376,6313
1760535625.689106,7147
1760535625.790259,6455
1760535625.89099,6383
1760535625.99203,6660
1760535626.093758,6881
1760535626.195992,6132
1760535626.296723,6353
1760535626.398265,5958
1760535626.499346,6638
1760535626.601072,7088
1760535626.704795,6208
1760535626.909248,6212
1760535627.009979,7028
1760535627.110709,6016
1760535627.21144,6274
1760535627.31217,5847
1760535627.412903,6502
1760535627.513632,6383
1760535627.616357,6389
1760535627.717087,7018
1760535627.818154,6500
1760535627.919886,6753
1760535628.020617,6423
1760535628.223069,6055
1760535628.324799,6242
1760535628.427525,6308
1760535628.528255,6155
1760535628.631978,6600
1760535628.732709,6512
1760535628.833439,6701
1760535628.93417,6720
1760535629.034901,6651
1760535629.136398,6827
1760535629.237128,6363
1760535629.337859,6006
1760535629.540317,6497
1760535629.641048,6641
1760535629.742776,6714
1760535629.844504,6333
1760535629.946232,6487
1760535630.046963,5906
1760535630.148691,6232
1760535630.249421,6591
1760535630.35115,5730
1760535630.452877,6222
1760535630.554605,6183
1760535630.655335,6472
1760535630.857794,6625
1760535630.857794,6625
1760535631.06125,6487
1760535631.162491,6410
1760535631.264224,6694
1760535631.365951,6271
1760535631.466682,6135
1760535631.56841,5829
1760535631.669141,6571
1760535631.770868,5947
1760535631.872596,6645
1760535632.076052,6104
1760535632.076052,6104
1760535632.279508,6074
1760535632.380567,6214
1760535632.481302,6680
1760535632.584027,5879
1760535632.685754,6232
1760535632.787489,6595
1760535632.888217,7187
1760535632.989454,6292
1760535633.091182,6601
1760535633.191913,6413
1760535633.300622,6849
1760535633.50308,6949
1760535633.603812,6929
1760535633.704543,6581
1760535633.805272,6472
1760535633.907001,7048
1760535634.008727,6566
1760535634.10946,6115
1760535634.212184,6230
1760535634.312941,6193
1760535634.413645,6702
1760535634.514376,6621
1760535634.615106,6026
1760535634.715837,6591
1760535634.918296,6094
1760535635.020023,7067
1760535635.121752,6183
1760535635.222989,7102
1760535635.332696,6417
1760535635.434423,5839
1760535635.537575,6543
1760535635.639303,6330
1760535635.740033,6294
1760535635.840763,6393
1760535635.941495,6651
1760535636.043222,6271
1760535636.143953,6303
1760535636.346411,6572
1760535636.346411,6572
1760535636.549375,6909
1760535636.655792,6502
1760535636.757519,6330
1760535636.858249,6274
1760535636.95898,6214
1760535637.05971,6085
1760535637.160951,6568
1760535637.262679,6428
1760535637.36341,7088
1760535637.464141,6293
1760535637.565204,6075
1760535637.766666,6730
1760535637.766666,6730
1760535637.972116,6662
1760535638.074005,6408
1760535638.175797,6975
1760535638.276529,6611
1760535638.37726,6105
1760535638.477991,6949
1760535638.578721,6035
1760535638.679452,6184
1760535638.780182,6234
1760535638.880917,6293
1760535638.982649,6084
1760535639.085374,6950
1760535639.287339,6233
1760535639.389067,6350
1760535639.489799,6095
1760535639.591527,7097
1760535639.692256,7088
1760535639.793984,6763
1760535639.894715,6770
1760535639.995445,6025
1760535640.096176,6194
1760535640.196907,6611
1760535640.297637,6284
1760535640.398878,6193
1760535640.602333,6434
1760535640.705548,6084
1760535640.807275,6340
1760535640.908005,6770
1760535641.008736,6294
1760535641.109467,6691
1760535641.210202,6194
1760535641.310928,6403
1760535641.412167,6124
1760535641.513898,6723
1760535641.615834,6680
1760535641.717561,6458
1760535641.820287,6405
1760535641.926004,6782
1760535642.131961,6448
1760535642.233687,6507
1760535642.334417,6274
1760535642.435148,6294
1760535642.536525,6066
1760535642.637259,6085
1760535642.737989,5777
1760535642.838719,6333
1760535642.93945,6810
1760535643.040181,6651
1760535643.14191,6320
1760535643.243152,6123
1760535643.343883,6323
1760535643.549333,6507
1760535643.651061,6360
1760535643.751791,6343
1760535643.852522,6333
1760535643.953253,6065
1760535644.053983,6502
1760535644.154714,6631
1760535644.255447,6879
1760535644.356175,6572
1760535644.456906,7008
1760535644.557637,6293
1760535644.659365,6153
1760535644.863279,6566
1760535644.966004,6288
1760535645.066735,6264
1760535645.168462,6301
1760535645.269193,5420
1760535645.369923,6522
1760535645.470654,6194
1760535645.571386,6591
1760535645.672115,5877
1760535645.772845,6423
1760535645.873576,6552
1760535645.974309,6303
1760535646.077033,6025
1760535646.284477,6314
1760535646.385189,6861
1760535646.485912,6840
1760535646.586644,5986
1760535646.687374,6303
1760535646.789102,6507
1760535646.889832,6780
1760535646.990563,6552
1760535647.091511,6221
1760535647.193239,6701
1760535647.29397,6532
1760535647.503409,6579
1760535647.605137,6458
1760535647.706865,6458
1760535647.807597,6472
1760535647.908327,6155
1760535648.00927,6696
1760535648.110001,7117
1760535648.211244,6528
1760535648.312972,7316
1760535648.413703,6383
1760535648.615164,6174
1760535648.715895,6343
1760535648.817624,6065
1760535648.919355,6241
1760535649.020085,5847
1760535649.120815,6720
1760535649.221546,5916
1760535649.322278,6472
1760535649.423009,6691
1760535649.523738,6105
1760535649.62447,6264
1760535649.730186,6432
1760535649.934952,6442
1760535650.035683,6611
1760535650.138409,6615
1760535650.239139,6869
1760535650.339869,5728
1760535650.4406,6254
1760535650.541332,6363
1760535650.642061,6204
1760535650.743789,5907
1760535650.84452,6571
1760535651.04698,6482
1760535651.148707,5386
1760535651.249437,6254
1760535651.350168,5976
1760535651.450899,6105
1760535651.551629,6671
1760535651.652867,6351
1760535651.753609,5509
1760535651.855326,5810
1760535651.956056,6194
1760535652.057784,6045
1760535652.158515,5708
1760535652.259246,5797
1760535652.460707,6184
1760535652.561437,6075
1760535652.662169,5777
1760535652.762898,6780
1760535652.863629,7127
1760535652.964864,6875
1760535653.065595,6224
1760535653.166353,6421
1760535653.267056,6474
1760535653.367787,6661
1760535653.468519,6760
1760535653.569253,6671
1760535653.670977,6448
1760535653.7747,6035
1760535653.979151,6576
1760535654.079882,6909
1760535654.180613,7137
1760535654.281344,6333
1760535654.382588,6113
1760535654.483319,6025
1760535654.585047,6605
1760535654.685777,6433
1760535654.786876,6350
1760535654.888601,6782
1760535654.989329,6085
1760535655.191788,6094
1760535655.293517,6320
1760535655.394268,6034
1760535655.495975,7256
1760535655.596706,6383
1760535655.697944,6835
1760535655.798674,6373
1760535655.900401,6655
1760535656.001132,6701
1760535656.101864,6671
1760535656.202593,6452
1760535656.304322,6419
1760535656.506783,6452
1760535656.607538,6074
1760535656.708241,6514
1760535656.808972,7386
1760535656.909702,6740
1760535657.010433,6591
1760535657.111164,5350
1760535657.211895,1508
1760535657.312625,1965
1760535657.413355,1995
1760535657.514289,4161
1760535657.615019,5013
1760535657.81648,6591
1760535657.918207,6045
1760535658.018938,6661
1760535658.120174,6203
1760535658.221623,6919
1760535658.322354,6055
1760535658.423084,6433
1760535658.523815,6403
1760535658.725298,6014
1760535658.827029,6438
1760535658.928756,6183
1760535659.029486,6631
1760535659.13321,6748
1760535659.234937,6497
1760535659.336067,6654
1760535659.436797,6363
1760535659.537529,6244
1760535659.638551,6028
1760535659.739255,6553
1760535659.840012,6391
1760535659.940715,6633
1760535660.142176,6720
1760535660.142176,6720
1760535660.243905,6645
1760535660.44736,6763
1760535660.550417,6421
1760535660.651148,5926
1760535660.754355,6520
1760535660.855085,6820
1760535660.956814,6546
1760535661.058541,6753
1760535661.159272,6988
1760535661.261997,6668
1760535661.364723,6417
1760535661.466995,6776
1760535661.567994,6950
1760535661.775442,6873
1760535661.878168,6979
1760535661.980893,6230
1760535662.082621,6242
1760535662.183352,6750
1760535662.284082,6105
1760535662.385811,6310
1760535662.488535,6337
1760535662.592259,6320
1760535662.693493,6618
1760535662.797219,6239
1760535662.897949,6472
1760535662.99868,6343
1760535663.099494,6526
1760535663.202223,6821
1760535663.40867,6690
1760535663.510398,6399
1760535663.611128,6701
1760535663.71186,6502
1760535663.815582,6787
1760535663.916312,6085
1760535664.017043,6353
1760535664.117795,6213
1760535664.218588,6032
1760535664.319291,6504
1760535664.420051,6490
1760535664.623478,6373
1760535664.7242,6651
1760535664.825921,6979
1760535664.927648,6615
1760535665.029377,5858
1760535665.130662,6170
1760535665.232394,6184
1760535665.333141,7007
1760535665.433854,6166
1760535665.53658,6794
1760535665.639304,6979
1760535665.740035,6174
1760535665.855726,6551
1760535665.956456,6423
1760535666.057186,6462
1760535666.158914,6694
1760535666.36188,6369
1760535666.46261,6294
1760535666.56334,6989
1760535666.664072,6740
1760535666.764802,6303
1760535666.865532,6343
1760535666.966371,6356
1760535667.067071,7050
1760535667.168799,6143
1760535667.271524,6668
1760535667.372254,7217
1760535667.473984,6841
1760535667.578703,6569
1760535667.786148,6674
1760535667.887875,6369
1760535667.988633,6649
1760535668.089358,6264
1760535668.190067,6543
1760535668.290799,6691
1760535668.391556,6709
1760535668.492283,6095
1760535668.593018,6651
1760535668.693744,6542
1760535668.794669,6519
1760535668.898394,6015
1760535669.106836,6332
1760535669.207589,6620
1760535669.308297,6762
1760535669.409063,6083
1760535669.510299,6153
1760535669.612026,6183
1760535669.712757,6274
1760535669.813488,5966
1760535669.914218,6919
1760535670.014949,6740
1760535670.116204,6616
1760535670.216935,6393
1760535670.318667,6713
1760535670.422385,6382
1760535670.531095,6126
1760535670.734551,6143
1760535670.837275,6162
1760535670.939004,6301
1760535671.039755,6590
1760535671.140465,6086
1760535671.242192,6546
1760535671.343921,6045
1760535671.444652,6204
1760535671.546379,6930
1760535671.747841,6045
1760535671.852561,6093
1760535671.953292,5867
1760535672.055019,6261
1760535672.155749,6601
1760535672.25648,6363
1760535672.358208,6497
1760535672.458939,6234
1760535672.560178,6855
1760535672.660943,6877
1760535672.76164,6852
1760535672.862371,6561
1760535672.964099,6094
1760535673.064856,6550
1760535673.168552,6702
1760535673.373005,6370
1760535673.473752,5995
1760535673.575463,6341
1760535673.676194,6462
1760535673.776925,6234
1760535673.877655,6363
1760535673.979384,6389
1760535674.080146,6500
1760535674.180899,6481
1760535674.382361,6502
1760535674.382361,6502
1760535674.484089,6320
1760535674.687544,6517
1760535674.788276,6413
1760535674.889006,6482
1760535674.989736,6562
1760535675.09093,6502
1760535675.19166,6194
1760535675.293388,6094
1760535675.39412,6264
1760535675.494849,6085
1760535675.595579,6085
1760535675.797041,6621
1760535675.898796,6456
1760535676.000012,6797
1760535676.101761,6054
1760535676.20347,6351
1760535676.305196,6271
1760535676.405927,6671
1760535676.507691,6033
1760535676.617362,6492
1760535676.71909,6625
1760535676.822812,6317
1760535676.924758,6670
1760535677.025456,6444
1760535677.126187,6671
1760535677.228914,6601
1760535677.331638,6405
1760535677.536091,6153
1760535677.637819,6733
1760535677.738577,6927
1760535677.83928,6752
1760535677.94001,6661
1760535678.041277,6398
1760535678.141976,6703
1760535678.243732,6495
1760535678.344434,6613
1760535678.445165,6542
1760535678.546124,6854
1760535678.65284,6793
1760535678.755084,6171
1760535678.95754,6153
1760535679.05927,6065
1760535679.160028,6242
1760535679.261509,6897
1760535679.362238,6016
1760535679.46297,6264
1760535679.563723,6530
1760535679.664431,6652
1760535679.865892,6303
1760535679.865892,6303
1760535679.96762,6320
1760535680.173499,6083
1760535680.27423,7098
1760535680.37496,6840
1760535680.475661,6236
1760535680.577389,6694
1760535680.678532,6653
1760535680.780286,6584
1760535680.882985,6903
1760535680.984219,5946
1760535681.084951,6522
1760535681.185709,6014
1760535681.28692,7153
1760535681.392641,5890
1760535681.498359,6130
1760535681.702211,6399
1760535681.803362,6604
1760535681.904092,6313
1760535682.004823,6164
1760535682.106552,6320
1760535682.207282,6284
1760535682.308012,6462
1760535682.408764,6759
1760535682.509474,6950
1760535682.611201,6664
1760535682.715922,6121
1760535682.817348,5718
1760535683.020803,6538
1760535683.121534,6750
1760535683.222288,6371
1760535683.323011,6423
1760535683.423742,6671
1760535683.524499,6738
1760535683.625204,6077
1760535683.726061,6266
1760535683.826791,6542
1760535683.927522,6442
1760535684.028253,6184
1760535684.131975,6281
1760535684.234701,6123
1760535684.439154,6591
1760535684.540882,6507
1760535684.641613,6413
1760535684.742343,6164
1760535684.843106,6222
1760535684.943808,6504
1760535685.045041,6272
1760535685.145771,6651
1760535685.246502,6452
1760535685.347232,6512
1760535685.549937,6089
1760535685.549937,6089
1760535685.754391,6463
1760535685.856117,6527
1760535685.962341,6373
1760535686.064068,6458
1760535686.165797,6879
1760535686.266527,6194
1760535686.367258,6601
1760535686.467988,5887
1760535686.56872,6184
1760535686.66945,6393
1760535686.77018,6780
1760535686.871417,6114
1760535686.972148,6383
1760535687.075554,6343
1760535687.281499,6317
1760535687.383226,6261
1760535687.483957,6204
1760535687.584688,6184
1760535687.68525,6344
1760535687.785981,6532
1760535687.887708,6428
1760535687.988467,6421
1760535688.089192,5728
1760535688.192893,5814
1760535688.294103,6936
1760535688.395831,6442
1760535688.497558,6094
1760535688.701035,5847
1760535688.801744,6513
1760535688.903473,6527
1760535689.006198,6463
1760535689.107958,6161
1760535689.209416,7165
1760535689.310147,6869
1760535689.410877,6671
1760535689.512605,6360
1760535689.613336,5638
1760535689.715091,6830
1760535689.820628,6348
1760535689.92136,6780
1760535690.124815,6566
1760535690.225546,6403
1760535690.326303,6272
1760535690.427007,6841
1760535690.528242,6262
1760535690.637949,6632
1760535690.739676,6507
1760535690.840912,6776
1760535690.942726,6285
1760535691.044342,5884
1760535691.145073,6472
1760535691.24968,6529
1760535691.352405,6658
1760535691.55586,6704
1760535691.658586,6163
1760535691.760313,6379
1760535691.861053,5945
1760535691.961812,6401
1760535692.062542,6998
1760535692.163274,6393
1760535692.263976,6732
1760535692.364707,6869
1760535692.465438,6621
1760535692.667896,6173
1760535692.667896,6173
1760535692.770724,5844
1760535692.972971,5129
1760535693.0747,6271
1760535693.176396,6067
1760535693.278125,6556
1760535693.379851,6478
1760535693.481606,7105
1760535693.58231,6663
1760535693.683041,6562
1760535693.783772,6323
1760535693.884502,6274
1760535693.985232,6661
1760535694.086961,6163
1760535694.188716,6476
1760535694.392648,6621
1760535694.49338,6154
1760535694.594119,6889
1760535694.69485,6145
1760535694.79558,6095
1760535694.896311,6403
1760535694.998039,6383
1760535695.098929,6482
1760535695.199663,6720
1760535695.303385,6372
1760535695.505666,7299
1760535695.505666,7299
1760535695.607397,6949
1760535695.809856,6352
1760535695.910586,6393
1760535696.012314,6507
1760535696.113045,6164
1760535696.213775,6423
1760535696.314506,6949
1760535696.415259,6491
1760535696.51599,6125
1760535696.718448,5906
1760535696.820177,6615
1760535696.923049,6464
1760535697.024289,6588
1760535697.125526,6213
1760535697.226257,6085
1760535697.326987,7058
1760535697.428714,6507
1760535697.529445,7306
1760535697.631173,6714
1760535697.734896,7117
1760535697.938351,6546
1760535698.04008,6419
1760535698.14081,6611
1760535698.241541,6571
1760535698.344266,6376
1760535698.445993,6055
1760535698.547722,6605
1760535698.64945,5652
1760535698.75018,6105
1760535698.850911,5956
1760535698.953636,6259
1760535699.055363,6478
1760535699.156094,6601
1760535699.361119,5519
1760535699.461848,5946
1760535699.564584,6135
1760535699.665304,6463
1760535699.768138,6441
1760535699.869867,6025
1760535699.971595,6095
1760535700.072731,6248
1760535700.17443,6401
1760535700.276159,6261
1760535700.376916,6203
1760535700.47762,6563
1760535700.580859,6386
1760535700.782319,6959
1760535700.782319,6959
1760535700.984286,6499
1760535701.086012,6438
1760535701.186716,6365
1760535701.287486,6976
1760535701.388974,6828
1760535701.489705,6432
1760535701.591455,6859
1760535701.693234,6479
1760535701.79496,6183
1760535701.895691,6293
1760535701.996421,6323
1760535702.107126,6891
1760535702.208853,6537
1760535702.412319,6561
1760535702.51305,6998
1760535702.613807,6113
1760535702.71451,6345
1760535702.815241,5986
1760535702.916475,6460
1760535703.017207,5886
1760535703.118968,6417
1760535703.219664,6534
1760535703.320425,6232
1760535703.422123,6332
1760535703.522881,6421
1760535703.726311,6084
1760535703.82755,6163
1760535703.928281,6532
1760535704.029011,6482
1760535704.129764,6044
1760535704.231132,7063
1760535704.332241,6458
1760535704.433936,6519
1760535704.534813,6265
1760535704.635709,6125
1760535704.736439,7068
1760535704.837169,6303
1760535704.9379,6740
1760535705.13939,6788
1760535705.24012,6323
1760535705.340914,6428
1760535705.442891,6815
1760535705.544641,6427
1760535705.645372,6095
1760535705.746101,6383
1760535705.847829,5947
1760535705.949557,5927
1760535706.050288,5817
1760535706.152043,6456
1760535706.255739,6796
1760535706.461189,6512
1760535706.564911,6430
1760535706.665642,6720
1760535706.766373,5748
1760535706.867104,6274
1760535706.967835,6025
1760535707.068565,6601
1760535707.169295,6343
1760535707.271023,6399
1760535707.372128,6369
1760535707.472859,6174
1760535707.574587,5593
1760535707.675318,5956
1760535707.779041,6392
1760535707.984491,6655
1760535708.086219,6320
1760535708.186949,6780
1760535708.288269,6336
1760535708.388999,6750
1760535708.490728,6163
1760535708.591481,6322
1760535708.692189,6245
1760535708.79292,7127
1760535708.89365,6889
1760535708.995378,6124
1760535709.096135,6451
1760535709.300562,6804
1760535709.401293,6661
1760535709.502023,6115
1760535709.602754,6442
1760535709.703484,6671
1760535709.804214,6155
1760535709.904945,6234
1760535710.005806,6127
1760535710.106539,5708
1760535710.207269,6055
1760535710.308,6383
1760535710.509463,5807
1760535710.611189,6517
1760535710.71192,5857
1760535710.812651,6413
1760535710.913381,6770
1760535711.014112,6006
1760535711.114842,6254
1760535711.215573,6115
1760535711.316303,6363
1760535711.417034,6631
1760535711.517765,6363
1760535711.618495,5877
1760535711.719253,6272
1760535711.921685,6212
1760535712.022417,6184
1760535712.123146,6770
1760535712.223878,6830
1760535712.324607,6631
1760535712.425337,6194
1760535712.526068,6611
1760535712.626799,6164
1760535712.72753,6115
1760535712.828418,6928
1760535713.029879,6711
1760535713.131115,6746
1760535713.232846,6045
1760535713.333604,6351
1760535713.434307,6097
1760535713.535038,6621
1760535713.635791,6778
1760535713.736494,6067
1760535713.837225,6423
1760535713.937956,6174
1760535714.038691,6234
1760535714.142409,6133
1760535714.243161,5994
1760535714.446742,6074
1760535714.548469,6242
1760535714.6492,6869
1760535714.74993,6949
1760535714.850665,6422
1760535714.952389,5731
1760535715.054118,6691
1760535715.155845,6841
1760535715.256637,6696
1760535715.358364,6546
1760535715.459094,6671
1760535715.559829,5717
1760535715.663552,6555
1760535715.767275,6366
1760535715.974721,6482
1760535716.076448,6625
1760535716.178176,6527
1760535716.278907,6472
1760535716.381632,6473
1760535716.482363,5896
1760535716.583093,6224
1760535716.683824,6969
1760535716.784555,7078
1760535716.885314,6609
1760535716.986045,6383
1760535717.086776,6413
1760535717.187506,7197
1760535717.291244,6593
1760535717.495861,5845
1760535717.596592,6204
1760535717.697828,6173
1760535717.798558,6433
1760535717.900287,6487
1760535718.001255,6705
1760535718.101987,6393
1760535718.202717,6442
1760535718.303451,6015
1760535718.40418,6065
1760535718.504911,6006
1760535718.708367,6294
1760535718.809098,6720
1760535718.909828,5986
1760535719.01056,6154
1760535719.11129,6581
1760535719.21202,6572
1760535719.312751,5966
1760535719.413482,6244
1760535719.514213,6145
1760535719.614943,6562
1760535719.715673,6552
1760535719.918787,6036
1760535719.918787,6036
1760535720.129224,5976
1760535720.230952,6104
1760535720.331683,6194
1760535720.432413,6363
1760535720.533144,6442
1760535720.633874,6661
1760535720.734606,6611
1760535720.835336,6552
1760535720.936066,6472
1760535721.036798,6790
1760535721.138527,6478
1760535721.239256,6681
1760535721.340983,5976
1760535721.54582,6601
1760535721.64655,6234
1760535721.747281,6105
1760535721.848011,6413
1760535721.94974,6409
1760535722.051467,6320
1760535722.152197,5827
1760535722.252928,6949
1760535722.353659,6542
1760535722.45439,6988
1760535722.55512,5906
1760535722.758091,6204
1760535722.85882,6035
1760535722.96055,6343
1760535723.061279,6681
1760535723.16221,6014
1760535723.263941,6851
1760535723.364671,6105
1760535723.465402,6830
1760535723.566133,6075
1760535723.666863,6164
1760535723.767593,6055
1760535723.868344,5985
1760535724.071781,6347
1760535724.173508,6448
1760535724.27424,6234
1760535724.37497,6681
1760535724.475701,6323
1760535724.57643,6939
1760535724.677161,6462
1760535724.777892,6234
1760535724.878624,6611
1760535724.979353,6313
1760535725.080084,6641
1760535725.282542,6409
1760535725.282542,6409
1760535725.485001,6701
1760535725.585731,7167
1760535725.686462,6780
1760535725.787199,6919
1760535725.889929,5996
1760535725.990658,6274
1760535726.091388,6492
1760535726.192119,6820
1760535726.394578,6671
1760535726.394578,6671
1760535726.495308,7326
1760535726.70076,6596
1760535726.801489,6383
1760535726.902222,6363
1760535727.002953,6929
1760535727.105185,6661
1760535727.206913,6271
1760535727.308181,6092
1760535727.408912,6214
1760535727.510149,6094
1760535727.610879,6065
1760535727.813338,6536
1760535727.915066,6438
1760535728.015797,6164
1760535728.116537,6362
1760535728.218605,6044
1760535728.320326,4541
1760535728.422054,5370
1760535728.522785,6373
1760535728.625515,6074
1760535728.726751,6904
1760535728.830473,6448
1760535728.932201,6487
1760535729.032932,6720
1760535729.133674,5995
1760535729.244378,6467
1760535729.450825,6178
1760535729.552553,6674
1760535729.653608,7035
1760535729.754351,6154
1760535729.856067,6459
1760535729.956797,6810
1760535730.058034,6440
1760535730.158764,6333
1760535730.259495,6006
1760535730.360225,5936
1760535730.460955,6760
1760535730.663577,6879
1760535730.663577,6879
1760535730.865468,6593
1760535730.967277,6148
1760535731.06801,6293
1760535731.168766,6232
1760535731.269471,6653
1760535731.371198,5888
1760535731.472926,6222
1760535731.574684,5709
1760535731.677379,6096
1760535731.778136,6540
1760535731.879425,6160
1760535732.087846,6310
1760535732.087846,6310
1760535732.188576,6135
1760535732.292299,6035
1760535732.49715,6202
1760535732.59788,6025
1760535732.699609,6409
1760535732.800844,6726
1760535732.901576,6849
1760535733.002305,6949
1760535733.103036,6998
1760535733.203767,6403
1760535733.304828,6995
1760535733.405558,1558
1760535733.51327,1576
1760535733.614998,1710
1760535733.715755,1965
1760535733.919186,2638
1760535734.020912,3489
1760535734.121643,3772
1760535734.222374,5092
1760535734.323107,5827
1760535734.423865,6024
1760535734.524569,6633
1760535734.625299,6423
1760535734.72603,6691
1760535734.826761,6532
1760535734.930484,6434
1760535735.032211,6556
1760535735.236611,6548
1760535735.337342,5817
1760535735.438072,6035
1760535735.539307,6450
1760535735.640038,6154
1760535735.741468,5915
1760535735.842198,6482
1760535735.943996,6729
1760535736.045723,6183
1760535736.146487,6063
1760535736.347915,6394
1760535736.347915,6394
1760535736.450641,6006
1760535736.654097,6691
1760535736.754863,6500
1760535736.856556,6549
1760535736.957286,6492
1760535737.058016,6532
1760535737.158748,6174
1760535737.259477,6383
1760535737.360208,6294
1760535737.461958,5896
1760535737.562905,6250
1760535737.764367,6512
1760535737.866095,6478
1760535737.967824,6363
1760535738.069551,6350
1760535738.170282,6482
1760535738.275001,6407
1760535738.375732,6363
1760535738.477487,6299
1760535738.57819,6742
1760535738.679941,6132
1760535738.793615,6505
1760535738.894345,6413
1760535738.995934,6201
1760535739.096664,6393
1760535739.197904,5748
1760535739.302623,6331
1760535739.50608,6419
1760535739.608804,6405
1760535739.709535,6562
1760535739.810266,6641
1760535739.910996,7127
1760535740.011754,6411
1760535740.112457,6414
1760535740.213188,6155
1760535740.313952,6093
1760535740.41465,6276
1760535740.616696,6512
1760535740.616696,6512
1760535740.718422,6428
1760535740.921878,6969
1760535741.022609,6522
1760535741.123339,6542
1760535741.224229,6769
1760535741.324991,6520
1760535741.425756,6381
1760535741.526454,6008
1760535741.627212,6064
1760535741.727915,6772
1760535741.828646,6581
1760535742.030107,7147
1760535742.131838,6674
1760535742.233563,6271
1760535742.335291,6183
1760535742.436021,6234
1760535742.537783,6603
1760535742.639478,6657
1760535742.741205,5554
1760535742.843931,5877
1760535742.944661,6591
1760535743.045392,6204
1760535743.146149,6411
1760535743.24785,6125
1760535743.451711,6552
1760535743.553438,6910
1760535743.655166,6713
1760535743.756894,6625
1760535743.860617,6385
1760535743.961347,5857
1760535744.062078,6681
1760535744.163805,6763
1760535744.264537,6284
1760535744.365266,6145
1760535744.465997,6929
1760535744.566728,6174
1760535744.669455,6220
1760535744.876119,6387
1760535744.97685,6522
1760535745.07881,5845
1760535745.17954,6254
1760535745.280271,6482
1760535745.381005,6720
1760535745.483728,6330
1760535745.584969,6400
1760535745.6857,6770
1760535745.786938,6272
1760535745.888669,6399
1760535745.990397,6929
1760535746.093141,6034
1760535746.295581,6760
1760535746.295581,6760
1760535746.49804,6822
1760535746.599713,6324
1760535746.702432,6269
1760535746.804159,6586
1760535746.905397,6697
1760535747.007125,6409
1760535747.108853,6281
1760535747.21058,6124
1760535747.322282,6099
1760535747.425007,6493
1760535747.62946,6487
1760535747.731189,6635
1760535747.831919,6482
1760535747.93265,6502
1760535748.03338,6601
1760535748.134111,6413
1760535748.235354,6835
1760535748.336083,6691
1760535748.436814,6303
1760535748.537547,6413
1760535748.740004,6542
1760535748.740004,6542
1760535748.942979,6508
1760535749.044702,6252
1760535749.145434,6631
1760535749.246163,6304
1760535749.346921,6351
1760535749.447634,6324
1760535749.548366,6164
1760535749.650093,6291
1760535749.750824,6482
1760535749.953282,6373
1760535749.953282,6373
1760535750.156236,7087
1760535750.257963,6763
1760535750.358694,6343
1760535750.460423,6851
1760535750.56215,6232
1760535750.663878,6625
1760535750.764609,6353
1760535750.865339,6442
1760535750.96607,6393
1760535751.067798,6163
1760535751.168529,6274
1760535751.269286,5994
1760535751.375974,6189
1760535751.581424,6654
1760535751.682154,6145
1760535751.782913,6599
1760535751.883616,6782
1760535751.984346,6512
1760535752.085079,5827
1760535752.185807,6721
1760535752.28719,6154
1760535752.387919,6542
1760535752.488671,6491
1760535752.58938,6007
1760535752.791371,6280
1760535752.892079,6891
1760535752.993275,5830
1760535753.094033,6490
1760535753.195327,6565
1760535753.296053,6482
1760535753.396757,6375
1760535753.497508,6957
1760535753.598239,6264
1760535753.699751,5102
1760535753.800455,4955
1760535753.901213,5230
1760535754.001917,6166
1760535754.104642,6619
1760535754.308097,6251
1760535754.408828,6681
1760535754.509559,6571
1760535754.610747,6324
1760535754.711477,6601
1760535754.812208,6294
1760535754.91294,6661
1760535755.013716,6122
1760535755.114447,6383
1760535755.215149,6494
1760535755.31588,7078
1760535755.519336,5976
1760535755.621064,6369
1760535755.721794,6581
1760535755.822526,6303
1760535755.923288,6292
1760535756.024017,6492
1760535756.124748,6294
1760535756.225486,6095
1760535756.326216,6234
1760535756.427944,6645
1760535756.528675,6701
1760535756.629405,6164
1760535756.733155,6322
1760535756.937067,6487
1760535757.037772,6891
1760535757.138523,6630
1760535757.239233,6255
1760535757.340476,7022
1760535757.441207,6442
1760535757.542671,6337
1760535757.644263,6595
1760535757.744994,6621
1760535757.845724,6303
1760535757.946455,6889
1760535758.149911,6143
1760535758.251041,5972
1760535758.351772,5698
1760535758.452504,6472
1760535758.553233,6601
1760535758.653965,6720
1760535758.754723,6411
1760535758.856422,6430
1760535758.957153,6224
1760535759.057884,5916
1760535759.158977,6449
1760535759.260268,6288
1760535759.360999,6323
1760535759.565323,6505
1760535759.666027,6067
1760535759.766756,6224
1760535759.867487,6204
1760535759.968217,6512
1760535760.069096,7077
1760535760.169827,6611
1760535760.270559,6244
1760535760.371289,6184
1760535760.47196,5661
1760535760.572692,6700
1760535760.774152,5837
1760535760.875322,6800
1760535760.976053,6452
1760535761.077781,6389
1760535761.179509,6655
1760535761.280239,6204
1760535761.380972,6472
1760535761.482697,5947
1760535761.583429,6432
1760535761.684159,5549
1760535761.784889,6343
1760535761.987348,6562
1760535761.987348,6562
1760535762.089077,6492
1760535762.294396,5897
1760535762.395154,4853
1760535762.496855,5417
1760535762.597586,6234
1760535762.698274,5849
1760535762.799448,5663
1760535762.900178,6234
1760535763.000908,6502
1760535763.10164,6383
1760535763.203367,6502
1760535763.407329,6592
1760535763.508059,6373
1760535763.60879,6065
1760535763.710518,6566
1760535763.812256,6750
1760535763.912977,6433
1760535764.014704,6016
1760535764.116433,5770
1760535764.220155,6392
1760535764.32139,6558
1760535764.422121,6244
1760535764.522851,6452
1760535764.624187,6364
1760535764.72492,5906
1760535764.827653,5986
1760535765.033094,5360
1760535765.133824,5857
1760535765.23655,6074
1760535765.339275,5792
1760535765.440513,6262
1760535765.543239,6541
1760535765.645964,6512
1760535765.747703,6614
1760535765.850419,6114
1760535766.051878,7108
1760535766.051878,7108
1760535766.255846,7171
1760535766.357162,6277
1760535766.457892,6631
1760535766.558622,6512
1760535766.659354,6373
1760535766.762082,6551
1760535766.862813,6502
1760535766.963547,6680
1760535767.064274,6363
1760535767.166002,6428
1760535767.274711,6742
1760535767.477207,6271
1760535767.477207,6271
1760535767.679629,6389
1760535767.781356,6881
1760535767.88209,6631
1760535767.982817,6959
1760535768.083551,6403
1760535768.18542,6302
1760535768.286162,7007
1760535768.386882,6542
1760535768.487631,6987
1760535768.588342,6910
1760535768.794817,6266
1760535768.897541,6064
1760535768.999268,6242
1760535769.100003,6353
1760535769.200754,6779
1760535769.303456,7167
1760535769.404186,6611
1760535769.505914,6723
1760535769.607642,6596
1760535769.708374,6522
1760535769.809103,6641
1760535769.912827,6102
1760535770.114926,6742
1760535770.114926,6742
1760535770.318383,6458
1760535770.420109,6301
1760535770.520839,6542
1760535770.62157,6601
1760535770.727289,6445
1760535770.828018,6611
1760535770.932738,6063
1760535771.036461,6324
1760535771.138191,6340
1760535771.23892,6512
1760535771.339649,6155
1760535771.44038,6542
1760535771.544609,6859
1760535771.646336,6212
1760535771.850793,6565
1760535771.95252,6605
1760535772.054249,6006
1760535772.154978,4576
1760535772.255567,5278
1760535772.359293,6121
1760535772.46102,6438
1760535772.561751,6730
1760535772.662487,6184
1760535772.764213,6448
1760535772.864942,5678
1760535772.968665,6420
1760535773.070394,5957
1760535773.174116,6334
1760535773.377571,6664
1760535773.478303,6393
1760535773.579033,6671
1760535773.679762,6850
1760535773.780493,6532
1760535773.882223,6595
1760535773.982953,6006
1760535774.083683,6502
1760535774.185411,6581
1760535774.28714,6165
1760535774.391859,6586
1760535774.593321,6810
1760535774.695049,6458
1760535774.795779,6502
1760535774.899501,6305
1760535775.000231,6671
1760535775.100963,6204
1760535775.202691,6399
1760535775.304418,6949
1760535775.405149,6581
1760535775.507877,6802
1760535775.608608,6234
1760535775.710332,5976
1760535775.81605,6611
1760535775.917479,6260
1760535776.020204,6330
1760535776.120934,6373
1760535776.32838,6645
1760535776.42911,6502
1760535776.52984,6790
1760535776.631076,6489
1760535776.731809,6671
1760535776.837984,6404
1760535776.938713,6601
1760535777.039444,6095
1760535777.140713,6161
1760535777.241417,6255
1760535777.342147,6055
1760535777.447865,6570
1760535777.650831,6163
1760535777.753072,6533
1760535777.853803,6929
1760535777.954533,6661
1760535778.056261,6497
1760535778.156992,6174
1760535778.257725,6869
1760535778.358453,6105
1760535778.46816,6807
1760535778.568895,6601
1760535778.670137,6499
1760535778.771889,6751
1760535778.883563,6586
1760535778.984292,6462
1760535779.085312,6325
1760535779.189033,6379
1760535779.391493,5839
1760535779.494245,6335
1760535779.595951,5909
1760535779.699675,6758
1760535779.802399,6600
1760535779.903129,6383
1760535780.003891,5835
1760535780.104576,6197
1760535780.205335,6709
1760535780.306035,6484
1760535780.406766,6641
1760535780.50901,7227
1760535780.612729,6083
1760535780.816205,6132
1760535780.917734,6638
1760535781.019429,6568
1760535781.120187,6203
1760535781.221651,5864
1760535781.323384,6393
1760535781.424143,6510
1760535781.524841,6564
1760535781.625571,6532
1760535781.726817,6933
1760535781.827573,6242
1760535781.931269,7126
1760535782.037986,6287
1760535782.241465,6379
1760535782.342195,6710
1760535782.442917,6433
1760535782.546637,6556
1760535782.647367,6303
1760535782.748098,6581
1760535782.848828,6830
1760535782.949561,6502
1760535783.050289,6343
1760535783.152018,6812
1760535783.35399,6301
1760535783.455713,6557
1760535783.557441,6084
1760535783.658172,6264
1760535783.76389,6422
1760535783.864647,6480
1760535783.966348,5878
1760535784.067585,6213
1760535784.170312,6536
1760535784.271041,6194
1760535784.371771,6095
1760535784.472501,6601
1760535784.57428,6347
1760535784.677004,6308
1760535784.883453,6950
1760535784.9843,6891
1760535785.084999,6603
1760535785.18575,6421
1760535785.287459,6154
1760535785.388188,6125
1760535785.489915,6330
1760535785.590645,5857
1760535785.691376,6403
1760535785.792107,6820
1760535785.892837,6383
1760535785.994566,6772
1760535786.096294,6094
1760535786.301745,6420
1760535786.402474,6582
1760535786.503232,5835
1760535786.607925,6309
1760535786.709653,6537
1760535786.810895,5867
1760535786.913052,6646
1760535787.013783,6383
1760535787.114513,6254
1760535787.215243,6462
1760535787.316001,6719
1760535787.416797,6369
1760535787.524509,6770
1760535787.728967,6591
1760535787.829692,6195
1760535787.930423,6432
1760535788.031153,6512
1760535788.131886,6790
1760535788.232615,5926
1760535788.333345,6373
1760535788.434076,6552
1760535788.536802,6133
1760535788.637559,6609
1760535788.738248,6475
1760535788.839944,6332
1760535788.943668,6064
1760535789.145128,6423
1760535789.245859,6909
1760535789.346589,6720
1760535789.447827,6420
1760535789.548555,6314
1760535789.649285,6502
1760535789.750016,6840
1760535789.851745,6930
1760535789.952474,6105
1760535790.05323,6490
1760535790.15396,6135
1760535790.357417,6379
1760535790.458152,6412
1760535790.559879,6979
1760535790.662605,6639
1760535790.764333,5839
1760535790.865064,6750
1760535790.967789,6399
1760535791.068519,6611
1760535791.170127,6525
1760535791.270879,5985
1760535791.371587,6364
1760535791.475955,6553
1760535791.577736,6337
1760535791.781165,6704
1760535791.882893,7421
1760535791.983624,6740
1760535792.084375,6739
1760535792.185085,6454
1760535792.287268,7085
1760535792.402964,6999
1760535792.505691,6989
1760535792.607416,6900
1760535792.708146,5887
1760535792.808878,6373
1760535792.909608,6452
1760535793.010338,6661
1760535793.111069,6303
1760535793.314525,6399
1760535793.415257,6542
1760535793.515986,6353
1760535793.61772,6782
1760535793.718481,6311
1760535793.819182,6415
1760535793.920251,6688
1760535794.021979,5966
1760535794.123707,6566
1760535794.225906,6947
1760535794.328631,6950
1760535794.535078,6424
1760535794.636531,6692
1760535794.737234,6653
1760535794.837966,6462
1760535794.938696,6701
1760535795.039426,6671
1760535795.140178,6788
1760535795.240914,6899
1760535795.341618,6504
1760535795.442348,6234
1760535795.64381,6353
1760535795.744541,5718
1760535795.845311,5239
1760535795.946038,5539
1760535796.048727,5842
1760535796.149486,6838
1760535796.250189,6931
1760535796.350919,6085
1760535796.45165,6244
1760535796.55238,6125
1760535796.753841,6591
1760535796.753841,6591
1760535796.857564,6274
1760535797.062143,6752
1760535797.162873,6462
1760535797.263604,6244
1760535797.364334,6353
1760535797.465066,5996
1760535797.567791,6969
1760535797.668522,6184
1760535797.769252,6224
1760535797.870544,6920
1760535797.972272,6851
1760535798.176724,6552
1760535798.176724,6552
1760535798.38018,6399
1760535798.480937,5855
1760535798.58164,6375
1760535798.682371,6353
1760535798.783102,6899
1760535798.884325,6302
1760535798.985085,6957
1760535799.085787,6345
1760535799.186517,6591
1760535799.287585,6856
1760535799.388343,6461
1760535799.594763,6449
1760535799.594763,6449
1760535799.797228,6363
1760535799.898956,6605
1760535799.999686,6224
1760535800.101761,6162
1760535800.202995,6144
1760535800.303753,6580
1760535800.405454,6843
1760535800.506693,5906
1760535800.607423,6313
1760535800.709151,6487
1760535800.809882,6830
1760535801.018828,6465
1760535801.018828,6465
1760535801.222285,6648
1760535801.324518,6406
1760535801.428241,5996
1760535801.528971,6264
1760535801.631698,6635
1760535801.732934,6311
1760535801.833664,6621
1760535801.9349,6420
1760535802.035632,7088
1760535802.136701,6104
1760535802.240932,6218
1760535802.444706,7275
1760535802.444706,7275
1760535802.546433,6458
1760535802.751394,7013
1760535802.852155,6808
1760535802.95352,6836
1760535803.054811,6594
1760535803.155541,6284
1760535803.256278,6114
1760535803.357034,6391
1760535803.457737,6543
1760535803.559465,5829
1760535803.664336,6283
1760535803.86779,6651
1760535803.86779,6651
1760535804.069252,6204
1760535804.170979,6183
1760535804.274212,6587
1760535804.374942,6284
1760535804.47627,6414
1760535804.576992,6334
1760535804.678202,6372
1760535804.779931,6212
1760535804.88166,6694
1760535804.983386,6301
1760535805.085116,7175
1760535805.186869,6466
1760535805.288574,6302
1760535805.392292,6016
1760535805.49801,6290
1760535805.703462,6379
1760535805.804191,7008
1760535805.904923,6095
1760535806.005655,6363
1760535806.10738,6694
1760535806.209109,6468
1760535806.309839,6125
1760535806.411568,6625
1760535806.513294,6507
1760535806.614025,6333
1760535806.820689,5928
1760535806.820689,5928
1760535807.025141,6684
1760535807.126409,6310
1760535807.227109,6415
1760535807.327838,6591
1760535807.428568,6800
1760535807.52992,6403
1760535807.630624,6265
1760535807.732352,6084
1760535807.834079,5996
1760535807.934811,6939
1760535808.03654,6576
1760535808.14026,5996
1760535808.34272,6800
1760535808.443965,6262
1760535808.556669,6043
1760535808.65843,6023
1760535808.759132,6027
1760535808.860855,6448
1760535808.962127,6852
1760535809.062862,6323
1760535809.163564,6176
1760535809.265316,6250
1760535809.366018,6921
1760535809.466785,5825
1760535809.568481,7020
1760535809.771934,6264
1760535809.874178,6439
1760535809.976904,6580
1760535810.07863,6763
1760535810.179361,7227
1760535810.2806,6657
1760535810.382329,6389
1760535810.483058,6651
1760535810.584296,6262
1760535810.686024,6723
1760535810.789749,6796
1760535810.890477,6740
1760535810.99121,6482
1760535811.092936,6674
1760535811.197657,7095
1760535811.301636,6424
1760535811.505093,6780
1760535811.606821,6890
1760535811.707578,6629
1760535811.808309,6621
1760535811.909012,7040
1760535812.010253,6617
1760535812.111054,6845
1760535812.211755,6375
1760535812.312485,6313
1760535812.413218,6730
1760535812.616671,6979
1760535812.7184,6143
1760535812.820128,6438
1760535812.921854,6242
1760535813.023583,6458
1760535813.125311,6222
1760535813.226336,6968
1760535813.328063,6743
1760535813.429791,7392
1760535813.531519,6684
1760535813.633249,6480
1760535813.736005,6763
1760535813.838697,6855
1760535814.042155,6700
1760535814.144878,6629
1760535814.245609,7415
1760535814.347364,6800
1760535814.449104,6536
1760535814.550833,7195
1760535814.651562,7128
1760535814.75329,6202
1760535814.855717,6812
1760535814.956448,6671
1760535815.059173,6658
1760535815.161899,7086
1760535815.264625,6792
1760535815.467085,6792
1760535815.567815,6482
1760535815.669541,6556
1760535815.771268,6419
1760535815.871999,6035
1760535815.974725,6327
1760535816.076456,6214
1760535816.17721,6183
1760535816.277935,6760
1760535816.378644,6315
1760535816.493038,7151
1760535816.599266,6250
1760535816.700999,6900
1760535816.801728,6810
1760535816.913431,6666
1760535817.267484,4834
1760535817.420096,4521
1760535817.67344,6169
1760535817.67344,6169
1760535817.775166,6635
1760535817.986602,6911
1760535817.986602,6911
1760535818.194051,6391
1760535818.295774,6527
1760535818.396507,6631
1760535818.497235,6184
1760535818.598966,7008
1760535818.699695,6820
1760535818.800424,6135
1760535818.902153,6363
1760535819.003396,7002
1760535819.104129,6283
1760535819.204858,6790
1760535819.305588,6165
1760535819.507052,6452
1760535819.609292,6123
1760535819.710021,6274
1760535819.810754,6432
1760535819.911483,6750
1760535820.013213,6615
1760535820.114457,6775
1760535820.215189,6343
1760535820.31595,7046
1760535820.416684,6462
1760535820.517411,6373
1760535820.618115,6673
1760535820.819577,6859
1760535820.921303,6851
1760535821.022034,6760
1760535821.122764,7028
1760535821.22649,7702
1760535821.328215,6242
1760535821.428946,6581
1760535821.529676,6849
1760535821.63041,6849
1760535821.732136,6812
1760535821.832865,6254
1760535821.933626,6391
1760535822.034326,6405
1760535822.236714,6372
1760535822.33844,6527
1760535822.439193,6391
1760535822.539902,6752
1760535822.640633,7177
1760535822.742388,6456
1760535822.843091,6385
1760535822.944852,6908
1760535823.046546,6293
1760535823.147277,6224
1760535823.248008,6403
1760535823.349737,6753
1760535823.459443,6745
1760535823.562168,6541
1760535823.767618,6497
1760535823.869347,6310
1760535823.970077,6383
1760535824.070809,6899
1760535824.172088,6763
1760535824.27382,6920
1760535824.374515,7051
1760535824.476246,6581
1760535824.576972,6145
1760535824.677703,6224
1760535824.778461,6302
1760535824.880165,7138
1760535825.083993,6699
1760535825.184723,6403
1760535825.285453,6730
1760535825.387181,6733
1760535825.488419,6874
1760535825.59015,6232
1760535825.690878,6314
1760535825.791545,6417
1760535825.892276,5946
1760535825.993006,5916
1760535826.093737,6045
1760535826.194497,6857
1760535826.295211,6523
1760535826.499159,5976
1760535826.599925,6341
1760535826.701618,6657
1760535826.802378,7284
1760535826.903589,6639
1760535827.008308,6473
1760535827.116019,5440
1760535827.216779,6589
1760535827.317532,6372
1760535827.425243,6301
1760535827.528965,6449
1760535827.630694,6379
1760535827.732421,6261
1760535827.83415,6124
1760535827.934879,6244
1760535828.140331,6350
1760535828.241062,6462
1760535828.341792,6442
1760535828.443523,6576
1760535828.54425,6453
1760535828.64552,6438
1760535828.747221,6627
1760535828.84895,6879
1760535828.949681,6552
1760535829.050411,6373
1760535829.151141,7485
1760535829.251872,6442
1760535829.457322,6093
1760535829.558053,6482
1760535829.658783,6522
1760535829.759515,7107
1760535829.861242,6959
1760535829.962479,6361
1760535830.064208,6527
1760535830.164941,6065
1760535830.266665,6321
1760535830.367397,6780
1760535830.468158,6639
1760535830.568861,6365
1760535830.670587,6281
1760535830.875038,6330
1760535830.97577,6671
1760535831.078495,5957
1760535831.179225,6254
1760535831.279988,6043
1760535831.380706,5967
1760535831.481471,6083
1760535831.582171,6137
1760535831.682901,6830
1760535831.783632,6552
1760535831.884398,6242
1760535832.085824,6284
1760535832.186555,7266
1760535832.28729,6432
1760535832.389013,6527
1760535832.489743,6661
1760535832.590474,6155
1760535832.691205,6790
1760535832.791937,6710
1760535832.893184,6261
1760535832.993914,6016
1760535833.094645,6194
1760535833.297105,6254
1760535833.397834,6254
1760535833.498565,6661
1760535833.599298,6482
1760535833.701061,6210
1760535833.802778,6478
1760535833.903509,6016
1760535834.005212,6459
1760535834.106974,6122
1760535834.208666,6313
1760535834.309397,6552
1760535834.410127,5986
1760535834.511563,6595
1760535834.612298,6293
1760535834.820738,6674
1760535834.923462,6668
1760535835.025189,6487
1760535835.125921,6403
1760535835.226652,6512
1760535835.327382,5688
1760535835.428112,6780
1760535835.528844,6254
1760535835.630572,6291
1760535835.732299,6664
1760535835.833029,6939
1760535835.933787,6659
1760535836.03449,6861
1760535836.238034,6763
1760535836.338763,5986
1760535836.439494,5896
1760535836.541229,6423
1760535836.64295,6468
1760535836.743681,5827
1760535836.844432,6332
1760535836.94518,6650
1760535837.04687,5575
1760535837.148597,6517
1760535837.249356,6153
1760535837.353052,5881
1760535837.557504,6595
1760535837.658234,5986
1760535837.758967,6204
1760535837.860692,6409
1760535837.961424,6432
1760535838.062158,7018
1760535838.16289,6214
1760535838.263624,5976
1760535838.36435,6026
1760535838.466077,6006
1760535838.567806,6254
1760535838.669048,6548
1760535838.770774,6085
1760535838.979218,6160
1760535839.080944,6488
1760535839.185681,5871
1760535839.287392,6463
1760535839.388121,6105
1760535839.488853,6571
1760535839.589583,6174
1760535839.690314,6194
1760535839.791323,5890
1760535839.89202,6325
1760535839.99275,5926
1760535840.09348,5718
1760535840.194214,6303
1760535840.304429,6537
1760535840.407153,6814
1760535840.511875,6536
1760535840.714346,6759
1760535840.815066,6830
1760535840.915812,6739
1760535841.016546,6432
1760535841.117276,6303
1760535841.218035,6351
1760535841.31874,6365
1760535841.420466,6016
1760535841.521197,6750
1760535841.621927,6512
1760535841.722658,6194
1760535841.928826,6356
1760535842.029556,6274
1760535842.130835,6092
1760535842.23257,6290
1760535842.3333,6462
1760535842.43403,6184
1760535842.53479,6232
1760535842.637098,6763
1760535842.737829,6571
1760535842.83856,6155
1760535842.93929,6462
1760535843.146738,6409
1760535843.24747,6552
1760535843.349199,6527
1760535843.450958,6338
1760535843.552653,5860
1760535843.653384,6889
1760535843.754114,6244
1760535843.855842,6163
1760535843.956573,6472
1760535844.057325,6957
1760535844.158034,6116
1760535844.259766,6723
1760535844.363485,6382
1760535844.568938,6648
1760535844.670664,6429
1760535844.771393,5906
1760535844.872151,6907
1760535844.974218,6397
1760535845.075943,6163
1760535845.177669,6291
1760535845.2784,6174
1760535845.380131,6212
1760535845.481859,6183
1760535845.582589,6522
1760535845.68332,6760
1760535845.78405,6016
1760535845.989501,6580
1760535846.091229,6448
1760535846.192959,6527
1760535846.294712,6702
1760535846.395927,7301
1760535846.496682,6570
1760535846.59741,6472
1760535846.698166,6480
1760535846.798895,6135
1760535846.900622,6625
1760535847.114053,6392
1760535847.390332,6841
1760535847.589798,3278
1760535847.690528,6313
1760535847.79303,6282
1760535847.89376,5837
1760535847.994491,6373
1760535848.197274,6203
1760535848.197274,6203
1760535848.298413,6782
1760535848.500394,6105
1760535848.601632,6015
1760535848.702364,6978
1760535848.803512,6653
1760535848.905277,6780
1760535849.00675,6494
1760535849.108145,6311
1760535849.208877,6641
1760535849.309606,6115
1760535849.410338,6154
1760535849.613616,6212
1760535849.715785,6684
1760535849.819508,6150
1760535849.921236,6822
1760535850.021762,6247
1760535850.122515,6203
1760535850.223224,6027
1760535850.324954,6212
1760535850.426293,6581
1760535850.527096,6150
1760535850.627792,6316
1760535850.72903,6529
1760535850.829778,6263
1760535850.931038,6517
1760535851.031745,6464
1760535851.13698,6499
1760535851.33968,6625
1760535851.440277,6252
1760535851.542053,6533
1760535851.643752,6214
1760535851.744743,6119
1760535851.8455,6203
1760535851.947264,6446
1760535852.04848,6925
1760535852.151198,6337
1760535852.2525,6584
1760535852.454236,6461
1760535852.454236,6461
1760535852.554968,6373
1760535852.760925,6016
1760535852.863649,6639
1760535852.965377,6419
1760535853.066108,6214
1760535853.167203,6765
1760535853.268056,7039
1760535853.368787,6651
1760535853.469491,6345
1760535853.57022,6770
1760535853.670951,6274
1760535853.771682,6224
1760535853.974143,6379
1760535854.074872,6512
1760535854.176599,6330
1760535854.278328,6254
1760535854.380031,6282
1760535854.481753,7019
1760535854.583481,6713
1760535854.684718,6706
1760535854.786221,6837
1760535854.887947,6566
1760535854.989675,6261
1760535855.090406,5936
1760535855.292572,6447
1760535855.292572,6447
1760535855.495011,6950
1760535855.595708,6365
1760535855.696941,6292
1760535855.797672,6403
1760535855.898402,6552
1760535855.999792,6568
1760535856.100867,6420
1760535856.201624,6798
1760535856.302329,5461
1760535856.403417,5025
1760535856.504195,5497
1760535856.709646,6487
1760535856.811401,6211
1760535856.913103,6892
1760535857.013832,7008
1760535857.114562,6393
1760535857.215293,5956
1760535857.316024,6413
1760535857.417462,6210
1760535857.518191,6254
1760535857.619923,6153
1760535857.721647,6566
1760535857.822379,6462
1760535857.924106,6615
1760535858.027829,6584
1760535858.232287,6458
1760535858.333018,6621
1760535858.433748,6631
1760535858.534506,7036
1760535858.635829,6247
1760535858.736558,6254
1760535858.837289,6601
1760535858.93802,5757
1760535859.038751,6621
1760535859.139481,5777
1760535859.246196,6273
1760535859.347924,6134
1760535859.55138,6163
1760535859.65211,6403
1760535859.75284,6164
1760535859.854081,6815
1760535859.954838,5855
1760535860.059707,6350
1760535860.161437,5966
1760535860.263163,6370
1760535860.363893,6562
1760535860.465129,5976
1760535860.565859,6591
1760535860.666592,6651
1760535860.869076,6545
1760535860.970288,6343
1760535861.07102,6869
1760535861.171748,6224
1760535861.272506,6272
1760535861.373209,6107
1760535861.474447,6163
1760535861.576214,6151
1760535861.677906,6509
1760535861.778636,6294
1760535861.88088,6357
1760535861.982604,6704
1760535862.083334,6820
1760535862.184065,6204
1760535862.385526,6860
1760535862.486257,6591
1760535862.587015,6699
1760535862.687718,6444
1760535862.788451,6283
1760535862.890176,6782
1760535862.990907,6840
1760535863.091637,6601
1760535863.193368,5787
1760535863.294098,6125
1760535863.395825,6115
1760535863.49855,5966
1760535863.705339,6348
1760535863.807066,6242
1760535863.907797,6085
1760535864.008529,6204
1760535864.109263,6174
1760535864.210986,6311
1760535864.311717,6691
1760535864.41245,6462
1760535864.513178,6244
1760535864.613909,6303
1760535864.714639,6204
1760535864.81537,6274
1760535865.018341,6143
1760535865.119072,6671
1760535865.219803,6502
1760535865.320535,6184
1760535865.421264,6423
1760535865.52252,6814
1760535865.623278,6312
1760535865.723979,6921
1760535865.825735,6604
1760535865.926462,6661
1760535866.027192,6462
1760535866.127927,6720
1760535866.228628,6891
1760535866.433079,6674
1760535866.534807,6989
1760535866.636239,6684
1760535866.736968,6452
1760535866.837719,6550
1760535866.938457,6283
1760535867.039197,5846
1760535867.140888,6765
1760535867.241618,6770
1760535867.342349,6492
1760535867.443081,6353
1760535867.644541,6105
1760535867.750258,6497
1760535867.851985,6566
1760535867.952717,6184
1760535868.053447,6681
1760535868.155175,6163
1760535868.257903,6317
1760535868.359628,6389
1760535868.460359,6025
1760535868.561118,6580
1760535868.661823,6812
1760535868.764546,6493
1760535868.866273,6586
1760535869.069815,6189
1760535869.171315,6453
1760535869.272045,6403
1760535869.373774,6232
1760535869.476011,6973
1760535869.577267,6695
1760535869.678994,7087
1760535869.780722,6428
1760535869.885443,5871
1760535869.986172,6145
1760535870.087901,6173
1760535870.190626,6434
1760535870.293363,6171
1760535870.39409,6145
1760535870.495818,6432
1760535870.705764,6583
1760535870.807491,6360
1760535870.908793,6238
1760535871.009492,6683
1760535871.11122,6468
1760535871.212947,6684
1760535871.314184,6568
1760535871.414915,6303
1760535871.516673,6299
1760535871.617404,6214
1760535871.718133,6165
1760535871.818865,6254
1760535871.922587,6999
1760535872.125045,6770
1760535872.225777,6353
1760535872.327006,6193
1760535872.428734,6419
1760535872.529911,6473
1760535872.630643,6552
1760535872.73237,6871
1760535872.8331,6363
1760535872.933831,5877
1760535873.034562,6790
1760535873.13606,6098
1760535873.237753,6401
1760535873.33948,6546
1760535873.542937,6645
1760535873.644179,6805
1760535873.744884,6504
1760535873.84661,6438
1760535873.947342,6234
1760535874.048071,6105
1760535874.149119,6511
1760535874.24985,6790
1760535874.350582,6343
1760535874.451311,7197
1760535874.55404,5723
1760535874.654767,6423
1760535874.857226,6664
1760535874.958982,6348
1760535875.059684,6454
1760535875.161413,6743
1760535875.26314,6291
1760535875.363874,6621
1760535875.464623,6441
1760535875.565332,5987
1760535875.666062,6661
1760535875.766793,6423
1760535875.871512,6550
1760535875.97424,6376
1760535876.075966,5898
1760535876.280419,6859
1760535876.382148,6360
1760535876.482878,5966
1760535876.583608,6274
1760535876.684339,6274
1760535876.78744,6983
1760535876.889162,6753
1760535876.989892,6621
1760535877.090625,6393
1760535877.191354,6075
1760535877.292793,6664
1760535877.395523,6784
1760535877.59898,6635
1760535877.700707,6468
1760535877.801437,6383
1760535877.902168,6006
1760535878.002899,6413
1760535878.10363,6462
1760535878.204361,6413
1760535878.30509,6224
1760535878.405821,6184
1760535878.506552,6641
1760535878.60828,6714
1760535878.709011,6641
1760535878.809741,6591
1760535878.916458,5958
1760535879.118935,6555
1760535879.220154,5858
1760535879.321892,6542
1760535879.423609,6390
1760535879.526361,6004
1760535879.627076,6473
1760535879.729796,6103
1760535879.831545,6407
1760535879.932301,5964
1760535880.033031,6234
1760535880.141476,5875
1760535880.246195,6235
1760535880.346926,6353
1760535880.550383,6045
1760535880.65211,6173
1760535880.752867,6659
1760535880.85457,6607
1760535880.956297,6202
1760535881.058023,6055
1760535881.158782,6530
1760535881.259526,6471
1760535881.36221,6310
1760535881.463938,6596
1760535881.565673,6477
1760535881.667395,6684
1760535881.769122,6291
1760535881.871848,6274
1760535882.075304,6301
1760535882.177031,6234
1760535882.277761,6671
1760535882.378492,6482
1760535882.479223,6810
1760535882.579954,6383
1760535882.681194,6341
1760535882.781911,6235
1760535882.882656,6660
1760535883.085591,6815
1760535883.187317,6881
1760535883.288049,5986
1760535883.388779,6800
1760535883.489508,5986
1760535883.59024,6611
1760535883.69097,6472
1760535883.791667,6365
1760535883.892399,6045
1760535883.993472,6401
1760535884.094202,6055
1760535884.195932,6192
1760535884.299654,6093
1760535884.409361,6862
1760535884.528042,6427
1760535884.63179,6486
1760535884.838276,6318
1760535884.939005,6363
1760535885.040246,6124
1760535885.140977,6561
1760535885.242678,5693
1760535885.343411,6502
1760535885.444145,6462
1760535885.545531,6115
1760535885.646261,5966
1760535885.747043,6608
1760535885.849772,6414
1760535885.952893,6674
1760535886.054709,6511
1760535886.260155,6074
1760535886.360885,6343
1760535886.461898,6345
1760535886.562599,6176
1760535886.663503,6590
1760535886.76526,6083
1760535886.866956,5978
1760535886.970217,6410
1760535887.071059,6406
1760535887.173777,6435
1760535887.275785,6779
1760535887.387049,7019
1760535887.489116,6770
1760535887.692579,6733
1760535887.793336,6332
1760535887.894063,6462
1760535887.9953,6618
1760535888.09603,6333
1760535888.197198,6484
1760535888.297929,6264
1760535888.399169,6677
1760535888.4999,6601
1760535888.600637,6114
1760535888.70475,6233
1760535888.805983,5759
1760535888.907052,6678
1760535889.110301,5945
1760535889.211819,7023
1760535889.313054,7042
1760535889.413788,6760
1760535889.514518,6482
1760535889.615249,6095
1760535889.715982,6055
1760535889.817223,6667
1760535889.917985,6172
1760535890.018684,6196
1760535890.119415,6542
1760535890.224135,6254
1760535890.428588,6576
1760535890.529318,6502
1760535890.630049,6293
1760535890.73078,6522
1760535890.83151,6512
1760535890.93224,6591
1760535891.032971,7018
1760535891.133702,6651
1760535891.234432,6403
1760535891.335163,6492
1760535891.539042,6485
1760535891.64076,6498
1760535891.742489,6546
1760535891.844216,6124
1760535891.945944,6929
1760535892.046674,6929
1760535892.147372,6931
1760535892.248102,6691
1760535892.349126,6097
1760535892.450857,6192
1760535892.652488,6174
1760535892.753245,6927
1760535892.854724,6109
1760535892.955455,6462
1760535893.056186,6333
1760535893.156915,6125
1760535893.257646,6611
1760535893.359375,6173
1760535893.461137,6682
1760535893.561833,6683
1760535893.662567,6512
1760535893.764292,6733
1760535893.865548,6616
1760535893.969278,6719
1760535894.173704,6346
1760535894.274434,6750
1760535894.375164,6651
1760535894.476083,6688
1760535894.576814,6512
1760535894.677545,6701
1760535894.778274,6611
1760535894.879005,6691
1760535894.980733,5957
1760535895.081463,6522
1760535895.182195,6899
1760535895.282952,7413
1760535895.387645,6104
1760535895.592099,6497
1760535895.69283,6184
1760535895.794132,6709
1760535895.894862,6423
1760535895.995593,6432
1760535896.096323,6929
1760535896.197586,6606
1760535896.298289,6623
1760535896.399021,6681
1760535896.49975,6800
1760535896.600482,6293
1760535896.702541,6701
1760535896.904999,6940
1760535897.005731,6849
1760535897.106461,6343
1760535897.207396,6519
1760535897.308127,6730
1760535897.408885,6500
1760535897.509588,6325
1760535897.610319,5946
1760535897.711049,5668
1760535897.81178,6442
1760535897.915504,6517
1760535898.117961,6315
1760535898.218691,6383
1760535898.319422,6849
1760535898.420153,6710
1760535898.521391,6776
1760535898.622153,6559
1760535898.722879,6244
1760535898.82458,6371
1760535898.92531,6482
1760535899.026553,6183
1760535899.127284,6313
1760535899.228016,6581
1760535899.430473,6929
1760535899.531203,6482
1760535899.631934,6373
1760535899.733662,6281
1760535899.834393,6383
1760535899.935695,5804
1760535900.037423,6399
1760535900.138154,6661
1760535900.240879,5831
1760535900.342608,6084
1760535900.544668,6341
1760535900.645371,6504
1760535900.746102,6939
1760535900.84701,5965
1760535900.947724,6622
1760535901.048482,7344
1760535901.149185,6494
1760535901.249916,6423
1760535901.350648,6919
1760535901.451377,6433
1760535901.552108,6452
1760535901.653863,6437
1760535901.8584,6221
1760535901.959111,6523
1760535902.060838,6448
1760535902.161812,6348
1760535902.262546,7375
1760535902.364274,6369
1760535902.466003,5777
1760535902.566733,6512
1760535902.667463,6581
1760535902.768194,7247
1760535902.868924,6452
1760535902.969655,6383
1760535903.177608,6163
1760535903.278366,6480
1760535903.379069,6613
1760535903.480797,6537
1760535903.581807,6692
1760535903.682538,6661
1760535903.783268,6621
1760535903.884,5847
1760535903.984731,6492
1760535904.085562,6724
1760535904.186321,6431
1760535904.288021,6007
1760535904.393738,6678
1760535904.497558,6578
1760535904.701014,6284
1760535904.801744,6095
1760535904.902475,6214
1760535905.003176,7189
1760535905.103939,6550
1760535905.204666,6393
1760535905.305369,6683
1760535905.406099,6452
1760535905.50683,6701
1760535905.608558,6075
1760535905.709316,6431
1760535905.910777,6282
1760535906.012477,6263
1760535906.113208,6462
1760535906.213939,6800
1760535906.314631,6951
1760535906.415363,6204
1760535906.516693,6592
1760535906.618421,6772
1760535906.719179,6937
1760535906.819883,6752
1760535907.022341,6442
1760535907.123071,6274
1760535907.223804,5876
1760535907.32553,6350
1760535907.426264,6125
1760535907.526994,6413
1760535907.627725,6294
1760535907.728961,6311
1760535907.829692,6264
1760535907.930931,5748
1760535908.032364,6092
1760535908.133093,5569
1760535908.334552,6532
1760535908.435282,6740
1760535908.536013,6413
1760535908.637742,6399
1760535908.73848,7008
1760535908.839207,6403
1760535908.939943,6333
1760535909.040672,6641
1760535909.141404,5936
1760535909.244132,6707
1760535909.345858,7156
1760535909.550312,6084
1760535909.651041,6333
1760535909.751772,6274
1760535909.852503,5946
1760535909.953233,5688
1760535910.054962,6517
1760535910.155692,6552
1760535910.256423,6333
1760535910.460166,6224
1760535910.560898,6015
1760535910.663141,6738
1760535910.764589,6032
1760535910.865287,6335
1760535910.966018,6671
1760535911.066749,5956
1760535911.167839,6617
1760535911.268601,6758
1760535911.369299,6444
1760535911.47003,6979
1760535911.570791,7215
1760535911.671491,6583
1760535911.87395,5976
1760535911.97462,5969
1760535912.076382,6672
1760535912.177082,6514
1760535912.277812,5996
1760535912.378542,6194
1760535912.479274,6025
1760535912.580004,6462
1760535912.680735,6075
1760535912.781465,6125
1760535913.006863,6330
1760535913.006863,6330
1760535913.109588,6347
1760535913.212314,6093
1760535913.318032,6082
1760535913.42275,5901
1760535913.627231,6545
1760535913.730926,6522
1760535913.832654,6006
1760535913.933384,5976
1760535914.034107,6502
1760535914.135833,6576
1760535914.236563,6353
1760535914.337293,6571
1760535914.438024,6472
1760535914.538761,7504
1760535914.642478,6785
1760535914.743208,6631
1760535914.948808,6249
1760535915.050536,6360
1760535915.151267,6512
1760535915.251997,6929
1760535915.35329,6367
1760535915.455016,6468
1760535915.559738,6555
1760535915.661467,6261
1760535915.763193,6438
1760535915.864921,5799
1760535915.967646,6493
1760535916.068883,6400
1760535916.176599,6821
1760535916.279324,6658
1760535916.382051,6551
1760535916.48677,6159
1760535916.592488,6460
1760535916.795886,6403
1760535916.897578,6637
1760535916.998309,6532
1760535917.102033,6181
1760535917.203788,6682
1760535917.304492,5997
1760535917.405221,6174
1760535917.50698,6436
1760535917.609675,7079
1760535917.710435,6530
1760535917.811136,6722
1760535918.0181,6420
1760535918.119827,6881
1760535918.220558,6234
1760535918.321288,6760
1760535918.422019,6224
1760535918.522749,6701
1760535918.624477,6532
1760535918.72521,6790
1760535918.829448,6745
1760535919.031905,6333
1760535919.134632,6762
1760535919.236358,6294
1760535919.337089,6393
1760535919.44056,6450
1760535919.541291,6621
1760535919.643018,6645
1760535919.744768,6604
1760535919.845477,6930
1760535919.946211,6393
1760535920.047937,6517
1760535920.251393,6740
1760535920.353121,6527
1760535920.454847,6232
1760535920.556574,6694
1760535920.658302,6959
1760535920.760032,6723
1760535920.862756,6045
1760535920.963486,6671
1760535921.064217,6274
1760535921.165946,6448
1760535921.268184,6338
1760535921.369911,7225
1760535921.472147,6710
1760535921.57986,6512
1760535921.683581,6045
1760535921.789299,6053
1760535921.891028,6517
1760535922.094483,6284
1760535922.195215,6432
1760535922.295945,5896
1760535922.397181,6539
1760535922.497912,6790
1760535922.599641,6723
1760535922.701372,7057
1760535922.803096,6281
1760535922.90472,6258
1760535923.005452,6621
1760535923.109175,6510
1760535923.209904,6313
1760535923.311632,7195
1760535923.517083,7018
1760535923.617813,6492
1760535923.718544,6542
1760535923.819274,5748
1760535923.920007,6373
1760535924.020736,6939
1760535924.122463,6399
1760535924.224193,6556
1760535924.32592,6423
1760535924.42665,7078
1760535924.527381,7137
1760535924.631106,6210
1760535924.731835,6711
1760535924.933809,6690
1760535925.034539,6244
1760535925.139223,6830
1760535925.24046,6835
1760535925.34119,6998
1760535925.44192,6174
1760535925.54468,6267
1760535925.645376,6703
1760535925.746114,6104
1760535925.847102,6159
1760535925.949822,6454
1760535926.05058,6222
1760535926.255006,6170
1760535926.356734,6094
1760535926.457493,6679
1760535926.558195,6017
1760535926.658925,6264
1760535926.759984,6689
1760535926.860714,6442
1760535926.961444,5976
1760535927.062434,6743
1760535927.163167,6274
1760535927.266404,6199
1760535927.371133,6111
1760535927.471864,6691
1760535927.677484,7078
1760535927.779213,6566
1760535927.880941,6949
1760535927.982668,6301
1760535928.083425,6996
1760535928.184129,6762
1760535928.284859,6492
1760535928.385541,6505
1760535928.486271,5817
1760535928.587029,6431
1760535928.687732,6355
1760535928.791455,6054
1760535928.892186,6512
1760535929.096639,6192
1760535929.197612,6774
1760535929.298343,6383
1760535929.401068,6551
1760535929.501798,6433
1760535929.60253,6581
1760535929.704257,6242
1760535929.806983,6337
1760535929.908711,6114
1760535930.009443,6244
1760535930.111169,6753
1760535930.212898,6792
1760535930.320611,6923
1760535930.425329,6218
1760535930.633775,5821
1760535930.73453,6897
1760535930.835232,6087
1760535930.935964,6432
1760535931.036694,6293
1760535931.138422,6291
1760535931.24015,6173
1760535931.340918,6797
1760535931.44261,7168
1760535931.544337,6890
1760535931.645067,6363
1760535931.746794,6674
1760535931.849098,6601
1760535932.051556,6572
1760535932.152319,7125
1760535932.256013,6750
1760535932.356741,6621
1760535932.458468,6330
1760535932.559199,6542
1760535932.662923,6775
1760535932.763653,6264
1760535932.864409,6490
1760535932.965113,6722
1760535933.076352,6086
1760535933.17708,6740
1760535933.27781,6224
1760535933.378541,6462
1760535933.584915,6409
1760535933.584915,6409
1760535933.796348,6492
1760535933.898076,6448
1760535933.998807,6631
1760535934.100537,6399
1760535934.202263,5721
1760535934.302993,6234
1760535934.403724,6264
1760535934.505455,6792
1760535934.607181,6606
1760535934.810635,6462
1760535934.911884,7180
1760535935.013606,6763
1760535935.114335,6443
1760535935.215102,6460
1760535935.316052,6458
1760535935.417544,6365
1760535935.518274,6691
1760535935.619036,6579
1760535935.719766,6562
1760535935.820466,4001
1760535935.921713,1629
1760535936.022464,2153
1760535936.223947,2877
1760535936.325669,3499
1760535936.426401,4348
1760535936.527663,5145
1760535936.628634,6090
1760535936.729338,6315
1760535936.830068,6562
1760535936.930799,6085
1760535937.03153,5618
1760535937.132263,6710
1760535937.232991,6204
1760535937.333722,6234
1760535937.536569,6365
1760535937.637303,6839
1760535937.73822,6242
1760535937.838951,6393
1760535937.939682,6532
1760535938.040925,7170
1760535938.141655,6333
1760535938.242385,6174
1760535938.343116,6284
1760535938.444846,6566
1760535938.546572,6035
1760535938.647303,6284
1760535938.848767,6343
1760535938.949888,6764
1760535939.050612,6582
1760535939.15135,6025
1760535939.252052,6146
1760535939.352783,6284
1760535939.453513,6651
1760535939.554244,6403
1760535939.654975,6611
1760535939.755707,6293
1760535939.857224,6215
1760535939.960975,6063
1760535940.061678,6464
1760535940.267129,6442
1760535940.368855,6350
1760535940.469586,6333
1760535940.570737,6396
1760535940.695403,6110
1760535940.81209,5433
1760535940.912823,6899
1760535941.013553,6661
1760535941.114282,6343
1760535941.215013,6333
1760535941.315744,6542
1760535941.416475,6254
1760535941.517232,7026
1760535941.617935,6861
1760535941.719172,6104
1760535941.819903,6075
1760535941.921634,6359
1760535942.125627,6336
1760535942.228382,6092
1760535942.329117,6075
1760535942.43081,6745
1760535942.531541,6045
1760535942.633268,6252
1760535942.733999,6611
1760535942.834729,6601
1760535942.93546,6571
1760535943.036191,6740
1760535943.137919,6556
1760535943.238649,6562
1760535943.441116,6241
1760535943.542215,6696
1760535943.643944,6399
1760535943.74519,6834
1760535943.845921,6214
1760535943.94765,6763
1760535944.049377,5790
1760535944.150134,5915
1760535944.250838,6166
1760535944.351569,6482
1760535944.452172,6192
1760535944.552902,6105
1760535944.65366,6282
1760535944.860108,6911
1760535944.961809,6214
1760535945.062539,6155
1760535945.16327,6194
1760535945.264001,6244
1760535945.365068,6134
1760535945.465799,6145
1760535945.567035,6677
1760535945.668762,6714
1760535945.770491,6674
1760535945.871221,6254
1760535945.971952,6254
1760535946.077669,6687
1760535946.281508,6487
1760535946.383206,6322
1760535946.483936,6184
1760535946.584667,6303
1760535946.686002,7036
1760535946.787698,6263
1760535946.888428,6045
1760535946.990156,6438
1760535947.092883,6600
1760535947.194151,6418
1760535947.40108,6472
1760535947.502859,6150
1760535947.60357,6543
1760535947.704307,6799
1760535947.805,6067
1760535947.905725,6492
1760535948.006456,5966
1760535948.107186,7475
1760535948.207917,6373
1760535948.308648,6671
1760535948.409378,6303
1760535948.510111,5688
1760535948.611837,6635
1760535948.815292,6556
1760535948.91605,6520
1760535949.016804,6233
1760535949.117535,6194
1760535949.218265,6452
1760535949.318997,6502
1760535949.421511,6262
1760535949.523238,6212
1760535949.624966,6615
1760535949.726298,6108
1760535949.828025,5947
1760535949.932747,6216
1760535950.138138,6511
1760535950.239864,5858
1760535950.340595,6581
1760535950.441326,6284
1760535950.542056,6661
1760535950.642787,6363
1760535950.743519,6204
1760535950.844248,6105
1760535950.947971,6259
1760535951.049731,6525
1760535951.151057,6257
1760535951.252785,6556
1760535951.456242,6681
1760535951.556971,6512
1760535951.657702,6254
1760535951.758433,6641
1760535951.859164,6214
1760535951.959894,6055
1760535952.060627,6373
1760535952.161357,6333
1760535952.262086,6631
1760535952.362845,6599
1760535952.463574,6254
1760535952.564714,6357
1760535952.669434,6392
1760535952.872889,5821
1760535952.974617,6291
1760535953.075349,6969
1760535953.176079,6730
1760535953.277807,6684
1760535953.381532,6449
1760535953.482259,6204
1760535953.58299,6532
1760535953.68372,6155
1760535953.784487,6182
1760535953.886244,5709
1760535953.98894,6173
1760535954.08967,6403
1760535954.292149,6759
1760535954.39286,6493
1760535954.49359,6572
1760535954.59432,6830
1760535954.695051,6780
1760535954.803271,6015
1760535954.904998,6586
1760535955.006699,6067
1760535955.107428,6443
1760535955.208667,6390
1760535955.309524,6087
1760535955.41424,6334
1760535955.518958,6340
1760535955.619575,6529
1760535955.822611,6179
1760535955.923321,6285
1760535956.024539,6313
1760535956.126264,6291
1760535956.227503,6262
1760535956.329205,6823
1760535956.430441,6252
1760535956.531171,6472
1760535956.632438,6468
1760535956.733691,6399
1760535956.834932,6558
1760535956.93569,6560
1760535957.140125,6497
1760535957.241369,5985
1760535957.342122,6133
1760535957.443338,6451
1760535957.544068,6939
1760535957.645305,6222
1760535957.746036,6601
1760535957.847274,6647
1760535957.951024,6178
1760535958.052261,6519
1760535958.152997,6849
1760535958.2552,6877
1760535958.363908,6365
1760535958.467225,6434
1760535958.669683,6093
1760535958.771384,6184
1760535958.872115,6413
1760535958.973843,6192
1760535959.075076,6173
1760535959.178801,6256
1760535959.280528,6448
1760535959.381318,5943
1760535959.483984,6506
1760535959.584714,6363
1760535959.688437,6074
1760535959.791162,6522
1760535959.891893,6065
1760535960.093354,6035
1760535960.195082,5888
1760535960.295812,6284
1760535960.397541,6192
1760535960.498272,5886
1760535960.599002,6125
1760535960.699733,6562
1760535960.800463,6085
1760535960.901194,6393
1760535961.001924,6065
1760535961.105648,6094
1760535961.207375,6448
1760535961.309103,6016
1760535961.510564,6899
1760535961.611294,6859
1760535961.712025,6284
1760535961.812755,6522
1760535961.913487,6125
1760535962.014217,6492
1760535962.114948,6423
1760535962.216702,5985
1760535962.317438,6105
1760535962.419134,6116
1760535962.519865,5787
1760535962.622591,6346
1760535962.827045,6704
1760535962.928798,6446
1760535963.029533,6303
1760535963.130248,6910
1760535963.231751,6334
1760535963.334476,6668
1760535963.435206,6552
1760535963.536879,7071
1760535963.637616,6760
1760535963.741339,5919
1760535963.842069,5946
1760535963.944802,6881
1760535964.045532,6909
1760535964.246992,6651
1760535964.347723,6264
1760535964.448454,6383
1760535964.549392,6419
1760535964.651124,6232
1760535964.756344,6831
1760535964.857075,6353
1760535964.959802,6551
1760535965.061528,6586
1760535965.162259,6532
1760535965.26302,6282
1760535965.366739,5698
1760535965.469437,6401
1760535965.674887,6438
1760535965.776616,6586
1760535965.877346,6472
1760535965.978076,6631
1760535966.07884,6202
1760535966.179539,6484
1760535966.280268,6701
1760535966.381,6333
1760535966.481729,6036
1760535966.582484,6719
1760535966.683191,6394
1760535966.786423,6703
1760535966.989906,6549
1760535967.091605,6283
1760535967.193853,6429
1760535967.297574,6527
1760535967.398305,6363
1760535967.499035,6095
1760535967.599766,6611
1760535967.701008,6410
1760535967.801738,7157
1760535967.902497,6599
1760535968.003227,6810
1760535968.205212,6800
1760535968.30694,6330
1760535968.408669,6959
1760535968.510396,6822
1760535968.611637,6647
1760535968.713151,6393
1760535968.81684,7339
1760535968.918569,6851
1760535969.019299,6691
1760535969.120057,6510
1760535969.221758,6464
1760535969.322489,6581
1760535969.42322,7068
1760535969.523949,6145
1760535969.726957,5956
1760535969.726957,5956
1760535969.931405,6389
1760535970.032136,6601
1760535970.133411,6437
1760535970.235104,6460
1760535970.335836,6353
1760535970.436565,7187
1760535970.537298,6244
1760535970.64102,6409
1760535970.743744,6639
1760535970.948198,6356
1760535971.052917,6717
1760535971.153647,6552
1760535971.256339,6689
1760535971.361057,6245
1760535971.461787,6512
1760535971.563515,6343
1760535971.665245,6313
1760535971.766972,6173
1760535971.870694,5591
1760535971.972422,6576
1760535972.073156,6929
1760535972.173882,6393
1760535972.275611,6104
1760535972.480064,6704
1760535972.5823,7389
1760535972.68303,7276
1760535972.784759,5957
1760535972.887491,6424
1760535972.989219,5799
1760535973.094935,6082
1760535973.195666,6939
1760535973.313351,6178
1760535973.41808,6064
1760535973.520797,6281
1760535973.621526,6393
1760535973.727245,6517
1760535973.828009,6291
1760535973.929702,5850
1760535974.030946,6548
1760535974.132674,6772
1760535974.235399,6648
1760535974.437858,6214
1760535974.539621,6416
1760535974.640445,6526
1760535974.742173,6851
1760535974.843901,6546
1760535974.944637,6124
1760535975.046359,5475
1760535975.14709,6145
1760535975.24782,6840
1760535975.349548,6861
1760535975.451311,6328
1760535975.553415,6650
1760535975.657138,6609
1760535975.860623,6761
1760535975.96332,7088
1760535976.064071,6590
1760535976.16578,6213
1760535976.266511,6303
1760535976.367239,6582
1760535976.467969,6631
1760535976.572698,6745
1760535976.675422,6571
1760535976.776179,6609
1760535976.87691,6661
1760535976.978644,6438
1760535977.079685,6759
1760535977.283142,6710
1760535977.386867,6064
1760535977.488591,6552
1760535977.590347,6299
1760535977.691049,6762
1760535977.79278,6232
1760535977.894506,6202
1760535977.996233,5760
1760535978.097492,6359
1760535978.198829,6128
1760535978.299559,6065
1760535978.401288,6517
1760535978.503015,6389
1760535978.608734,5902
1760535978.815212,5866
1760535978.916628,6192
1760535979.018358,6310
1760535979.119057,6097
1760535979.220162,6191
1760535979.320861,6276
1760535979.42159,5887
1760535979.522321,6254
1760535979.623051,6790
1760535979.723784,6651
1760535979.827506,6411
1760535979.929233,6173
1760535980.032956,6565
1760535980.236411,6523
1760535980.33789,6356
1760535980.438648,6460
1760535980.539353,6484
1760535980.640082,6472
1760535980.740839,6163
1760535980.841571,6512
1760535980.943273,6676
1760535981.045,6222
1760535981.145729,6691
1760535981.248096,6535
1760535981.352336,6034
1760535981.55479,6492
1760535981.656519,5711
1760535981.757764,6449
1760535981.858494,6373
1760535981.959224,6085
1760535982.060952,6214
1760535982.161684,6055
1760535982.263285,6368
1760535982.363988,6206
1760535982.56947,6181
1760535982.670739,6112
1760535982.771439,6564
1760535982.87217,6343
1760535982.9749,6595
1760535983.076132,6480
1760535983.176862,6542
1760535983.277592,7137
1760535983.382314,6101
1760535983.484041,6438
1760535983.585204,6405
1760535983.687931,6590
1760535983.788662,6542
1760535983.992117,6492
1760535984.092848,6293
1760535984.193578,6373
1760535984.294311,6204
1760535984.395039,6036
1760535984.496284,6084
1760535984.597014,6452
1760535984.699739,6132
1760535984.800472,7475
1760535984.901707,6292
1760535985.104166,6254
1760535985.104166,6254
1760535985.205895,5780
1760535985.408352,6204
1760535985.509087,6234
1760535985.609842,6481
1760535985.710571,6284
1760535985.811275,6345
1760535985.912006,6482
1760535986.013735,6310
1760535986.114464,6472
1760535986.215194,6581
1760535986.319435,6235
1760535986.423155,6210
1760535986.524883,5868
1760535986.625641,6758
1760535986.73435,6231
1760535986.951741,6544
1760535987.053468,6399
1760535987.154199,5906
1760535987.255668,6514
1760535987.35643,6510
1760535987.458125,6745
1760535987.559365,6608
1760535987.660096,6780
1760535987.760827,5926
1760535987.86158,6282
1760535987.962288,6484
1760535988.06302,6651
1760535988.163781,6014
1760535988.26551,6478
1760535988.468933,5920
1760535988.570663,6232
1760535988.671906,5788
1760535988.772665,6381
1760535988.873368,6822
1760535988.9741,6899
1760535989.075412,6178
1760535989.17814,6346
1760535989.279867,6271
1760535989.381631,6262
1760535989.483357,6163
1760535989.585084,6733
1760535989.787544,6006
1760535989.889302,6171
1760535989.991996,6436
1760535990.093756,6191
1760535990.194455,6852
1760535990.296182,5937
1760535990.397911,6244
1760535990.500635,6444
1760535990.601368,6492
1760535990.702097,6105
1760535990.803824,5896
1760535990.904555,6115
1760535991.006285,6418
1760535991.111003,6073
1760535991.315455,6234
1760535991.416694,6311
1760535991.517424,5916
1760535991.618155,6145
1760535991.718886,6562
1760535991.819619,6035
1760535991.920347,6572
1760535992.021077,6581
1760535992.121808,6562
1760535992.222538,6313
1760535992.324968,6238
1760535992.527425,6369
1760535992.628693,6349
1760535992.729341,5782
1760535992.831034,6405
1760535992.931764,6442
1760535993.033492,6124
1760535993.134224,6571
1760535993.234953,5698
1760535993.33668,5849
1760535993.439406,6892
1760535993.641302,6299
1760535993.743029,6143
1760535993.844758,6291
1760535993.946486,6497
1760535994.049682,5998
1760535994.151407,6320
1760535994.25214,6432
1760535994.35287,6691
1760535994.4536,6502
1760535994.555327,6487
1760535994.656058,6125
1760535994.858517,6665
1760535994.960244,6242
1760535995.060975,6115
1760535995.164735,5984
1760535995.272411,5971
1760535995.374137,6145
1760535995.47587,6244
1760535995.576596,6343
1760535995.677331,6502
1760535995.779055,6311
1760535995.880785,6094
1760535995.982511,6360
1760535996.083241,6045
1760535996.295674,6558
1760535996.295674,6558
1760535996.503118,6497
1760535996.605847,5966
1760535996.707571,5908
1760535996.809299,6704
1760535996.913025,6623
1760535997.014582,6223
1760535997.116283,6469
1760535997.218011,5976
1760535997.318745,6313
1760535997.420469,5564
1760535997.521201,6472
1760535997.622955,6240
1760535997.728649,6452
1760535997.830373,6822
1760535997.931104,6095
1760535998.134562,6320
1760535998.235797,6470
1760535998.336496,6097
1760535998.437836,6226
1760535998.538552,5907
1760535998.639954,6143
1760535998.740693,6402
1760535998.84142,6453
1760535998.943153,6114
1760535999.145905,6155
1760535999.145905,6155
1760535999.247633,6448
1760535999.455588,6504
1760535999.556318,6095
1760535999.657048,6125
1760535999.757779,6224
1760535999.859015,5867
1760535999.959746,6909
1760536000.061473,6448
1760536000.162205,6413
1760536000.364662,6631
1760536000.364662,6631
1760536000.467389,5809
1760536000.670358,6701
1760536000.771088,6224
1760536000.871819,6343
1760536000.972549,6214
1760536001.074278,6552
1760536001.175009,6045
1760536001.275738,6443
1760536001.381458,6592
1760536001.483184,6301
1760536001.588901,6413
1760536001.693058,5914
1760536001.795787,6536
1760536001.897074,6180
1760536001.999422,6370
1760536002.202877,6234
1760536002.303608,6135
1760536002.405337,6283
1760536002.506071,6125
1760536002.607794,6193
1760536002.708526,6671
1760536002.809255,6750
1760536002.911982,6356
1760536003.012711,6174
1760536003.113443,6681
1760536003.216202,6335
1760536003.317897,6726
1760536003.521351,6919
1760536003.622081,6512
1760536003.724275,6294
1760536003.825004,6323
1760536003.925735,6472
1760536004.026466,6710
1760536004.127197,5678
1760536004.227928,5906
1760536004.328659,6641
1760536004.430385,6448
1760536004.534109,6305
1760536004.636345,6367
1760536004.739095,6306
1760536004.84182,6337
1760536004.944519,6371
1760536005.152962,6740
1760536005.25369,6274
1760536005.354422,6204
1760536005.45566,5887
1760536005.556418,6897
1760536005.657148,6125
1760536005.757866,6453
1760536005.85958,6400
1760536005.960338,6887
1760536006.062039,6568
1760536006.265495,6674
1760536006.367222,6222
1760536006.467952,6135
1760536006.568577,6757
1760536006.669338,7096
1760536006.770243,6402
1760536006.871971,6330
1760536006.972701,6522
1760536007.074098,6696
1760536007.174827,6184
1760536007.276095,6872
1760536007.477537,6412
1760536007.477537,6412
1760536007.579262,5740
1760536007.784249,6441
1760536007.884983,6363
1760536007.985683,6256
1760536008.086413,6452
1760536008.188141,6134
1760536008.28987,6546
1760536008.390599,6323
1760536008.491331,6264
1760536008.59206,6879
1760536008.692792,6621
1760536008.794519,6468
1760536008.895249,6641
1760536008.997976,6483
1760536009.201431,6429
1760536009.302193,6272
1760536009.402892,6315
1760536009.50812,5711
1760536009.608848,6125
1760536009.70993,6014
1760536009.811324,6588
1760536009.912054,6671
1760536010.013356,6189
1760536010.114636,6793
1760536010.215332,6296
1760536010.316063,5956
1760536010.419754,6422
1760536010.621707,6244
1760536010.726021,6240
1760536010.827751,6202
1760536010.928482,6303
1760536011.029213,6552
1760536011.130942,6713
1760536011.232673,6507
1760536011.333917,6528
1760536011.43468,6639
1760536011.538374,6173
1760536011.639102,6840
1760536011.740832,6330
1760536011.943291,6601
1760536012.04502,6045
1760536012.148741,7105
1760536012.531237,5990
1760536012.685822,4230
1760536012.786816,6485
1760536012.888538,6203
1760536012.989269,6353
1760536013.090021,6133
1760536013.19073,6573
1760536013.29146,6671
1760536013.392699,6351
1760536013.49343,6591
1760536013.69663,6433
1760536013.797866,6667
1760536013.898371,6129
1760536013.999183,6358
1760536014.100912,6025
1760536014.201681,6370
1760536014.303429,6201
1760536014.404658,6164
1760536014.505365,6523
1760536014.606883,6087
1760536014.707713,6644
1760536014.808444,6472
1760536014.909342,6580
1760536015.011331,6392
1760536015.213791,6025
1760536015.314519,6274
1760536015.415251,6442
1760536015.515983,6095
1760536015.617224,6874
1760536015.717957,6790
1760536015.818743,6667
1760536015.919942,6719
1760536016.02167,6291
1760536016.123396,6625
1760536016.22461,6906
1760536016.326844,6084
1760536016.532243,6633
1760536016.633339,6498
1760536016.73407,6204
1760536016.835306,6884
1760536016.936542,6470
1760536017.037273,6830
1760536017.139,6409
1760536017.239734,5986
1760536017.340465,6145
1760536017.441703,6390
1760536017.542434,6095
1760536017.643195,6579
1760536017.746875,6327
1760536017.951197,6438
1760536018.052283,6242
1760536018.153014,6492
1760536018.253744,6472
1760536018.354441,6564
1760536018.455144,6663
1760536018.555874,5996
1760536018.656605,6462
1760536018.757336,6085
1760536018.859064,6733
1760536018.959795,6482
1760536019.161823,6161
1760536019.263531,5997
1760536019.364185,6179
1760536019.464916,6452
1760536019.565676,6937
1760536019.666376,6196
1760536019.767107,5688
1760536019.867838,6423
1760536019.968658,6179
1760536020.06939,5628
1760536020.27085,6512
1760536020.27085,6512
1760536020.371581,6472
1760536020.575604,6034
1760536020.676307,6315
1760536020.777045,6650
1760536020.878401,6087
1760536020.979257,6702
1760536021.079987,6145
1760536021.181716,6065
1760536021.282447,5986
1760536021.383177,6452
1760536021.484905,5589
1760536021.585663,5815
1760536021.78912,6506
1760536021.889822,6563
1760536021.990553,6462
1760536022.092281,6988
1760536022.193517,6193
1760536022.294247,6522
1760536022.394978,6542
1760536022.495708,6522
1760536022.60043,6264
1760536022.80588,6478
1760536022.909633,6457
1760536023.011182,6588
1760536023.112877,6411
1760536023.214155,6141
1760536023.314854,5779
1760536023.416582,6281
1760536023.517312,6135
1760536023.61904,5966
1760536023.719771,6135
1760536023.821499,6350
1760536024.023958,6242
1760536024.124802,6197
1760536024.225534,6661
1760536024.326264,6462
1760536024.428013,6250
1760536024.528722,6106
1760536024.629475,5945
1760536024.730184,6533
1760536024.830947,6083
1760536024.931644,6127
1760536025.032375,6343
1760536025.133106,6194
1760536025.233837,6254
1760536025.435388,6411
1760536025.536087,6166
1760536025.637836,6771
1760536025.738546,6156
1760536025.839276,6204
1760536025.940006,6065
1760536026.040737,6025
1760536026.141468,5728
1760536026.242199,6323
1760536026.342957,6371
1760536026.443661,6246
1760536026.547809,6452
1760536026.751265,6655
1760536026.852993,6773
1760536026.953724,6125
1760536027.054455,6502
1760536027.155502,6749
1760536027.256235,6164
1760536027.357961,6124
1760536027.458691,6234
1760536027.559423,6562
1760536027.660152,5926
1760536027.760883,6502
1760536027.868595,6573
1760536028.072131,6596
1760536028.172861,6234
1760536028.274099,5245
1760536028.37537,2527
1760536028.476101,3017
1760536028.576832,3256
1760536028.677562,3782
1760536028.778325,4009
1760536028.879568,5185
1760536028.980326,6143
1760536029.081029,6196
1760536029.181759,6264
1760536029.284485,5957
1760536029.488446,6055
1760536029.589176,6105
1760536029.689928,6382
1760536029.790638,6583
1760536029.891471,7229
1760536029.99217,6365
1760536030.092901,6651
1760536030.193632,6512
1760536030.294362,6641
1760536030.395092,5857
1760536030.495823,6532
1760536030.697285,6472
1760536030.798015,6472
1760536030.898746,6363
1760536030.999476,5837
1760536031.100206,6294
1760536031.200937,6244
1760536031.301668,6780
1760536031.402398,6462
1760536031.503664,6705
1760536031.604396,6244
1760536031.705635,6054
1760536031.806394,7155
1760536031.907096,6474
1760536032.111551,6621
1760536032.213277,6242
1760536032.314009,6274
1760536032.415736,6940
1760536032.516468,5867
1760536032.617258,6379
1760536032.717993,6402
1760536032.8187,6643
1760536032.919428,6393
1760536033.020664,6153
1760536033.121422,5597
1760536033.222152,6581
1760536033.425581,6920
1760536033.526312,6512
1760536033.634024,6343
1760536033.740739,6353
1760536033.842466,6261
1760536033.943197,6452
1760536034.044946,6132
1760536034.145655,7040
1760536034.247411,6495
1760536034.348114,6573
1760536034.449353,6469
1760536034.550083,6065
1760536034.650815,6293
1760536034.853273,6252
1760536034.954003,6184
1760536035.054734,6035
1760536035.155971,6450
1760536035.25672,6193
1760536035.357923,6580
1760536035.458654,6085
1760536035.560381,5966
1760536035.661112,6105
1760536035.762839,6153
1760536035.86357,6274
1760536035.964301,5728
1760536036.066029,6566
1760536036.269994,6519
1760536036.370725,7018
1760536036.471455,6512
1760536036.572202,6193
1760536036.672933,6274
1760536036.774661,6497
1760536036.875393,6204
1760536036.976167,6063
1760536037.07785,6815
1760536037.178971,6952
1760536037.280669,6391
1760536037.381404,6323
1760536037.483127,6910
1760536037.688577,6537
1760536037.790306,6320
1760536037.891036,6055
1760536037.992273,6262
1760536038.093041,6281
1760536038.193829,6131
1760536038.294559,6045
1760536038.395317,6917
1760536038.496043,6770
1760536038.59675,5918
1760536038.697481,6423
1760536038.798212,6661
1760536038.999673,6075
1760536039.100404,6601
1760536039.201136,6522
1760536039.301887,6223
1760536039.402601,6384
1760536039.503331,5817
1760536039.604007,6555
1760536039.704766,6163
1760536039.805469,6395
1760536039.906404,6211
1760536040.007134,6164
1760536040.110858,6586
1760536040.316309,6271
1760536040.418035,6193
1760536040.518766,5936
1760536040.619519,6312
1760536040.720228,6424
1760536040.821133,6035
1760536040.921885,6322
1760536041.022617,6363
1760536041.123378,6302
1760536041.224117,6134
1760536041.324847,6155
1760536041.425576,6383
1760536041.527305,6291
1760536041.73227,6688
1760536041.833509,6361
1760536041.934237,5559
1760536042.035965,6517
1760536042.145205,6142
1760536042.24695,6575
1760536042.348661,6695
1760536042.450389,6330
1760536042.552149,6574
1760536042.652885,6889
1760536042.754047,6791
1760536042.855743,6342
1760536042.956474,5896
1760536043.059201,6395
1760536043.262164,7117
1760536043.363403,6637
1760536043.464134,6135
1760536043.56534,7084
1760536043.666606,6586
1760536043.767818,6096
1760536043.868549,5906
1760536043.970277,6114
1760536044.071007,6988
1760536044.172243,5887
1760536044.272974,6830
1760536044.373705,6095
1760536044.476431,6899
1760536044.680259,6730
1760536044.780989,6562
1760536044.882234,6676
1760536044.982999,6381
1760536045.084692,6086
1760536045.18642,6664
1760536045.287154,6561
1760536045.387881,6403
1760536045.489609,6556
1760536045.59034,6532
1760536045.691071,6373
1760536045.792115,6848
1760536045.99557,6399
1760536046.096308,6253
1760536046.197059,6253
1760536046.297762,6206
1760536046.398493,6403
1760536046.499224,6363
1760536046.599954,6174
1760536046.700685,6701
1760536046.801415,6125
1760536046.904141,6123
1760536047.004872,5986
1760536047.110589,6140
1760536047.315042,5868
1760536047.416278,6904
1760536047.517009,7018
1760536047.617637,6161
1760536047.718369,6303
1760536047.819099,6959
1760536047.91983,6869
1760536048.02056,7276
1760536048.123796,6683
1760536048.226522,6600
1760536048.32825,6720
1760536048.530911,6400
1760536048.631644,6472
1760536048.732373,6264
1760536048.833103,6125
1760536048.933834,6432
1760536049.035082,6103
1760536049.135762,6525
1760536049.236521,6639
1760536049.338252,6241
1760536049.438972,6195
1760536049.541676,6397
1760536049.643404,6409
1760536049.848855,6940
1760536049.949586,6552
1760536050.051312,6517
1760536050.152043,6611
1760536050.253771,7077
1760536050.355079,6080
1760536050.455784,6275
1760536050.696647,5409
1760536050.804868,6392
1760536050.906596,6124
1760536051.007328,6224
1760536051.108057,6333
1760536051.209787,6651
1760536051.310515,6810
1760536051.411786,6309
1760536051.51354,6240
1760536051.614242,6265
1760536051.818718,6213
1760536051.92144,6674
1760536052.024166,6278
1760536052.125404,6390
1760536052.227136,6674
1760536052.32886,6429
1760536052.430589,6772
1760536052.532316,6409
1760536052.634557,6548
1760536052.736284,6448
1760536052.83752,5689
1760536052.938247,6582
1760536053.039113,6959
1760536053.140551,6210
1760536053.342012,6403
1760536053.442743,1826
1760536053.544499,6043
1760536053.645232,6581
1760536053.745961,6224
1760536053.846693,6115
1760536053.947423,5986
1760536054.048155,6323
1760536054.148887,6323
1760536054.249622,6462
1760536054.350653,6384
1760536054.454378,6825
1760536054.556106,6684
1760536054.760894,6723
1760536054.861625,6294
1760536054.962354,6343
1760536055.063086,6839
1760536055.163816,6800
1760536055.264546,6403
1760536055.365309,6530
1760536055.466007,6335
1760536055.568735,6376
1760536055.669463,5996
1760536055.771192,6360
1760536055.974905,6216
1760536056.076636,6458
1760536056.177367,6522
1760536056.278097,6790
1760536056.378828,6452
1760536056.480243,7050
1760536056.582972,6700
1760536056.684701,6360
1760536056.786932,6193
1760536056.887666,6412
1760536056.98942,6338
1760536057.090169,6789
1760536057.190879,7049
1760536057.39234,6025
1760536057.49307,6105
1760536057.593828,6560
1760536057.694531,7100
1760536057.795262,6770
1760536057.896025,6679
1760536057.996723,6713
1760536058.097454,6611
1760536058.198186,6452
1760536058.298915,6730
1760536058.399645,6641
1760536058.509355,6389
1760536058.622051,6604
1760536058.723304,6123
1760536058.825034,5838
1760536059.027492,6723
1760536059.128223,6284
1760536059.229951,6202
1760536059.330681,6701
1760536059.431443,6450
1760536059.53314,6804
1760536059.633872,6800
1760536059.734601,6294
1760536059.835332,5986
1760536059.936063,6383
1760536060.036799,6045
1760536060.139227,6531
1760536060.341685,6333
1760536060.442415,6452
1760536060.544144,6094
1760536060.644874,6433
1760536060.745604,6562
1760536060.846335,6303
1760536060.947572,6460
1760536061.048302,6125
1760536061.149033,6770
1760536061.249764,5797
1760536061.351492,6264
1760536061.552953,6353
1760536061.653683,6532
1760536061.754414,6849
1760536061.855144,6820
1760536061.955875,5857
1760536062.056605,6800
1760536062.157336,6174
1760536062.258067,6810
1760536062.358797,6403
1760536062.459857,6748
1760536062.560589,6164
1760536062.661323,6869
1760536062.862787,6016
1760536062.963545,6064
1760536063.064248,6136
1760536063.164978,6641
1760536063.265709,6502
1760536063.366441,7008
1760536063.46717,6621
1760536063.568079,6074
1760536063.66981,6320
1760536063.770548,6293
1760536063.871272,6949
1760536063.972551,6417
1760536064.07428,5957
1760536064.278733,6674
1760536064.380471,6261
1760536064.482205,6674
1760536064.58493,6477
1760536064.68566,6482
1760536064.786393,6343
1760536064.88763,6657
1760536064.988361,6710
1760536065.089091,6204
1760536065.189822,6403
1760536065.290552,6234
1760536065.395273,6264
1760536065.597731,5976
1760536065.702451,6442
1760536065.803181,6244
1760536065.903915,6780
1760536066.005349,5865
1760536066.106084,6621
1760536066.206814,6542
1760536066.308071,6458
1760536066.408802,6006
1760536066.510038,6430
1760536066.610768,6353
1760536066.711499,6442
1760536066.912963,6313
1760536067.014688,6753
1760536067.115419,6284
1760536067.216149,6095
1760536067.316879,5787
1760536067.417611,6730
1760536067.518341,6601
1760536067.619071,6413
1760536067.719803,6313
1760536067.820533,6512
1760536067.921264,6869
1760536068.021994,6611
1760536068.223455,6393
1760536068.325183,6596
1760536068.425913,6035
1760536068.526644,6204
1760536068.627374,6641
1760536068.728105,7078
1760536068.829834,6164
1760536068.931562,6310
1760536069.032292,6929
1760536069.133022,6661
1760536069.334484,6760
