Time,PMT
1772197644.081826,575
1772197644.182555,655
1772197644.287274,526
1772197644.388005,536
1772197644.488817,605
1772197644.590546,806
1772197644.691869,621
1772197644.7926,476
1772197645.033955,497
1772197645.15266,698
1772197645.254388,678
1772197645.355121,645
1772197645.455849,605
1772197645.556581,684
1772197645.658308,766
1772197645.759173,555
1772197645.859909,734
1772197645.961145,691
1772197646.162786,1717
1772197646.263701,1783
1772197646.364431,1856
1772197646.465162,2045
1772197646.566891,2585
1772197646.667622,2630
1772197646.768351,3147
1772197646.869082,7505
1772197646.969813,8825
1772197647.070543,8299
1772197647.171274,8894
1772197647.37473,8847
1772197647.476458,8424
1772197647.577188,8974
1772197647.67792,8904
1772197647.778651,8984
1772197647.879939,10346
1772197647.980669,4874
1772197648.081399,5420
1772197648.182131,5559
1772197648.283385,5096
1772197648.383954,5289
1772197648.485686,5543
1772197648.590409,5528
1772197648.693132,5681
1772197648.798849,5183
1772197649.002384,5318
1772197649.103114,5380
1772197649.204196,5342
1772197649.305433,5225
1772197649.407162,5465
1772197649.507893,5162
1772197649.608623,5023
1772197649.709353,6035
1772197649.810084,6055
1772197649.910815,5966
1772197650.011546,6115
1772197650.112277,6095
1772197650.313738,6313
1772197650.41432,6522
1772197650.515854,6519
1772197650.617073,6194
1772197650.717804,7137
1772197650.818534,6979
1772197650.919266,7117
1772197651.019996,7028
1772197651.120726,6671
1772197651.221457,6889
1772197651.322189,6710
1772197651.525469,6528
1772197651.6262,6978
1772197651.727301,6508
1772197651.829034,6625
1772197651.929765,6601
1772197652.031493,6419
1772197652.132224,7276
1772197652.233953,7382
1772197652.335679,7067
1772197652.437408,6468
1772197652.538308,6997
1772197652.639134,6873
1772197652.739865,7008
1772197652.941326,7008
1772197653.042057,7524
1772197653.142795,6819
1772197653.243726,7678
1772197653.344962,7131
1772197653.445694,7217
1772197653.546424,8061
1772197653.648152,7765
1772197653.748882,8656
1772197653.84964,8336
1772197653.950344,8341
1772197654.051076,8577
1772197654.256525,8319
1772197654.357967,9217
1772197654.458698,8348
1772197654.55943,8487
1772197654.660159,8418
1772197654.76089,8418
1772197654.861621,8746
1772197654.962352,7971
1772197655.063082,8388
1772197655.163813,7763
1772197655.264549,8487
1772197655.679326,610
1772197655.780057,516
1772197655.880787,575
1772197655.982026,671
1772197656.082757,506
1772197656.183488,645
1772197656.284218,615
1772197656.384951,615
1772197656.486677,471
1772197656.587407,734
1772197656.689136,629
1772197656.789967,604
1772197656.890694,575
1772197657.094204,614
1772197657.194934,665
1772197657.295665,724
1772197657.396396,585
1772197657.498125,501
1772197657.598855,615
1772197657.699586,754
1772197657.800316,536
1772197657.901048,655
1772197658.002283,503
1772197658.103014,694
1772197658.305979,622
1772197658.40671,675
1772197658.507442,665
1772197658.609168,815
1772197658.72486,603
1772197658.826588,638
1772197658.927318,655
1772197659.028049,536
1772197659.128779,575
1772197659.22951,724
1772197659.330241,526
1772197659.432967,778
1772197659.539682,609
1772197659.743138,786
1772197659.844778,550
1772197659.94551,536
1772197660.047238,619
1772197660.147968,764
1772197660.248699,704
1772197660.34943,843
1772197660.450462,544
1772197660.551192,754
1772197660.651923,516
1772197660.753163,533
1772197660.854164,524
1772197660.95689,467
1772197661.159348,367
1772197661.260079,466
1772197661.360999,465
1772197661.46173,466
1772197661.562461,446
1772197661.664189,442
1772197661.76492,407
1772197661.865651,387
1772197661.966408,456
1772197662.067357,316
1772197662.171591,604
1772197662.279302,640
1772197662.380033,605
1772197662.583488,615
1772197662.684219,675
1772197662.784949,635
1772197662.88568,595
1772197662.986411,605
1772197663.087142,655
1772197663.187873,546
1772197663.288603,546
1772197663.389334,585
1772197663.490065,595
1772197663.590795,605
1772197663.794252,570
1772197663.894923,675
1772197663.995626,566
1772197664.096201,536
1772197664.196932,655
1772197664.29866,697
1772197664.400387,442
1772197664.501118,516
1772197664.601849,615
1772197664.702693,545
1772197664.803424,665
1772197664.905152,754
1772197665.009873,582
1772197665.212217,1669
1772197665.312947,1667
1772197665.413679,1945
1772197665.514439,1707
1772197665.61514,1608
1772197665.71587,1588
1772197665.818596,1693
1772197665.919327,1608
1772197666.020058,1608
1772197666.121258,1847
1772197666.221989,1846
1772197666.323718,1818
1772197666.426443,1687
1772197666.630428,1876
1772197666.731159,1677
1772197666.83189,1866
1772197666.932621,1777
1772197667.033351,2104
1772197667.134339,1772
1772197667.236067,1710
1772197667.336796,1757
1772197667.437527,1499
1772197667.538684,1542
1772197667.640412,1818
1772197667.74214,1739
1772197667.948907,1723
1772197668.054623,1655
1772197668.15635,1661
1772197668.257081,2074
1772197668.357783,1767
1772197668.459129,1657
1772197668.559859,1757
1772197668.66059,2015
1772197668.761321,1747
1772197668.862052,2084
1772197668.962782,1747
1772197669.063513,1558
1772197669.264975,1618
1772197669.264975,1618
1772197669.46783,1671
1772197669.568597,1845
1772197669.669436,1507
1772197669.770167,546
1772197669.871518,582
1772197669.972385,386
1772197670.073194,466
1772197670.173821,755
1772197670.275127,1905
1772197670.375906,1815
1772197670.476629,1399
1772197670.680181,1796
1772197670.781595,1745
1772197670.88231,1658
1772197670.983256,1793
1772197671.084427,1709
1772197671.185446,1603
1772197671.286177,1896
1772197671.386908,1518
1772197671.487897,1762
1772197671.588784,1655
1772197671.689517,1479
1772197671.790246,1737
1772197671.99776,1512
1772197672.098492,2015
1772197672.201218,1602
1772197672.301947,1469
1772197672.402702,1846
1772197672.503421,1737
1772197672.604987,1526
1772197672.716711,1550
1772197672.818439,2025
1772197672.919678,1837
1772197673.020408,1508
1772197673.121712,1648
1772197673.222598,1645
1772197673.325529,1739
1772197673.426891,1637
1772197673.633144,1654
1772197673.735206,1724
1772197673.836608,1676
1772197673.937677,1642
1772197674.038758,1919
1772197674.141172,1804
1772197674.242188,1940
1772197674.343109,1773
1772197674.443832,1787
1772197674.544633,1914
1772197674.645329,1727
1772197674.746315,1762
1772197674.849659,1504
1772197675.055026,1638
1772197675.156209,1670
1772197675.257936,1769
1772197675.35911,1640
1772197675.460672,1565
1772197675.561884,1640
1772197675.66309,1907
1772197675.764529,1744
1772197675.865244,1926
1772197675.966264,1702
1772197676.066994,1638
1772197676.173709,1589
1772197676.274982,2063
1772197676.380636,1755
1772197676.483389,1712
1772197676.688388,1598
1772197676.789221,1547
1772197676.890951,1818
1772197676.992108,1720
1772197677.092939,1735
1772197677.194385,1646
1772197677.295972,1771
1772197677.396838,1655
1772197677.497524,1658
1772197677.598473,1664
1772197677.703393,1753
1772197677.807486,1517
1772197677.912291,1669
1772197678.017006,1619
1772197678.122292,1671
1772197678.327017,1709
1772197678.42815,1819
1772197678.529697,2028
1772197678.631419,1799
1772197678.733147,1641
1772197678.835046,1658
1772197678.935627,1700
1772197679.036347,1955
1772197679.137347,1871
1772197679.238172,1854
1772197679.339854,1819
1772197679.444853,1571
1772197679.652134,1621
1772197679.75358,1764
1772197679.854764,1798
1772197679.955621,1804
1772197680.056672,1642
1772197680.158813,1664
1772197680.260083,1757
1772197680.361014,1694
1772197680.462714,1740
1772197680.563446,1747
1772197680.665107,1741
1772197680.767636,1716
1772197680.875039,1955
1772197680.981753,1714
1772197681.083518,1975
1772197681.185099,1771
1772197681.388143,1575
1772197681.488797,1897
1772197681.59002,1748
1772197681.691748,1779
1772197681.792479,1489
1772197681.893209,1737
1772197681.994296,1770
1772197682.094986,1936
1772197682.196144,1927
1772197682.300167,1778
1772197682.404886,1766
1772197682.607509,1575
1772197682.715195,1788
1772197682.816751,1644
1772197682.917673,1803
1772197683.033,1851
1772197683.153678,1803
1772197683.153678,1803
1772197683.360661,1697
1772197683.461398,1846
1772197683.562348,1862
1772197683.663641,1461
1772197683.765499,1364
1772197683.86626,1617
1772197683.966933,1758
1772197684.067673,1886
1772197684.169018,1707
1772197684.270439,1932
1772197684.371664,1570
1772197684.575931,1888
1772197684.575931,1888
1772197684.782162,1766
1772197684.883974,1817
1772197684.992682,1686
1772197685.094013,1618
1772197685.195266,1935
1772197685.297028,1650
1772197685.398205,1798
1772197685.499726,1576
1772197685.600587,1586
1772197685.701664,1642
1772197685.802395,1657
1772197685.903163,1399
1772197686.108697,1740
1772197686.108697,1740
1772197686.313916,1990
1772197686.415711,1620
1772197686.516955,1827
1772197686.61775,1815
1772197686.71848,1697
1772197686.81992,1666
1772197686.921636,1563
1772197687.022919,1836
1772197687.124674,1582
1772197687.227373,1820
1772197687.331096,1542
1772197687.432237,1601
1772197687.535,1877
1772197687.738336,1887
1772197687.839456,1839
1772197687.94019,1667
1772197688.041181,1742
1772197688.142086,1783
1772197688.243057,1990
1772197688.343663,1958
1772197688.445194,1703
1772197688.546428,1679
1772197688.64806,1515
1772197688.749125,1573
1772197688.85209,1952
1772197688.960682,1453
1772197689.068643,1722
1772197689.169773,1977
1772197689.376024,1370
1772197689.477788,1709
1772197689.579229,1754
1772197689.680618,1607
1772197689.781851,1807
1772197689.884076,1555
1772197689.984836,1577
1772197690.085563,1727
1772197690.186937,1706
1772197690.287616,1539
1772197690.392618,1788
1772197690.498474,1700
1772197690.702175,1673
1772197690.803271,1780
1772197690.904276,1871
1772197691.005049,1617
1772197691.106686,1869
1772197691.207741,1771
1772197691.309218,1694
1772197691.410319,1721
1772197691.511943,1495
1772197691.613624,1671
1772197691.714355,1846
1772197691.817775,1982
1772197691.919468,1661
1772197692.030146,1733
1772197692.133766,1717
1772197692.34096,1478
1772197692.44157,1967
1772197692.542896,1707
1772197692.643656,1677
1772197692.745354,1760
1772197692.846678,1756
1772197692.947913,1955
1772197693.048811,1873
1772197693.150469,1809
1772197693.251199,1747
1772197693.351995,1696
1772197693.458707,1724
1772197693.563819,1655
1772197693.669535,1674
1772197693.777248,1671
1772197693.885123,1739
1772197693.990977,1927
1772197694.099687,1812
1772197694.310337,1775
1772197694.411422,1988
1772197694.512122,1509
1772197694.613212,1859
1772197694.717931,1667
1772197694.820577,1675
1772197694.922337,1867
1772197695.023698,1795
1772197695.124819,1631
1772197695.225852,1702
1772197695.326682,1725
1772197695.429306,1559
1772197695.531427,1596
1772197695.639297,1525
1772197695.742023,1869
1772197695.854212,1906
1772197695.961534,1565
1772197696.072183,1690
1772197696.179258,1540
1772197696.390689,1335
1772197696.492967,1867
1772197696.594031,1810
1772197696.695156,1819
1772197696.796853,1799
1772197696.897523,1728
1772197696.998905,1489
1772197697.099789,1784
1772197697.200388,1928
1772197697.302093,1592
1772197697.403387,1698
1772197697.509466,1612
1772197697.613084,1880
1772197697.715938,1672
1772197697.824185,1792
1772197697.932894,1921
1772197698.041604,1729
1772197698.152308,1779
1772197698.259091,1517
1772197698.468671,1570
1772197698.570637,1775
1772197698.672434,1542
1772197698.773746,1796
1772197698.87471,1743
1772197698.975572,1764
1772197699.076622,1801
1772197699.178048,1715
1772197699.279062,1811
1772197699.381142,1694
1772197699.482635,1586
1772197699.584037,1775
1772197699.686914,1613
1772197699.791632,1699
1772197699.906882,1700
1772197700.008593,1769
1772197700.120291,1620
1772197700.231747,1602
1772197700.506013,1620
1772197700.645639,1382
1772197700.746372,1965
1772197700.848098,1661
1772197700.948918,1715
1772197701.04965,1677
1772197701.150509,1863
1772197701.253967,1815
1772197701.354576,1630
1772197701.455599,1514
1772197701.556329,1777
1772197701.66321,2161
1772197701.768902,1769
1772197701.871638,1596
1772197701.976972,1651
1772197702.08684,1820
1772197702.199615,1906
1772197702.405961,1751
1772197702.508742,1877
1772197702.610529,1562
1772197702.714642,1536
1772197702.816229,1811
1772197702.917626,1854
1772197703.018326,1876
1772197703.119351,1554
1772197703.221,1928
1772197703.322205,1818
1772197703.423354,1660
1772197703.524401,1603
1772197703.62974,1600
1772197703.737251,1860
1772197703.843446,1600
1772197703.950353,1693
1772197704.058602,1568
1772197704.160352,1660
1772197704.363471,1876
1772197704.465219,1985
1772197704.566393,1739
1772197704.667658,1461
1772197704.768229,1740
1772197704.868831,1689
1772197704.970246,1607
1772197705.071016,1816
1772197705.172088,1830
1772197705.273388,1796
1772197705.374831,1656
1772197705.581607,1832
1772197705.683675,1734
1772197705.786101,1523
1772197705.888121,1744
1772197705.989677,1437
1772197706.091171,1704
1772197706.192622,1823
1772197706.29362,1584
1772197706.395174,1742
1772197706.495886,1678
1772197706.596987,1701
1772197706.698685,1720
1772197706.800029,1884
1772197706.903134,2017
1772197707.016135,1839
1772197707.123033,1805
1772197707.331982,1784
1772197707.433741,2004
1772197707.535271,1802
1772197707.636275,1702
1772197707.737248,1525
1772197707.837979,1657
1772197707.939307,1648
1772197708.041628,1608
1772197708.142387,2064
1772197708.243211,1715
1772197708.34444,1580
1772197708.446089,1987
1772197708.550665,1797
1772197708.655384,1909
1772197708.764094,1582
1772197708.869059,1789
1772197708.980321,1869
1772197709.183892,1714
1772197709.285123,1590
1772197709.386689,2116
1772197709.48795,1708
1772197709.588926,1574
1772197709.690554,1771
1772197709.791941,1755
1772197709.893199,1748
1772197709.994076,1784
1772197710.100412,1673
1772197710.205597,1559
1772197710.31952,1723
1772197710.426033,2094
1772197710.535799,1648
1772197710.638241,1955
1772197710.748949,1707
1772197710.855877,1533
1772197711.062532,1736
1772197711.164816,1720
1772197711.267086,1544
1772197711.368137,1860
1772197711.469249,2076
1772197711.570275,2029
1772197711.67206,1670
1772197711.773571,1635
1772197711.874377,1874
1772197711.975824,1981
1772197712.076767,1842
1772197712.181195,1838
1772197712.288967,1753
1772197712.396646,1606
1772197712.503639,1514
1772197712.611517,1826
1772197712.71724,1825
1772197712.83504,1536
1772197712.948737,1644
1772197713.05335,1797
1772197713.158463,1721
1772197713.270846,1903
1772197713.375661,1704
1772197713.476938,1836
1772197713.592271,1539
1772197713.70624,1877
1772197713.82035,1428
1772197713.921081,1945
1772197714.029757,1647
1772197714.142467,1597
1772197714.243146,1767
1772197714.354555,1615
1772197714.55837,1481
1772197714.659071,1608
1772197714.760649,1772
1772197714.862046,1765
1772197714.962758,1429
1772197715.06402,1629
1772197715.164734,1608
1772197715.266189,1547
1772197715.368025,1600
1772197715.469654,1869
1772197715.572063,2189
1772197715.678498,1694
1772197715.781186,1819
1772197715.881641,1951
1772197716.092629,1578
1772197716.193867,1461
1772197716.294875,1881
1772197716.396129,1481
1772197716.496886,1746
1772197716.59784,1456
1772197716.698541,1717
1772197716.800266,1484
1772197716.901453,1719
1772197717.00318,1749
1772197717.104445,1797
1772197717.205883,1735
1772197717.307611,1916
1772197717.417076,1696
1772197717.526381,1829
1772197717.642501,1705
1772197717.74722,1737
1772197717.872027,1723
1772197717.978156,1950
1772197718.086864,1591
1772197718.196199,1600
1772197718.298101,1786
1772197718.407991,1792
1772197718.509735,1759
1772197718.61824,1806
1772197718.734069,1605
1772197718.844568,1601
1772197718.952259,1649
1772197719.058973,1761
1772197719.168513,1880
1772197719.279288,2040
1772197719.486037,1734
1772197719.587215,1858
1772197719.688441,1630
1772197719.792142,1518
1772197719.893549,1824
1772197719.994229,1857
1772197720.09496,1697
1772197720.196636,1846
1772197720.297391,1707
1772197720.398812,1636
1772197720.499574,1716
1772197720.600273,1757
1772197720.702181,1805
1772197720.803878,1799
1772197721.013323,1548
1772197721.114913,1840
1772197721.215851,1525
1772197721.316662,1527
1772197721.418045,1775
1772197721.51898,1704
1772197721.620484,1527
1772197721.722214,1638
1772197721.824022,1856
1772197721.92525,1629
1772197722.026863,1791
1772197722.13108,1637
1772197722.237854,1760
1772197722.346452,2136
1772197722.453469,1747
1772197722.555153,1878
1772197722.667852,2040
1772197722.872282,1543
1772197722.97404,1621
1772197723.074687,1788
1772197723.175888,1492
1772197723.277619,1631
1772197723.378588,1762
1772197723.479407,1438
1772197723.580892,1635
1772197723.682044,1809
1772197723.78277,1737
1772197723.883453,1658
1772197723.98768,1429
1772197724.095392,1788
1772197724.202168,1573
1772197724.311463,1591
1772197724.417319,1634
1772197724.6208,1816
1772197724.721564,1895
1772197724.823736,1712
1772197724.925132,1834
1772197725.026667,2038
1772197725.12822,1880
1772197725.22898,1776
1772197725.330169,1877
1772197725.431608,1764
1772197725.532336,1697
1772197725.633294,1703
1772197725.738001,1542
1772197725.843353,1566
1772197725.944585,1679
1772197726.055015,1675
1772197726.172092,1863
1772197726.376398,1909
1772197726.479836,1669
1772197726.580555,1946
1772197726.68428,1508
1772197726.786203,1687
1772197726.887511,1628
1772197726.988827,1835
1772197727.089731,1516
1772197727.191067,1657
1772197727.292597,1546
1772197727.39729,1843
1772197727.501013,1860
1772197727.613353,1798
1772197727.720126,1380
1772197727.830031,1555
1772197727.934866,1800
1772197728.141533,1582
1772197728.243207,1681
1772197728.344771,1673
1772197728.445522,1836
1772197728.546874,1637
1772197728.647561,1728
1772197728.74828,1797
1772197728.849006,1876
1772197728.949827,1904
1772197729.051582,2004
1772197729.153206,1849
1772197729.254742,1999
1772197729.356121,1696
1772197729.559585,1673
1772197729.660225,1520
1772197729.760958,1499
1772197729.862014,1593
1772197729.9627,1628
1772197730.063979,1619
1772197730.164628,1838
1772197730.265845,1798
1772197730.366763,1852
1772197730.46754,2123
1772197730.56839,1655
1772197730.670081,1583
1772197730.781783,1727
1772197730.887216,1733
1772197730.996954,1813
1772197731.202536,1572
1772197731.304183,1682
1772197731.405209,1910
1772197731.506777,1506
1772197731.607751,1624
1772197731.710643,1530
1772197731.812402,1739
1772197731.913102,1638
1772197732.013921,1676
1772197732.114698,1617
1772197732.215455,1597
1772197732.316359,1972
1772197732.421352,1600
1772197732.533133,1869
1772197732.648824,1741
1772197732.750326,1822
1772197732.855047,1652
1772197732.966895,1940
1772197733.087546,1646
1772197733.189274,1717
1772197733.292014,1749
1772197733.415521,1870
1772197733.516251,1757
1772197733.621356,1882
1772197733.732504,2096
1772197733.838957,1333
1772197734.043443,1696
1772197734.144694,1876
1772197734.246141,1794
1772197734.346831,1966
1772197734.448674,1580
1772197734.549406,1538
1772197734.650815,1636
1772197734.751578,1508
1772197734.853274,1799
1772197735.059025,1845
1772197735.059025,1845
1772197735.162821,1849
1772197735.263943,1859
1772197735.465873,1885
1772197735.567126,1866
1772197735.66901,1717
1772197735.770062,1761
1772197735.870792,1598
1772197735.9718,1821
1772197736.072415,1620
1772197736.173458,1791
1772197736.274484,1752
1772197736.375472,1975
1772197736.476106,1470
1772197736.576752,1788
1772197736.67744,1777
1772197736.880899,1877
1772197736.981876,1703
1772197737.083228,1657
1772197737.184014,1656
1772197737.284956,1694
1772197737.386071,1671
1772197737.51165,1790
1772197737.613317,1967
1772197737.714046,1876
1772197737.814625,1809
1772197737.915373,1826
1772197738.016943,1752
1772197738.118024,1780
1772197738.219659,1554
1772197738.422238,1884
1772197738.523974,2034
1772197738.625599,1938
1772197738.726297,1837
1772197738.826949,1788
1772197738.928496,1831
1772197739.029624,1750
1772197739.130434,1735
1772197739.231255,1914
1772197739.332721,1626
1772197739.434233,1940
1772197739.535277,1731
1772197739.636423,1660
1772197739.839198,1601
1772197739.942546,1509
1772197740.044811,1867
1772197740.145632,1775
1772197740.246374,1727
1772197740.347127,1677
1772197740.44781,1757
1772197740.549078,1925
1772197740.650194,1612
1772197740.750926,1628
1772197740.851894,2119
1772197740.952599,1727
1772197741.053398,1746
1772197741.255673,1687
1772197741.356559,1615
1772197741.457201,1649
1772197741.5579,1688
1772197741.658777,1814
1772197741.759506,2035
1772197741.860155,1540
1772197741.96105,1704
1772197742.062319,1737
1772197742.163273,1366
1772197742.264079,1904
1772197742.371792,1568
1772197742.472428,1619
1772197742.679155,1661
1772197742.780334,1660
1772197742.881094,1836
1772197742.982069,1564
1772197743.083325,1599
1772197743.184421,1622
1772197743.286149,1907
1772197743.387022,1883
1772197743.488349,1835
1772197743.589737,1637
1772197743.692462,1800
1772197743.799495,2048
1772197743.90321,1571
1772197744.01736,1722
1772197744.125558,1702
1772197744.230426,1897
1772197744.337463,1715
1772197744.550648,1682
1772197744.65235,2005
1772197744.753589,1649
1772197744.854236,1808
1772197744.955843,1722
1772197745.056786,1822
1772197745.158146,1835
1772197745.259247,1473
1772197745.360499,1570
1772197745.462132,1603
1772197745.562884,1627
1772197745.765026,1787
1772197745.765026,1787
1772197745.969634,1676
1772197746.070984,1776
1772197746.172822,1620
1772197746.274159,1717
1772197746.375061,1674
1772197746.48776,1906
1772197746.589487,1818
1772197746.690049,1799
1772197746.790624,1958
1772197746.891426,1745
1772197746.992732,1648
1772197747.094059,1638
1772197747.195438,2041
1772197747.296764,1835
1772197747.409738,1795
1772197747.516911,1688
1772197747.622441,1866
1772197747.733264,1748
1772197747.846812,1690
1772197747.955789,1890
1772197748.06585,1998
1772197748.175076,1592
1772197748.280776,1589
1772197748.382007,1807
1772197748.594234,1849
1772197748.696119,1491
1772197748.797389,1797
1772197748.898519,1750
1772197748.999188,1609
1772197749.099919,1935
1772197749.200716,1835
1772197749.302395,1907
1772197749.403316,1674
1772197749.505689,1592
1772197749.60646,1557
1772197749.707718,1767
1772197749.813036,1832
1772197749.916573,1719
1772197750.028658,1802
1772197750.232357,1800
1772197750.333299,1674
1772197750.434314,1603
1772197750.53565,1480
1772197750.636601,1634
1772197750.738299,1789
1772197750.839899,1781
1772197750.940602,1926
1772197751.041333,1568
1772197751.142063,1747
1772197751.242795,1588
1772197751.343525,1777
1772197751.451614,1693
1772197751.660294,1733
1772197751.762053,1719
1772197751.863009,1911
1772197751.964176,1710
1772197752.064938,1806
1772197752.16648,1496
1772197752.267951,1566
1772197752.369769,1725
1772197752.470891,1720
1772197752.571594,1747
1772197752.676804,1756
1772197752.778615,1689
1772197752.981501,1708
1772197753.082853,1825
1772197753.184158,1905
1772197753.285156,1742
1772197753.386463,1648
1772197753.488222,1601
1772197753.589831,1751
1772197753.690774,1793
1772197753.791506,1836
1772197753.892205,1598
1772197753.993467,1846
1772197754.100554,1615
1772197754.203946,1857
1772197754.306193,1564
1772197754.4143,1748
1772197754.525785,1587
1772197754.640479,1813
1772197754.748857,1845
1772197754.952743,1739
1772197755.054182,1794
1772197755.15591,1857
1772197755.256705,1805
1772197755.358257,1762
1772197755.459093,2072
1772197755.560015,1803
1772197755.661463,1685
1772197755.763181,1995
1772197755.864316,1858
1772197755.965419,1839
1772197756.066314,1793
1772197756.171654,1670
1772197756.379666,1853
1772197756.480612,1743
1772197756.581425,1795
1772197756.682418,1623
1772197756.783309,1744
1772197756.884352,1771
1772197756.985661,1806
1772197757.087033,1647
1772197757.188276,1402
1772197757.289605,1717
1772197757.391385,1748
1772197757.492498,1780
1772197757.596625,1815
1772197757.704305,1811
1772197757.805755,1724
1772197757.921827,1544
1772197758.127594,1560
1772197758.228503,1684
1772197758.330156,1505
1772197758.431012,1745
1772197758.531793,1726
1772197758.632527,1578
1772197758.73327,1836
1772197758.834033,1726
1772197758.934763,1846
1772197759.035886,1770
1772197759.139406,1960
1772197759.248116,1664
1772197759.355231,1820
1772197759.46969,1677
1772197759.58062,1562
1772197759.691041,1962
1772197759.791773,1657
1772197759.896869,1750
1772197760.006786,2028
1772197760.121883,1537
1772197760.228291,1691
1772197760.33828,1825
1772197760.458312,1834
1772197760.560116,1728
1772197760.670797,1816
1772197760.783496,1658
1772197760.887122,1611
1772197760.99783,1707
1772197761.10055,1869
1772197761.209246,1729
1772197761.426364,1569
1772197761.528843,1812
1772197761.629776,1624
1772197761.730476,1727
1772197761.831895,1705
1772197761.933066,1739
1772197762.034154,1612
1772197762.135172,1593
1772197762.236188,1564
1772197762.337547,1687
1772197762.439499,1802
1772197762.540088,1839
1772197762.64099,1734
1772197762.745711,1718
1772197762.855322,1529
1772197763.058759,2004
1772197763.159916,1720
1772197763.261176,1530
1772197763.3629,1602
1772197763.463862,1743
1772197763.565515,1583
1772197763.667227,1927
1772197763.768168,2030
1772197763.868899,1727
1772197763.969629,1757
1772197764.070389,1766
1772197764.175591,1787
1772197764.282711,1577
1772197764.388567,1785
1772197764.491374,1679
1772197764.605467,1653
1772197764.717219,1632
1772197764.829904,1646
1772197764.936272,1641
1772197765.046214,1817
1772197765.150933,1707
1772197765.260039,1796
1772197765.368198,1664
1772197765.475611,1703
1772197765.69017,1534
1772197765.792019,1796
1772197765.892974,1852
1772197765.993705,1777
1772197766.099809,1968
1772197766.201047,1777
1772197766.302776,2034
1772197766.4065,1808
1772197766.511219,1677
1772197766.652142,1263
1772197766.752871,1667
1772197766.854079,2025
1772197766.954761,1837
1772197767.056328,1772
1772197767.157942,1820
1772197767.258578,1709
1772197767.359931,1361
1772197767.461602,1711
1772197767.562587,1713
1772197767.665625,1785
1772197767.877041,1731
1772197767.978786,1877
1772197768.080497,1848
1772197768.181304,1646
1772197768.282886,1880
1772197768.383653,1677
1772197768.485343,1770
1772197768.586108,1726
1772197768.686808,1698
1772197768.788108,1855
1772197768.889304,1887
1772197768.990043,1955
1772197769.095092,1856
1772197769.19984,1985
1772197769.303285,1639
1772197769.41304,1849
1772197769.62121,1637
1772197769.722939,1838
1772197769.824234,2004
1772197769.925277,1603
1772197770.026149,1764
1772197770.127229,1879
1772197770.22822,1673
1772197770.329976,1552
1772197770.43099,1653
1772197770.532735,1680
1772197770.633724,1524
1772197770.736409,1740
1772197770.938458,1804
1772197771.039685,1659
1772197771.140343,1768
1772197771.241306,1703
1772197771.342274,2099
1772197771.443009,1786
1772197771.543738,1628
1772197771.645307,1801
1772197771.747002,1858
1772197771.847754,1905
1772197771.949075,1865
1772197772.05049,1656
1772197772.155573,1712
1772197772.259794,1871
1772197772.372871,1674
1772197772.579227,1574
1772197772.680113,1724
1772197772.781342,1827
1772197772.882401,1781
1772197772.984304,1658
1772197773.085952,1672
1772197773.186842,1843
1772197773.288088,1748
1772197773.389073,1693
1772197773.489803,1767
1772197773.590534,1955
1772197773.69161,1820
1772197773.793766,1828
1772197774.001212,2109
1772197774.102211,1762
1772197774.203244,1504
1772197774.304205,1515
1772197774.40499,1617
1772197774.506354,1617
1772197774.607174,1636
1772197774.709867,1787
1772197774.811594,1621
1772197774.930306,1710
1772197775.031811,1724
1772197775.133336,1969
1772197775.234702,1805
1772197775.335382,1767
1772197775.436111,1796
1772197775.547146,1761
1772197775.749123,1442
1772197775.849885,1816
1772197775.951268,1706
1772197776.05203,1687
1772197776.153432,1706
1772197776.254777,1776
1772197776.355731,1644
1772197776.45649,1816
1772197776.557192,1737
1772197776.65809,1764
1772197776.758822,1915
1772197776.860444,1554
1772197777.065325,1830
1772197777.166299,1594
1772197777.267608,1717
1772197777.368373,1538
1772197777.469284,1605
1772197777.570597,1835
1772197777.67133,1628
1772197777.773026,1807
1772197777.884728,1938
1772197778.000926,2023
1772197778.230839,1535
1772197778.339548,1618
1772197778.599361,1310
1772197778.741004,1113
1772197779.014274,1747
1772197779.136945,1808
1772197779.257455,1790
1772197779.519793,1834
1772197779.628502,1784
1772197779.72974,1857
1772197779.830389,1510
1772197779.930951,1819
1772197780.037305,1727
1772197780.139033,1786
1772197780.244202,1920
1772197780.357244,1687
1772197780.46523,1712
1772197780.670408,1776
1772197780.771755,1845
1772197780.873119,1578
1772197780.974037,1664
1772197781.075116,1454
1772197781.176433,1668
1772197781.277738,1549
1772197781.378457,1797
1772197781.479479,1722
1772197781.58119,1641
1772197781.682403,1808
1772197781.783895,1862
1772197781.887473,1805
1772197781.989233,1493
1772197782.201263,1736
1772197782.302786,1930
1772197782.404524,1717
1772197782.505057,1770
1772197782.605789,1806
1772197782.706338,1849
1772197782.807695,1844
1772197782.908474,2073
1772197783.0091,1868
1772197783.110827,1838
1772197783.212391,1841
1772197783.314393,1480
1772197783.421616,1697
1772197783.531191,2036
1772197783.636689,1857
1772197783.746632,1562
1772197783.857614,1552
1772197783.964269,2007
1772197784.173014,1881
1772197784.274625,1781
1772197784.375278,1549
1772197784.477011,1877
1772197784.5781,1859
1772197784.678846,1627
1772197784.779388,1800
1772197784.880099,1658
1772197784.981115,1722
1772197785.082435,1519
1772197785.183096,1976
1772197785.284824,1710
1772197785.486331,1755
1772197785.587062,1777
1772197785.687792,1717
1772197785.788524,1588
1772197785.88976,1590
1772197785.990491,1538
1772197786.091221,1886
1772197786.191948,1767
1772197786.292745,1636
1772197786.393995,1728
1772197786.496164,1492
1772197786.597923,1896
1772197786.701869,1654
1772197786.806605,1804
1772197787.017451,1811
1772197787.118797,1825
1772197787.220489,1819
1772197787.321212,1797
1772197787.422435,1857
1772197787.523824,1883
1772197787.624772,1842
1772197787.725502,1945
1772197787.826602,1681
1772197787.92724,1699
1772197788.027899,1738
1772197788.130843,1476
1772197788.237442,1702
1772197788.346854,1867
1772197788.451085,1726
1772197788.557374,1395
1772197788.666121,1907
1772197788.772837,1808
1772197788.887142,1754
1772197788.991446,1572
1772197789.100329,1763
1772197789.313062,1793
1772197789.413765,1916
1772197789.514964,1531
1772197789.616391,1764
1772197789.717995,1446
1772197789.819421,1823
1772197789.920074,1887
1772197790.021079,1514
1772197790.122668,1752
1772197790.223528,1973
1772197790.325204,1967
1772197790.426451,1619
1772197790.528833,1885
1772197790.638261,1635
1772197790.752484,1654
1772197790.853336,2102
1772197790.962618,1573
1772197791.171911,1541
1772197791.273166,1599
1772197791.374383,1788
1772197791.475156,1696
1772197791.576046,1774
1772197791.676803,1687
1772197791.777853,1731
1772197791.878616,1697
1772197791.979554,1763
1772197792.080326,1706
1772197792.181984,1642
1772197792.294093,1728
1772197792.401203,1708
1772197792.50415,1505
1772197792.616314,1809
1772197792.725156,1433
1772197792.834863,1759
1772197792.939788,1772
1772197793.054404,1593
1772197793.160123,1795
1772197793.27668,1775
1772197793.383378,2061
1772197793.492084,1895
1772197793.599646,1757
1772197793.711939,1576
1772197793.818201,1703
1772197793.928082,1901
1772197794.04747,1732
1772197794.150141,1831
1772197794.25885,1812
1772197794.367558,1592
1772197794.477984,1738
1772197794.581706,1889
1772197794.690761,1636
1772197794.80064,1638
1772197794.907556,1661
1772197795.112292,1644
1772197795.213719,1735
1772197795.31524,1999
1772197795.416005,1647
1772197795.516707,2035
1772197795.618241,1940
1772197795.719936,1887
1772197795.820726,1835
1772197795.921856,1681
1772197796.023146,1648
1772197796.124038,1694
1772197796.225774,1769
1772197796.326562,1686
1772197796.435188,1767
1772197796.547956,1622
1772197796.650275,1687
1772197796.768956,1748
1772197796.878787,1675
1772197796.995025,1547
1772197797.100546,1702
1772197797.202075,1831
1772197797.308786,1761
1772197797.420156,1786
1772197797.532444,1763
1772197797.640248,1576
1772197797.740979,1687
1772197797.953378,1616
1772197798.054108,1906
1772197798.154829,1787
1772197798.256266,1606
1772197798.3579,1702
1772197798.458675,1796
1772197798.56019,1654
1772197798.661348,1838
1772197798.762239,1893
1772197798.863541,1539
1772197798.968611,1522
1772197799.075418,1582
1772197799.181304,1803
1772197799.287603,1749
1772197799.397739,1869
1772197799.503456,1759
1772197799.611942,1628
1772197799.727813,2084
1772197799.839985,1382
1772197799.948724,1673
1772197800.055396,1706
1772197800.16102,1873
1772197800.268092,1741
1772197800.37683,1682
1772197800.491643,1309
1772197800.60454,1590
1772197800.712487,1539
1772197800.820111,1904
1772197800.928038,1795
1772197801.033073,1666
1772197801.141056,1427
1772197801.247891,2031
1772197801.349713,1728
1772197801.567444,1909
1772197801.668661,1649
1772197801.770387,1887
1772197801.871607,2025
1772197801.972162,1969
1772197802.073023,1735
1772197802.174686,1652
1772197802.275704,1930
1772197802.376403,1708
1772197802.477153,1875
1772197802.578705,1624
1772197802.679482,1518
1772197802.782656,1599
1772197802.895993,1900
1772197803.00171,1797
1772197803.104124,1894
1772197803.218742,1611
1772197803.325922,1875
1772197803.533535,1911
1772197803.63428,1925
1772197803.736005,1700
1772197803.836653,1748
1772197803.937771,1799
1772197804.038739,2000
1772197804.140073,1845
1772197804.241468,1686
1772197804.342199,1628
1772197804.443754,1506
1772197804.54446,2293
1772197804.645205,1727
1772197804.749545,1840
1772197804.853948,1714
1772197804.966005,1829
1772197805.078066,1774
1772197805.182341,1850
1772197805.290097,1846
1772197805.502561,1703
1772197805.603956,1686
1772197805.705176,1600
1772197805.806648,1882
1772197805.908076,1804
1772197806.008865,1875
1772197806.110253,2367
1772197806.211235,3386
1772197806.312965,8316
1772197806.41409,9374
1772197806.515861,8578
1772197806.617199,9019
1772197806.717994,9117
1772197806.819993,8451
1772197806.927829,8191
1772197807.135257,8991
1772197807.236783,8982
1772197807.337674,8851
1772197807.439165,9143
1772197807.540044,8703
1772197807.640942,9256
1772197807.742936,8871
1772197807.843511,9256
1772197807.944239,8776
1772197808.045232,8861
1772197808.146122,9327
1772197808.250847,8966
1772197808.354431,8987
1772197808.559769,9040
1772197808.661078,8538
1772197808.762471,8600
1772197808.863515,8926
1772197808.965085,8339
1772197809.066305,9266
1772197809.167294,9129
1772197809.268129,9213
1772197809.36978,8627
1772197809.470969,8894
1772197809.571893,8550
1772197809.673857,8601
1772197809.775114,8671
1772197809.979375,9009
1772197810.080851,9036
1772197810.181651,8660
1772197810.283009,8918
1772197810.384243,9028
1772197810.485545,8863
1772197810.586623,8844
1772197810.687749,9325
1772197810.788712,9855
1772197810.890201,9153
1772197810.990928,8666
1772197811.091919,8723
1772197811.19766,9636
1772197811.303227,9718
1772197811.507949,9222
1772197811.609274,8694
1772197811.710006,8577
1772197811.811094,8873
1772197811.912044,8826
1772197812.013417,8907
1772197812.115065,9326
1772197812.215795,9689
1772197812.316986,8726
1772197812.417865,8871
1772197812.519341,9608
1772197812.622779,8497
1772197812.723576,8879
1772197812.927461,8950
1772197813.02835,8603
1772197813.129843,8887
1772197813.231201,9066
1772197813.332938,9062
1772197813.433636,9185
1772197813.535224,8859
1772197813.636818,9232
1772197813.737865,9144
1772197813.838636,8861
1772197813.939477,8944
1772197814.143024,9272
1772197814.243879,8725
1772197814.344566,8908
1772197814.445676,8733
1772197814.547063,9143
1772197814.647794,9083
1772197814.748525,9093
1772197814.850253,9083
1772197814.951211,9538
1772197815.051966,8753
1772197815.15308,9098
1772197815.254581,9379
1772197815.359788,8658
1772197815.462855,8829
1772197815.666129,8832
1772197815.767598,8840
1772197815.868147,8811
1772197815.968874,9203
1772197816.07066,8871
1772197816.171554,9633
1772197816.272953,9230
1772197816.374661,9192
1772197816.475507,8954
1772197816.57612,9621
1772197816.677703,9223
1772197816.779367,8793
1772197816.984387,8648
1772197817.085183,8809
1772197817.186017,8756
1772197817.287257,9255
1772197817.388185,8937
1772197817.488906,8667
1772197817.590388,9656
1772197817.691596,8645
1772197817.792374,8801
1772197817.893165,8810
1772197817.994568,8648
1772197818.096051,8947
1772197818.198897,9003
1772197818.307717,8344
1772197818.412151,8778
1772197818.615888,5230
1772197818.717823,5542
1772197818.820208,5899
1772197818.921549,5072
1772197819.022785,5373
1772197819.124232,5135
1772197819.225823,5413
1772197819.327307,5449
1772197819.428496,5217
1772197819.529151,5434
1772197819.629775,5366
1772197819.731501,4689
1772197819.9341,5361
1772197820.035674,5582
1772197820.137278,5235
1772197820.238278,5089
1772197820.339639,5524
1772197820.44067,5038
1772197820.541609,5082
1772197820.642535,5271
1772197820.743265,5192
1772197820.843985,5411
1772197820.945572,5089
1772197821.047521,5247
1772197821.1484,5412
1772197821.253912,5733
1772197821.460266,5006
1772197821.562055,5599
1772197821.663526,5577
1772197821.765222,5260
1772197821.866047,5286
1772197821.967222,5248
1772197822.068133,5836
1772197822.169289,5120
1772197822.270917,5244
1772197822.372491,5030
1772197822.473318,5167
1772197822.579267,5474
1772197822.687602,5021
1772197822.795354,5591
1772197822.998416,5386
1772197823.100095,5360
1772197823.20098,5303
1772197823.302426,5283
1772197823.403902,5124
1772197823.505483,5345
1772197823.606277,5555
1772197823.707812,5633
1772197823.808316,5104
1772197823.909293,5615
1772197824.009979,5134
1772197824.111149,5278
1772197824.218064,5167
1772197824.319123,5749
1772197824.522366,5490
1772197824.62318,5177
1772197824.724485,5330
1772197824.825709,5472
1772197824.927014,5211
1772197825.028272,5441
1772197825.129033,5180
1772197825.230243,5375
1772197825.331195,5349
1772197825.431927,5390
1772197825.532658,5112
1772197825.633671,5197
1772197825.840138,5360
1772197825.940899,5448
1772197826.041712,5068
1772197826.143317,5157
1772197826.244891,5011
1772197826.345462,5230
1772197826.446199,5152
1772197826.54784,5470
1772197826.649398,5287
1772197826.750162,5388
1772197826.850895,5013
1772197826.952237,5614
1772197827.056535,5934
1772197827.162551,5102
1772197827.270025,5722
1772197827.476019,5485
1772197827.577299,5183
1772197827.67816,5225
1772197827.779072,5638
1772197827.879838,5865
1772197827.981185,5180
1772197828.082212,5592
1772197828.183117,5004
1772197828.283877,5627
1772197828.384667,5575
1772197828.4858,5171
1772197828.5881,5513
1772197828.694217,5531
1772197828.803652,5345
1772197829.019765,5215
1772197829.120622,5026
1772197829.221552,5003
1772197829.322575,5167
1772197829.423547,5199
1772197829.525072,5309
1772197829.626289,5562
1772197829.727385,5697
1772197829.828396,5801
1772197829.929662,6010
1772197830.03109,6763
1772197830.132549,6298
1772197830.234305,6741
1772197830.338418,6579
1772197830.541447,6883
1772197830.642522,6559
1772197830.743363,6634
1772197830.844,7164
1772197830.945701,6831
1772197831.046702,6287
1772197831.147356,6686
1772197831.249104,7105
1772197831.349917,6715
1772197831.451321,6449
1772197831.55224,6668
1772197831.654751,7151
1772197831.758475,6536
1772197831.865517,6791
1772197832.07822,7027
1772197832.179112,6729
1772197832.280081,6784
1772197832.380831,6848
1772197832.482554,6625
1772197832.583895,6591
1772197832.690242,6809
1772197832.791331,6439
1772197832.892792,6258
1772197832.993525,6492
1772197833.094302,6648
1772197833.195225,6886
1772197833.296243,6355
1772197833.401109,6389
1772197833.506679,6573
1772197833.71182,6609
1772197833.814004,6449
1772197833.915034,6661
1772197834.015764,6264
1772197834.11632,6314
1772197834.217702,6825
1772197834.318555,6970
1772197834.419219,6914
1772197834.519944,6602
1772197834.621169,6569
1772197834.722462,6762
1772197834.825688,6413
1772197835.030497,6615
1772197835.133882,6335
1772197835.234786,6828
1772197835.335502,6662
1772197835.437105,6564
1772197835.537871,6877
1772197835.639103,6885
1772197835.740831,7225
1772197835.841839,6939
1772197835.94349,6689
1772197836.044188,6951
1772197836.145951,6613
1772197836.24731,6393
1772197836.451864,6589
1772197836.552643,6836
1772197836.654032,6963
1772197836.755132,6587
1772197836.856036,6937
1772197836.957458,6606
1772197837.058324,7118
1772197837.159692,6925
1772197837.260433,6571
1772197837.361613,6424
1772197837.462344,6840
1772197837.564073,6910
1772197837.666933,6494
1772197837.77433,6583
1772197837.879185,6799
1772197838.086313,6606
1772197838.187783,6898
1772197838.288517,6452
1772197838.390213,7040
1772197838.491052,6634
1772197838.59251,6643
1772197838.693452,6944
1772197838.794204,6580
1772197838.894865,6705
1772197838.998046,6948
1772197839.108151,6866
1772197839.217373,6463
1772197839.324862,7023
1772197839.432383,6761
1772197839.538729,6450
1772197839.742978,6591
1772197839.844796,6560
1772197839.945686,6680
1772197840.047504,6914
1772197840.149735,6710
1772197840.250487,6659
1772197840.351219,6432
1772197840.452163,6825
1772197840.553432,7001
1772197840.65411,7628
1772197840.755839,7008
1772197840.861773,6636
1772197840.968345,6671
1772197841.074075,6611
1772197841.185371,6972
1772197841.288361,6755
1772197841.401237,6906
1772197841.608149,6632
1772197841.710462,5942
1772197841.812326,6920
1772197841.913574,7022
1772197842.014966,7189
1772197842.116208,6242
1772197842.216787,7029
1772197842.31841,6986
1772197842.419183,6926
1772197842.520363,6789
1772197842.621796,6634
1772197842.724494,6981
1772197842.829215,7047
1772197842.936927,6647
1772197843.039864,7402
1772197843.149581,6626
1772197843.26228,6725
1772197843.368379,7012
1772197843.577543,6752
1772197843.678587,6818
1772197843.779504,7203
1772197843.880697,6541
1772197843.98222,6501
1772197844.084259,6634
1772197844.185596,6759
1772197844.286623,6671
1772197844.38832,6696
1772197844.489849,6953
1772197844.591994,6686
1772197844.703767,6865
1772197844.812391,6646
1772197844.920731,7264
1772197845.027445,6999
1772197845.138705,6883
1772197845.248511,6957
1772197845.354328,6539
1772197845.467623,6302
1772197845.56935,6753
1772197845.683519,6516
1772197845.788239,6732
1772197845.998069,6238
1772197846.09923,6870
1772197846.200223,7515
1772197846.301147,6559
1772197846.402338,7036
1772197846.503342,6346
1772197846.605071,6625
1772197846.705873,6993
1772197846.807152,6812
1772197846.907885,6978
1772197847.009188,6702
1772197847.113291,6397
1772197847.218237,6746
1772197847.423932,7193
1772197847.524877,6686
1772197847.626154,7000
1772197847.726917,6996
1772197847.828645,6780
1772197847.929774,6625
1772197848.030504,6651
1772197848.131258,6749
1772197848.375821,6442
1772197848.375821,6442
1772197848.479173,6753
1772197848.580202,6681
1772197848.681791,6270
1772197848.782521,6720
1772197848.883285,6450
1772197848.985014,6812
1772197849.088705,6660
1772197849.192011,6969
1772197849.293932,6897
1772197849.408872,7247
1772197849.514588,6791
1772197849.618784,6814
1772197849.726232,6393
1772197849.834942,6659
1772197849.9477,6793
1772197850.057403,6617
1772197850.170122,6231
1772197850.28282,7148
1772197850.38668,6697
1772197850.494391,6758
1772197850.600109,6848
1772197850.815021,6723
1772197850.915854,6347
1772197851.016968,6428
1772197851.118632,6521
1772197851.220162,7022
1772197851.321037,6750
1772197851.422479,6969
1772197851.523823,6305
1772197851.624581,6838
1772197851.727328,6929
1772197851.833823,6807
1772197851.938164,5554
1772197852.048188,6725
1772197852.157955,7306
1772197852.258846,6918
1772197852.469518,6180
1772197852.469518,6180
1772197852.674899,6491
1772197852.775609,6493
1772197852.876676,7084
1772197852.97798,7067
1772197853.078712,6700
1772197853.179464,6967
1772197853.281063,7204
1772197853.383093,6988
1772197853.484888,6002
1772197853.588621,7224
1772197853.69833,6770
1772197853.800055,6655
1772197853.90378,6748
1772197854.005186,7110
1772197854.114893,6796
1772197854.33172,7191
1772197854.432892,7047
1772197854.533878,6931
1772197854.63474,6722
1772197854.735439,6941
1772197854.836257,7211
1772197854.937997,7175
1772197855.039039,7036
1772197855.140836,6601
1772197855.242027,6710
1772197855.342736,6732
1772197855.443873,7010
1772197855.546842,6254
1772197855.662641,7084
1772197855.76736,6751
1772197855.97078,6582
1772197856.072895,7101
1772197856.17426,6668
1772197856.275082,7111
1772197856.376458,6914
1772197856.477214,7106
1772197856.579012,7308
1772197856.680739,7048
1772197856.782455,6429
1772197856.883122,6476
1772197856.984715,6968
1772197857.086249,7307
1772197857.188617,6437
1772197857.296894,6529
1772197857.404601,6550
1772197857.515334,6574
1772197857.622006,7246
1772197857.733808,7092
1772197857.84145,6437
1772197857.946143,6819
1772197858.158407,6942
1772197858.259661,6775
1772197858.361316,7004
1772197858.462088,7055
1772197858.563159,6480
1772197858.664208,7323
1772197858.764941,7187
1772197858.866209,6566
1772197858.967562,6265
1772197859.068302,6839
1772197859.169708,6863
1772197859.273668,6483
1772197859.376512,6466
1772197859.487061,6855
1772197859.593189,6485
1772197859.703225,6934
1772197859.813588,6777
1772197859.915229,6483
1772197860.023168,6244
1772197860.132173,6797
1772197860.34619,6488
1772197860.447019,6466
1772197860.548332,6771
1772197860.649452,6250
1772197860.751024,6566
1772197860.85183,6328
1772197860.953955,6417
1772197861.054906,6864
1772197861.156264,6531
1772197861.26086,6692
1772197861.366741,6781
1772197861.468391,6555
1772197861.576151,6969
1772197861.690845,6696
1772197861.794567,6546
1772197861.905685,7128
1772197862.008056,6368
1772197862.122316,6816
1772197862.331248,6667
1772197862.432574,6365
1772197862.534171,6988
1772197862.635664,6493
1772197862.736792,6823
1772197862.83766,6622
1772197862.939721,6487
1772197863.040567,6941
1772197863.141739,6592
1772197863.242649,6609
1772197863.343644,6584
1772197863.446945,7124
1772197863.55238,6838
1772197863.653625,6627
1772197863.766351,6990
1772197863.870086,6825
1772197863.98542,6598
1772197864.188222,6324
1772197864.288938,6314
1772197864.390187,6390
1772197864.490885,7080
1772197864.591644,6699
1772197864.692347,6583
1772197864.794224,6762
1772197864.895232,6603
1772197864.996797,6606
1772197865.09961,6506
1772197865.214303,6809
1772197865.323175,7054
1772197865.430635,7221
1772197865.535987,7166
1772197865.644237,6739
1772197865.752945,6586
1772197865.862205,6479
1772197865.973234,6827
1772197866.083836,6943
1772197866.197565,6840
1772197866.302252,6667
1772197866.409386,7112
1772197866.512112,6785
1772197866.619337,6500
1772197866.736888,6719
1772197866.847358,6722
1772197866.963049,6828
1772197867.070059,7253
1772197867.177773,7037
1772197867.280497,7232
1772197867.485937,7180
1772197867.5875,6852
1772197867.689027,6658
1772197867.790202,6721
1772197867.890938,6839
1772197867.992415,6720
1772197868.148997,7124
1772197868.148997,7124
1772197868.27566,6063
1772197868.378521,6377
1772197868.479238,6662
1772197868.588945,7340
1772197868.701261,6811
1772197868.804982,6893
1772197868.920184,6336
1772197869.041539,7012
1772197869.251977,7330
1772197869.251977,7330
1772197869.357206,6794
1772197869.468908,6744
1772197869.577618,7252
1772197869.705324,6775
1772197869.807055,6674
1772197869.90978,6804
1772197870.019232,7391
1772197870.121958,7197
1772197870.33048,6518
1772197870.431997,7092
1772197870.533141,6584
1772197870.633932,6439
1772197870.73566,7146
1772197870.837282,7242
1772197870.937838,7160
1772197871.041562,7172
1772197871.143705,6872
1772197871.244435,7167
1772197871.352417,6593
1772197871.454145,6881
1772197871.554913,6658
1772197871.658401,7053
1772197871.760129,6409
1772197871.963128,7025
1772197872.064721,6703
1772197872.167321,6888
1772197872.269049,7038
1772197872.372776,6576
1772197872.473757,7001
1772197872.574489,6710
1772197872.67522,6770
1772197872.775964,6928
1772197872.877713,6830
1772197872.985949,7271
1772197873.099618,7169
1772197873.20636,6576
1772197873.309085,6438
1772197873.418388,6532
1772197873.520422,6880
1772197873.739917,6790
1772197873.739917,6790
1772197873.947518,3419
1772197874.048943,6477
1772197874.150157,7202
1772197874.251859,7050
1772197874.352593,6561
1772197874.454429,6697
1772197874.555186,7036
1772197874.655897,6305
1772197874.75661,6970
1772197874.857503,6482
1772197874.95874,7319
1772197875.060339,7057
1772197875.166053,6763
1772197875.27177,6665
1772197875.47574,7265
1772197875.576844,6884
1772197875.678347,6994
1772197875.779218,6384
1772197875.880003,6945
1772197875.980728,6741
1772197876.081607,6780
1772197876.182713,7269
1772197876.562558,6933
1772197876.665257,6735
1772197876.766986,6605
1772197876.868713,7244
1772197876.969443,6979
1772197877.070391,6547
1772197877.171125,6631
1772197877.272168,6611
1772197877.373309,7286
1772197877.474124,6596
1772197877.575375,7190
1772197877.690104,6702
1772197877.892973,6831
1772197877.892973,6831
1772197878.096589,6580
1772197878.19732,6919
1772197878.298101,6806
1772197878.399567,7017
1772197878.501027,5903
1772197878.602091,4887
1772197878.703057,5011
1772197878.80979,4562
1772197878.91036,4832
1772197879.011472,4598
1772197879.112532,4769
1772197879.21414,4714
1772197879.321093,4403
1772197879.525501,4576
1772197879.627237,4531
1772197879.727849,4899
1772197879.82861,3910
1772197879.929528,4924
1772197880.030806,4788
1772197880.132782,4756
1772197880.234355,4686
1772197880.33497,4780
1772197880.436321,4637
1772197880.537294,4407
1772197880.63816,5244
1772197881.09636,4449
1772197881.197432,4383
1772197881.298876,4495
1772197881.401219,4844
1772197881.604878,4522
1772197881.706347,5233
1772197881.80732,5486
1772197881.908584,5214
1772197882.009785,4100
1772197882.110969,4911
1772197882.211936,5179
1772197882.313687,5081
1772197882.414318,5038
1772197882.515883,4470
1772197882.617249,4439
1772197882.71809,4779
1772197882.920891,4688
1772197883.022271,4211
1772197883.123255,4406
1772197883.224403,4804
1772197883.326149,4678
1772197883.426957,4781
1772197883.528081,5231
1772197883.630124,4449
1772197883.730781,3914
1772197883.832223,4416
1772197883.933516,4156
1772197884.035032,4482
1772197884.136409,5158
1772197884.244045,4594
1772197884.349111,4820
1772197884.552062,4939
1772197884.652901,4631
1772197884.75414,4484
1772197884.854918,4346
1772197884.956159,3990
1772197885.056894,4288
1772197885.15862,4335
1772197885.259352,4447
1772197885.360341,4386
1772197885.461105,4525
1772197885.562107,4049
1772197885.666133,4748
1772197885.870674,5186
1772197885.972352,4356
1772197886.07321,4689
1772197886.174175,6071
1772197886.274906,4993
1772197886.375514,4353
1772197886.476391,4401
1772197886.578038,4476
1772197886.679704,4504
1772197886.780477,4346
1772197886.881725,4730
1772197886.982613,4272
1772197887.084262,4368
1772197887.186087,4743
1772197887.394512,4536
1772197887.496223,5279
1772197887.597388,5268
1772197887.698987,4517
1772197887.800516,4845
1772197887.901837,4263
1772197888.003153,4323
1772197888.104793,4791
1772197888.206513,4070
1772197888.3077,4150
1772197888.409054,4134
1772197888.509756,5372
1772197888.61272,5461
1772197888.816317,4532
1772197888.917854,4569
1772197889.018752,5114
1772197889.119842,3857
1772197889.220456,5088
1772197889.321375,4597
1772197889.423131,4530
1772197889.523768,5186
1772197889.625114,4311
1772197889.725762,4788
1772197889.830569,4207
1772197889.939485,3883
1772197890.046593,4767
1772197890.154912,4680
1772197890.262702,5473
1772197890.369944,4522
1772197890.478637,4065
1772197890.692092,4152
1772197890.793066,4496
1772197890.89978,4100
1772197891.00051,4656
1772197891.101551,4938
1772197891.203282,4875
1772197891.304078,5089
1772197891.404621,5420
1772197891.505352,4606
1772197891.606083,4229
1772197891.819654,5219
1772197891.819654,5219
1772197891.929359,4338
1772197892.030091,4507
1772197892.130821,4129
1772197892.232702,4691
1772197892.34737,4886
1772197892.452147,5459
1772197892.553689,4451
1772197892.665344,4603
1772197892.772059,4610
1772197892.887373,4737
1772197893.098318,4680
1772197893.199566,4790
1772197893.300219,4192
1772197893.40116,4814
1772197893.50267,4551
1772197893.604142,4631
1772197893.705636,5024
1772197893.810222,4805
1772197893.910974,4833
1772197894.012135,4290
1772197894.113016,5085
1772197894.214128,4124
1772197894.315295,5416
1772197894.418026,4691
1772197894.528545,5103
1772197894.641204,5024
1772197894.743924,4536
1772197894.956354,4914
1772197895.061298,4278
1772197895.163274,4854
1772197895.264116,5027
1772197895.364871,4783
1772197895.46602,4785
1772197895.567289,4344
1772197895.667988,4617
1772197895.768754,4952
1772197895.869481,4834
1772197895.97018,4945
1772197896.070946,5339
1772197896.174667,4695
1772197896.279387,4640
1772197896.387488,4713
1772197896.596166,5164
1772197896.697895,4679
1772197896.798656,5398
1772197896.900834,5109
1772197897.001945,4697
1772197897.102799,4461
1772197897.203964,5397
1772197897.304639,5492
1772197897.405348,4756
1772197897.506147,4632
1772197897.609274,4557
1772197897.712211,4828
1772197897.819568,4964
1772197897.930623,4718
1772197898.037976,5096
1772197898.144876,4817
1772197898.251617,4843
1772197898.358772,4871
1772197898.46147,4936
1772197898.569183,4781
1772197898.782236,4501
1772197898.884577,5081
1772197898.9863,4846
1772197899.140892,4879
1772197899.140892,4879
1772197899.249227,4578
1772197899.350252,5127
1772197899.451747,5340
1772197899.557731,4387
1772197899.760338,4298
1772197899.892983,5142
1772197899.892983,5142
1772197899.998699,4644
1772197900.100378,4710
1772197900.218124,4798
1772197900.324871,5112
1772197900.448571,4179
1772197900.554405,4696
1772197900.662666,4829
1772197900.769381,4835
1772197900.873855,5063
1772197900.97558,4993
1772197901.185803,4437
1772197901.28757,4746
1772197901.389143,4784
1772197901.520792,4875
1772197901.520792,4875
1772197901.649447,4136
1772197901.752172,5052
1772197901.853901,4787
1772197901.966237,4893
1772197902.077951,5338
1772197902.51981,4764
1772197902.620689,4500
1772197902.822781,4832
1772197902.924093,5290
1772197903.025527,4643
1772197903.126384,4719
1772197903.227343,4526
1772197903.328775,4761
1772197903.430334,4992
1772197903.531069,4675
1772197903.632664,4891
1772197903.733396,4834
1772197903.834208,4820
1772197903.935679,5104
1772197904.138066,4674
1772197904.239341,4996
1772197904.34055,4732
1772197904.441698,4893
1772197904.543329,4634
1772197904.645224,5319
1772197904.746439,4979
1772197904.84717,5162
1772197904.948292,5073
1772197905.049319,4612
1772197905.150535,4090
1772197905.251309,4931
1772197905.352217,5341
1772197905.455825,4912
1772197905.660688,4977
1772197905.762228,5515
1772197905.862742,4755
1772197905.963613,4917
1772197906.064403,5258
1772197906.165171,5279
1772197906.266247,4610
1772197906.367332,4817
1772197906.46805,5162
1772197906.568792,5052
1772197906.670089,4955
1772197906.77143,4914
1772197906.872777,4706
1772197907.079634,4662
1772197907.180737,4569
1772197907.282024,4985
1772197907.383077,5125
1772197907.484087,5118
1772197907.585642,4362
1772197907.690277,4732
1772197907.791008,4467
1772197907.892342,5328
1772197907.994054,4896
1772197908.094928,4956
1772197908.199416,4316
1772197908.402831,4880
1772197908.504109,4630
1772197908.605613,4847
1772197908.706338,4576
1772197908.807903,4765
1772197908.908733,4036
1772197909.009451,4616
1772197909.111256,4518
1772197909.213068,4331
1772197909.314809,5071
1772197909.415636,4750
1772197909.516704,4680
1772197909.617707,4742
1772197909.819262,5013
1772197909.920618,4646
1772197910.021818,4644
1772197910.123573,4707
1772197910.224305,4586
1772197910.325286,4971
1772197910.426801,4767
1772197910.528309,4462
1772197910.629431,4598
1772197910.73116,4669
1772197910.832688,5023
1772197910.933659,5090
1772197911.035026,4962
1772197911.237973,4686
1772197911.339575,4438
1772197911.440777,4752
1772197911.542273,4867
1772197911.901194,4992
1772197912.002211,4573
1772197912.103191,4585
1772197912.203922,5043
1772197912.304583,4301
1772197912.405572,4564
1772197912.50645,5115
1772197912.607911,4474
1772197912.708651,4933
1772197912.809998,5002
1772197912.910783,4484
1772197913.011802,4573
1772197913.214964,5142
1772197913.316149,4892
1772197913.417015,4600
1772197913.518103,5074
1772197913.618852,4913
1772197913.720581,4413
1772197913.821448,4857
1772197913.923175,4934
1772197914.024904,4639
1772197914.125634,5271
1772197914.226224,4334
1772197914.3279,4288
1772197914.428816,4716
1772197914.540629,4594
1772197914.644641,4778
1772197914.760169,4861
1772197914.966763,1258
1772197915.067874,1532
1772197915.169065,1768
1772197915.270385,3256
1772197915.371696,5458
1772197915.472434,4486
1772197915.573594,4428
1772197915.675129,4855
1772197915.776857,5141
1772197915.878432,4705
1772197915.980152,5308
1772197916.080812,5036
1772197916.184477,5160
1772197916.387094,4911
1772197916.488478,4201
1772197916.589593,5162
1772197916.690864,5174
1772197916.792146,4640
1772197916.893217,4679
1772197916.994237,5038
1772197917.095051,4691
1772197917.196023,5050
1772197917.29771,4759
1772197917.398471,4188
1772197917.499614,4666
1772197917.600978,4745
1772197917.707755,5206
1772197917.813372,4478
1772197918.020189,4765
1772197918.121501,4876
1772197918.222129,5207
1772197918.322834,5054
1772197918.423576,4456
1772197918.524235,4838
1772197918.625071,4948
1772197918.726375,4807
1772197918.827106,4338
1772197918.928205,4737
1772197919.029283,4382
1772197919.473338,4833
1772197919.574843,4876
1772197919.678839,5098
1772197919.88543,4666
1772197919.986169,4586
1772197920.086898,4864
1772197920.188281,5198
1772197920.289012,4745
1772197920.390765,5012
1772197920.492099,4953
1772197920.593923,4890
1772197920.694649,4934
1772197920.79628,4949
1772197920.896886,4532
1772197920.998215,4618
1772197921.098998,5536
1772197921.302035,4794
1772197921.403749,4984
1772197921.505031,4719
1772197921.605819,5099
1772197921.706828,4435
1772197921.807928,5014
1772197921.908971,4671
1772197922.010318,4568
1772197922.111581,4631
1772197922.21267,4817
1772197922.313946,4927
1772197922.414793,4868
1772197922.617794,4803
1772197922.720024,4744
1772197922.821753,4806
1772197922.923121,4893
1772197923.023781,4420
1772197923.12477,5040
1772197923.226259,4680
1772197923.327237,4713
1772197923.428965,4944
1772197923.530461,4709
1772197923.632268,4744
1772197923.733804,4402
1772197923.834957,5022
1772197924.037941,4530
1772197924.138864,4993
1772197924.240178,4737
1772197924.341022,4898
1772197924.442495,4917
1772197924.544307,4577
1772197924.645048,5181
1772197924.745978,4428
1772197924.846848,4183
1772197924.948117,4621
1772197925.049354,4484
1772197925.150116,4932
1772197925.255957,4686
1772197925.462113,4760
1772197925.562987,4867
1772197925.664817,4487
1772197925.765815,4772
1772197925.866893,4837
1772197925.968119,4613
1772197926.068994,5035
1772197926.178841,4378
1772197926.28022,5020
1772197926.381437,4821
1772197926.482088,4500
1772197926.583705,4644
1772197926.685298,4832
1772197926.88693,4808
1772197926.98766,4914
1772197927.08839,5082
1772197927.18912,4804
1772197927.295327,4670
1772197927.396496,4606
1772197927.497229,4576
1772197927.597796,4832
1772197927.699228,4820
1772197927.799958,4934
1772197927.900716,4614
1772197928.001451,4556
1772197928.102193,5042
1772197928.309819,4286
1772197928.411583,4883
1772197928.512286,4796
1772197928.613745,4878
1772197928.714488,4695
1772197928.815704,4821
1772197928.916356,4758
1772197929.01799,5136
1772197929.118822,5266
1772197929.220465,4692
1772197929.321961,4522
1772197929.423688,4669
1772197929.528744,4768
1772197929.635654,4966
1772197929.744864,4616
1772197929.858559,5112
1772197929.965274,4741
1772197930.175523,4268
1772197930.28523,5445
1772197930.386959,5062
1772197930.488685,4718
1772197930.589579,4242
1772197930.690211,4988
1772197930.790909,4806
1772197930.891962,4571
1772197931.03507,5198
1772197931.137794,4594
1772197931.239197,4398
1772197931.339885,4936
1772197931.441354,4819
1772197931.542553,4654
1772197931.643491,4913
1772197931.744221,4675
1772197931.845718,4847
1772197931.946918,4545
1772197932.048716,4538
1772197932.149778,4947
1772197932.251159,4921
1772197932.454462,4993
1772197932.555326,4679
1772197932.656563,4652
1772197932.757401,4819
1772197932.85909,4730
1772197932.960132,4572
1772197933.061533,4447
1772197933.163109,4981
1772197933.263871,4664
1772197933.365023,5032
1772197933.466449,4801
1772197933.567982,5013
1772197933.678328,4769
1772197933.88378,4623
1772197933.985073,5192
1772197934.085828,4982
1772197934.186913,4738
1772197934.288296,4843
1772197934.389306,4425
1772197934.490035,5072
1772197934.59095,4697
1772197934.692301,4538
1772197934.793706,5157
1772197934.895265,4903
1772197934.996799,4688
1772197935.199482,4269
1772197935.301435,4678
1772197935.402076,4838
1772197935.502911,5067
1772197935.604608,4887
1772197935.896957,4556
1772197935.998095,4459
1772197936.099284,4793
1772197936.201012,5219
1772197936.403439,4711
1772197936.505335,5142
1772197936.606262,4488
1772197936.706992,4487
1772197936.808719,4502
1772197936.909824,4589
1772197937.011123,4600
1772197937.112588,4947
1772197937.213346,4962
1772197937.314431,4570
1772197937.415695,5381
1772197937.517415,4738
1772197937.618513,4827
1772197937.82029,4914
1772197937.921021,4507
1772197938.022214,4298
1772197938.125938,4608
1772197938.228042,4720
1772197938.329189,4656
1772197938.430475,4660
1772197938.532085,4448
1772197938.633257,4783
1772197938.735089,4291
1772197938.835786,4369
1772197938.936915,4874
1772197939.041341,4443
1772197939.244547,4870
1772197939.346276,4836
1772197939.447089,5237
1772197939.548309,4910
1772197939.649207,4915
1772197939.750556,4597
1772197939.852041,4532
1772197939.953879,5165
1772197940.054752,4649
1772197940.155973,5087
1772197940.256702,5390
1772197940.357533,4760
1772197940.559652,4556
1772197940.660893,4790
1772197940.762673,5187
1772197940.863903,4870
1772197940.965118,4495
1772197941.066148,4850
1772197941.167789,4663
1772197941.268493,4835
1772197941.37022,4846
1772197941.4713,4728
1772197941.572113,4572
1772197941.673733,4930
1772197941.774465,4387
1772197941.976773,4202
1772197942.078922,4669
1772197942.180136,5295
1772197942.508258,4902
1772197942.609187,5112
1772197942.710776,4872
1772197942.81135,4653
1772197942.912529,4585
1772197943.013353,5097
1772197943.114457,4658
1772197943.216017,4824
1772197943.317224,5612
1772197943.519176,4508
1772197943.620302,4558
1772197943.720975,4777
1772197943.82186,4708
1772197943.923486,4388
1772197944.024238,4823
1772197944.12494,4617
1772197944.225672,4745
1772197944.326249,4991
1772197944.427812,4676
1772197944.528626,4771
1772197944.629692,4333
1772197944.732923,4804
1772197944.836161,4736
1772197945.037757,4777
1772197945.139245,4670
1772197945.240694,4997
1772197945.341706,5048
1772197945.442873,4635
1772197945.544179,4550
1772197945.644783,4393
1772197945.746046,4937
1772197945.847532,4916
1772197945.948319,4762
1772197946.049261,4596
1772197946.150578,5092
1772197946.355313,4483
1772197946.456185,4639
1772197946.557892,4306
1772197946.658817,4656
1772197946.759812,4554
1772197946.860599,4583
1772197946.962317,4738
1772197947.063563,4938
1772197947.164645,4748
1772197947.273358,4597
1772197947.377643,4717
1772197947.478523,4411
1772197947.580222,4601
1772197947.68317,4672
1772197947.887312,5110
1772197947.988313,4990
1772197948.089291,4793
1772197948.19083,4589
1772197948.292246,4959
1772197948.393556,4737
1772197948.495096,5180
1772197948.596223,4964
1772197948.697471,4819
1772197948.799163,5005
1772197948.899696,4953
1772197949.001424,4924
1772197949.102968,4441
1772197949.210695,4529
1772197949.316628,4521
1772197949.519227,4309
1772197949.62006,4690
1772197949.720769,4964
1772197949.821923,4517
1772197949.923343,4624
1772197950.024103,4495
1772197950.125526,4288
1772197950.226714,4783
1772197950.327793,4649
1772197950.428838,4859
1772197950.530143,4520
1772197950.637621,4695
1772197950.740951,4732
1772197950.847914,5077
1772197950.981557,4659
1772197951.115198,3838
1772197951.222266,5035
1772197951.327984,4776
1772197951.428659,4529
1772197951.529339,5035
1772197951.630068,4586
1772197951.730751,5005
1772197951.937199,5096
1772197952.037928,4844
1772197952.138883,4952
1772197952.240163,4847
1772197952.35227,5122
1772197952.453484,4623
1772197952.555187,5112
1772197952.655947,4813
1772197952.75668,5162
1772197952.857452,4554
1772197952.958208,4803
1772197953.059382,4843
1772197953.16043,4839
1772197953.271956,4635
1772197953.375707,5060
1772197953.480711,5180
1772197953.588844,4660
1772197953.697811,4625
1772197953.803765,4379
1772197953.912646,4903
1772197954.115149,4832
1772197954.216346,4713
1772197954.317302,4635
1772197954.418566,4424
1772197954.519519,4576
1772197954.621036,4669
1772197954.723445,5019
1772197954.825229,4961
1772197954.926274,4963
1772197955.027205,4775
1772197955.128223,4989
1772197955.228984,4753
1772197955.4318,4588
1772197955.533074,4897
1772197955.634373,4580
1772197955.736089,5151
1772197955.837721,4860
1772197955.938415,4220
1772197956.039788,5021
1772197956.141004,4831
1772197956.242222,5058
1772197956.343089,4639
1772197956.444092,4821
1772197956.544822,4953
1772197956.752828,5296
1772197956.752828,5296
1772197956.955292,4785
1772197957.056008,4934
1772197957.158203,4775
1772197957.25885,4848
1772197957.36404,4601
1772197957.464768,4943
1772197957.566017,5046
1772197957.666723,4885
1772197957.768449,5111
1772197957.869149,4568
1772197958.071942,4765
1772197958.174024,4721
1772197958.275147,4766
1772197958.37661,4750
1772197958.477924,4698
1772197958.58212,5019
1772197958.683847,4688
1772197958.784578,4794
1772197958.885359,5169
1772197958.986239,4946
1772197959.087128,4648
1772197959.289043,4947
1772197959.390815,4726
1772197959.491821,4791
1772197959.5928,5278
1772197959.694061,5441
1772197959.796829,4904
1772197959.898208,5158
1772197959.998718,4377
1772197960.099637,5093
1772197960.200371,4635
1772197960.301297,5013
1772197960.402799,5034
1772197960.606073,4926
1772197960.714584,4496
1772197960.823816,4924
1772197960.924733,5083
1772197961.026279,4421
1772197961.127904,5097
1772197961.228639,5191
1772197961.330271,4978
1772197961.431327,5046
1772197961.532789,5203
1772197961.63403,5521
1772197961.735419,5079
1772197961.836307,5263
1772197961.937281,5248
1772197962.038649,4833
1772197962.242091,5377
1772197962.343841,5366
1772197962.444634,4742
1772197962.545311,5403
1772197962.647147,6039
1772197962.750839,5114
1772197963.07898,5041
1772197963.180113,5675
1772197963.281568,5352
1772197963.38259,5028
1772197963.483726,4825
1772197963.585107,5208
1772197963.686126,5563
1772197963.88884,5164
1772197963.990118,4897
1772197964.090816,5005
1772197964.191797,5515
1772197964.292631,5196
1772197964.394185,5366
1772197964.495126,5310
1772197964.596123,5089
1772197964.697837,4787
1772197964.798924,5480
1772197964.899722,4990
1772197965.001371,4879
1772197965.106396,5208
1772197965.210459,4920
1772197965.416236,5621
1772197965.517073,5404
1772197965.618487,5492
1772197965.71974,5431
1772197965.824461,5280
1772197965.928793,5482
1772197966.029437,5454
1772197966.130433,5990
1772197966.23127,5523
1772197966.332209,5032
1772197966.43388,5468
1772197966.53472,5136
1772197966.635396,5582
1772197966.739118,5013
1772197966.943457,5344
1772197967.045072,5028
1772197967.146385,5063
1772197967.247116,5201
1772197967.347847,5370
1772197967.449292,5401
1772197967.550809,5319
1772197967.651867,5155
1772197967.752599,5658
1772197967.854053,5263
1772197967.955666,5068
1772197968.056539,5452
1772197968.262675,5202
1772197968.364268,5325
1772197968.465755,5498
1772197968.56674,5594
1772197968.66814,5295
1772197968.768878,5082
1772197968.870597,5093
1772197968.971693,5440
1772197969.072909,5433
1772197969.174374,5489
1772197969.275788,5275
1772197969.376656,4877
1772197969.599682,5170
1772197969.710385,5249
1772197969.710385,5249
1772197969.913841,5455
1772197970.014572,5360
1772197970.115305,5241
1772197970.215921,5337
1772197970.316654,5539
1772197970.417196,5161
1772197970.518185,5347
1772197970.62631,5262
1772197970.729627,5260
1772197970.831202,5719
1772197970.932352,5249
1772197971.033817,5460
1772197971.236867,5141
1772197971.338815,5698
1772197971.44022,5384
1772197971.541273,5056
1772197971.642003,5202
1772197971.742734,5519
1772197971.844299,5237
1772197971.946081,4814
1772197972.047729,5322
1772197972.148375,4789
1772197972.249165,5665
1772197972.450972,4376
1772197972.551996,5196
1772197972.686067,5686
1772197972.686067,5686
1772197972.789154,5063
1772197972.993611,5122
1772197973.095395,5472
1772197973.196493,5074
1772197973.297614,4806
1772197973.39866,5304
1772197973.499679,5276
1772197973.601162,5242
1772197973.702766,4842
1772197973.80416,5079
1772197973.905937,4971
1772197974.006618,5631
1772197974.107349,4963
1772197974.208079,5023
1772197974.410935,5091
1772197974.511666,4953
1772197974.612764,5321
1772197974.716485,5120
1772197974.81924,5581
1772197974.922824,5371
1772197975.024368,5120
1772197975.125765,5177
1772197975.226462,5034
1772197975.327815,5002
1772197975.430326,5355
1772197975.535173,4841
1772197975.636074,5272
1772197975.837822,4715
1772197975.940548,5436
1772197976.041392,5434
1772197976.142121,5341
1772197976.243592,5203
1772197976.344852,4760
1772197976.445881,5008
1772197976.547382,5517
1772197976.648884,5004
1772197976.749629,4824
1772197976.850387,4932
1772197976.953049,5308
1772197977.062179,5223
1772197977.171374,5055
1772197977.281246,5024
1772197977.388057,4971
1772197977.49665,5091
1772197977.605569,5444
1772197977.723672,4751
1772197977.825399,5672
1772197977.934162,5654
1772197978.040717,5030
1772197978.160006,5188
1772197978.262473,5416
1772197978.376888,5322
1772197978.482727,5281
1772197978.59029,5327
1772197978.704553,5504
1772197978.809211,5197
1772197979.020112,5208
1772197979.122678,4901
1772197979.223262,5378
1772197979.326168,5347
1772197979.427138,5942
1772197979.528616,6080
1772197979.629567,5745
1772197979.731364,6218
1772197979.832119,5597
1772197979.93325,5487
1772197980.034765,5614
1772197980.136207,6161
1772197980.237578,6076
1772197980.341044,6099
1772197980.444171,5653
1772197980.654468,5770
1772197980.756195,5946
1772197980.856929,6532
1772197980.958655,6134
1772197981.251004,5615
1772197981.351533,5978
1772197981.452193,5970
1772197981.552923,5807
1772197981.653739,5882
1772197981.756428,6135
1772197981.963728,5837
1772197982.065228,5399
1772197982.166428,6274
1772197982.268194,5483
1772197982.369362,5663
1772197982.471091,6183
1772197982.573086,5500
1772197982.674787,5840
1772197982.775518,5638
1772197982.876249,5867
1772197982.977533,6101
1772197983.078759,5828
1772197983.17949,5787
1772197983.285266,5956
1772197983.503208,6261
1772197983.604119,6054
1772197983.704891,5765
1772197983.805956,5610
1772197983.906908,5794
1772197984.007599,6048
1772197984.109327,5603
1772197984.210517,5810
1772197984.311633,5538
1772197984.412816,5919
1772197984.514244,6023
1772197984.614979,6025
1772197984.718665,5726
1772197984.92056,5606
1772197985.022323,5797
1772197985.123028,5699
1772197985.224025,6188
1772197985.324806,5923
1772197985.426323,5792
1772197985.527207,5897
1772197985.628265,5996
1772197985.732959,6104
1772197985.840913,6141
1772197985.947313,6156
1772197986.049008,5319
1772197986.15028,5954
1772197986.251069,5804
1772197986.353393,6049
1772197986.458529,5564
1772197986.665835,5505
1772197986.766643,6061
1772197986.867601,5616
1772197986.968555,5517
1772197987.069977,5580
1772197987.171169,6225
1772197987.272386,6036
1772197987.373147,5736
1772197987.474848,5565
1772197987.575579,5837
1772197987.676308,5926
1772197987.780546,5909
1772197987.886263,6197
1772197988.095335,5963
1772197988.196454,5874
1772197988.297942,6000
1772197988.399108,5545
1772197988.500916,5785
1772197988.602042,5854
1772197988.707761,5882
1772197988.809493,5858
1772197988.910837,5979
1772197989.012104,5994
1772197989.113451,6245
1772197989.217199,6130
1772197989.326753,6015
1772197989.432471,5921
1772197989.639408,6065
1772197989.740137,5986
1772197989.841173,5552
1772197989.942687,5812
1772197990.043913,5986
1772197990.147921,6028
1772197990.249373,6052
1772197990.350417,5967
1772197990.451952,5633
1772197990.55315,6017
1772197990.654111,5635
1772197990.755837,6006
1772197990.859249,6314
1772197990.960045,5843
1772197991.163432,5886
1772197991.264615,6196
1772197991.366568,5924
1772197991.467192,5903
1772197991.568274,5609
1772197991.669266,5990
1772197991.770406,5813
1772197991.871698,6446
1772197991.972489,5625
1772197992.073313,5732
1772197992.174669,6097
1772197992.378301,6507
1772197992.479742,6063
1772197992.580935,5583
1772197992.682785,5602
1772197992.783764,5961
1772197992.884638,6057
1772197992.985368,5906
1772197993.08703,6669
1772197993.187891,5740
1772197993.289227,6226
1772197993.391298,6397
1772197993.492872,5966
1772197993.594142,5598
1772197993.695456,6455
1772197993.898679,5658
1772197994.000139,6002
1772197994.100898,5994
1772197994.202203,6278
1772197994.303108,5777
1772197994.404038,6073
1772197994.505135,5845
1772197994.606127,5911
1772197994.70785,5809
1772197994.809176,6059
1772197994.909697,6138
1772197995.112468,5733
1772197995.214172,5889
1772197995.314986,5931
1772197995.415768,6122
1772197995.51744,5783
1772197995.618674,6272
1772197995.719689,5771
1772197995.821359,5901
1772197995.922703,6038
1772197996.02421,6039
1772197996.125223,2059
1772197996.226125,3736
1772197996.429343,5833
1772197996.531145,5991
1772197996.633077,6004
1772197996.733872,5793
1772197996.835827,6061
1772197996.937666,5803
1772197997.038972,6317
1772197997.139762,6230
1772197997.240459,6097
1772197997.341779,6000
1772197997.44272,5934
1772197997.54355,5712
1772197997.644771,5690
1772197997.74655,6062
1772197997.850014,4977
1772197998.05399,6029
1772197998.154955,5813
1772197998.255651,6097
1772197998.357012,5988
1772197998.458197,6058
1772197998.558761,6035
1772197998.659491,5867
1772197998.760227,6025
1772197998.86195,5662
1772197998.962681,5718
1772197999.063702,6028
1772197999.165109,5906
1772197999.273436,5981
1772197999.480767,5707
1772197999.582051,5943
1772197999.683779,6194
1772197999.784509,5966
1772197999.885504,6198
1772197999.987302,6031
1772198000.089056,6201
1772198000.189761,5660
1772198000.291194,5560
1772198000.499649,6135
1772198000.499649,6135
1772198000.630239,4862
1772198000.730936,6206
1772198000.83163,6276
1772198000.932865,6519
1772198001.034125,6063
1772198001.138821,6006
1772198001.245322,5780
1772198001.650724,5762
1772198001.751602,6205
1772198001.852142,5997
1772198001.953537,6025
1772198002.054496,5784
1772198002.156118,5490
1772198002.257044,5796
1772198002.359041,5362
1772198002.460579,5574
1772198002.561234,5682
1772198002.763235,6287
1772198002.864047,5961
1772198002.969765,5614
1772198003.071769,5970
1772198003.173124,5821
1772198003.274851,5524
1772198003.375525,6009
1772198003.476286,5795
1772198003.578292,5352
1772198003.679754,5667
1772198003.780554,5873
1772198003.881464,5460
1772198003.983223,5601
1772198004.187941,5663
1772198004.288675,5410
1772198004.39022,5662
1772198004.491365,5783
1772198004.592706,6157
1772198004.693347,5763
1772198004.794955,5531
1772198004.896511,5711
1772198004.998071,5966
1772198005.098913,5820
1772198005.199612,6057
1772198005.301124,6176
1772198005.402508,5572
1772198005.510066,6281
1772198005.612994,5758
1772198005.817556,5640
1772198005.918622,5382
1772198006.020481,5792
1772198006.121181,5839
1772198006.222899,5387
1772198006.324331,5589
1772198006.425017,6098
1772198006.525776,6768
1772198006.626579,5505
1772198006.727236,5483
1772198006.82807,5702
1772198006.928986,5866
1772198007.131727,5858
1772198007.23258,5998
1772198007.333553,5892
1772198007.434282,5728
1772198007.535353,5976
1772198007.636632,5766
1772198007.738057,5965
1772198007.83967,5737
1772198007.94143,5591
1772198008.043293,5821
1772198008.245721,6138
1772198008.347172,5983
1772198008.448948,6091
1772198008.550366,5827
1772198008.652055,5723
1772198008.753479,5955
1772198008.855265,6042
1772198008.956847,5650
1772198009.057689,5930
1772198009.158891,5820
1772198009.259589,6057
1772198009.361031,5579
1772198009.462031,5811
1772198009.670903,5687
1772198009.771633,6016
1772198009.872484,5810
1772198009.973184,5710
1772198010.074287,6241
1772198010.175952,5793
1772198010.276763,5693
1772198010.377493,5777
1772198010.478373,5422
1772198010.579874,5625
1772198010.782563,4610
1772198010.883144,6372
1772198010.984601,5765
1772198011.085847,5590
1772198011.186573,5380
1772198011.287219,5742
1772198011.38836,5665
1772198011.48908,6115
1772198011.590492,5886
1772198011.691192,5640
1772198011.791952,5905
1772198011.892839,6492
1772198011.993649,5812
1772198012.094799,6258
1772198012.304592,6113
1772198012.405629,6096
1772198012.506444,6011
1772198012.607325,5828
1772198012.708055,5827
1772198012.808995,5458
1772198012.91007,5767
1772198013.011536,5795
1772198013.112532,5881
1772198013.2136,5877
1772198013.315356,5876
1772198013.416514,5842
1772198013.518269,6093
1772198013.720839,6261
1772198013.822202,5722
1772198013.922828,5704
1772198014.024234,5798
1772198014.125408,5960
1772198014.226554,6011
1772198014.327204,6030
1772198014.428438,5403
1772198014.530167,5701
1772198014.63124,6282
1772198014.732238,5861
1772198014.835354,6255
1772198014.939185,6271
1772198015.143532,6242
1772198015.244532,6197
1772198015.345857,5911
1772198015.446475,5446
1772198015.547441,6140
1772198015.648613,5367
1772198015.749344,5797
1772198015.850627,5756
1772198015.951456,5603
1772198016.052165,6027
1772198016.158173,5518
1772198016.265763,5737
1772198016.368,6321
1772198016.478515,6071
1772198016.686028,6361
1772198016.78785,5990
1772198016.888992,6169
1772198016.990013,5998
1772198017.091143,6555
1772198017.191873,6740
1772198017.293487,5816
1772198017.394717,5709
1772198017.495527,6269
1772198017.596921,6164
1772198017.697799,6165
1772198017.799405,6052
1772198018.002958,6568
1772198018.1068,6134
1772198018.208924,6550
1772198018.310356,5994
1772198018.411399,6056
1772198018.512673,6437
1772198018.6136,6291
1772198018.714285,6495
1772198018.815445,6099
1772198018.916177,6710
1772198019.017074,6422
1772198019.118481,6044
1772198019.222204,6314
1772198019.326936,5738
1772198019.693959,6113
1772198019.794689,6303
1772198019.895352,6298
1772198019.99655,5721
1772198020.097907,6472
1772198020.302404,5933
1772198020.403735,6138
1772198020.505628,6143
1772198020.606452,6030
1772198020.707182,6363
1772198020.808551,6491
1772198020.910201,6060
1772198021.011397,6759
1772198021.112185,6419
1772198021.21386,6058
1772198021.314974,6616
1772198021.416309,6157
1772198021.517034,6006
1772198021.618396,6629
1772198021.720124,6094
1772198021.924368,5918
1772198022.025387,6375
1772198022.12615,5924
1772198022.226901,6272
1772198022.327977,6084
1772198022.429175,6037
1772198022.530466,6259
1772198022.631972,6009
1772198022.733177,6215
1772198022.834632,6199
1772198022.935277,6269
1772198023.036085,6130
1772198023.239868,6255
1772198023.342148,6589
1772198023.443197,6165
1772198023.544844,6316
1772198023.645865,6107
1772198023.747215,6640
1772198023.848139,6509
1772198023.948886,6144
1772198024.050251,6096
1772198024.150986,6015
1772198024.251637,6567
1772198024.353267,6021
1772198024.457931,6477
1772198024.662603,6341
1772198024.765364,5848
1772198024.866521,6089
1772198024.967841,6030
1772198025.068618,5854
1772198025.169164,5997
1772198025.269909,6511
1772198025.370626,6523
1772198025.471356,6442
1772198025.572244,6660
1772198025.673971,6301
1772198025.876524,6219
1772198025.977621,6666
1772198026.078516,6283
1772198026.180245,6595
1772198026.281134,6363
1772198026.381644,6407
1772198026.482826,5910
1772198026.584077,5807
1772198026.68551,5816
1772198026.78635,6197
1772198026.887046,6226
1772198026.987888,6792
1772198027.089086,6136
1772198027.19295,6007
1772198027.395265,6097
1772198027.496682,6182
1772198027.597941,6527
1772198027.698769,6387
1772198027.799501,6403
1772198027.900145,6577
1772198028.001659,6590
1772198028.103059,5621
1772198028.203691,6012
1772198028.304994,6001
1772198028.405877,6453
1772198028.506929,6462
1772198028.613163,6043
1772198028.823683,6342
1772198028.924465,6161
1772198029.025867,6025
1772198029.127566,5899
1772198029.229023,6061
1772198029.330168,6416
1772198029.430951,6251
1772198029.531699,6342
1772198029.632524,6288
1772198029.73356,6156
1772198029.834464,7194
1772198029.935639,5950
1772198030.042645,6489
1772198030.14739,6272
1772198030.249092,6430
1772198030.455789,6153
1772198030.557543,6613
1772198030.658282,6650
1772198030.758978,5819
1772198030.859861,6532
1772198030.960555,6306
1772198031.061898,6344
1772198031.162572,6516
1772198031.264213,6031
1772198031.36497,6411
1772198031.466672,6381
1772198031.669133,6035
1772198031.771207,5985
1772198031.872286,6054
1772198031.973997,6311
1772198032.074727,5877
1772198032.17579,5719
1772198032.27662,6367
1772198032.377525,6481
1772198032.478633,6577
1772198032.580304,5871
1772198032.681588,6289
1772198032.783258,6275
1772198032.884511,6557
1772198033.088924,5908
1772198033.189823,6015
1772198033.291206,6549
1772198033.39213,5845
1772198033.493449,6227
1772198033.594941,6473
1772198033.696079,6535
1772198033.797121,5542
1772198033.898615,6049
1772198033.999399,6409
1772198034.102311,6374
1772198034.217579,6120
1772198034.319818,6328
1772198034.426218,6309
1772198034.532932,6306
1772198034.64016,6112
1772198034.742887,6911
1772198034.846084,6124
1772198035.05728,6250
1772198035.158931,6414
1772198035.260558,6445
1772198035.362142,6654
1772198035.463529,6292
1772198035.564716,6206
1772198035.665403,6495
1772198035.767174,6396
1772198035.867872,7100
1772198035.968604,6710
1772198036.171184,7049
1772198036.272978,6581
1772198036.373998,7147
1772198036.475513,7259
1772198036.577335,6717
1772198036.678981,7240
1772198036.780172,6621
1772198036.881467,6416
1772198036.983114,5991
1772198037.084435,6740
1772198037.185271,7586
1772198037.286007,6829
1772198037.389809,6721
1772198037.494556,6530
1772198037.604009,6933
1772198037.714788,6589
1772198037.922226,6684
1772198038.195978,7131
1772198038.297369,7130
1772198038.398656,6861
1772198038.499389,6849
1772198038.601137,6820
1772198038.702086,7122
1772198038.804163,6808
1772198038.908292,6328
1772198039.114944,6575
1772198039.21657,7133
1772198039.317461,6551
1772198039.418992,6618
1772198039.520316,6760
1772198039.621799,6858
1772198039.723498,6617
1772198039.825052,6341
1772198039.925769,6642
1772198040.026473,6742
1772198040.127757,6950
1772198040.230204,7047
1772198040.435625,7177
1772198040.537191,7057
1772198040.638027,7556
1772198040.738758,7018
1772198040.839627,7256
1772198040.945251,7104
1772198041.048973,6864
1772198041.149927,6735
1772198041.250697,7184
1772198041.35146,6708
1772198041.452346,7235
1772198041.553617,7252
1772198041.65411,7114
1772198041.857043,7295
1772198041.958458,7168
1772198042.059262,7102
1772198042.160704,6585
1772198042.261565,7079
1772198042.36353,6374
1772198042.464237,6752
1772198042.565811,6704
1772198042.667123,6810
1772198042.768297,6760
1772198042.872995,7079
1772198042.973757,6847
1772198043.074636,6869
1772198043.176251,7006
1772198043.380366,7050
1772198043.48183,6632
1772198043.583497,6540
1772198043.685253,7075
1772198043.786705,6505
1772198043.887627,7550
1772198043.988905,7227
1772198044.090286,7092
1772198044.191136,7268
1772198044.2919,7085
1772198044.393624,7038
1772198044.597951,7161
1772198044.69863,6803
1772198044.799608,6645
1772198044.900338,7098
1772198045.001717,6875
1772198045.102565,6494
1772198045.204232,6629
1772198045.305026,6676
1772198045.406005,6773
1772198045.507457,6821
1772198045.609179,7009
1772198045.710585,7139
1772198045.814285,7106
1772198046.019261,7310
1772198046.120659,6666
1772198046.221531,6979
1772198046.3222,7539
1772198046.423218,7345
1772198046.52436,6851
1772198046.625178,6992
1772198046.726425,6973
1772198046.827145,7317
1772198046.928699,7030
1772198047.029992,6900
1772198047.130963,6734
1772198047.336934,6574
1772198047.438465,6510
1772198047.539624,7265
1772198047.641259,6828
1772198047.741997,6770
1772198047.843107,7190
1772198047.944477,6935
1772198048.045139,6467
1772198048.145901,7175
1772198048.247091,6907
1772198048.347971,6929
1772198048.449718,6781
1772198048.555397,6951
1772198048.759284,6794
1772198048.861011,7067
1772198048.962576,6990
1772198049.063702,6694
1772198049.165136,7384
1772198049.266339,6837
1772198049.36707,6701
1772198049.4678,6502
1772198049.568649,6683
1772198049.669563,6887
1772198049.770925,7478
1772198049.871851,6371
1772198049.972921,6797
1772198050.176393,7024
1772198050.277201,6775
1772198050.378173,6833
1772198050.47905,6562
1772198050.580303,7101
1772198050.687216,6935
1772198050.789125,6240
1772198050.890425,6544
1772198050.991462,7076
1772198051.092092,6528
1772198051.193057,6844
1772198051.293759,6911
1772198051.395608,6642
1772198051.597252,6730
1772198051.697985,7266
1772198051.798713,6125
1772198051.899444,6750
1772198052.000385,7172
1772198052.102128,6565
1772198052.203698,6488
1772198052.304827,6734
1772198052.406473,6640
1772198052.507324,6960
1772198052.608939,6997
1772198052.811372,6393
1772198052.912874,6453
1772198053.013839,6784
1772198053.1157,7205
1772198053.21659,6839
1772198053.318969,7060
1772198053.419803,6991
1772198053.521318,6964
1772198053.622105,6786
1772198053.722835,6720
1772198053.823568,6919
1772198053.925208,6936
1772198054.026906,7010
1772198054.128127,6777
1772198054.33119,7078
1772198054.433155,6757
1772198054.534436,7168
1772198054.63533,6601
1772198054.736228,6798
1772198054.837056,6853
1772198054.937885,6932
1772198055.039306,7148
1772198055.140454,6851
1772198055.241543,6835
1772198055.344268,6386
1772198055.445293,6681
1772198055.647129,6915
1772198055.748616,6759
1772198055.850054,6782
1772198055.951754,6676
1772198056.052888,6881
1772198056.153786,6957
1772198056.254642,6504
1772198056.35544,7053
1772198056.456411,6685
1772198056.557955,6923
1772198056.65906,7150
1772198056.861036,6553
1772198056.962762,7215
1772198057.064167,6725
1772198057.164945,6757
1772198057.266171,7241
1772198057.367926,6279
1772198057.4692,6763
1772198057.570049,6990
1772198057.671806,6741
1772198057.772537,6442
1772198057.873622,6717
1772198057.975271,7063
1772198058.084705,6711
1772198058.19559,6652
1772198058.300496,7358
1772198058.409499,6544
1772198058.520176,7232
1772198058.622247,6338
1772198058.735357,7125
1772198058.842613,7246
1772198058.945082,6450
1772198059.053791,6981
1772198059.165945,6767
1772198059.372726,6621
1772198059.474574,6971
1772198059.57528,6950
1772198059.67601,6432
1772198059.776752,6253
1772198059.878045,7275
1772198059.978784,7206
1772198060.079614,6912
1772198060.180377,6956
1772198060.281117,6769
1772198060.383043,6887
1772198060.483806,6907
1772198060.599468,6743
1772198060.702568,6609
1772198060.812297,6479
1772198061.018324,6735
1772198061.119204,7236
1772198061.220696,6818
1772198061.322356,6521
1772198061.423927,6527
1772198061.524692,6172
1772198061.625827,6199
1772198061.734452,6225
1772198061.836109,6590
1772198061.936847,6214
1772198062.038008,6257
1772198062.138921,6114
1772198062.240067,6139
1772198062.347917,5915
1772198062.550513,6645
1772198062.651324,6239
1772198062.752026,6404
1772198062.853168,6149
1772198062.954755,6112
1772198063.055305,6305
1772198063.156695,5799
1772198063.257937,6538
1772198063.359594,6148
1772198063.460211,6400
1772198063.56108,6404
1772198063.662644,6587
1772198063.767536,6883
1772198063.871768,6504
1772198063.979972,6349
1772198064.095904,7339
1772198064.197685,6631
1772198064.309442,6227
1772198064.411491,6575
1772198064.626448,6562
1772198064.727306,6910
1772198064.829165,6666
1772198064.930753,7028
1772198065.031451,6643
1772198065.132577,6467
1772198065.234538,6522
1772198065.335259,6503
1772198065.436679,6783
1772198065.5374,6642
1772198065.638134,7395
1772198065.738927,7153
1772198065.840597,6717
1772198065.943327,6687
1772198066.147631,6546
1772198066.249041,6764
1772198066.349803,6966
1772198066.451274,6947
1772198066.552034,6768
1772198066.652815,6727
1772198066.753536,6334
1772198066.854594,2998
1772198066.956317,4286
1772198067.057524,6462
1772198067.158502,6852
1772198067.26064,7372
1772198067.465785,6888
1772198067.567295,7102
1772198067.668225,6162
1772198067.76951,6535
1772198067.870789,6309
1772198067.971785,6475
1772198068.072508,6542
1772198068.173442,6905
1772198068.274451,6494
1772198068.375185,7048
1772198068.476436,6765
1772198068.986639,6799
1772198069.088921,6570
1772198069.189941,7216
1772198069.291192,6943
1772198069.391935,6888
1772198069.493058,6684
1772198069.594424,6590
1772198069.695154,7167
1772198069.796773,6288
1772198069.897306,6704
1772198069.999899,7300
1772198070.106731,6944
1772198070.213541,6535
1772198070.320036,6817
1772198070.523373,7002
1772198070.624315,6637
1772198070.725792,6976
1772198070.827071,6733
1772198070.928697,6504
1772198071.029843,6742
1772198071.130804,6982
1772198071.231867,6570
1772198071.332994,7268
1772198071.433792,6339
1772198071.535121,6997
1772198071.63616,6512
1772198071.838918,6493
1772198071.939567,7511
1772198072.040594,6681
1772198072.142356,6387
1772198072.243209,6573
1772198072.344133,6886
1772198072.445133,6395
1772198072.546845,6764
1772198072.648504,6934
1772198072.750221,7068
1772198072.851341,6586
1772198072.952352,6761
1772198073.053765,6971
1772198073.256393,6447
1772198073.35754,7138
1772198073.459261,7451
1772198073.560514,6538
1772198073.661206,6316
1772198073.762165,6814
1772198073.863686,6550
1772198073.964797,7031
1772198074.067052,6757
1772198074.168227,6819
1772198074.269755,7150
1772198074.372353,6686
1772198074.574665,6565
1772198074.67651,6401
1772198074.777701,6640
1772198074.879138,7058
1772198074.980289,6604
1772198075.082037,6889
1772198075.184462,6595
1772198075.285582,6961
1772198075.386931,6541
1772198075.487927,6653
1772198075.589275,6472
1772198075.690295,7067
1772198075.795898,6533
1772198075.903051,6682
1772198076.106446,7231
1772198076.207705,6764
1772198076.30909,7012
1772198076.418822,6807
1772198076.520508,6923
1772198076.621906,7002
1772198076.724367,7194
1772198076.825495,6734
1772198076.926396,6521
1772198077.027176,6062
1772198077.128413,6667
1772198077.229561,6703
1772198077.333335,7071
1772198077.444549,6414
1772198077.546321,6416
1772198077.663229,7031
1772198077.769783,6710
1772198077.870871,7181
1772198077.983966,6366
1772198078.094211,7066
1772198078.201588,6677
1772198078.314434,6460
1772198078.420645,6628
1772198078.623546,6458
1772198078.725178,6405
1772198078.826678,7034
1772198078.927854,7264
1772198079.029122,6695
1772198079.129825,6911
1772198079.230534,7347
1772198079.331928,6815
1772198079.432875,6617
1772198079.533577,6732
1772198079.634293,7357
1772198079.737724,7241
1772198079.843057,6503
1772198079.948713,6767
1772198080.151165,7252
1772198080.25224,6737
1772198080.352937,6792
1772198080.45427,6375
1772198080.55531,6631
1772198080.656905,6909
1772198080.757604,3922
1772198080.858263,6964
1772198080.959739,6681
1772198081.061077,7154
1772198081.161804,6750
1772198081.265597,6683
1772198081.372118,6515
1772198081.478483,6510
1772198081.681336,6556
1772198081.782064,7108
1772198081.918701,6700
1772198082.030908,7087
1772198082.030908,7087
1772198082.23306,6496
1772198082.33386,7113
1772198082.434834,6159
1772198082.535795,7260
1772198082.638511,7146
1772198082.747218,6908
1772198082.847927,6543
1772198082.949105,6552
1772198083.050329,6688
1772198083.151527,6610
1772198083.252456,7183
1772198083.353346,7057
1772198083.555905,6591
1772198083.656546,7183
1772198083.757835,6743
1772198083.85862,6955
1772198083.959912,6278
1772198084.061554,6877
1772198084.162238,6634
1772198084.263524,6595
1772198084.364329,7053
1772198084.466114,6552
1772198084.567214,6923
1772198084.669944,6658
1772198084.770708,6758
1772198084.973972,6999
1772198085.0753,6395
1772198085.176042,6650
1772198085.276813,6648
1772198085.378564,7095
1772198085.479452,7146
1772198085.580298,6812
1772198085.681263,6685
1772198085.782966,6440
1772198085.884231,6566
1772198086.086378,7061
1772198086.187136,7383
1772198086.288094,6745
1772198086.389567,6681
1772198086.490297,6701
1772198086.591397,7477
1772198086.692235,6773
1772198086.792966,6840
1772198086.893703,7057
1772198086.994462,7016
1772198087.095554,6637
1772198087.298342,6880
1772198087.399093,7007
1772198087.500046,6507
1772198087.601079,6651
1772198087.702869,6670
1772198087.8036,6303
1772198087.904385,6429
1772198088.005315,6658
1772198088.10607,6461
1772198088.2067,7075
1772198088.307401,7269
1772198088.409158,6643
1772198088.510917,7302
1772198088.613037,6923
1772198088.817615,7338
1772198088.918827,6906
1772198089.020344,6580
1772198089.121343,6247
1772198089.222238,6789
1772198089.323258,7246
1772198089.425247,6824
1772198089.526841,6752
1772198089.627572,7078
1772198089.728352,6578
1772198089.829055,7139
1772198089.930681,7094
1772198090.133615,7251
1772198090.234782,6474
1772198090.335917,7237
1772198090.436775,6920
1772198090.537535,6867
1772198090.639153,6888
1772198090.740881,6841
1772198090.842092,6728
1772198090.943239,6801
1772198091.044317,7321
1772198091.145051,7365
1772198091.245897,7407
1772198091.448694,7168
1772198091.550422,7470
1772198091.65118,7622
1772198091.751883,7219
1772198091.85293,7353
1772198091.95366,7485
1772198092.054389,8031
1772198092.155433,7937
1772198092.256594,7829
1772198092.3575,7690
1772198092.459035,7869
1772198092.889807,7510
1772198092.990539,7256
1772198093.192238,7505
1772198093.293659,7365
1772198093.396204,7235
1772198093.497677,7381
1772198093.599011,7342
1772198093.699715,7328
1772198093.800402,7756
1772198093.90167,7652
1772198094.002442,7938
1772198094.103232,7322
1772198094.204575,7370
1772198094.406931,7214
1772198094.406931,7214
1772198094.617744,8357
1772198094.720437,6971
1772198094.821169,7812
1772198094.922895,7441
1772198095.024089,7095
1772198095.124813,7078
1772198095.226087,8057
1772198095.326839,7672
1772198095.434141,7362
1772198095.537941,7379
1772198095.639023,7211
1772198095.739726,7924
1772198095.840435,7615
1772198096.042704,7480
1772198096.143909,7519
1772198096.245315,7188
1772198096.346276,7686
1772198096.446979,7278
1772198096.54875,7281
1772198096.649553,7370
1772198096.750251,8103
1772198096.850981,7316
1772198096.952584,7430
1772198097.053782,7154
1772198097.154691,7719
1772198097.257606,7345
1772198097.461486,7603
1772198097.562321,7140
1772198097.663474,7394
1772198097.765121,6994
1772198097.865852,7137
1772198097.966614,7602
1772198098.067792,7669
1772198098.168681,7850
1772198098.269904,7923
1772198098.371366,6977
1772198098.472627,7781
1772198098.574367,7990
1772198098.776802,7521
1772198098.877564,7383
1772198098.978922,7291
1772198099.080652,7451
1772198099.181647,7237
1772198099.282701,7223
1772198099.383654,7419
1772198099.485061,7435
1772198099.585856,7549
1772198099.687023,7700
1772198099.793092,7825
1772198099.996763,7258
1772198100.097493,6969
1772198100.199174,7366
1772198100.299904,7693
1772198100.401203,7127
1772198100.501906,7725
1772198100.602638,7157
1772198100.704873,7556
1772198100.8066,7402
1772198100.907331,6998
1772198101.008062,7505
1772198101.109817,7694
1772198101.210908,7824
1772198101.318522,7322
1772198101.425338,7901
1772198101.628845,8373
1772198101.730572,7647
1772198101.831328,7652
1772198101.93308,7282
1772198102.033879,7420
1772198102.134945,7977
1772198102.236368,7414
1772198102.337878,7959
1772198102.438868,7614
1772198102.540408,6864
1772198102.642991,7597
1772198102.846506,689
1772198102.94701,875
1772198103.047815,932
1772198103.150381,748
1772198103.251307,673
1772198103.352324,791
1772198103.453169,991
1772198103.554557,867
1772198103.65526,724
1772198103.756254,940
1772198103.85739,988
1772198103.95857,929
1772198104.05933,1151
1772198104.160038,1459
1772198104.362804,7022
1772198104.463799,7574
1772198104.565194,7741
1772198104.666478,7582
1772198104.768169,6844
1772198104.869283,7575
1772198104.97039,7081
1772198105.071201,7647
1772198105.17283,7753
1772198105.27387,7759
1772198105.375095,7231
1772198105.578251,7677
1772198105.678978,7694
1772198105.780675,7473
1772198105.881785,7467
1772198105.983465,7631
1772198106.084978,7624
1772198106.186056,7419
1772198106.287659,7243
1772198106.388479,7240
1772198106.489857,7585
1772198106.590736,7176
1772198106.691587,7565
1772198106.792313,7108
1772198107.002151,7708
1772198107.102875,7992
1772198107.20381,7470
1772198107.304738,7500
1772198107.405794,7758
1772198107.507018,8031
1772198107.607749,7455
1772198107.70848,7713
1772198107.809716,7250
1772198107.910447,8458
1772198108.112594,7666
1772198108.216338,7219
1772198108.318021,7218
1772198108.422781,7541
1772198108.523511,7276
1772198108.62439,7375
1772198108.73056,8186
1772198108.831733,7630
1772198108.933191,7451
1772198109.03421,7473
1772198109.135264,7797
1772198109.236187,7471
1772198109.336846,7162
1772198109.437983,7761
1772198109.543203,7574
1772198109.648917,7539
1772198109.753611,7813
1772198109.862406,7674
1772198110.075121,7213
1772198110.176393,7050
1772198110.277667,7356
1772198110.378434,7363
1772198110.479505,7707
1772198110.580643,7099
1772198110.681755,7061
1772198110.78358,6962
1772198110.884217,7412
1772198110.985404,7105
1772198111.086203,7500
1772198111.187109,7472
1772198111.291649,7078
1772198111.39841,7802
1772198111.602732,7414
1772198111.704187,7096
1772198111.80494,7652
1772198111.905671,7654
1772198112.006889,8061
1772198112.108306,7710
1772198112.209814,7437
1772198112.310602,7639
1772198112.411252,7064
1772198112.512189,7479
1772198112.612883,7478
1772198112.716096,8061
1772198112.819331,7507
1772198113.028372,7686
1772198113.129972,8159
1772198113.2317,7736
1772198113.332733,8046
1772198113.434369,7359
1772198113.535502,7257
1772198113.636782,7898
1772198113.737513,7117
1772198113.838515,7712
1772198113.939185,7022
1772198114.039884,7716
1772198114.142846,7420
1772198114.244989,7949
1772198114.350061,7588
1772198114.457987,7319
1772198114.567409,7576
1772198114.678495,6310
1772198114.8959,5883
1772198114.8959,5883
1772198115.099217,7546
1772198115.201039,7689
1772198115.302671,7625
1772198115.403378,8202
1772198115.5047,7826
1772198115.605622,7887
1772198115.706532,8145
1772198115.807263,7654
1772198115.908012,7374
1772198116.008668,7570
1772198116.109903,7517
1772198116.212639,8263
1772198116.320258,7823
1772198116.52563,7703
1772198116.62734,8779
1772198116.728709,7891
1772198116.829632,7500
1772198116.930863,8190
1772198117.03149,8129
1772198117.132584,8348
1772198117.234235,7683
1772198117.33616,7368
1772198117.437192,7779
1772198117.538078,8296
1772198117.638716,8257
1772198117.740828,8157
1772198118.151855,7787
1772198118.253001,8057
1772198118.354617,8295
1772198118.456348,8345
1772198118.557224,7880
1772198118.657976,8039
1772198118.759502,8244
1772198118.860489,7624
1772198118.962068,7796
1772198119.063342,8106
1772198119.164055,8251
1772198119.270013,8097
1772198119.480826,8028
1772198119.581898,8023
1772198119.682821,8461
1772198119.783734,8244
1772198119.885178,7905
1772198119.986406,8110
1772198120.087162,7423
1772198120.188858,2989
1772198120.29036,4128
1772198120.391976,7853
1772198120.492996,8532
1772198120.593804,8312
1772198120.796717,7557
1772198120.898434,7668
1772198120.999914,7548
1772198121.101017,7833
1772198121.201996,8090
1772198121.303219,8426
1772198121.403934,7963
1772198121.50565,7737
1772198121.607173,7574
1772198121.707905,7922
1772198122.1031,8516
1772198122.204864,7281
1772198122.305936,8024
1772198122.407479,7730
1772198122.508603,7871
1772198122.610862,8312
1772198122.711635,8027
1772198122.812528,7730
1772198122.913192,8324
1772198123.014228,8125
1772198123.115911,8152
1772198123.217166,7890
1772198123.42018,7990
1772198123.521336,8086
1772198123.62251,8213
1772198123.724019,7871
1772198123.824996,8219
1772198123.925713,8360
1772198124.0268,8101
1772198124.128028,7804
1772198124.229246,8259
1772198124.330901,8223
1772198124.431527,7721
1772198124.533094,8280
1772198124.633826,7495
1772198124.738385,7669
1772198124.945347,7805
1772198125.047271,7711
1772198125.148001,7922
1772198125.249016,8107
1772198125.350103,7676
1772198125.451603,7655
1772198125.552519,7937
1772198125.653306,7243
1772198125.754705,2761
1772198125.855684,4307
1772198125.957161,7972
1772198126.06128,7998
1772198126.16203,7503
1772198126.365874,8472
1772198126.466637,8247
1772198126.575591,7971
1772198126.680311,7992
1772198126.781682,8404
1772198126.882546,8635
1772198126.98422,7937
1772198127.085898,7700
1772198127.186858,7626
1772198127.287588,8309
1772198127.388791,8300
1772198127.489956,8402
1772198127.591475,7555
1772198127.69311,8363
1772198127.896153,7588
1772198127.997257,7833
1772198128.098753,7763
1772198128.200126,7595
1772198128.301462,7933
1772198128.402144,7975
1772198128.503657,8028
1772198128.60526,7361
1772198128.706205,7865
1772198128.806794,8112
1772198128.907876,8013
1772198129.009114,8415
1772198129.110845,7441
1772198129.313823,7959
1772198129.41522,8096
1772198129.516723,7920
1772198129.617565,7715
1772198129.718526,8280
1772198129.819865,3986
1772198129.920784,3180
1772198130.02213,6591
1772198130.123104,7784
1772198130.224433,7658
1772198130.325867,7699
1772198130.432521,8406
1772198130.539204,7718
1772198130.644805,8505
1772198130.750287,7811
1772198130.956204,7748
1772198131.0576,8087
1772198131.159036,7916
1772198131.259768,8686
1772198131.360525,7850
1772198131.46203,7241
1772198131.563165,8424
1772198131.664605,8201
1772198131.765677,7984
1772198131.868403,8167
1772198131.969741,7923
1772198132.072467,8371
1772198132.275229,7908
1772198132.377171,7778
1772198132.478063,7473
1772198132.579748,7788
1772198132.680679,7856
1772198132.781769,8170
1772198132.884819,7802
1772198132.98634,7939
1772198133.090061,8252
1772198133.191042,7684
1772198133.294129,7874
1772198133.394858,8041
1772198133.789275,8176
1772198133.890717,2267
1772198133.991486,1399
1772198134.093035,2934
1772198134.193712,5711
1772198134.297077,8059
1772198134.397434,7971
1772198134.498138,8142
1772198134.601974,8176
1772198134.702981,8722
1772198134.80426,8412
1772198135.006592,4568
1772198135.10858,3372
1772198135.209667,4233
1772198135.310947,7760
1772198135.411704,7612
1772198135.512436,7852
1772198135.614191,8009
1772198135.715455,7860
1772198135.816282,7329
1772198135.91771,8123
1772198136.019055,8081
1772198136.12022,8016
1772198136.323562,7996
1772198136.424904,8298
1772198136.525774,8099
1772198136.626981,7845
1772198136.72809,7734
1772198136.829507,8174
1772198136.930207,8043
1772198137.03163,8015
1772198137.334623,8292
1772198137.435521,7780
1772198137.536691,8154
1772198137.738167,8593
1772198137.839116,7974
1772198137.940002,7463
1772198138.040894,7810
1772198138.141957,8232
1772198138.242751,7897
1772198138.344545,7790
1772198138.445662,7980
1772198138.546921,7890
1772198138.648396,7745
1772198138.749128,7792
1772198138.850771,7821
1772198139.054722,7510
1772198139.155471,7722
1772198139.25707,7805
1772198139.358784,8061
1772198139.459888,7487
1772198139.56092,7482
1772198139.661663,7484
1772198139.763271,8119
1772198139.863969,7875
1772198139.96489,8234
1772198140.066088,8013
1772198140.167058,8765
1772198140.368652,8100
1772198140.470312,8203
1772198140.571306,7842
1772198140.672903,7785
1772198140.774008,6250
1772198140.875044,8224
1772198140.975906,8417
1772198141.077318,7770
1772198141.178062,7901
1772198141.279432,8177
1772198141.380442,8523
1772198141.48212,7690
1772198141.58308,8320
1772198141.78604,8317
1772198141.887725,8083
1772198141.988968,8158
1772198142.089872,8146
1772198142.191568,7856
1772198142.292962,8836
1772198142.394045,7637
1772198142.494793,7841
1772198142.595999,7964
1772198142.697208,7825
1772198142.798035,8132
1772198142.999953,8156
1772198143.101665,7550
1772198143.202805,7988
1772198143.303934,7782
1772198143.404935,7920
1772198143.506077,8226
1772198143.607466,8077
1772198143.708592,7901
1772198143.810273,7916
1772198143.911031,7671
1772198144.011962,7718
1772198144.113613,8096
1772198144.215217,7863
1772198144.316925,8082
1772198144.519287,8143
1772198144.743686,7773
1772198144.845764,7915
1772198144.946839,7192
1772198145.047569,8130
1772198145.148981,7868
1772198145.251185,8003
1772198145.361214,7061
1772198145.461944,7981
1772198145.56276,7756
1772198145.663353,8111
1772198145.763993,8426
1772198145.864758,7532
1772198145.965593,8013
1772198146.067066,8159
1772198146.270133,8513
1772198146.371503,8256
1772198146.472313,7915
1772198146.573706,7732
1772198146.674465,8148
1772198146.775175,7566
1772198146.876455,8560
1772198146.980534,7955
1772198147.081837,8597
1772198147.182751,7788
1772198147.283521,8117
1772198147.384576,7866
1772198147.586386,7949
1772198147.687004,8726
1772198147.788224,8101
1772198147.889712,7774
1772198147.991441,8345
1772198148.092172,8249
1772198148.193705,8489
1772198148.294544,7982
1772198148.395443,7730
1772198148.496284,8230
1772198148.597399,8188
1772198148.698319,7738
1772198148.799145,7547
1772198149.002763,8081
1772198149.104361,8287
1772198149.205219,8090
1772198149.308942,8281
1772198149.410671,7765
1772198149.51143,7919
1772198149.612772,7943
1772198149.714899,8215
1772198149.816771,8118
1772198149.91777,7910
1772198150.018773,7781
1772198150.120406,8304
1772198150.324906,8133
1772198150.426229,8083
1772198150.52764,8431
1772198150.629036,8501
1772198150.72974,8291
1772198150.830563,7815
1772198150.931681,8198
1772198151.032562,7950
1772198151.134136,8289
1772198151.235218,8280
1772198151.336423,7875
1772198151.43848,8178
1772198151.538969,7781
1772198151.740441,8471
1772198151.841093,8643
1772198151.941807,7883
1772198152.042664,8160
1772198152.144152,7508
1772198152.245127,7784
1772198152.346286,8254
1772198152.447268,8080
1772198152.548461,8459
1772198152.65016,8387
1772198152.852407,8055
1772198152.954787,7701
1772198153.055334,8304
1772198153.156433,7329
1772198153.25729,7505
1772198153.359025,7254
1772198153.459835,8967
1772198153.560593,8495
1772198153.66142,7964
1772198153.762124,8748
1772198153.863042,9046
1772198154.246546,7963
1772198154.347951,8096
1772198154.449536,7983
1772198154.550765,7596
1772198154.651617,8071
1772198154.753026,7622
1772198154.854156,7930
1772198154.954832,7409
1772198155.055918,7320
1772198155.26077,8100
1772198155.362317,7779
1772198155.46378,8052
1772198155.564874,7171
1772198155.665486,7782
1772198155.767334,7413
1772198155.869005,7848
1772198155.970119,7644
1772198156.071071,7577
1772198156.172978,7938
1772198156.273735,6917
1772198156.375126,8126
1772198156.476801,7642
1772198156.679804,7556
1772198156.781811,7940
1772198156.882728,7996
1772198156.983894,7947
1772198157.084741,7357
1772198157.185759,7374
1772198157.287456,7817
1772198157.388865,8372
1772198157.490242,7408
1772198157.591096,8497
1772198157.691853,8158
1772198157.793664,7945
1772198157.894313,7521
1772198158.098162,8502
1772198158.200424,8116
1772198158.301865,7580
1772198158.403368,8787
1772198158.504764,7416
1772198158.605531,7710
1772198158.706454,7877
1772198158.807212,8406
1772198158.908724,7821
1772198159.009429,7775
1772198159.110189,8693
1772198159.212884,7994
1772198159.418232,7777
1772198159.519425,7876
1772198159.620961,8538
1772198159.721767,8402
1772198159.823281,7979
1772198159.924119,8181
1772198160.025838,7853
1772198160.127681,8503
1772198160.229132,7767
1772198160.330491,7942
1772198160.431293,8372
1772198160.532052,8366
1772198160.632857,8392
1772198160.73957,8283
1772198160.943683,8448
1772198161.045196,8659
1772198161.146037,8062
1772198161.24765,7813
1772198161.348924,8057
1772198161.449658,7385
1772198161.550421,7939
1772198161.651986,8034
1772198161.75337,8581
1772198161.854099,8150
1772198161.961072,7955
1772198162.063182,8314
1772198162.166281,5693
1772198162.27308,5094
1772198162.478904,5547
1772198162.580168,5322
1772198162.681112,5795
1772198162.781843,5201
1772198162.883083,5363
1772198162.984555,5154
1772198163.085345,5040
1772198163.186277,5043
1772198163.287002,5083
1772198163.388053,5442
1772198163.489705,5125
1772198163.594296,5602
1772198163.70504,5815
1772198163.806507,5331
1772198163.908667,5706
1772198164.114096,5445
1772198164.215297,5612
1772198164.316218,5697
1772198164.417196,5615
1772198164.518868,5704
1772198164.619557,5313
1772198164.722251,4800
1772198164.824983,5217
1772198164.925713,4933
1772198165.02664,5063
1772198165.12807,5718
1772198165.228692,5167
1772198165.439235,5196
1772198165.541071,5066
1772198165.643718,5406
1772198165.745073,5081
1772198165.845817,5518
1772198165.946779,5120
1772198166.047898,5716
1772198166.149053,5447
1772198166.250859,5137
1772198166.352093,4978
1772198166.452844,5746
1772198166.554254,5157
1772198166.655331,5233
1772198166.858001,5436
1772198166.95973,5583
1772198167.061245,5004
1772198167.162465,5325
1772198167.263948,4848
1772198167.365256,5389
1772198167.466764,5260
1772198167.567442,5403
1772198167.668471,6176
1772198167.7692,5331
1772198167.870068,5145
1772198167.971555,5399
1772198168.075091,5321
1772198168.17609,5594
1772198168.379038,4885
1772198168.480851,5225
1772198168.581788,5498
1772198168.683086,5370
1772198168.784859,5148
1772198168.885716,5334
1772198168.987491,5453
1772198169.088236,5389
1772198169.189488,5451
1772198169.290521,5344
1772198169.392939,5497
1772198169.494029,5836
1772198169.596766,5645
1772198169.798908,6392
1772198169.900435,5702
1772198170.001175,6055
1772198170.102835,5862
1772198170.204522,5713
1772198170.305721,6007
1772198170.407194,6336
1772198170.507949,6223
1772198170.609566,7055
1772198170.711266,6499
1772198170.813577,6753
1772198170.915153,6664
1772198171.019173,6697
1772198171.220758,6645
1772198171.321665,6808
1772198171.422636,6526
1772198171.523615,6496
1772198171.624435,6665
1772198171.72939,6608
1772198171.830648,7199
1772198171.932162,4639
1772198172.033642,492
1772198172.134382,675
1772198172.235589,563
1772198172.336733,701
1772198172.440456,833
1772198172.644912,825
1772198172.74664,737
1772198173.073681,754
1772198173.174331,655
1772198173.275054,625
1772198173.376186,721
1772198173.476891,784
1772198173.578111,592
1772198173.678979,743
1772198173.779831,515
1772198173.880463,655
1772198173.982023,551
1772198174.089404,676
1772198174.196906,734
1772198174.298634,737
1772198174.506556,689
1772198174.607607,672
1772198174.708341,665
1772198174.810315,696
1772198174.911045,685
1772198175.012569,709
1772198175.113458,644
1772198175.214577,721
1772198175.31589,760
1772198175.416866,673
1772198175.517914,514
1772198175.624385,676
1772198175.727719,619
1772198175.82972,647
1772198176.034114,618
1772198176.134872,635
1772198176.236595,619
1772198176.338343,619
1772198176.439551,503
1772198176.540479,574
1772198176.642086,807
1772198176.74296,723
1772198176.844392,630
1772198176.945471,791
1772198177.046814,710
1772198177.250693,615
1772198177.352583,677
1772198177.453752,790
1772198177.554481,645
1772198177.655689,691
1772198177.756424,744
1772198177.857848,739
1772198177.959392,659
1772198178.060897,788
1772198178.161828,703
1772198178.26366,638
1772198178.364831,632
1772198178.467985,717
1772198178.572237,604
1772198178.673211,653
1772198178.877106,829
1772198178.977827,585
1772198179.07911,651
1772198179.181013,686
1772198179.282346,611
1772198179.383257,673
1772198179.484135,634
1772198179.585641,699
1772198179.686725,603
1772198179.787989,839
1772198179.88917,563
1772198179.991215,734
1772198180.19933,597
1772198180.300206,584
1772198180.40099,684
1772198180.501727,585
1772198180.603255,610
1772198180.704484,612
1772198180.806209,635
1772198180.907301,692
1772198181.012698,621
1772198181.121407,615
1772198181.230669,649
1772198181.331402,734
1772198181.432267,545
1772198181.535736,570
1772198181.644446,597
1772198181.752667,637
1772198181.965151,747
1772198182.06579,705
1772198182.166671,664
1772198182.268178,669
1772198182.369153,643
1772198182.470272,682
1772198182.571109,733
1772198182.672615,847
1772198182.773346,605
1772198182.874811,660
1772198182.982065,624
1772198183.086237,575
1772198183.193839,641
1772198183.302575,575
1772198183.404276,737
1772198183.509532,627
1772198183.767522,806
1772198183.767522,806
1772198183.884211,565
1772198183.985198,534
1772198184.086471,641
1772198184.187502,564
1772198184.289458,614
1772198184.390222,645
1772198184.492845,594
1772198184.698044,713
1772198184.802249,623
1772198184.903709,758
1772198185.00444,655
1772198185.105975,699
1772198185.206705,764
1772198185.307474,506
1772198185.408754,730
1772198185.509658,654
1772198185.610794,771
1772198185.714394,604
1772198185.815862,709
1772198185.92065,582
1772198186.124096,717
1772198186.225848,589
1772198186.327507,708
1772198186.429252,687
1772198186.529982,774
1772198186.631361,720
1772198186.732957,462
1772198186.834111,741
1772198186.936047,627
1772198187.037156,652
1772198187.13786,595
1772198187.238989,603
1772198187.345602,740
1772198187.450058,782
1772198187.551403,611
1772198187.757011,7134
1772198187.857765,6729
1772198187.958495,6661
1772198188.059358,6583
1772198188.160703,6985
1772198188.261367,6566
1772198188.363159,7024
1772198188.464319,7344
1772198188.565449,6812
1772198188.666093,6498
1772198188.770784,6734
1772198188.873262,7006
1772198188.980991,6428
1772198189.081704,6771
1772198189.307594,6803
1772198189.307594,6803
1772198189.416302,6650
1772198189.620363,6437
1772198189.72157,6402
1772198189.82281,6529
1772198189.923739,6331
1772198190.027463,6912
1772198190.130188,7349
1772198190.230949,6917
1772198190.332441,7172
1772198190.433171,7078
1772198190.533901,6810
1772198190.635229,7105
1772198190.753914,6576
1772198190.854645,5916
1772198190.95637,6566
1772198191.060092,6864
1772198191.266541,6960
1772198191.369268,6949
1772198191.470025,6947
1772198191.571445,6971
1772198191.673576,6560
1772198191.774307,6581
1772198191.875091,6915
1772198191.975821,6621
1772198192.076385,6950
1772198192.177503,6527
1772198192.278267,6510
1772198192.379044,6747
1772198192.480596,6696
1772198192.682874,6887
1772198192.783605,6720
1772198192.884164,6662
1772198192.985971,6934
1772198193.086785,6655
1772198193.188208,7306
1772198193.289089,6373
1772198193.391072,6903
1772198193.492039,6724
1772198193.592973,6964
1772198193.796406,6712
1772198193.89781,6912
1772198193.998838,6849
1772198194.099568,6711
1772198194.200634,6569
1772198194.301549,6490
1772198194.403353,6139
1772198194.504723,6570
1772198194.605995,6971
1772198194.706727,6522
1772198194.807966,6558
1772198194.909469,7113
1772198195.012576,6643
1772198195.119042,6631
1772198195.320745,6568
1772198195.422604,6646
1772198195.523513,6649
1772198195.624641,6912
1772198195.725351,6335
1772198195.826803,7136
1772198195.927479,6575
1772198196.028211,7127
1772198196.129487,6605
1772198196.230889,6666
1772198196.332235,6837
1772198196.433391,6643
1772198196.537703,6835
1772198196.747495,7176
1772198196.848345,6822
1772198196.949278,6677
1772198197.051086,6335
1772198197.151996,6629
1772198197.253493,6620
1772198197.354602,6943
1772198197.455439,6723
1772198197.556485,6798
1772198197.657758,6684
1772198197.75849,6919
1772198197.85961,6605
1772198197.962308,6543
1772198198.067029,6827
1772198198.270368,6928
1772198198.371098,6840
1772198198.471819,7039
1772198198.573328,6659
1772198198.67453,6136
1772198198.775569,6779
1772198198.876332,7076
1772198198.977226,6353
1772198199.078827,6683
1772198199.17988,6689
1772198199.28516,6762
1772198199.390983,6467
1772198199.497508,6517
1772198199.601711,6919
1772198199.71712,7230
1772198199.819474,6262
1772198199.92918,6526
1772198200.038886,6426
1772198200.246843,6765
1772198200.347824,6545
1772198200.449287,7027
1772198200.550694,6646
1772198200.651972,6694
1772198200.752702,7058
1772198200.854232,7121
1772198200.955958,6812
1772198201.057089,6872
1772198201.158293,6570
1772198201.259806,6481
1772198201.361484,6825
1772198201.470366,6869
1772198201.576173,6511
1772198201.686653,6558
1772198201.794548,7062
1772198201.903197,6737
1772198202.008953,6420
1772198202.11633,7170
1772198202.326949,6975
1772198202.427766,7101
1772198202.529691,6838
1772198202.630614,6975
1772198202.731316,6732
1772198202.83208,6788
1772198202.933037,6527
1772198203.033787,6550
1772198203.134977,6680
1772198203.236318,7144
1772198203.339757,6863
1772198203.447281,6342
1772198203.551526,6925
1772198203.653211,6495
1772198203.859603,7201
1772198203.961639,6870
1772198204.063186,7031
1772198204.163916,6313
1772198204.265678,6554
1772198204.367034,6344
1772198204.468108,6421
1772198204.568684,6681
1772198204.669618,6855
1772198204.770349,6889
1772198204.871112,6907
1772198204.972098,6377
1772198205.080058,6696
1772198205.185896,6576
1772198205.292889,7140
1772198205.498935,6659
1772198205.599689,7146
1772198205.702924,6612
1772198205.804182,6606
1772198205.905586,6705
1772198206.00633,6422
1772198206.107367,6462
1772198206.20895,6841
1772198206.310227,6892
1772198206.411333,6715
1772198206.512293,6675
1772198206.613985,6286
1772198206.716696,6941
1772198206.828293,6625
1772198207.03373,6931
1772198207.03373,6931
1772198207.236406,6415
1772198207.337351,6766
1772198207.437979,6419
1772198207.539027,6610
1772198207.640029,6693
1772198207.740754,6840
1772198207.841462,6563
1772198207.942207,6839
1772198208.043509,6781
1772198208.144798,6298
1772198208.255136,6008
1772198208.360216,3631
1772198208.467718,3451
1772198208.570179,3873
1772198208.680016,3996
1772198208.889835,3372
1772198208.990609,4058
1772198209.092037,3756
1772198209.192993,3922
1772198209.294278,3672
1772198209.396001,4236
1772198209.497831,3820
1772198209.598874,3523
1772198209.700531,4062
1772198209.802259,3804
1772198209.903264,3643
1772198210.004009,3642
1772198210.104697,3704
1772198210.205961,4187
1772198210.312188,4066
1772198210.431867,4079
1772198210.53673,3652
1772198210.746497,3987
1772198210.847109,4253
1772198210.948236,3994
1772198211.050026,3477
1772198211.150725,3843
1772198211.251458,3603
1772198211.352526,4007
1772198211.453845,3878
1772198211.555011,3795
1772198211.656022,3841
1772198211.757739,3617
1772198211.86076,3950
1772198211.967787,3662
1772198212.072197,3945
1772198212.183027,3384
1772198212.287189,4012
1772198212.397823,4004
1772198212.605268,4089
1772198212.706001,3871
1772198212.80718,4309
1772198212.908383,4179
1772198213.009459,3828
1772198213.11019,4288
1772198213.21092,3980
1772198213.31165,3722
1772198213.412757,3906
1772198213.514387,4053
1772198213.791645,3609
1772198213.897211,3741
1772198213.997884,3456
1772198214.098763,4282
1772198214.200085,3780
1772198214.300843,3890
1772198214.403401,3880
1772198214.505618,3874
1772198214.60663,4227
1772198214.707342,3922
1772198214.809066,3715
1772198214.912591,4134
1772198215.122445,3823
1772198215.223633,4150
1772198215.324364,4139
1772198215.425094,3554
1772198215.525825,4368
1772198215.627311,3793
1772198215.728421,4124
1772198215.829959,4126
1772198215.930925,3535
1772198216.032211,3949
1772198216.133401,4417
1772198216.236857,4156
1772198216.340473,3754
1772198216.449121,4178
1772198216.556514,4190
1772198216.661575,4083
1772198216.770143,3822
1772198216.879027,4050
1772198217.092417,3839
1772198217.193286,3797
1772198217.294424,3875
1772198217.395443,3830
1772198217.496503,3770
1772198217.59732,4066
1772198217.69902,3834
1772198217.800567,4067
1772198217.901829,3969
1772198218.003133,4363
1772198218.10483,4149
1772198218.206608,3655
1772198218.308373,3645
1772198218.512728,3951
1772198218.613518,3849
1772198218.714472,3754
1772198218.81821,3766
1772198218.919752,4096
1772198219.020697,4210
1772198219.122342,3915
1772198219.22386,4166
1772198219.325235,3709
1772198219.426467,3803
1772198219.527572,3807
1772198219.628743,3854
1772198219.731172,3846
1772198219.843364,3820
1772198219.946525,3819
1772198220.161125,3657
1772198220.262897,4316
1772198220.363974,3789
1772198220.465241,4117
1772198220.566488,3881
1772198220.66722,3812
1772198220.76795,4080
1772198220.869015,3710
1772198220.970491,4434
1772198221.071223,3970
1772198221.172952,3597
1772198221.282657,3872
1772198221.386379,3711
1772198221.491101,4001
1772198221.598638,3654
1772198221.709488,4105
1772198221.818457,2615
1772198221.928926,2208
1772198222.03476,2546
1772198222.138483,2709
1772198222.348087,2289
1772198222.450255,2691
1772198222.551791,2865
1772198222.652508,2184
1772198222.753857,2358
1772198222.854942,2413
1772198222.956422,2611
1772198223.057149,2313
1772198223.15846,2260
1772198223.259387,2427
1772198223.361115,2496
1772198223.462138,2365
1772198223.562817,2373
1772198223.669645,2770
1772198223.776359,2762
1772198224.145846,2892
1772198224.247488,2400
1772198224.349063,2175
1772198224.449791,2879
1772198224.551378,2736
1772198224.653037,2587
1772198224.753768,2591
1772198224.955692,2471
1772198225.057088,2544
1772198225.158382,2655
1772198225.259239,2597
1772198225.360623,2475
1772198225.493269,2400
1772198225.594996,2850
1772198225.698094,2452
1772198225.811817,2435
1772198225.913287,2513
1772198226.014306,2365
1772198226.114964,2443
1772198226.21664,2478
1772198226.31751,2736
1772198226.419083,2323
1772198226.519963,2349
1772198226.620724,2530
1772198226.828552,2328
1772198226.930422,2571
1772198227.031611,2905
1772198227.134114,2360
1772198227.235691,2343
1772198227.337391,2330
1772198227.438653,2518
1772198227.539747,2809
1772198227.641474,2654
1772198227.743964,2507
1772198227.844799,2578
1772198227.945584,2688
1772198228.047253,2508
1772198228.150167,2629
1772198228.25295,2500
1772198228.45819,2405
1772198228.559285,2146
1772198228.660213,2645
1772198228.760952,2461
1772198228.86163,2294
1772198228.962789,2728
1772198229.069085,2592
1772198229.170202,2798
1772198229.271385,3142
1772198229.373322,2609
1772198229.47402,2621
1772198229.578278,2372
1772198229.692971,2404
1772198229.794131,2313
1772198229.89896,2241
1772198230.001985,2611
1772198230.207691,2833
1772198230.308513,2489
1772198230.410268,2751
1772198230.511539,2784
1772198230.61227,2352
1772198230.713628,2486
1772198230.814579,2605
1772198230.916185,2470
1772198231.01727,2502
1772198231.11841,2699
1772198231.22255,2496
1772198231.324838,2004
1772198231.429875,2537
1772198231.63428,2881
1772198231.735524,2508
1772198231.836255,2710
1772198231.937255,3049
1772198232.038253,2554
1772198232.139642,2682
1772198232.241401,2260
1772198232.342099,2313
1772198232.443682,2648
1772198232.545052,2702
1772198232.653167,2585
1772198232.760879,2614
1772198232.969628,2850
1772198233.070862,2548
1772198233.172464,2066
1772198233.274191,2260
1772198233.375326,2363
1772198233.478055,2988
1772198233.578782,2620
1772198233.682506,2384
1772198233.784234,2378
1772198233.884965,2819
1772198233.98769,2575
1772198234.088624,2496
1772198234.191318,2473
1772198234.29727,2971
1772198234.401743,2364
1772198234.514416,2643
1772198234.620005,2438
1772198234.732248,2696
1772198234.837966,2308
1772198234.943264,2488
1772198235.145236,2720
1772198235.24724,2627
1772198235.347961,2760
1772198235.45589,2353
1772198235.560914,2389
1772198235.662009,2304
1772198235.763519,2610
1772198235.864028,2736
1772198235.965506,2552
1772198236.067045,2806
1772198236.168735,2605
1772198236.269595,2597
1772198236.376321,2398
1772198236.483542,2714
1772198236.59373,2671
1772198236.700965,2816
1772198236.809674,2557
1772198236.918915,2032
1772198237.032463,2782
1772198237.134643,2564
1772198237.244253,2825
1772198237.350021,2666
1772198237.468286,2493
1772198237.570237,2834
1772198237.684198,2711
1772198237.796896,2683
1772198237.900622,2689
1772198238.014319,2582
1772198238.121448,2865
1772198238.226376,2678
1772198238.618308,2697
1772198238.719367,2355
1772198238.820796,2711
1772198238.922553,2584
1772198239.023348,2569
1772198239.124156,2291
1772198239.327208,2540
1772198239.429415,2387
1772198239.530118,2462
1772198239.631538,2741
1772198239.732221,2562
1772198239.832915,2512
1772198239.934865,2285
1772198240.035998,2560
1772198240.137483,2630
1772198240.239198,2664
1772198240.340606,2918
1772198240.442194,2923
1772198240.54409,2816
1772198240.646626,2506
1772198240.750321,2671
1772198240.956564,2670
1772198241.057614,2711
1772198241.158521,2447
1772198241.259402,2755
1772198241.359992,2753
1772198241.461293,2566
1772198241.562323,2712
1772198241.663442,2511
1772198241.764906,2700
1772198241.866378,2719
1772198241.968108,2516
1772198242.072985,2679
1772198242.180723,2942
1772198242.288325,2676
1772198242.398031,2612
1772198242.605651,2851
1772198242.707401,2525
1772198242.80864,2785
1772198242.909278,2593
1772198243.009989,2402
1772198243.111802,2543
1772198243.213361,2697
1772198243.314066,2621
1772198243.415323,2538
1772198243.516954,2666
1772198243.617652,2641
1772198243.719412,2427
1772198243.82698,2658
1772198243.936639,2630
1772198244.042477,2308
1772198244.151752,2649
1772198244.253958,2309
1772198244.468704,2560
1772198244.570091,2327
1772198244.67142,2684
1772198244.772449,2474
1772198244.873138,2433
1772198244.974657,2236
1772198245.076356,2625
1772198245.177865,2492
1772198245.279459,2293
1772198245.380904,2553
1772198245.481619,2502
1772198245.58269,2760
1772198245.68841,2575
1772198245.795502,2586
1772198245.902453,2755
1772198246.01046,2397
1772198246.117173,2820
1772198246.330762,2735
1772198246.432165,2850
1772198246.533152,2762
1772198246.633968,2598
1772198246.735705,2958
1772198246.836806,2650
1772198246.937569,2818
1772198247.039266,2753
1772198247.139996,2432
1772198247.240727,2759
1772198247.342461,2526
1772198247.54726,2793
1772198247.648467,2687
1772198247.749198,3037
1772198247.8504,2509
1772198247.952063,2675
1772198248.124599,2813
1772198248.124599,2813
1772198248.22932,2635
1772198248.333069,2669
1772198248.435475,2548
1772198248.549438,3074
1772198248.651209,2977
1772198248.863059,2572
1772198248.863059,2572
1772198249.079609,2642
1772198249.180724,2729
1772198249.281547,2360
1772198249.382757,2904
1772198249.483967,2806
1772198249.584866,2666
1772198249.686562,2753
1772198249.787174,2653
1772198249.887723,3033
1772198249.988804,2621
1772198250.090501,2350
1772198250.194239,2564
1772198250.297582,2738
1772198250.409997,2971
1772198250.511111,2719
1772198250.61982,2640
1772198250.728783,2606
1772198250.938867,2584
1772198251.039653,2768
1772198251.140663,2950
1772198251.242189,2620
1772198251.343939,2830
1772198251.445431,2601
1772198251.547133,2674
1772198251.647843,2571
1772198251.748574,3017
1772198251.849927,2930
1772198251.950984,2958
1772198252.053579,2441
1772198252.263104,2710
1772198252.364786,2645
1772198252.46585,2364
1772198252.566746,2695
1772198252.667515,2719
1772198252.768792,2537
1772198252.870171,2495
1772198252.971751,2726
1772198253.072619,2438
1772198253.173621,2613
1772198253.27458,2694
1772198253.381938,2682
1772198253.48584,2762
1772198253.590499,2512
1772198253.702003,2941
1772198253.814702,2653
1772198254.01927,2939
1772198254.120006,3136
1772198254.221012,2395
1772198254.321891,2676
1772198254.423453,2323
1772198254.525135,2881
1772198254.62586,2720
1772198254.726643,2788
1772198254.827664,2534
1772198254.928737,2552
1772198255.033241,2908
1772198255.134992,2604
1772198255.349905,2574
1772198255.45215,2709
1772198255.552864,2819
1772198255.653899,2781
1772198255.755657,2761
1772198255.856513,2399
1772198255.957859,2466
1772198256.058691,2608
1772198256.16042,2821
1772198256.261183,2947
1772198256.362859,2901
1772198256.466652,2476
1772198256.574566,2835
1772198256.682119,2752
1772198256.791047,2643
1772198256.899755,2759
1772198257.006304,2862
1772198257.122816,2729
1772198257.224628,2632
1772198257.333339,2621
1772198257.443207,2839
1772198257.553241,2668
1772198257.657213,2825
1772198257.772904,2670
1772198257.878108,2690
1772198257.982585,2881
1772198258.097776,2872
1772198258.19869,2655
1772198258.305405,2670
1772198258.414823,2878
1772198258.524817,2481
1772198258.634539,2916
1772198258.745225,2538
1772198258.861913,2564
1772198258.978602,2322
1772198259.084516,2681
1772198259.194263,2241
1772198259.29993,2810
1772198259.40131,2465
1772198259.611876,2765
1772198259.611876,2765
1772198259.817837,2577
1772198259.918856,2474
1772198260.020592,2260
1772198260.121809,2835
1772198260.223242,2809
1772198260.324417,2609
1772198260.425834,2553
1772198260.527073,2904
1772198260.628243,2935
1772198260.72994,2556
1772198260.837346,2951
1772198260.938778,2592
1772198261.046855,2896
1772198261.161365,2707
1772198261.266967,3039
1772198261.372945,2991
1772198261.481067,2682
1772198261.594073,2769
1772198261.713514,2743
1772198261.818233,2578
1772198261.919963,3127
1772198262.028889,2689
1772198262.143949,2807
1772198262.251341,2625
1772198262.641372,2859
1772198262.742096,2988
1772198262.843743,2892
1772198262.945356,2686
1772198263.046929,2736
1772198263.148074,2748
1772198263.249525,2661
1772198263.351043,2472
1772198263.452222,2767
1772198263.554382,1174
1772198263.758052,2656
1772198263.859419,2821
1772198263.961356,2629
1772198264.062199,2746
1772198264.163665,3005
1772198264.265142,2749
1772198264.366293,2768
1772198264.46795,2705
1772198264.568798,2885
1772198264.669714,2645
1772198264.770609,3032
1772198265.174575,2750
1772198265.275405,2955
1772198265.376301,2567
1772198265.477711,2968
1772198265.579037,2723
1772198265.680159,3065
1772198265.780862,2859
1772198265.882064,2984
1772198265.983156,2611
1772198266.090191,2541
1772198266.19171,2718
1772198266.293464,2722
1772198266.495518,2678
1772198266.597178,2655
1772198266.698435,2903
1772198266.799432,2703
1772198266.901104,2852
1772198267.002707,2755
1772198267.103734,2870
1772198267.204873,2896
1772198267.305603,2571
1772198267.406258,2920
1772198267.507712,2671
1772198267.60944,2565
1772198267.811909,2548
1772198267.913143,2360
1772198268.014675,2491
1772198268.116176,2778
1772198268.216867,2929
1772198268.317528,3029
1772198268.418285,2838
1772198268.519268,2802
1772198268.62055,2567
1772198268.721281,2620
1772198268.8218,2497
1772198268.922561,2838
1772198269.023971,2701
1772198269.225432,2491
1772198269.326762,2556
1772198269.427797,2989
1772198269.529066,2913
1772198269.630246,2856
1772198269.731117,2458
1772198269.832143,2771
1772198269.933458,2645
1772198270.034187,2769
1772198270.135109,2655
1772198270.23682,2782
1772198270.338548,2506
1772198270.545478,2509
1772198270.646086,2663
1772198270.747782,2989
1772198270.849359,3376
1772198270.95004,2959
1772198271.05164,2706
1772198271.152771,2650
1772198271.25428,2571
1772198271.355475,2470
1772198271.456339,2617
1772198271.557501,2985
1772198271.659279,2377
1772198271.872333,2854
1772198271.973872,2363
1772198272.074831,2486
1772198272.176048,2687
1772198272.276544,2965
1772198272.650103,2670
1772198272.852528,2531
1772198272.953932,2692
1772198273.05522,2547
1772198273.156702,2453
1772198273.258311,2519
1772198273.359428,2541
1772198273.460234,2906
1772198273.561202,2585
1772198273.663084,3032
1772198273.764114,2652
1772198273.865125,2603
1772198273.966796,2862
1772198274.068187,2712
1772198274.174241,2555
1772198274.378505,2517
1772198274.479711,2657
1772198274.580739,2969
1772198274.682483,2604
1772198274.783225,2848
1772198274.884224,2930
1772198274.985011,2649
1772198275.086098,2908
1772198275.18725,2955
1772198275.288534,2833
1772198275.389964,2583
1772198275.593611,2544
1772198275.69534,2673
1772198275.797067,2398
1772198275.898494,2938
1772198275.999537,3226
1772198276.100595,2810
1772198276.201503,2933
1772198276.303127,2853
1772198276.403754,2981
1772198276.505089,3187
1772198276.606561,2719
1772198276.707296,2541
1772198276.808694,2682
1772198277.01656,2732
1772198277.117463,2695
1772198277.218827,3137
1772198277.319558,2819
1772198277.420526,2951
1772198277.521258,2600
1772198277.622759,2896
1772198277.723468,2869
1772198277.824199,2700
1772198277.925927,2496
1772198278.028654,2551
1772198278.130381,2693
1772198278.231112,2968
1772198278.337827,2881
1772198278.544274,2958
1772198278.645004,2839
1772198278.747453,2966
1772198278.849181,2762
1772198278.949912,2690
1772198279.050642,2809
1772198279.151372,2789
1772198279.252104,2938
1772198279.352838,2600
1772198279.454562,2958
1772198279.556293,2762
1772198279.657004,2899
1772198279.761726,2750
1772198279.967174,2610
1772198280.068411,2706
1772198280.169142,2511
1772198280.281842,3057
1772198280.530177,2386
1772198280.530177,2386
1772198280.632902,2696
1772198280.741123,2909
1772198280.950564,2506
1772198281.052292,2968
1772198281.156523,2609
1772198281.258252,2683
1772198281.360017,2800
1772198281.460825,2470
1772198281.562042,2588
1772198281.663538,2886
1772198281.764409,2676
1772198281.865243,2558
1772198281.966727,2473
1772198282.07371,2467
1772198282.284422,2734
1772198282.385548,2907
1772198282.487351,2770
1772198282.587966,2772
1772198282.689195,2459
1772198282.789925,2759
1772198282.890658,2968
1772198282.991389,2551
1772198283.092149,2620
1772198283.192849,2621
1772198283.293579,2958
1772198283.395307,2781
1772198283.500265,2741
1772198283.605175,2697
1772198283.717484,2831
1772198283.921138,2909
1772198284.022865,2949
1772198284.123724,2706
1772198284.224453,2620
1772198284.325703,2795
1772198284.426433,3156
1772198284.527672,2785
1772198284.628402,2739
1772198284.729134,2988
1772198284.829864,2978
1772198284.931101,2617
1772198285.039811,2599
1772198285.141539,2496
1772198285.248254,2567
1772198285.364455,2810
1772198285.46718,2716
1772198285.568908,2610
1772198285.684598,2515
1772198285.796299,2891
1772198285.999099,2423
1772198286.100812,2703
1772198286.2028,2657
1772198286.303591,3035
1772198286.404344,2441
1772198286.505825,2463
1772198286.60731,2384
1772198286.712067,2756
1772198286.817439,2406
1772198286.919136,2527
1772198287.019868,2412
1772198287.121391,2551
1772198287.223592,3052
1772198287.325376,2633
1772198287.432194,2639
1772198287.540189,2694
1772198287.749882,2655
1772198287.851647,2653
1772198287.953349,2802
1772198288.054383,3008
1772198288.155172,2916
1772198288.25637,2747
1772198288.357355,2812
1772198288.458666,3099
1772198288.559439,2917
1772198288.660637,3280
1772198288.761765,3223
1772198288.86333,3337
1772198289.065219,3080
1772198289.16651,3188
1772198289.268237,3283
1772198289.36897,3067
1772198289.470277,3109
1772198289.571661,3521
1772198289.673441,3379
1772198289.774158,3395
1772198289.875612,3390
1772198289.976489,3063
1772198290.077505,2920
1772198290.178959,2917
1772198290.284559,3210
1772198290.394021,3289
1772198290.502742,2831
1772198290.607193,3197
1772198290.717896,3008
1772198290.820107,3023
1772198290.926883,3071
1772198291.332162,3021
1772198291.433956,2847
1772198291.53469,3236
1772198291.635798,3303
1772198291.736665,3093
1772198291.837532,3152
1772198291.938442,3091
1772198292.039309,3103
1772198292.142731,3171
1772198292.244774,2783
1772198292.349487,3161
1772198292.554353,2858
1772198292.655112,3364
1772198292.756648,2954
1772198292.858012,3107
1772198292.95926,2982
1772198293.060998,3096
1772198293.161915,3448
1772198293.263182,3377
1772198293.364711,3151
1772198293.465795,2898
1772198293.56722,3283
1772198293.670447,3458
1772198293.775475,2932
1772198293.880445,3339
1772198293.992897,2765
1772198294.198028,2976
1772198294.299371,3197
1772198294.400376,3316
1772198294.501509,2907
1772198294.603214,3018
1772198294.706336,2908
1772198294.807174,3322
1772198294.907928,3305
1772198295.009187,3337
1772198295.110611,3204
1772198295.211446,3233
1772198295.312731,3228
1772198295.516611,2812
1772198295.617365,3344
1772198295.718354,3237
1772198295.819212,3291
1772198295.920521,2872
1772198296.021434,3180
1772198296.122362,2952
1772198296.223062,3227
1772198296.323733,3277
1772198296.424771,3038
1772198296.530957,3305
1772198296.640633,3355
1772198296.746075,3461
1772198296.854306,3133
1772198296.96233,3480
1772198297.078017,3017
1772198297.180224,3072
1772198297.290543,3376
1772198297.502125,3052
1772198297.602949,3144
1772198297.704649,3117
1772198297.806189,2905
1772198297.907552,3531
1772198298.008283,2958
1772198298.109422,3163
1772198298.211113,3048
1772198298.312279,2777
1772198298.413789,3310
1772198298.515091,3316
1772198298.616118,3444
1772198298.719052,3196
1772198298.820018,2921
1772198298.940695,3283
1772198299.048093,2867
1772198299.250235,3129
1772198299.352673,2770
1772198299.454401,2939
1772198299.556128,3076
1772198299.656859,3375
1772198299.757808,3506
1772198299.858921,2887
1772198299.959654,3087
1772198300.177072,3257
1772198300.177072,3257
1772198300.283148,2894
1772198300.383776,3527
1772198300.484985,3062
1772198300.589891,2935
1772198300.700596,3089
1772198300.805316,3017
1772198300.911587,3020
1772198301.017857,3265
1772198301.130766,3144
1772198301.241027,2911
1772198301.361412,2932
1772198301.465824,3198
1772198301.573423,2871
1772198301.685124,3297
1772198301.940523,3149
1772198301.940523,3149
1772198302.047404,2844
1772198302.148635,3022
1772198302.249516,3132
1772198302.35039,2716
1772198302.452363,2863
1772198302.55955,3377
1772198302.671251,2962
1772198302.773977,3076
1772198302.885287,2874
1772198302.992733,2968
1772198303.098448,2922
1772198303.219115,3303
1772198303.321868,3240
1772198303.423596,3057
1772198303.537305,3255
1772198303.643602,3048
1772198303.758295,3051
1772198303.870127,3076
1772198303.979836,3090
1772198304.088088,3048
1772198304.194768,2971
1772198304.296497,3312
1772198304.41119,3313
1772198304.516011,3245
1772198304.638252,3034
1772198304.741974,3027
1772198304.851735,3598
1772198304.953631,3169
1772198305.057039,2968
1772198305.177186,3262
1772198305.2821,2788
1772198305.38541,3108
1772198305.498918,3092
1772198305.607589,3321
1772198305.723279,2981
1772198305.828308,2789
1772198305.966807,3105
1772198306.069782,3466
1772198306.172203,2987
1772198306.276354,3130
1772198306.385922,2993
1772198306.494615,3091
1772198306.602338,3137
1772198306.712421,2797
1772198306.815146,2811
1772198306.915902,3404
1772198307.125959,2932
1772198307.227841,3209
1772198307.329878,2851
1772198307.4311,3517
1772198307.532662,2904
1772198307.633778,3441
1772198307.735075,3168
1772198307.835832,3433
1772198307.936788,3575
1772198308.038389,3346
1772198308.145897,3627
1772198308.256251,3506
1772198308.364961,3513
1772198308.474667,3409
1772198308.591474,3578
1772198308.69896,3470
1772198308.804712,3621
1772198308.90607,3591
1772198309.014608,3464
1772198309.119199,3606
1772198309.228289,3822
1772198309.3362,3410
1772198309.448904,3540
1772198309.55864,3125
1772198309.96301,3460
1772198310.064795,3546
1772198310.166206,3441
1772198310.266988,3135
1772198310.368231,3348
1772198310.469938,3608
1772198310.571773,3446
1772198310.673544,3225
1772198310.775287,3430
1772198310.877133,3642
1772198310.978686,3495
1772198311.082551,3376
1772198311.289332,3606
1772198311.391032,3657
1772198311.492629,3543
1772198311.594115,3645
1772198311.695067,3457
1772198311.79599,3745
1772198311.896877,3241
1772198311.998011,3470
1772198312.098812,3382
1772198312.200474,3570
1772198312.303212,3309
1772198312.513009,3586
1772198312.615005,3186
1772198312.719631,3502
1772198312.821161,3476
1772198312.922821,3452
1772198313.023772,3447
1772198313.124983,3556
1772198313.225741,3414
1772198313.326539,3412
1772198313.428122,3425
1772198313.529456,3394
1772198313.630753,3632
1772198313.731457,3286
1772198313.834021,3558
1772198313.939337,3351
1772198314.143289,3420
1772198314.243921,3309
1772198314.345649,3568
1772198314.446545,3667
1772198314.54809,3141
1772198314.649117,3642
1772198314.75061,3212
1772198314.851425,3432
1772198314.953108,3520
1772198315.054194,3462
1772198315.15507,3390
1772198315.256672,3494
1772198315.463252,3072
1772198315.564114,3152
1772198315.664768,3487
1772198315.766487,3165
1772198315.867459,3387
1772198315.968449,3307
1772198316.069187,3633
1772198316.170747,3446
1772198316.271479,3633
1772198316.372208,3295
1772198316.473156,3278
1772198316.573885,3573
1772198316.798511,3460
1772198316.798511,3460
1772198316.90158,3056
1772198317.007296,3585
1772198317.211608,3115
1772198317.312704,2739
1772198317.414311,3730
1772198317.516549,3697
1772198317.617703,3726
1772198317.71882,3619
1772198317.820169,3798
1772198317.920851,3684
1772198318.022296,3410
1772198318.123846,3446
1772198318.22443,3688
1772198318.325353,3507
1772198318.430756,3639
1772198318.54227,3076
1772198318.745127,3627
1772198318.845664,3491
1772198318.946401,3454
1772198319.047502,3224
1772198319.14923,3470
1772198319.25031,3591
1772198319.351075,3423
1772198319.452103,3494
1772198319.55319,3304
1772198319.654095,3389
1772198319.755809,3480
1772198319.856889,3670
1772198319.971555,3160
1772198320.07441,3704
1772198320.188084,3483
1772198320.2987,3507
1772198320.400429,3538
1772198320.507541,3482
1772198320.717561,3384
1772198320.819157,2952
1772198320.921192,3469
1772198321.021766,3112
1772198321.122715,3427
1772198321.224121,3076
1772198321.324871,3464
1772198321.425672,3204
1772198321.526591,3151
1772198321.628237,3492
1772198321.72974,3241
1772198321.831458,3549
1772198321.937241,3705
1772198322.043604,3929
1772198322.150317,3467
1772198322.265746,3653
1772198322.372757,3541
1772198322.483302,3925
1772198322.594655,3214
1772198322.699996,3502
1772198322.80671,3223
1772198322.910434,3287
1772198323.11556,3852
1772198323.222834,3694
1772198323.323633,3501
1772198323.425227,2992
1772198323.526987,3665
1772198323.628112,3273
1772198323.728816,3455
1772198323.82958,3532
1772198323.930311,3563
1772198324.031286,3495
1772198324.132608,3227
1772198324.233795,3696
1772198324.336207,3427
1772198324.54348,3872
1772198324.644592,3669
1772198324.745291,3704
1772198324.846022,3653
1772198324.946882,3767
1772198325.048941,3762
1772198325.149667,3474
1772198325.250577,3983
1772198325.351307,3891
1772198325.453974,3422
1772198325.555131,3855
1772198325.656057,3467
1772198325.760777,3552
1772198325.973508,3209
1772198325.973508,3209
1772198326.178305,3656
1772198326.279237,3903
1772198326.380803,3761
1772198326.48204,3802
1772198326.820298,3655
1772198326.921447,3025
1772198327.022175,4040
1772198327.123726,4057
1772198327.225073,3729
1772198327.32599,3438
1772198327.426763,3453
1772198327.528379,3542
1772198327.630077,3746
1772198327.730972,3885
1772198327.836087,3947
1772198328.040912,3705
1772198328.142277,3738
1772198328.243554,3732
1772198328.344799,3496
1772198328.445959,4023
1772198328.547362,3461
1772198328.648315,3972
1772198328.750043,3941
1772198328.850911,3767
1772198328.952451,3899
1772198329.053272,3729
1772198329.255577,3871
1772198329.357134,3475
1772198329.458859,3892
1772198329.559567,3852
1772198329.666053,3790
1772198329.767749,3913
1772198329.871756,4018
1772198329.974614,3898
1772198330.075363,3732
1772198330.176554,3794
1772198330.277687,3965
1772198330.379303,3926
1772198330.480092,3690
1772198330.685388,4004
1772198330.787777,4043
1772198330.888645,3479
1772198330.990028,3501
1772198331.091414,3757
1772198331.192192,3730
1772198331.293343,3835
1772198331.394397,3503
1772198331.495478,3858
1772198331.596545,3868
1772198331.697805,3713
1772198331.79922,3796
1772198331.900245,3810
1772198332.004212,3799
1772198332.207417,3488
1772198332.308506,3580
1772198332.409508,3524
1772198332.510315,3352
1772198332.610979,3586
1772198332.712593,3444
1772198332.813755,3479
1772198332.915214,3705
1772198333.01668,3666
1772198333.11818,3369
1772198333.218958,3780
1772198333.421098,3882
1772198333.5219,3521
1772198333.622974,3591
1772198333.72459,3582
1772198333.825699,3995
1772198333.926565,3816
1772198334.027836,3752
1772198334.128878,3919
1772198334.22961,1985
1772198334.331191,2894
1772198334.431895,3833
1772198334.532894,3703
1772198334.633727,3719
1772198334.837113,3341
1772198334.93787,3493
1772198335.039183,3839
1772198335.140775,3573
1772198335.242313,3653
1772198335.343114,3293
1772198335.44409,3703
1772198335.545711,3877
1772198335.646745,3741
1772198335.747618,4064
1772198335.84832,3545
1772198336.051778,3752
1772198336.152828,3918
1772198336.254526,3854
1772198336.355408,3717
1772198336.456431,3405
1772198336.557175,3791
1772198336.65811,3754
1772198336.759661,3751
1772198336.861455,3821
1772198336.962789,3542
1772198337.064031,3545
1772198337.165042,3890
1772198337.266851,3987
1772198337.368279,3835
1772198337.570898,3795
1772198337.672827,3894
1772198337.773587,3791
1772198337.874374,3383
1772198337.975572,3952
1772198338.077121,3653
1772198338.178448,3799
1772198338.279527,3482
1772198338.380507,3258
1772198338.482088,4046
1772198338.583328,3891
1772198338.684083,3473
1772198338.88566,3980
1772198338.986954,3632
1772198339.087621,3645
1772198339.189097,3823
1772198339.289907,3541
1772198339.391457,3722
1772198339.492471,3801
1772198339.593813,3660
1772198339.694443,3368
1772198339.795465,3355
1772198339.897064,3326
1772198339.99793,3479
1772198340.102222,3634
1772198340.210816,3806
1772198340.420394,3596
1772198340.521352,3625
1772198340.622734,3639
1772198340.723315,3738
1772198340.824046,4090
1772198340.92466,3727
1772198341.025391,1062
1772198341.126122,903
1772198341.227172,1019
1772198341.328798,1141
1772198341.430255,1261
1772198341.53138,1325
1772198341.63378,1459
1772198341.742733,2720
1772198341.94615,3763
1772198342.047688,3427
1772198342.148452,3463
1772198342.249418,4179
1772198342.350481,3384
1772198342.451296,3759
1772198342.552938,3630
1772198342.653911,3703
1772198342.754875,3535
1772198342.855961,3650
1772198342.957054,3501
1772198343.060776,3644
1772198343.170435,3994
1772198343.275731,3694
1772198343.386103,3760
1772198343.492279,3870
1772198343.703491,3853
1772198343.807329,3601
1772198343.908241,4043
1772198344.008972,3722
1772198344.110474,3438
1772198344.211602,3530
1772198344.312269,3447
1772198344.413672,3431
1772198344.514451,3373
1772198344.615311,3499
1772198344.71605,3722
1772198344.817568,4087
1772198344.918322,3434
1772198345.022504,4051
1772198345.129879,3594
1772198345.343949,3832
1772198345.445361,3806
1772198345.546285,3616
1772198345.647127,3926
1772198345.749024,3827
1772198345.849787,3503
1772198345.950968,4022
1772198346.052532,3771
1772198346.153418,3667
1772198346.254789,3699
1772198346.355782,3831
1772198346.457089,3533
1772198346.559759,4011
1772198346.664475,3791
1772198346.769826,3616
1772198346.981822,3728
1772198347.083121,4205
1772198347.184219,3788
1772198347.285929,3726
1772198347.387416,3478
1772198347.488197,3740
1772198347.589706,3585
1772198347.690647,3615
1772198347.792754,3590
1772198347.893434,3426
1772198347.994199,3483
1772198348.095038,3094
1772198348.198265,3129
1772198348.303195,3916
1772198348.508878,3632
1772198348.610196,3701
1772198348.711703,3536
1772198348.812429,3405
1772198348.913164,3434
1772198349.014453,3633
1772198349.116062,3208
1772198349.216948,3598
1772198349.317589,3179
1772198349.418286,2989
1772198349.519998,3618
1772198349.621588,3395
1772198349.726923,3588
1772198349.833795,3359
1772198349.940301,3742
1772198350.142493,3582
1772198350.244071,3681
1772198350.345892,4154
1772198350.447272,3698
1772198350.548528,3594
1772198350.649314,3571
1772198350.75056,3565
1772198350.852526,722
1772198350.953687,1265
1772198351.055091,1301
1772198351.156412,2181
1772198351.257797,3866
1772198351.510026,4117
1772198351.510026,4117
1772198351.617256,3515
1772198351.720978,3309
1772198351.823053,3556
1772198351.923812,3334
1772198352.024343,3799
1772198352.236988,3584
1772198352.338714,3617
1772198352.439443,3395
1772198352.540385,3526
1772198352.642117,3882
1772198352.743386,3525
1772198352.850658,3617
1772198352.955502,3757
1772198353.056547,3928
1772198353.157338,3313
1772198353.259135,3408
1772198353.35987,3792
1772198353.460697,3431
1772198353.568032,3260
1772198353.680294,3595
1772198353.886333,3639
1772198353.987053,3623
1772198354.089015,3520
1772198354.189988,3307
1772198354.291243,3733
1772198354.392276,3602
1772198354.493544,3525
1772198354.594274,3266
1772198354.696124,3430
1772198354.797283,3509
1772198354.898014,4050
1772198355.002735,4039
1772198355.106705,4241
1772198355.21604,3667
1772198355.321002,3658
1772198355.429601,4263
1772198355.541315,3833
1772198355.74775,3940
1772198355.848981,3793
1772198355.950003,3850
1772198356.050665,3616
1772198356.15141,3543
1772198356.252076,3695
1772198356.352942,3876
1772198356.481514,3882
1772198356.582683,3657
1772198356.686283,3667
1772198356.787426,3608
1772198356.888599,3678
1772198356.989088,3433
1772198357.090312,3921
1772198357.191114,3303
1772198357.297244,3742
1772198357.404201,3321
1772198357.609848,3912
1772198357.710707,4005
1772198357.812026,3859
1772198357.912592,3897
1772198358.013835,3970
1772198358.114544,3783
1772198358.215877,3799
1772198358.316541,3953
1772198358.41773,4061
1772198358.518767,3909
1772198358.619583,3858
1772198358.725679,3481
1772198358.827526,4015
1772198358.931979,3810
1772198359.139304,4101
1772198359.244923,3739
1772198359.345681,3840
1772198359.446637,3912
1772198359.548448,3938
1772198359.64937,3735
1772198359.750101,3961
1772198359.850884,3830
1772198359.952244,3571
1772198360.053134,4351
1772198360.153884,4049
1772198360.25561,4364
1772198360.356543,4121
1772198360.798534,4228
1772198360.900047,4078
1772198361.006656,4014
1772198361.113183,4193
1772198361.317155,4219
1772198361.418822,3944
1772198361.519674,3946
1772198361.620715,4077
1772198361.721982,4344
1772198361.822713,4010
1772198361.923348,3905
1772198362.024087,4040
1772198362.125691,4035
1772198362.229066,3758
1772198362.330839,3881
1772198362.431875,4048
1772198362.533243,4202
1772198362.736082,4120
1772198362.836812,4070
1772198362.937577,3791
1772198363.039085,4383
1772198363.140814,4138
1772198363.242574,4196
1772198363.344269,3697
1772198363.445037,4048
1772198363.546006,3803
1772198363.647003,4000
1772198363.74771,3723
1772198363.848478,4118
1772198364.052137,4021
1772198364.153217,3700
1772198364.254095,4133
1772198364.354957,4213
1772198364.456288,3641
1772198364.557345,4037
1772198364.658621,3850
1772198364.760319,3893
1772198364.861359,3602
1772198364.96227,4211
1772198365.063253,3782
1772198365.164143,3756
1772198365.265607,3794
1772198365.468676,3862
1772198365.57016,3862
1772198365.6712,3929
1772198365.771925,3871
1772198365.872743,3689
1772198365.973501,3890
1772198366.07506,3899
1772198366.176308,3921
1772198366.277181,3985
1772198366.378208,4177
1772198366.479007,4216
1772198366.681388,3953
1772198366.782145,3821
1772198366.883257,3530
1772198366.984778,3703
1772198367.086017,3931
1772198367.18692,3706
1772198367.288229,3859
1772198367.389841,4153
1772198367.491339,4236
1772198367.592825,4039
1772198367.694283,4080
1772198367.795168,4034
1772198367.897768,3937
1772198368.010608,4088
1772198368.220859,4186
1772198368.321566,3872
1772198368.422713,3697
1772198368.524203,3556
1772198368.625748,4008
1772198368.727546,4077
1772198368.828781,3872
1772198368.929687,3864
1772198369.030455,4108
1772198369.131809,4301
1772198369.233179,3492
1772198369.33448,3711
1772198369.439315,4189
1772198369.543628,3987
1772198369.651474,4089
1772198369.760194,3918
1772198369.872884,4055
1772198369.974611,4413
1772198370.185701,3846
1772198370.287064,3817
1772198370.388355,4156
1772198370.489811,3784
1772198370.59063,4195
1772198370.691385,3712
1772198370.792154,3612
1772198370.892885,4100
1772198370.99366,3949
1772198371.09441,4178
1772198371.195168,3692
1772198371.298134,4098
1772198371.399637,4098
1772198371.611824,4099
1772198371.712554,3554
1772198371.813463,4063
1772198371.914244,3820
1772198372.015873,3886
1772198372.116408,3799
1772198372.217344,4190
1772198372.31879,4021
1772198372.419886,4085
1772198372.520764,3747
1772198372.621686,4191
1772198372.722913,3813
1772198372.830464,3593
1772198372.935444,3867
1772198373.039167,3972
1772198373.149072,4131
1772198373.353834,3674
1772198373.45487,3820
1772198373.55622,3818
1772198373.658256,3861
1772198373.758987,3961
1772198373.859963,4406
1772198373.960887,4082
1772198374.062142,3812
1772198374.162904,4049
1772198374.264142,3951
1772198374.365427,4107
1772198374.474506,4291
1772198374.58249,3864
1772198374.68783,4331
1772198374.797888,4106
1772198374.908871,3829
1772198375.0125,3908
1772198375.120633,3800
1772198375.223548,3915
1772198375.425603,3921
1772198375.53749,3869
1772198375.639353,4074
1772198375.740772,4151
1772198375.841982,4179
1772198375.942712,3980
1772198376.043309,4254
1772198376.14443,3925
1772198376.245309,3965
1772198376.34707,4166
1772198376.448292,4040
1772198376.54937,4016
1772198376.650428,3819
1772198376.751788,4123
1772198376.859215,4114
1772198377.0623,3950
1772198377.163883,3957
1772198377.264589,4001
1772198377.366484,3864
1772198377.467295,4235
1772198377.568004,3892
1772198377.669735,3851
1772198377.875186,4492
1772198377.999872,3556
1772198378.222785,4020
1772198378.222785,4020
1772198378.369393,3016
1772198378.750904,3118
1772198379.103961,3413
1772198379.438067,3869
1772198379.438067,3869
1772198379.624568,3237
1772198379.746242,3517
1772198379.847564,4105
1772198379.948955,3876
1772198380.050107,3756
1772198380.253757,3891
1772198380.355381,4113
1772198380.456874,3832
1772198380.557966,3818
1772198380.658794,4264
1772198380.759753,4090
1772198380.860606,3272
1772198380.96122,3756
1772198381.062515,3721
1772198381.164298,3723
1772198381.265763,3626
1772198381.467299,3957
1772198381.568105,3968
1772198381.669142,4255
1772198381.769845,3574
1772198381.870683,4095
1772198381.97241,3843
1772198382.073133,3872
1772198382.174211,3897
1772198382.275568,4025
1772198382.376919,4005
1772198382.477965,4087
1772198382.579696,3853
1772198382.680741,4107
1772198382.781444,4071
1772198382.984256,3696
1772198383.085928,4239
1772198383.187189,3742
1772198383.288663,3508
1772198383.390287,3552
1772198383.491045,4089
1772198383.592753,3883
1772198383.69807,4066
1772198383.799913,3544
1772198383.900604,2234
1772198384.002053,4287
1772198384.102785,3911
1772198384.203856,4046
1772198384.407899,3802
1772198384.508913,3662
1772198384.610497,4124
1772198384.711249,3771
1772198384.813534,4184
1772198384.914271,4149
1772198385.015664,4053
1772198385.116394,3931
1772198385.217125,3762
1772198385.318366,3338
1772198385.421092,3952
1772198385.521822,3921
1772198385.727331,4328
1772198385.830566,3824
1772198385.931296,4258
1772198386.032026,3871
1772198386.132757,4080
1772198386.233489,4169
1772198386.33412,3974
1772198386.434697,4285
1772198386.535455,3543
1772198386.63616,3932
1772198386.737597,3332
1772198386.838405,4037
1772198386.942088,4089
1772198387.146576,4934
1772198387.247849,3801
1772198387.349577,4521
1772198387.450335,4714
1772198387.551066,4943
1772198387.652141,4748
1772198387.753667,4668
1772198387.854335,4470
1772198387.956122,4503
1772198388.056427,4426
1772198388.15716,4755
1772198388.263879,4787
1772198388.466214,4296
1772198388.728922,4603
1772198388.829976,4086
1772198388.931371,4822
1772198389.032089,4120
1772198389.13343,4450
1772198389.234187,4327
1772198389.436648,4333
1772198389.53783,4724
1772198389.639369,4510
1772198389.740067,4389
1772198389.840977,4726
1772198389.941676,4538
1772198390.042664,4337
1772198390.144424,4549
1772198390.245179,4515
1772198390.34649,4125
1772198390.447841,4874
1772198390.549542,4483
1772198390.75393,4426
1772198390.854743,4215
1772198390.956291,4323
1772198391.057627,4450
1772198391.158359,4427
1772198391.259283,4488
1772198391.360221,4527
1772198391.461007,4445
1772198391.562016,4336
1772198391.662764,4307
1772198391.763532,4336
1772198391.864606,4818
1772198391.969571,4563
1772198392.172052,4157
1772198392.273748,4267
1772198392.375291,4274
1772198392.476157,4322
1772198392.577484,4628
1772198392.678684,3794
1772198392.77977,4520
1772198392.88037,4821
1772198392.981138,4624
1772198393.081951,4731
1772198393.183352,4092
1772198393.386964,4915
1772198393.488034,4699
1772198393.589367,4273
1772198393.691068,4267
1772198393.79175,4280
1772198393.892537,4792
1772198393.993686,4844
1772198394.095077,4596
1772198394.19579,4468
1772198394.297293,4058
1772198394.403164,4458
1772198394.513493,4368
1772198394.619635,4795
1772198394.727386,4955
1772198394.836823,4597
1772198394.941693,4548
1772198395.052645,4212
1772198395.261041,4103
1772198395.362851,4243
1772198395.46431,4661
1772198395.565786,4503
1772198395.666803,4335
1772198395.76754,4467
1772198395.868948,4871
1772198395.970445,4512
1772198396.071519,4610
1772198396.173412,4279
1772198396.274661,4760
1772198396.375392,4248
1772198396.578399,5003
1772198396.679753,4055
1772198396.780453,4280
1772198396.881445,4129
1772198396.982233,3929
1772198397.082963,4179
1772198397.184209,2103
1772198397.284941,3216
1772198397.385672,4219
1772198397.486401,4258
1772198397.587159,4575
1772198397.689857,4693
1772198397.798568,4764
1772198397.906394,4581
1772198398.016236,4299
1772198398.123571,4425
1772198398.234583,4395
1772198398.343338,4358
1772198398.45339,4107
1772198398.560937,4277
1772198398.79371,4484
1772198398.79371,4484
1772198398.899428,4621
1772198399.000783,4380
1772198399.101661,4411
1772198399.304723,4753
1772198399.405313,4692
1772198399.506782,4523
1772198399.608016,4267
1772198399.709299,3988
1772198399.810598,4531
1772198399.911842,4691
1772198400.020673,4541
1772198400.122198,4757
1772198400.222848,4510
1772198400.32413,4670
1772198400.425777,4738
1772198400.526545,4624
1772198400.728346,4504
1772198400.830694,4709
1772198400.931619,4756
1772198401.032707,4204
1772198401.133772,4185
1772198401.235435,4455
1772198401.336291,4283
1772198401.437526,4583
1772198401.538209,4310
1772198401.639164,4427
1772198401.739868,4309
1772198401.841253,4911
1772198401.942901,4181
1772198402.146539,4490
1772198402.247714,4368
1772198402.349024,3839
1772198402.449582,4256
1772198402.55077,4694
1772198402.65154,4435
1772198402.753247,4217
1772198402.854018,4167
1772198402.955066,4700
1772198403.056141,4600
1772198403.157238,4708
1772198403.258644,4269
1772198403.359687,4691
1772198403.563852,4702
1772198403.665154,4155
1772198403.766506,4410
1772198403.867563,4423
1772198403.968931,4863
1772198404.070302,4508
1772198404.172118,4606
1772198404.272787,4430
1772198404.374322,4323
1772198404.577943,2543
1772198404.678832,3241
1772198404.779787,4477
1772198404.880963,4536
1772198404.9824,4347
1772198405.083405,4643
1772198405.184164,4426
1772198405.285724,4450
1772198405.386893,4625
1772198405.487643,4426
1772198405.58895,4471
1772198405.690572,4615
1772198405.791305,4447
1772198405.995155,4875
1772198406.097281,4670
1772198406.198092,4176
1772198406.299263,4240
1772198406.400619,4311
1772198406.502026,4575
1772198406.602913,4391
1772198406.704627,4502
1772198406.805357,4765
1772198406.906715,4459
1772198407.008273,4450
1772198407.109761,4089
1772198407.211197,4584
1772198407.414421,4237
1772198407.516251,4045
1772198407.616782,4147
1772198407.718228,5027
1772198407.82042,4579
1772198407.922126,4129
1772198408.022814,4419
1772198408.124594,4853
1772198408.225827,4830
1772198408.327129,4333
1772198408.428234,4144
1772198408.529833,4153
1772198408.631413,4794
1772198408.732965,1349
1772198408.935589,2549
1772198409.036763,4368
1772198409.13767,4231
1772198409.238491,4235
1772198409.339669,4437
1772198409.440736,4383
1772198409.541926,4664
1772198409.642656,4675
1772198409.743964,4264
1772198409.8453,4184
1772198409.945876,4235
1772198410.047496,4477
1772198410.252414,4266
1772198410.354257,4192
1772198410.455642,4418
1772198410.556838,3972
1772198410.657876,4780
1772198410.758608,4348
1772198410.86035,4452
1772198410.961616,4028
1772198411.062329,4229
1772198411.163041,4726
1772198411.26385,4592
1772198411.365665,4449
1772198411.569562,3918
1772198411.67042,4550
1772198411.771153,4427
1772198411.872575,4436
1772198411.974011,4298
1772198412.074802,4742
1772198412.175542,4655
1772198412.277413,4574
1772198412.378955,4244
1772198412.479685,4596
1772198412.683152,4312
1772198412.784249,4411
1772198412.88576,2817
1772198412.987052,3633
1772198413.087788,5211
1772198413.188507,5043
1772198413.289631,5171
1772198413.391452,4969
1772198413.492142,5074
1772198413.593798,4967
1772198413.694813,4880
1772198413.796514,4739
1772198413.900578,5035
1772198414.004089,4955
1772198414.10591,4979
1772198414.310102,5227
1772198414.411826,4944
1772198414.512818,4445
1772198414.61405,4771
1772198414.723757,4432
1772198414.826069,5160
1772198414.926767,4816
1772198415.027645,5055
1772198415.128557,4984
1772198415.229546,4356
1772198415.331193,5017
1772198415.694871,4551
1772198415.79629,4644
1772198415.89724,4863
1772198415.998142,4994
1772198416.099894,5139
1772198416.201633,4894
1772198416.303013,5030
1772198416.408729,4918
1772198416.611994,4813
1772198416.713723,5072
1772198416.814447,5003
1772198416.915857,5374
1772198417.016723,4917
1772198417.117936,4861
1772198417.218719,4772
1772198417.320223,4689
1772198417.421677,4790
1772198417.52315,4572
1772198417.624804,5036
1772198417.82637,4989
1772198417.927952,4853
1772198418.029083,4568
1772198418.130531,4790
1772198418.231941,4821
1772198418.332678,4913
1772198418.434213,4579
1772198418.535377,4487
1772198418.636657,4452
1772198418.737957,5133
1772198418.838795,5017
1772198418.939552,5101
1772198419.040396,4591
1772198419.142123,3932
1772198419.345412,4613
1772198419.446355,4428
1772198419.547575,4742
1772198419.648328,5171
1772198419.749275,4903
1772198419.850117,4720
1772198419.951093,4714
1772198420.052064,4575
1772198420.153135,5421
1772198420.254511,4734
1772198420.355764,5175
1772198420.456566,4960
1772198420.66074,3577
1772198420.762553,510
1772198420.863611,524
1772198420.964373,516
1772198421.065618,493
1772198421.167202,452
1772198421.269077,530
1772198421.370225,603
1772198421.47153,592
1772198421.57223,585
1772198421.673294,613
1772198421.774025,595
1772198421.976132,542
1772198422.076992,624
1772198422.177966,633
1772198422.278697,724
1772198422.379823,711
1772198422.480919,672
1772198422.582107,721
1772198422.684247,800
1772198422.785571,779
1772198422.886955,946
1772198422.988245,947
1772198423.089035,644
1772198423.291628,741
1772198423.393005,877
1772198423.493645,635
1772198423.594341,893
1772198423.695159,942
1772198423.797107,931
1772198423.898518,1025
1772198423.999713,820
1772198424.100563,892
1772198424.201833,938
1772198424.303562,943
1772198424.404291,953
1772198424.510013,1049
1772198424.610906,1050
1772198424.817111,1069
1772198424.91845,917
1772198425.019283,991
1772198425.120978,1140
1772198425.22171,1181
1772198425.323487,1208
1772198425.424318,1239
1772198425.525691,1499
1772198425.626925,2034
1772198425.727584,3308
1772198425.828303,5162
1772198425.930253,5434
1772198426.032217,4697
1772198426.236989,4767
1772198426.338415,4959
1772198426.439342,4736
1772198426.540466,4677
1772198426.64216,4503
1772198426.742892,5132
1772198426.844116,4820
1772198426.944847,4229
1772198427.045479,4829
1772198427.14627,4534
1772198427.247617,4874
1772198427.703187,4729
1772198427.804264,4630
1772198427.909087,4445
1772198428.011704,4667
1772198428.118002,4563
1772198428.22056,4885
1772198428.424113,5101
1772198428.525141,5008
1772198428.626878,4275
1772198428.72792,5304
1772198428.829256,4776
1772198428.930572,4984
1772198429.03216,4852
1772198429.133321,4557
1772198429.234596,5114
1772198429.336015,5255
1772198429.437268,4908
1772198429.53876,3832
1772198429.644135,2205
1772198429.749834,4796
1772198429.954338,4643
1772198430.055139,4771
1772198430.156313,4596
1772198430.257165,4521
1772198430.358469,4896
1772198430.460079,4782
1772198430.561323,5284
1772198430.662879,4795
1772198430.764607,4915
1772198430.865338,5211
1772198430.967767,4500
1772198431.171585,4886
1772198431.272446,4878
1772198431.373713,4749
1772198431.474547,4621
1772198431.575388,4740
1772198431.676895,5014
1772198431.778294,4940
1772198431.879337,4859
1772198431.980774,4988
1772198432.081631,4660
1772198432.18224,5456
1772198432.282971,4725
1772198432.391187,5027
1772198432.495033,4776
1772198432.59674,4827
1772198432.801276,5072
1772198432.902162,4995
1772198433.003062,4360
1772198433.103759,5005
1772198433.204831,4056
1772198433.305602,4783
1772198433.450314,4791
1772198433.553038,5188
1772198433.653769,5122
1772198433.754499,5529
1772198433.855238,4715
1772198433.955938,4200
1772198434.056668,4695
1772198434.157333,4390
1772198434.259109,4893
1772198434.36083,4787
1772198434.468542,4697
1772198434.574634,4825
1772198434.683866,4861
1772198434.78644,4695
1772198434.99498,4672
1772198435.096243,5085
1772198435.197063,4810
1772198435.298457,5207
1772198435.399243,4861
1772198435.500133,4678
1772198435.601173,4701
1772198435.705231,4410
1772198435.807989,4778
1772198435.908597,4701
1772198436.00929,4320
1772198436.110096,4622
1772198436.214241,4839
1772198436.321891,4867
1772198436.433347,5071
1772198436.63598,4775
1772198436.736711,4596
1772198436.837661,5131
1772198436.94023,4912
1772198437.041958,4797
1772198437.143306,4469
1772198437.244264,4219
1772198437.345445,4625
1772198437.446535,4698
1772198437.54836,4586
1772198437.649867,4452
1772198437.752619,4982
1772198437.854399,4863
1772198437.959119,4908
1772198438.065341,5064
1772198438.267271,5039
1772198438.368001,5152
1772198438.468764,4436
1772198438.569462,4846
1772198438.677839,4964
1772198438.779566,4915
1772198438.881799,4411
1772198438.983249,4751
1772198439.084977,4836
1772198439.185874,5024
1772198439.286681,4741
1772198439.387922,4810
1772198439.591388,4914
1772198439.693115,4787
1772198439.794868,4815
1772198439.895604,3315
1772198439.996785,2569
1772198440.098509,4020
1772198440.19998,4779
1772198440.301212,4672
1772198440.401949,4764
1772198440.502679,4814
1772198440.604088,4634
1772198440.710708,4989
1772198440.812435,4698
1772198440.916476,3764
1772198441.017644,5021
1772198441.12252,4986
1772198441.32969,4983
1772198441.43035,4708
1772198441.531114,5061
1772198441.631909,4593
1772198441.73342,5418
1772198441.834233,4870
1772198441.93502,4613
1772198442.035774,4684
1772198442.140101,4693
1772198442.241924,4871
1772198442.342655,4675
1772198442.45082,4853
1772198442.558417,5142
1772198442.665985,5419
1772198442.774693,4772
1772198442.881036,4842
1772198443.084632,3720
1772198443.186293,4160
1772198443.287685,4270
1772198443.38892,4622
1772198443.490087,4299
1772198443.591553,4168
1772198443.693268,4365
1772198443.794415,4607
1772198443.895465,4700
1772198443.996299,4522
1772198444.097817,4521
1772198444.19955,4187
1772198444.404857,4636
1772198444.505622,4396
1772198444.607207,4291
1772198444.707903,4399
1772198444.808931,4949
1772198444.90988,4824
1772198445.011608,4639
1772198445.112549,4329
1772198445.214105,4322
1772198445.314802,4399
1772198445.416424,4182
1772198445.51773,4066
1772198445.618743,4157
1772198445.719574,4284
1772198445.928495,4077
1772198446.029654,4142
1772198446.130454,3878
1772198446.231794,3808
1772198446.332711,4389
1772198446.434098,4083
1772198446.535767,4013
1772198446.636753,3693
1772198446.73848,4403
1772198446.839487,4356
1772198446.940433,4992
1772198447.041356,5330
1772198447.143758,4765
1772198447.349032,4675
1772198447.450567,4747
1772198447.552057,4877
1772198447.65332,4868
1772198447.754023,4865
1772198447.854667,5047
1772198447.956314,4909
1772198448.057285,4862
1772198448.158534,4533
1772198448.259277,4149
1772198448.360967,4130
1772198448.468096,4494
1772198448.568585,4328
1772198448.775446,4089
1772198448.877357,4023
1772198448.97807,3604
1772198449.078847,3979
1772198449.179708,4005
1772198449.280608,4192
1772198449.381631,4058
1772198449.483185,3679
1772198449.584824,3335
1772198449.685461,2235
1772198449.786968,2985
1772198449.88772,2660
1772198449.988857,2323
1772198450.095152,2041
1772198450.298983,1536
1772198450.399714,1240
1772198450.500947,1481
1772198450.601761,1081
1772198450.703124,631
1772198450.804002,743
1772198450.905265,553
1772198451.006162,515
1772198451.10741,464
1772198451.208486,573
1772198451.310835,498
1772198451.414628,549
1772198451.515781,504
1772198451.722204,481
1772198451.823701,413
1772198451.924567,624
1772198452.025321,476
1772198452.126116,416
1772198452.227319,474
1772198452.328638,592
1772198452.430487,485
1772198452.532202,825
1772198452.635199,2126
1772198452.73704,1129
1772198452.940363,593
1772198453.041403,583
1772198453.142123,585
1772198453.243793,668
1772198453.344521,506
1772198453.445668,474
1772198453.54673,633
1772198453.648378,560
1772198453.749138,575
1772198453.84987,575
1772198453.950639,525
1772198454.054982,460
1772198454.156927,372
1772198454.2654,414
1772198454.472074,469
1772198454.574289,371
1772198454.675155,356
1772198454.775885,347
1772198454.876615,456
1772198454.97791,523
1772198455.079526,433
1772198455.181214,737
1772198455.282361,593
1772198455.383373,445
1772198455.484954,580
1772198455.588461,472
1772198455.699878,411
1772198455.806102,4382
1772198456.010262,4882
1772198456.111119,4868
1772198456.211785,4509
1772198456.313479,4690
1772198456.414397,4191
1772198456.517123,4158
1772198456.617855,4040
1772198456.719582,4580
1772198456.820309,3911
1772198456.922094,4116
1772198457.022805,3723
1772198457.124558,4147
1772198457.226255,4070
1772198457.428739,3751
1772198457.529972,3447
1772198457.630838,3807
1772198457.731569,3951
1772198457.832855,3909
1772198457.933556,3823
1772198458.034381,4334
1772198458.135171,3919
1772198458.236388,3991
1772198458.337791,4201
1772198458.542424,3791
1772198458.644298,3671
1772198458.745572,3683
1772198458.846573,3534
1772198458.947273,3912
1772198459.049213,3708
1772198459.149943,3484
1772198459.251006,4136
1772198459.352579,3780
1772198459.454422,3937
1772198459.555736,3622
1772198459.656616,3856
1772198459.758393,4165
1772198459.963574,4165
1772198460.064639,3740
1772198460.165977,3947
1772198460.268781,3793
1772198460.37126,3620
1772198460.472016,4059
1772198460.572986,4030
1772198460.674437,3962
1772198460.775123,4012
1772198460.877005,4053
1772198460.97771,4071
1772198461.079437,3932
1772198461.181192,3911
1772198461.283889,4040
1772198461.488228,3749
1772198461.589647,4308
1772198461.691165,4019
1772198461.791919,3573
1772198461.892655,4050
1772198461.994358,4021
1772198462.095515,3825
1772198462.19616,3874
1772198462.297882,4345
1772198462.399223,3927
1772198462.500172,3813
1772198462.604474,3879
1772198462.709696,3582
1772198462.813184,3803
1772198463.025042,4067
1772198463.126616,3829
1772198463.227416,3958
1772198463.329187,2073
1772198463.430278,1602
1772198463.530952,2314
1772198463.632367,3539
1772198463.734067,5535
1772198463.837192,2036
1772198463.939146,843
1772198464.040248,840
1772198464.141781,758
1772198464.244472,964
1772198464.349828,879
1772198464.451556,1100
1772198464.656378,999
1772198464.757821,975
1772198465.144343,421
1772198465.245324,584
1772198465.347221,505
1772198465.449272,480
1772198465.550174,505
1772198465.75364,452
1772198465.854835,444
1772198465.956608,442
1772198466.057861,266
1772198466.158597,446
1772198466.259804,454
1772198466.36102,444
1772198466.461751,327
1772198466.562477,456
1772198466.663841,513
1772198466.765766,554
1772198466.967246,456
1772198467.068817,571
1772198467.169715,505
1772198467.271074,572
1772198467.37302,559
1772198467.473635,447
1772198467.574565,525
1772198467.67601,443
1772198467.77711,405
1772198467.877704,447
1772198467.978403,417
1772198468.07967,414
1772198468.180875,434
1772198468.384017,365
1772198468.484958,505
1772198468.58623,385
1772198468.686986,446
1772198468.788026,425
1772198468.889086,405
1772198468.990066,445
1772198469.090745,407
1772198469.191692,346
1772198469.293194,482
1772198469.394951,275
1772198469.496299,384
1772198469.598871,511
1772198469.711832,367
1772198469.916271,490
1772198470.017173,465
1772198470.118754,452
1772198470.219722,415
1772198470.320333,566
1772198470.421459,464
1772198470.522193,486
1772198470.623163,534
1772198470.724518,661
1772198470.825488,366
1772198470.927152,639
1772198471.133903,491
1772198471.23481,426
1772198471.335565,516
1772198471.436978,433
1772198471.539127,430
1772198471.640052,426
1772198471.74175,599
1772198471.84247,476
1772198471.944671,420
1772198472.045446,446
1772198472.146756,463
1772198472.248243,433
1772198472.350179,534
1772198472.559807,549
1772198472.660585,436
1772198472.762019,512
1772198472.863054,435
1772198472.96389,476
1772198473.064565,566
1772198473.165303,476
1772198473.267026,373
1772198473.372743,516
1772198473.474608,559
1772198473.575354,486
1772198473.67602,476
1772198473.77675,407
1772198473.881498,486
1772198474.092048,456
1772198474.212756,505
1772198474.212756,505
1772198474.332241,366
1772198474.434967,476
1772198474.541303,470
1772198474.655964,483
1772198474.761681,496
1772198474.965491,415
1772198475.066467,376
1772198475.167641,543
1772198475.268398,456
1772198475.369345,455
1772198475.470532,385
1772198475.571514,485
1772198475.672857,532
1772198475.773555,436
1772198475.874704,563
1772198475.976028,542
1772198476.082139,484
1772198476.188894,487
1772198476.294098,389
1772198476.398771,424
1772198476.604613,452
1772198476.705344,496
1772198476.806075,516
1772198476.906675,387
1772198477.008404,436
1772198477.110131,462
1772198477.211137,504
1772198477.311894,516
1772198477.412527,407
1772198477.513262,595
1772198477.615234,451
1772198477.722464,410
1772198477.82623,327
1772198477.926944,456
1772198478.042374,528
1772198478.154856,293
1772198478.257108,410
1772198478.36656,442
1772198478.569186,374
1772198478.6706,532
1772198478.772328,373
1772198478.872883,576
1772198478.973641,436
1772198479.074369,387
1772198479.175104,387
1772198479.276343,464
1772198479.377159,495
1772198479.477983,614
1772198479.581513,405
1772198479.688885,488
1772198479.801633,567
1772198479.911987,344
1772198480.02015,416
1772198480.12522,437
1772198480.234284,462
1772198480.337679,576
1772198480.448739,549
1772198480.5572,488
1772198480.663783,450
1772198480.771062,372
1772198480.882329,525
1772198480.998123,518
1772198481.108007,390
1772198481.210579,448
1772198481.413646,422
1772198481.514377,575
1772198481.617311,435
1772198481.718812,1546
1772198481.819509,2015
1772198481.92014,1788
1772198482.021155,1574
1772198482.122325,1759
1772198482.223383,1682
1772198482.325128,1543
1772198482.426146,1712
1772198482.53099,1594
1772198482.637097,1762
1772198482.743812,1541
1772198482.850527,1929
1772198482.953252,1664
1772198483.159701,1828
1772198483.262425,1684
1772198483.363206,1795
1772198483.464081,1923
1772198483.565809,1769
1772198483.666605,1924
1772198483.767335,2045
1772198483.868588,1511
1772198483.969654,1741
1772198484.071509,1826
1772198484.174667,1764
1772198484.277187,1755
1772198484.3785,2072
1772198484.582245,1762
1772198484.684004,1847
1772198484.785151,1908
1772198484.886442,1881
1772198484.987565,1621
1772198485.088291,1866
1772198485.189797,1822
1772198485.291531,1857
1772198485.392324,1686
1772198485.493444,1898
1772198485.595156,1730
1772198485.698799,1888
1772198485.804213,1821
1772198485.909299,1808
1772198486.112762,1817
1772198486.214941,1722
1772198486.316306,1617
1772198486.417314,1841
1772198486.518696,2160
1772198486.620128,1863
1772198486.721828,1956
1772198486.823557,1769
1772198486.92462,1781
1772198487.026186,1821
1772198487.127132,1892
1772198487.228369,1768
1772198487.332923,2046
1772198487.536973,2016
1772198487.637834,1804
1772198487.738564,2114
1772198487.839805,1758
1772198487.940559,1726
1772198488.041578,1861
1772198488.142276,1628
1772198488.243654,1903
1772198488.344596,1981
1772198488.450814,1901
1772198488.556188,1841
1772198488.759267,1747
1772198488.860834,1831
1772198488.961624,1944
1772198489.062626,1841
1772198489.163351,1876
1772198489.264726,1686
1772198489.36565,1753
1772198489.467027,1716
1772198489.568146,2037
1772198489.669522,1726
1772198489.770253,1906
1772198489.879854,1782
1772198489.986126,1966
1772198490.089579,1991
1772198490.194705,2191
1772198490.396638,1933
1772198490.497956,2240
1772198490.598949,1930
1772198490.699836,1942
1772198490.801558,2064
1772198490.902301,2104
1772198491.00381,2649
1772198491.1049,2888
1772198491.206425,2994
1772198491.307327,3775
1772198491.40809,6014
1772198491.513746,8893
1772198491.61691,8801
1772198491.821656,9277
1772198491.9237,9260
1772198492.026039,9370
1772198492.127362,9336
1772198492.228403,9857
1772198492.3298,9586
1772198492.430633,9401
1772198492.532164,9012
1772198492.632895,8785
1772198492.733595,8768
1772198492.834395,9454
1772198492.938467,8686
1772198493.043017,9354
1772198493.14461,9439
1772198493.34808,9366
1772198493.449548,9303
1772198493.551052,9388
1772198493.652222,9657
1772198493.753087,9249
1772198493.853613,9131
1772198493.955494,9089
1772198494.056212,9690
1772198494.15797,8923
1772198494.259088,8969
1772198494.36052,9257
1772198494.461726,9416
1772198494.567266,9351
1772198494.670018,9557
1772198494.87398,9977
1772198494.974727,8754
1772198495.076113,8877
1772198495.177368,9174
1772198495.281059,9384
1772198495.391804,8370
1772198495.492886,9121
1772198495.593917,9739
1772198495.696063,9173
1772198495.797789,8404
1772198495.898521,8934
1772198495.999287,8961
1772198496.103269,9225
1772198496.204276,9405
1772198496.410053,9515
1772198496.511309,9046
1772198496.612318,9345
1772198496.714045,9034
1772198496.816998,8790
1772198496.91774,9549
1772198497.019091,9166
1772198497.119821,9312
1772198497.220632,8788
1772198497.321506,8773
1772198497.42326,8972
1772198497.524982,9250
1772198497.627557,9224
1772198497.843978,9368
1772198497.843978,9368
1772198498.050319,8686
1772198498.151727,9476
1772198498.253003,9360
1772198498.353969,8636
1772198498.455248,9389
1772198498.556976,9092
1772198498.657952,9616
1772198498.766662,8986
1772198498.86839,9358
1772198498.970161,9128
1772198499.070877,9561
1772198499.172769,8891
1772198499.27496,8807
1772198499.479921,9872
1772198499.581345,9396
1772198499.682354,9009
1772198499.783279,9690
1772198499.884096,9621
1772198499.985903,8928
1772198500.087613,9300
1772198500.188996,9735
1772198500.290456,9215
1772198500.392132,9677
1772198500.4937,9136
1772198500.595334,8924
1772198500.699697,9391
1772198500.805482,9027
1772198500.906616,9284
1772198501.111735,9508
1772198501.212647,8968
1772198501.314138,9094
1772198501.415035,8781
1772198501.516798,9207
1772198501.617944,8927
1772198501.721506,8862
1772198501.822237,9014
1772198501.923965,9535
1772198502.025117,9401
1772198502.1259,9465
1772198502.232927,9128
1772198502.334348,9475
1772198502.538916,8913
1772198502.640638,9427
1772198502.741342,9642
1772198502.842852,9407
1772198502.9446,9012
1772198503.046093,9498
1772198503.147198,9059
1772198503.248286,9348
1772198503.357546,9899
1772198503.461896,9811
1772198503.568612,8995
1772198503.679498,8892
1772198503.780937,9108
1772198503.884281,8757
1772198503.996975,8935
1772198504.198409,9063
1772198504.299784,9400
1772198504.400772,9476
1772198504.501864,9011
1772198504.602569,8361
1772198504.704296,9220
1772198504.805888,8534
1772198504.906757,8813
1772198505.008741,9030
1772198505.110503,8588
1772198505.213548,8831
1772198505.315271,8995
1772198505.423279,8499
1772198505.529414,9553
1772198505.637242,8921
1772198505.743929,9710
1772198505.854797,9156
1772198505.962934,9330
1772198506.170256,9006
1772198506.272553,8768
1772198506.374455,8910
1772198506.475161,9562
1772198506.576595,9010
1772198506.677293,9175
1772198506.779079,8840
1772198506.880219,9254
1772198506.981171,9242
1772198507.082111,9520
1772198507.183161,9332
1772198507.291828,9257
1772198507.396723,9075
1772198507.502257,9144
1772198507.610141,9667
1772198507.714672,9432
1772198507.823197,8597
1772198507.930946,9336
1772198508.040627,8789
1772198508.151166,9435
1772198508.255875,8881
1772198508.368574,8813
1772198508.475249,8757
1772198508.682829,9518
1772198508.786762,9342
1772198508.888483,9044
1772198508.989332,8616
1772198509.090761,9425
1772198509.191564,8938
1772198509.292654,9150
1772198509.393945,9398
1772198509.494614,8890
1772198509.596549,8897
1772198509.698143,9872
1772198509.802145,8557
1772198509.906954,9216
1772198510.020796,9100
1772198510.131438,9237
1772198510.239837,9034
1772198510.348554,9198
1772198510.450787,9058
1772198510.559044,9357
1772198510.667157,8805
1772198510.774241,9188
1772198510.982143,9324
1772198511.082957,8580
1772198511.184543,8869
1772198511.286171,9023
1772198511.386984,9453
1772198511.48775,8981
1772198511.589368,8679
1772198511.690981,9152
1772198511.791711,9589
1772198511.89268,8953
1772198511.994551,9031
1772198512.101836,8888
1772198512.211189,9680
1772198512.317517,9771
1772198512.418728,8437
1772198512.529078,9188
1772198512.635858,9046
1772198512.742601,9939
1772198512.95143,9136
1772198513.052161,9550
1772198513.153776,8935
1772198513.255042,9262
1772198513.357689,8824
1772198513.459613,9165
1772198513.561084,9480
1772198513.663349,9397
1772198513.765731,9246
1772198513.866705,8903
1772198513.967978,8669
1772198514.08225,8354
1772198514.188933,8745
1772198514.29514,9199
1772198514.402585,8697
1772198514.508282,9214
1772198514.618192,8889
1772198514.729893,9349
1772198514.933101,9479
1772198515.034296,9318
1772198515.135088,8849
1772198515.236359,9173
1772198515.337137,8990
1772198515.438888,8943
1772198515.539691,9354
1772198515.64042,9609
1772198515.741843,9297
1772198515.842575,9520
1772198515.946934,9218
1772198516.050656,8802
1772198516.156817,9608
1772198516.268243,8893
1772198516.377722,9433
1772198516.488549,9176
1772198516.804881,9089
1772198516.804881,9089
1772198516.912102,9904
1772198517.028788,5039
1772198517.130453,5409
1772198517.339001,5547
1772198517.440481,5873
1772198517.5413,5742
1772198517.643178,5398
1772198517.744038,5155
1772198517.8448,5498
1772198517.946561,5680
1772198518.047762,5266
1772198518.149234,5351
1772198518.250103,5204
1772198518.351038,5676
1772198518.452404,5435
1772198518.554526,5366
1772198518.765021,5231
1772198518.866364,5397
1772198518.967061,5700
1772198519.068478,5442
1772198519.170752,5358
1772198519.27179,5413
1772198519.373003,5137
1772198519.474316,5320
1772198519.575318,5376
1772198519.676072,5339
1772198519.776802,5499
1772198519.877568,5478
1772198519.981118,5610
1772198520.081818,5600
1772198520.287104,5504
1772198520.388699,5039
1772198520.490144,4524
1772198520.590901,5250
1772198520.69247,4804
1772198520.793233,5597
1772198520.895004,4993
1772198520.995766,4942
1772198521.097211,4889
1772198521.197974,4872
1772198521.299065,4738
1772198521.400341,4828
1772198521.505456,4518
1772198521.612295,4661
1772198521.816515,4962
1772198521.916908,5099
1772198522.018081,5030
1772198522.119419,4894
1772198522.220588,4616
1772198522.321632,4978
1772198522.423363,5003
1772198522.524368,5722
1772198522.625128,5210
1772198522.726336,4851
1772198522.830392,5035
1772198522.93478,4521
1772198523.042388,4527
1772198523.245037,5132
1772198523.34628,4780
1772198523.447062,5070
1772198523.548686,4920
1772198523.649644,5427
1772198523.751338,5083
1772198523.852077,4764
1772198523.953706,5028
1772198524.054934,5601
1772198524.1562,5342
1772198524.258365,5080
1772198524.360022,5066
1772198524.461389,5031
1772198524.667078,4568
1772198524.767809,4874
1772198524.869228,4437
1772198524.970682,4829
1772198525.071314,5246
1772198525.172939,5057
1772198525.274166,5127
1772198525.375032,4986
1772198525.475795,4912
1772198525.576901,5133
1772198525.677565,4897
1772198525.779037,5252
1772198525.883688,4902
1772198525.985387,5122
1772198526.190252,5004
1772198526.291804,4825
1772198526.393216,5255
1772198526.494414,5504
1772198526.595496,4946
1772198526.696254,5319
1772198526.797525,5085
1772198526.898401,5115
1772198526.99905,4709
1772198527.099854,4811
1772198527.207109,5026
1772198527.310944,5171
1772198527.415795,4959
1772198527.523802,4934
1772198527.627749,4646
1772198527.831351,5130
1772198527.932874,4875
1772198528.034205,5023
1772198528.135595,4852
1772198528.236584,5079
1772198528.338256,5537
1772198528.439279,5078
1772198528.541021,4993
1772198528.641773,4992
1772198528.743468,5310
1772198528.846205,5100
1772198528.952469,5523
1772198529.056345,4986
1772198529.166161,5436
1772198529.273516,4676
1772198529.380731,4747
1772198529.491775,4898
1772198529.59895,4758
1772198529.804287,4639
1772198529.905902,4910
1772198530.007043,4844
1772198530.107901,4640
1772198530.208618,4696
1772198530.309846,4771
1772198530.411068,4900
1772198530.512223,5456
1772198530.613326,5123
1772198530.71463,5409
1772198530.815929,4768
1772198530.92067,5212
1772198531.02647,4725
1772198531.23205,4939
1772198531.333292,4869
1772198531.434105,5306
1772198531.535786,5418
1772198531.637355,5415
1772198531.738073,5232
1772198531.839042,5199
1772198531.939982,4963
1772198532.040645,4738
1772198532.141378,5410
1772198532.242029,4997
1772198532.3429,5422
1772198532.44522,5277
1772198532.654069,5472
1772198532.7548,4566
1772198532.855915,5172
1772198532.957642,5269
1772198533.058604,5120
1772198533.177321,5011
1772198533.289022,4449
1772198533.390083,5165
1772198533.49094,5274
1772198533.591741,5158
1772198533.692565,5098
1772198533.794168,5108
1772198533.895286,4282
1772198533.996515,4978
1772198534.09746,5131
1772198534.203246,4811
1772198534.309246,4999
1772198534.411013,4647
1772198534.613345,4547
1772198534.75061,4832
1772198534.75061,4832
1772198534.863308,5212
1772198535.14356,4914
1772198535.248702,5012
1772198535.349433,5251
1772198535.450303,5145
1772198535.553299,4673
1772198535.654029,5251
1772198535.755757,5219
1772198535.857486,5350
1772198535.961209,5225
1772198536.063934,5159
1772198536.165663,5485
1772198536.374224,4886
1772198536.474955,5470
1772198536.575686,4725
1772198536.676603,4914
1772198536.777204,4671
1772198536.878965,5129
1772198536.979496,4625
1772198537.083782,5226
1772198537.184519,4784
1772198537.28589,4488
1772198537.394601,4892
1772198537.49647,4869
1772198537.600191,4955
1772198537.718896,5232
1772198537.826967,4830
1772198537.928309,4687
1772198538.193468,5070
1772198538.295411,4885
1772198538.396139,5053
1772198538.497868,4934
1772198538.605995,4947
1772198538.711746,5390
1772198538.816096,4839
1772198538.922838,5049
1772198539.02753,4909
1772198539.130686,5099
1772198539.339932,5404
1772198539.441622,4700
1772198539.542354,5201
1772198539.644199,4811
1772198539.745286,4679
1772198539.846199,4588
1772198539.946926,4775
1772198540.048511,4587
1772198540.149906,4852
1772198540.251602,5221
1772198540.358798,5149
1772198540.459765,5150
1772198540.563062,4985
1772198540.672019,4901
1772198540.774745,5315
1772198540.88176,5130
1772198541.091169,5251
1772198541.192051,5065
1772198541.293429,5474
1772198541.395019,4783
1772198541.495721,4309
1772198541.597337,4989
1772198541.698092,5190
1772198541.799819,5308
1772198541.900555,5102
1772198542.001728,5040
1772198542.107631,4785
1772198542.214401,4654
1772198542.321279,4715
1772198542.430603,4811
1772198542.53443,4372
1772198542.635469,4730
1772198542.744147,4701
1772198542.849271,4718
1772198543.06269,5013
1772198543.163419,5281
1772198543.264803,4912
1772198543.366557,4559
1772198543.467371,4890
1772198543.568925,4795
1772198543.669668,4645
1772198543.770786,4885
1772198543.871762,4565
1772198543.973048,5104
1772198544.074984,5218
1772198544.182292,4994
1772198544.28518,5053
1772198544.39442,5272
1772198544.50258,5186
1772198544.611289,4737
1772198544.741282,4566
1772198544.843982,4780
1772198544.955964,4981
1772198545.058689,4516
1772198545.160031,5249
1772198545.268744,4866
1772198545.369989,4879
1772198545.470748,4942
1772198545.576926,4828
1772198545.78325,4902
1772198545.884013,4962
1772198545.984894,4976
1772198546.086103,4841
1772198546.187411,5488
1772198546.289734,5436
1772198546.396447,5032
1772198546.497019,4852
1772198546.597967,4655
1772198546.698697,4854
1772198546.799904,4989
1772198546.907605,4948
1772198547.017774,4865
1772198547.125133,4738
1772198547.240086,5065
1772198547.346801,4891
1772198547.448391,4990
1772198547.654899,4651
1772198547.755689,4405
1772198547.856931,4889
1772198547.958059,5270
1772198548.059798,4855
1772198548.160532,4675
1772198548.261258,5003
1772198548.3626,5022
1772198548.463443,4740
1772198548.565198,4913
1772198548.6769,4628
1772198548.781883,4762
1772198548.897198,4756
1772198549.002915,4757
1772198549.108633,5079
1772198549.211359,4507
1772198549.425296,4999
1772198549.61479,4884
1772198549.737485,3977
1772198549.839211,4698
1772198549.939941,4874
1772198550.040946,4861
1772198550.141676,5341
1772198550.242406,5271
1772198550.343631,5008
1772198550.445094,5134
1772198550.546813,4915
1772198550.647873,4838
1772198550.749156,4620
1772198550.955629,5175
1772198551.056534,4756
1772198551.157127,5149
1772198551.258824,5388
1772198551.360547,4404
1772198551.461977,5146
1772198551.563052,4719
1772198551.664747,4926
1772198551.767472,4993
1772198551.868686,4999
1772198551.969418,5370
1772198552.196814,4941
1772198552.196814,4941
1772198552.299537,5052
1772198552.401263,4993
1772198552.502021,4962
1772198552.607712,5118
1772198552.717418,5223
1772198552.829123,5060
1772198552.933997,5416
1772198553.144616,4964
1772198553.245865,5224
1772198553.346568,4816
1772198553.447633,5135
1772198553.550356,5363
1772198553.651085,4507
1772198553.751816,5033
1772198553.852549,5201
1772198553.954275,5210
1772198554.056003,4895
1772198554.157191,4773
1772198554.260351,4585
1772198554.363207,4948
1772198554.466023,5397
1772198554.688976,4774
1772198554.688976,4774
1772198554.793118,4945
1772198555.042451,5337
1772198555.042451,5337
1772198555.143693,4948
1772198555.245457,5276
1772198555.35231,4892
1772198555.457114,5142
1772198555.564076,5029
1772198555.666392,4955
1772198555.87051,4428
1772198555.972271,5218
1772198556.073059,4861
1772198556.173873,5227
1772198556.275149,4877
1772198556.37588,4973
1772198556.480182,5301
1772198556.580911,4824
1772198556.681642,4497
1772198556.782371,5221
1772198556.885101,5162
1772198556.986768,4807
1772198557.091487,4908
1772198557.300516,5082
1772198557.300516,5082
1772198557.503528,4933
1772198557.60491,5257
1772198557.714615,5031
1772198557.816343,5180
1772198557.91708,5142
1772198558.018805,4954
1772198558.120114,4481
1772198558.288373,4910
1772198558.288373,4910
1772198558.493932,5177
1772198558.595287,5130
1772198558.696018,5182
1772198558.797747,4915
1772198558.899062,4856
1772198559.000364,4896
1772198559.101095,4824
1772198559.205816,4945
1772198559.307581,5109
1772198559.408308,4993
1772198559.509009,5183
1772198559.610761,5257
1772198559.718447,4949
1772198559.839516,5254
1772198559.943239,4724
1772198560.044116,5303
1772198560.158338,5325
1772198560.263792,5035
1772198560.379911,5158
1772198560.486717,5084
1772198560.588816,5103
1772198560.795265,5206
1772198560.896991,5170
1772198560.998009,5048
1772198561.099371,5189
1772198561.200762,5138
1772198561.302285,5584
1772198561.403019,5936
1772198561.5038,4971
1772198561.610181,5222
1772198561.716896,5069
1772198561.818623,4865
1772198561.919378,4982
1772198562.020162,5288
1772198562.121511,4765
1772198562.330113,5116
1772198562.431871,5090
1772198562.533438,5149
1772198562.635221,5030
1772198562.735951,5380
1772198562.837196,5254
1772198562.938923,4865
1772198563.039653,5182
1772198563.140925,5184
1772198563.24247,5032
1772198563.343188,5083
1772198563.443845,5185
1772198563.545573,4600
1772198563.659813,5207
1772198563.761543,5160
1772198563.879931,5311
1772198563.981027,4916
1772198564.183893,5074
1772198564.285212,5438
1772198564.38625,5057
1772198564.487816,4853
1772198564.588572,5071
1772198564.689274,4627
1772198564.7901,4681
1772198564.890839,5231
1772198564.99161,5249
