Time,PMT
1750770974.047446,8888
1750770974.160144,8011
1750770974.261908,8480
1750770974.363283,7990
1750770974.464176,8553
1750770974.565178,9356
1750770974.666177,8970
1750770974.767463,8895
1750770974.868194,8954
1750770974.968924,9331
1750770975.069656,8934
1750770975.170386,9371
1750770975.271116,9053
1750770975.371847,9063
1750770975.472578,8676
1750770975.575303,9043
1750770975.777761,9151
1750770975.878411,9160
1750770975.979142,8845
1750770976.079871,8805
1750770976.180602,8845
1750770976.281332,8984
1750770976.382063,9351
1750770976.482794,9024
1750770976.583524,8696
1750770976.689241,9043
1750770976.790479,8494
1750770976.894206,8840
1750770977.00092,9464
1750770977.205374,8944
1750770977.306103,8488
1750770977.407342,9038
1750770977.508073,9133
1750770977.609799,8945
1750770977.71053,9252
1750770977.811137,9084
1750770977.912382,9077
1750770978.013113,9033
1750770978.113843,8795
1750770978.214573,8815
1750770978.316173,9429
1750770978.519629,9222
1750770978.621357,8866
1750770978.723084,9171
1750770978.823815,8934
1750770978.924545,9570
1750770979.029265,9212
1750770979.129996,9182
1750770979.230882,8861
1750770979.332073,8894
1750770979.432803,8646
1750770979.537524,8580
1750770979.638254,9867
1750770979.740979,8605
1750770979.842109,9314
1750770980.045647,9104
1750770980.146378,9848
1750770980.247109,9341
1750770980.354821,9441
1750770980.462536,8269
1750770980.56426,9054
1750770980.667983,8445
1750770980.768714,9113
1750770980.870441,8719
1750770980.971535,8961
1750770981.072746,9593
1750770981.177463,8581
1750770981.393884,8987
1750770981.393884,8987
1750770981.59692,8929
1750770981.698683,8952
1750770981.799413,8607
1750770981.900144,8587
1750770982.000943,9494
1750770982.101676,9043
1750770982.202405,8408
1750770982.304132,8886
1750770982.404862,8964
1750770982.505594,8686
1750770982.606925,8822
1750770982.708162,8870
1750770982.910766,8391
1750770983.011496,9004
1750770983.113223,8945
1750770983.214509,8342
1750770983.315583,8795
1750770983.41636,9109
1750770983.517688,9582
1750770983.618607,8620
1750770983.71951,9514
1750770983.821929,8728
1750770983.925686,8423
1750770984.026932,8612
1750770984.129734,8288
1750770984.332387,8585
1750770984.433439,9569
1750770984.534117,8998
1750770984.635709,9095
1750770984.736891,8795
1750770984.837629,8795
1750770984.93923,9183
1750770985.039852,8546
1750770985.141625,9128
1750770985.243335,8602
1750770985.344287,9321
1750770985.444986,8669
1750770985.648386,9605
1750770985.750003,8984
1750770985.859555,8171
1750770985.961279,8719
1750770986.063275,8921
1750770986.16382,9378
1750770986.26539,8851
1750770986.36693,8735
1750770986.467413,8479
1750770986.568464,9064
1750770986.66954,8053
1750770986.771061,8244
1750770986.973312,8686
1750770987.073906,8628
1750770987.175206,9249
1750770987.276969,9119
1750770987.377569,9095
1750770987.47873,8412
1750770987.580317,8731
1750770987.680894,8401
1750770987.781712,9442
1750770987.882442,9024
1750770987.983173,8895
1750770988.084901,9554
1750770988.291428,9033
1750770988.39516,8705
1750770988.49588,9154
1750770988.596506,9669
1750770988.697413,8552
1750770988.798283,8912
1750770988.900013,8846
1750770989.000719,8519
1750770989.101747,9492
1750770989.203432,9214
1750770989.305013,8643
1750770989.406116,9327
1750770989.507045,9630
1750770989.610104,8626
1750770989.715476,9054
1750770989.91885,8595
1750770990.019592,8447
1750770990.120762,9182
1750770990.223277,9259
1750770990.324498,9128
1750770990.425078,9107
1750770990.52669,8867
1750770990.627919,8703
1750770990.729167,9056
1750770990.843642,9668
1750770990.944028,9124
1750770991.051752,9821
1750770991.153207,9757
1750770991.257405,9472
1750770991.361207,8820
1750770991.564406,8779
1750770991.665247,9063
1750770991.766209,8825
1750770991.867023,8689
1750770991.967745,9163
1750770992.069041,9309
1750770992.169699,8494
1750770992.270373,8482
1750770992.371766,9330
1750770992.472348,9037
1750770992.573781,9198
1750770992.779671,8445
1750770992.880953,8826
1750770992.981729,8900
1750770993.082434,9205
1750770993.183585,8788
1750770993.284201,9133
1750770993.385916,9094
1750770993.487158,8464
1750770993.587878,8697
1750770993.688638,8614
1750770993.789501,8962
1750770993.891151,9109
1750770994.093828,9103
1750770994.195544,8710
1750770994.29626,9124
1750770994.396965,8331
1750770994.497668,9096
1750770994.599137,8879
1750770994.700791,8784
1750770994.8026,9350
1750770994.903585,8535
1750770995.004281,8878
1750770995.105769,9025
1750770995.207198,8932
1750770995.307808,9551
1750770995.51044,8907
1750770995.611767,9020
1750770995.712472,8718
1750770995.813083,9233
1750770995.913831,9439
1750770996.014944,9148
1750770996.116177,8949
1750770996.21731,8385
1750770996.31823,9680
1750770996.419291,9370
1750770996.520555,8927
1750770996.621314,9378
1750770996.722296,8892
1750770996.924828,9154
1750770997.026142,8606
1750770997.127174,8353
1750770997.228157,9387
1750770997.329673,9161
1750770997.430524,8805
1750770997.531132,9233
1750770997.63196,9461
1750770997.733571,8837
1750770997.834828,8878
1750770997.936518,9548
1750770998.139409,8969
1750770998.240632,9177
1750770998.341867,8761
1750770998.44346,8622
1750770998.544372,9612
1750770998.645989,9516
1750770998.74764,8627
1750770998.848916,8965
1750770998.950377,9067
1750770999.051206,9015
1750770999.152699,8453
1750770999.355552,8875
1750770999.456664,8792
1750770999.557292,9023
1750770999.657901,9144
1750770999.759383,8750
1750770999.860758,9065
1750770999.961457,8351
1750771000.062984,8332
1750771000.163968,9427
1750771000.264767,8502
1750771000.365651,9912
1750771000.468784,9327
1750771000.571998,9010
1750771000.774624,9329
1750771000.876281,9413
1750771000.977304,8730
1750771001.078217,8284
1750771001.179905,8742
1750771001.280572,8960
1750771001.381366,8948
1750771001.483437,9072
1750771001.583844,9232
1750771001.688719,9311
1750771001.790301,9135
1750771001.891799,9340
1750771001.994315,9071
1750771002.108145,8152
1750771002.209861,9369
1750771002.31169,8789
1750771002.519971,8407
1750771002.620684,9095
1750771002.722087,8678
1750771002.823217,9037
1750771002.924723,8029
1750771003.026174,8546
1750771003.127175,8584
1750771003.22782,9131
1750771003.329073,9244
1750771003.430624,9148
1750771003.531264,9012
1750771003.636142,8819
1750771003.83917,9737
1750771003.939706,9300
1750771004.040287,8987
1750771004.140992,8678
1750771004.241779,9455
1750771004.343009,9127
1750771004.443921,8839
1750771004.544958,9194
1750771004.646207,9511
1750771004.746986,9892
1750771004.847652,9238
1750771004.949229,9096
1750771005.050256,8740
1750771005.15473,8490
1750771005.359215,9318
1750771005.460165,8984
1750771005.560848,9117
1750771005.662552,8976
1750771005.763991,8290
1750771005.865466,9677
1750771005.966118,8643
1750771006.066701,8351
1750771006.168312,9152
1750771006.269024,9482
1750771006.369645,8974
1750771006.470382,9122
1750771006.675633,8999
1750771006.777176,9828
1750771006.878167,9654
1750771006.979154,9080
1750771007.080085,8976
1750771007.181434,8603
1750771007.282283,8715
1750771007.383122,8687
1750771007.484129,9157
1750771007.584859,8984
1750771007.68559,8567
1750771007.78632,9043
1750771007.887051,9242
1750771008.090506,8424
1750771008.191237,8736
1750771008.291968,8537
1750771008.392698,8577
1750771008.493429,9212
1750771008.595157,8955
1750771008.696381,8930
1750771008.797114,8815
1750771008.897844,8259
1750771008.998574,9431
1750771009.099306,8517
1750771009.20203,8605
1750771009.40449,8915
1750771009.505629,9116
1750771009.606902,9133
1750771009.708841,9424
1750771009.80934,8597
1750771009.910124,9525
1750771010.011597,9096
1750771010.112335,8586
1750771010.213054,8975
1750771010.313642,9126
1750771010.414581,8757
1750771010.516308,9063
1750771010.723753,8673
1750771010.824484,8656
1750771010.925215,8934
1750771011.026014,8730
1750771011.126666,9120
1750771011.228045,8956
1750771011.329643,8661
1750771011.431393,8923
1750771011.532984,8504
1750771011.634163,9073
1750771011.735354,9457
1750771011.837317,8934
1750771012.044164,9036
1750771012.145183,8137
1750771012.245837,9567
1750771012.346668,9867
1750771012.44762,9162
1750771012.549025,9279
1750771012.650146,8554
1750771012.750909,8822
1750771012.85196,9114
1750771012.953383,9662
1750771013.054898,9299
1750771013.156244,9354
1750771013.257703,8160
1750771013.361895,8609
1750771013.578675,8934
1750771013.680244,8693
1750771013.781638,9063
1750771013.88297,8891
1750771013.984116,8799
1750771014.084873,9269
1750771014.186106,8989
1750771014.28767,8999
1750771014.389102,9010
1750771014.490028,9214
1750771014.590986,8607
1750771014.692253,8926
1750771014.793785,9376
1750771014.897019,9183
1750771015.000249,8966
1750771015.205431,8889
1750771015.306176,8595
1750771015.407099,8679
1750771015.507899,9176
1750771015.609121,8822
1750771015.710506,9084
1750771015.811256,9091
1750771015.912824,9402
1750771016.014156,8664
1750771016.114837,9038
1750771016.216256,8548
1750771016.418266,8952
1750771016.519086,8668
1750771016.619987,8761
1750771016.720697,9135
1750771016.822345,8716
1750771016.923138,8810
1750771017.024083,8608
1750771017.124766,7905
1750771017.225497,9043
1750771017.326975,9223
1750771017.428172,9209
1750771017.631318,8389
1750771017.73246,9195
1750771017.833103,9230
1750771017.933695,8608
1750771018.034904,8773
1750771018.136632,8640
1750771018.23812,8710
1750771018.339423,9042
1750771018.440126,9036
1750771018.544573,9360
1750771018.646111,8656
1750771018.75307,9092
1750771018.854696,8915
1750771018.958979,8783
1750771019.063412,8748
1750771019.268866,8974
1750771019.369502,9251
1750771019.471038,8883
1750771019.572537,8867
1750771019.673553,8968
1750771019.775095,9404
1750771019.875719,8924
1750771019.977653,9201
1750771020.07949,8788
1750771020.181059,8250
1750771020.281979,9274
1750771020.384096,8402
1750771020.484707,8676
1750771020.690298,8385
1750771020.791035,9420
1750771020.891849,8679
1750771020.992873,8978
1750771021.094361,9833
1750771021.195013,8603
1750771021.295886,8753
1750771021.397543,8971
1750771021.499209,9275
1750771021.603092,9334
1750771021.706294,8778
1750771021.808368,9309
1750771022.011297,9224
1750771022.113137,8464
1750771022.225823,9035
1750771022.327326,9103
1750771022.428978,8871
1750771022.529962,9357
1750771022.631498,9080
1750771022.733002,9447
1750771022.834212,9554
1750771022.93589,9117
1750771023.040896,9075
1750771023.142121,8594
1750771023.243655,8726
1750771023.345177,9288
1750771023.547438,8464
1750771023.648682,9482
1750771023.749228,9279
1750771023.85044,9030
1750771023.95182,9854
1750771024.052847,9017
1750771024.153423,8510
1750771024.254054,9231
1750771024.35471,9199
1750771024.459979,8669
1750771024.561165,8647
1750771024.664273,8685
1750771024.767641,8919
1750771024.868621,9615
1750771024.970115,9143
1750771025.07615,9212
1750771025.278111,8394
1750771025.379109,9277
1750771025.480355,9017
1750771025.581318,8389
1750771025.682335,9176
1750771025.783069,8974
1750771025.883652,9186
1750771025.985025,9124
1750771026.086052,8581
1750771026.186795,8844
1750771026.287563,8951
1750771026.491754,8954
1750771026.592678,8858
1750771026.694254,9372
1750771026.795284,9145
1750771026.896337,9381
1750771026.997287,9618
1750771027.098696,9614
1750771027.199641,9490
1750771027.30064,9930
1750771027.402111,9579
1750771027.504215,8832
1750771027.605342,9216
1750771027.705973,9122
1750771027.809757,9115
1750771028.012938,8498
1750771028.114005,9271
1750771028.215383,9104
1750771028.316007,9043
1750771028.416743,9351
1750771028.518008,8364
1750771028.619131,9147
1750771028.719984,9112
1750771028.821296,9524
1750771028.92451,8950
1750771029.025797,9468
1750771029.227806,9081
1750771029.329404,9458
1750771029.430522,8425
1750771029.531572,8728
1750771029.632551,8655
1750771029.734008,8791
1750771029.835041,8907
1750771029.936641,9045
1750771030.037185,8931
1750771030.13827,9190
1750771030.239248,9279
1750771030.341269,8908
1750771030.444256,9166
1750771030.648885,8958
1750771030.749594,8450
1750771030.851091,8886
1750771030.95164,9627
1750771031.05233,9146
1750771031.153412,8399
1750771031.254671,8779
1750771031.358377,8504
1750771031.460182,9429
1750771031.561099,9066
1750771031.662151,8401
1750771031.764089,9113
1750771031.865178,9279
1750771031.970973,9115
1750771032.087912,8568
1750771032.291148,9234
1750771032.391794,8604
1750771032.492862,8885
1750771032.593868,8652
1750771032.695386,8757
1750771032.796832,8388
1750771032.897846,9028
1750771032.998852,9524
1750771033.100539,8565
1750771033.201606,8063
1750771033.304112,9083
1750771033.405244,9492
1750771033.506636,8984
1750771033.711082,8737
1750771033.811595,7839
1750771033.913161,8920
1750771034.01483,8714
1750771034.115732,8909
1750771034.217268,9179
1750771034.318811,9335
1750771034.41936,8811
1750771034.520877,8668
1750771034.622336,9353
1750771034.724083,8295
1750771034.825002,8541
1750771034.925962,3902
1750771035.129708,8559
1750771035.231546,8660
1750771035.33265,9069
1750771035.43442,9914
1750771035.535323,8929
1750771035.636864,8016
1750771035.738601,8905
1750771035.841361,9583
1750771035.942587,8723
1750771036.043449,8982
1750771036.144423,9190
1750771036.34884,8863
1750771036.450127,9004
1750771036.551336,9188
1750771036.652928,9429
1750771036.753931,9524
1750771036.855188,9164
1750771036.956246,9232
1750771037.057183,9263
1750771037.158129,9272
1750771037.260086,9435
1750771037.361532,8960
1750771037.462272,8933
1750771037.56605,8845
1750771037.671538,8498
1750771037.875007,9118
1750771037.975814,8342
1750771038.078092,8975
1750771038.179197,8357
1750771038.279993,9057
1750771038.380647,8931
1750771038.482069,9159
1750771038.583194,8692
1750771038.687916,9082
1750771038.78923,8656
1750771038.991766,8759
1750771039.094152,8214
1750771039.195831,8979
1750771039.297214,8916
1750771039.39824,9591
1750771039.499646,8313
1750771039.600763,8712
1750771039.703631,9437
1750771039.805359,8552
1750771039.906089,8984
1750771040.006821,8696
1750771040.108291,8968
1750771040.212014,8937
1750771040.312745,8339
1750771040.52717,9051
1750771040.52717,9051
1750771040.730626,8329
1750771040.832353,8601
1750771040.936076,9361
1750771041.037804,8827
1750771041.138515,9432
1750771041.239246,8329
1750771041.339976,8924
1750771041.440707,8865
1750771041.54686,8704
1750771041.649505,8982
1750771041.750724,9010
1750771041.852962,8499
1750771042.05519,9033
1750771042.158033,8692
1750771042.259146,8950
1750771042.360314,8332
1750771042.461017,8569
1750771042.561747,8765
1750771042.662477,8756
1750771042.763208,8914
1750771042.863939,8676
1750771042.964683,9330
1750771043.068125,8043
1750771043.171412,8771
1750771043.273222,8692
1750771043.374704,9489
1750771043.577987,8497
1750771043.678831,8488
1750771043.780218,8945
1750771043.881743,9022
1750771043.982583,9222
1750771044.084113,8628
1750771044.185089,8298
1750771044.286175,8873
1750771044.38756,9163
1750771044.488578,8571
1750771044.589561,8555
1750771044.690825,9499
1750771044.896655,9191
1750771044.997657,9395
1750771045.098814,9183
1750771045.200199,8433
1750771045.301032,8776
1750771045.402518,9380
1750771045.503175,9358
1750771045.604756,9401
1750771045.706084,9267
1750771045.806703,8716
1750771045.907901,9397
1750771046.01006,9044
1750771046.115828,9189
1750771046.319159,8782
1750771046.420744,9036
1750771046.521374,8933
1750771046.622188,9224
1750771046.722887,8719
1750771046.82348,8787
1750771046.924276,9216
1750771047.025267,9149
1750771047.126521,8987
1750771047.227233,8936
1750771047.42977,9003
1750771047.531219,8792
1750771047.632633,8628
1750771047.733371,9370
1750771047.835441,8437
1750771047.935948,8984
1750771048.037118,9548
1750771048.138204,9200
1750771048.239165,8349
1750771048.34425,8368
1750771048.448972,9161
1750771048.550697,8817
1750771048.652183,8129
1750771048.753189,8771
1750771048.95783,9484
1750771049.058832,9148
1750771049.160237,9989
1750771049.261108,8813
1750771049.362566,8969
1750771049.463149,9156
1750771049.563798,8633
1750771049.679603,8540
1750771049.780995,8797
1750771049.882685,8604
1750771049.989977,8556
1750771050.0921,9233
1750771050.193387,9517
1750771050.295306,9142
1750771050.501768,8914
1750771050.603127,8830
1750771050.703857,8815
1750771050.80459,8914
1750771050.905318,9193
1750771051.006048,8825
1750771051.106773,8557
1750771051.208536,9020
1750771051.310138,8799
1750771051.41125,8920
1750771051.512042,8462
1750771051.713603,8367
1750771051.814607,9029
1750771051.915584,8843
1750771052.016878,9388
1750771052.117701,9392
1750771052.218707,8603
1750771052.320352,8726
1750771052.421497,9956
1750771052.522744,9353
1750771052.624383,8530
1750771052.724979,8956
1750771052.826,8532
1750771052.927016,9226
1750771053.134999,9275
1750771053.235674,9555
1750771053.337108,9000
1750771053.438046,8847
1750771053.539034,9515
1750771053.639819,8284
1750771053.741349,9337
1750771053.842253,8711
1750771053.943945,7385
1750771054.045173,9068
1750771054.146581,8105
1750771054.247365,8156
1750771054.348002,8197
1750771054.551095,8479
1750771054.652645,8695
1750771054.753615,8289
1750771054.854778,9054
1750771054.955718,8767
1750771055.056733,9305
1750771055.157598,9170
1750771055.259302,9252
1750771055.361777,9282
1750771055.463109,8783
1750771055.563895,9207
1750771055.665303,8815
1750771055.766031,8984
1750771055.971058,8438
1750771056.072461,8569
1750771056.173052,8718
1750771056.274066,8582
1750771056.375684,8630
1750771056.476595,9007
1750771056.577383,9544
1750771056.678128,8516
1750771056.779694,8930
1750771056.880531,9292
1750771056.982359,9352
1750771057.185793,8616
1750771057.287172,8739
1750771057.387898,9242
1750771057.489189,9151
1750771057.589902,8092
1750771057.69121,9041
1750771057.793117,8694
1750771057.893811,9573
1750771057.995366,8724
1750771058.096387,9404
1750771058.197576,9103
1750771058.399157,8283
1750771058.399157,8283
1750771058.501231,8846
1750771058.704087,8809
1750771058.805806,9309
1750771058.907202,8629
1750771059.008107,8493
1750771059.109475,9648
1750771059.210535,8935
1750771059.311725,9398
1750771059.413498,8894
1750771059.516931,8420
1750771059.619336,8310
1750771059.720966,9278
1750771059.840957,9000
1750771059.941575,9282
1750771060.045077,8629
1750771060.147015,8750
1750771060.353038,9269
1750771060.454631,8878
1750771060.55562,9436
1750771060.656178,8731
1750771060.757156,8932
1750771060.858637,9055
1750771060.959458,8936
1750771061.060072,8368
1750771061.16159,8826
1750771061.264517,8505
1750771061.366761,7941
1750771061.468276,8333
1750771061.569146,8525
1750771061.770632,8371
1750771061.872083,8753
1750771061.973321,8623
1750771062.074506,9556
1750771062.175214,8321
1750771062.27595,8755
1750771062.377096,9016
1750771062.478138,8412
1750771062.579468,9089
1750771062.680482,8939
1750771062.78177,8855
1750771062.884103,9273
1750771063.091751,8286
1750771063.193434,8772
1750771063.294382,9073
1750771063.395357,8972
1750771063.49658,9809
1750771063.598347,8647
1750771063.699814,8662
1750771063.800731,8383
1750771063.902304,8762
1750771064.003728,9011
1750771064.104728,8554
1750771064.205937,8329
1750771064.307236,8815
1750771064.513263,9029
1750771064.614133,8446
1750771064.715693,8536
1750771064.816995,8963
1750771064.917636,8942
1750771065.019002,8671
1750771065.119754,8883
1750771065.221002,8918
1750771065.322534,8903
1750771065.423145,8885
1750771065.524767,8964
1750771065.625977,8704
1750771065.730783,8655
1750771065.935688,8287
1750771066.03717,8306
1750771066.137809,8744
1750771066.238684,9011
1750771066.339279,8936
1750771066.440295,8147
1750771066.541076,8969
1750771066.642573,8906
1750771066.743259,8898
1750771066.844048,8661
1750771066.947493,9753
1750771067.048604,8574
1750771067.149648,8649
1750771067.252037,8877
1750771067.456889,9266
1750771067.557819,8669
1750771067.659236,8627
1750771067.760544,8508
1750771067.861275,8795
1750771067.962514,9255
1750771068.06375,9137
1750771068.166158,8446
1750771068.280158,8912
1750771068.380662,8984
1750771068.482925,9304
1750771068.586517,8772
1750771068.690793,8870
1750771068.89395,8426
1750771068.994864,8997
1750771069.096498,8973
1750771069.198192,7984
1750771069.299025,8846
1750771069.400377,8830
1750771069.501163,8989
1750771069.602099,9253
1750771069.7037,8523
1750771069.805279,9263
1750771069.905931,8534
1750771070.007085,8986
1750771070.108474,9034
1750771070.312864,9328
1750771070.414255,8886
1750771070.515288,9086
1750771070.617016,9181
1750771070.718476,8821
1750771070.819638,8807
1750771070.920773,8394
1750771071.022101,8931
1750771071.123209,8940
1750771071.224578,9430
1750771071.325422,8914
1750771071.426494,8924
1750771071.530146,9136
1750771071.734027,8921
1750771071.835031,9356
1750771071.936176,9105
1750771072.036908,8587
1750771072.138044,9175
1750771072.23872,9267
1750771072.339295,8749
1750771072.439987,9097
1750771072.541272,9458
1750771072.643027,9552
1750771072.743793,9239
1750771072.945724,8448
1750771073.046459,8616
1750771073.14745,9218
1750771073.248375,9165
1750771073.349034,9338
1750771073.450508,9007
1750771073.551428,8997
1750771073.653039,8945
1750771073.753596,8154
1750771073.854454,9101
1750771073.95565,8557
1750771074.058011,8606
1750771074.266039,8014
1750771074.36696,8937
1750771074.467959,8673
1750771074.569143,8825
1750771074.670743,9419
1750771074.771589,9549
1750771074.872522,9322
1750771074.974053,9327
1750771075.07518,8959
1750771075.177196,8204
1750771075.27785,8573
1750771075.37841,9029
1750771075.479846,8921
1750771075.580658,8451
1750771075.783385,9123
1750771075.88425,8774
1750771075.985644,9122
1750771076.086864,9365
1750771076.188,8879
1750771076.28874,8874
1750771076.38981,9537
1750771076.4911,9063
1750771076.591701,9741
1750771076.696651,9261
1750771076.799025,9328
1750771076.899782,8624
1750771077.107018,9030
1750771077.20804,8513
1750771077.323092,8126
1750771077.424195,9198
1750771077.524969,8990
1750771077.626089,8722
1750771077.726701,8786
1750771077.827808,8772
1750771077.929816,9969
1750771078.031893,9071
1750771078.135829,9678
1750771078.236836,8623
1750771078.342914,9218
1750771078.443948,9135
1750771078.547207,9529
1750771078.750327,9093
1750771078.851703,8798
1750771078.952493,8155
1750771079.053942,8960
1750771079.155241,9210
1750771079.256559,8873
1750771079.358649,9258
1750771079.460376,8178
1750771079.564098,8478
1750771079.665334,9571
1750771079.766067,8984
1750771079.867795,9417
1750771080.070253,8906
1750771080.170983,9004
1750771080.271831,9241
1750771080.372814,9031
1750771080.4734,8599
1750771080.574639,8968
1750771080.675874,9028
1750771080.777015,8997
1750771080.878386,8895
1750771080.981276,8556
1750771081.082548,9311
1750771081.183269,9521
1750771081.284271,9267
1750771081.385999,8630
1750771081.589454,8934
1750771081.690184,8597
1750771081.790914,8368
1750771081.891645,8825
1750771081.992376,8904
1750771082.093529,8353
1750771082.194928,8530
1750771082.29607,8898
1750771082.396786,8687
1750771082.498238,8565
1750771082.599575,9009
1750771082.701921,9096
1750771082.904917,8428
1750771083.00597,9034
1750771083.107678,9133
1750771083.208417,8794
1750771083.309573,9322
1750771083.410496,9274
1750771083.511737,9432
1750771083.613145,9447
1750771083.714193,9005
1750771083.817196,9078
1750771083.919439,8587
1750771084.022426,8505
1750771084.226144,8994
1750771084.328161,8086
1750771084.428931,9040
1750771084.530166,8327
1750771084.631057,8851
1750771084.735445,8392
1750771084.839167,8734
1750771084.939997,8717
1750771085.040885,9545
1750771085.146022,9435
1750771085.249022,8425
1750771085.458072,9017
1750771085.571095,8679
1750771085.672309,9652
1750771085.773268,8775
1750771085.8744,8731
1750771085.979236,9033
1750771086.079863,9053
1750771086.181259,9428
1750771086.282673,9042
1750771086.38364,8745
1750771086.484509,8744
1750771086.58518,8602
1750771086.823315,8749
1750771086.823315,8749
1750771086.925043,8855
1750771087.027769,8689
1750771087.133996,8858
1750771087.235721,9342
1750771087.336718,8930
1750771087.541241,8565
1750771087.641987,9528
1750771087.742684,9553
1750771087.843426,8814
1750771087.944375,9083
1750771088.045419,9490
1750771088.147156,8246
1750771088.247906,8645
1750771088.348517,8627
1750771088.449607,8912
1750771088.550394,8691
1750771088.651024,9301
1750771088.752214,9101
1750771088.857654,9218
1750771089.059933,8735
1750771089.16071,8900
1750771089.262333,9269
1750771089.363448,8801
1750771089.464179,9182
1750771089.564909,8607
1750771089.666299,8935
1750771089.767555,8799
1750771089.869935,8324
1750771089.971006,8687
1750771090.071851,8964
1750771090.177266,8571
1750771090.278149,8713
1750771090.485239,8557
1750771090.58644,8320
1750771090.687828,8778
1750771090.789278,8930
1750771090.890828,8990
1750771090.991687,9508
1750771091.092403,8558
1750771091.193231,9481
1750771091.294414,9171
1750771091.395144,8765
1750771091.496885,8924
1750771091.701606,8676
1750771091.803269,8823
1750771091.904613,8574
1750771092.005813,8873
1750771092.107657,9161
1750771092.236313,8433
1750771092.33804,8798
1750771092.439404,9362
1750771092.543131,8692
1750771092.644855,8985
1750771092.749575,8731
1750771092.85076,9368
1750771092.95231,8764
1750771093.053007,8848
1750771093.154522,8796
1750771093.255124,8757
1750771093.361622,8787
1750771093.46343,9026
1750771093.667058,9112
1750771093.76791,8834
1750771093.869344,8813
1750771093.971936,8860
1750771094.073828,9294
1750771094.175177,9482
1750771094.276062,9198
1750771094.378168,8960
1750771094.479535,8809
1750771094.580148,8676
1750771094.680886,9033
1750771094.784488,8928
1750771094.887682,9583
1750771094.990562,8650
1750771095.192176,9314
1750771095.293331,9144
1750771095.394512,8974
1750771095.496102,8563
1750771095.597515,8904
1750771095.698958,8566
1750771095.800506,8429
1750771095.90156,8866
1750771096.002977,8913
1750771096.103793,8946
1750771096.208283,9135
1750771096.309142,9518
1750771096.413105,8916
1750771096.518141,8892
1750771096.724543,9211
1750771096.825505,8706
1750771096.927232,9004
1750771097.028691,8722
1750771097.130664,8335
1750771097.232329,8882
1750771097.33355,8782
1750771097.458231,9451
1750771097.559959,8974
1750771097.660768,8560
1750771097.761654,9049
1750771097.862892,9047
1750771097.964474,9105
1750771098.065808,8822
1750771098.166668,8130
1750771098.370605,9262
1750771098.493848,9418
1750771098.493848,9418
1750771098.707789,9104
1750771098.707789,9104
1750771098.816012,9085
1750771098.957168,8193
1750771099.078844,8758
1750771099.180457,8729
1750771099.298142,8616
1750771099.399871,8984
1750771099.5006,8845
1750771099.601285,9256
1750771099.704211,8919
1750771099.805116,9147
1750771099.908838,8088
1750771100.112576,9364
1750771100.214121,8213
1750771100.315445,9366
1750771100.416112,8582
1750771100.517294,8796
1750771100.617938,8932
1750771100.719411,8839
1750771100.820034,8974
1750771100.921326,9053
1750771101.02276,8517
1750771101.12355,8959
1750771101.225089,8449
1750771101.328402,8701
1750771101.532212,8965
1750771101.672716,9287
1750771101.889137,8674
1750771101.889137,8674
1750771101.990737,8513
1750771102.194425,9563
1750771102.296933,8770
1750771102.398057,8445
1750771102.499332,9113
1750771102.600338,9058
1750771102.703125,9300
1750771102.804079,8716
1750771102.91104,8975
1750771103.013077,8839
1750771103.114036,8864
1750771103.214846,8580
1750771103.316376,8086
1750771103.417252,9278
1750771103.61903,9413
1750771103.720399,8838
1750771103.821923,8805
1750771103.92297,8669
1750771104.023739,8722
1750771104.124822,8448
1750771104.225604,8692
1750771104.327197,8691
1750771104.427951,8793
1750771104.530942,8680
1750771104.633448,8994
1750771104.735103,9089
1750771104.837836,8244
1750771104.939322,9213
1750771105.145093,8933
1750771105.24692,8867
1750771105.348353,7946
1750771105.44917,9174
1750771105.550268,8724
1750771105.651003,8815
1750771105.763214,8297
1750771105.864941,9083
1750771105.971671,8322
1750771106.07342,8515
1750771106.177141,8802
1750771106.277871,9083
1750771106.391002,9254
1750771106.492621,8630
1750771106.597087,9007
1750771106.698756,8065
1750771106.800745,6030
1750771106.908104,9191
1750771107.110777,8951
1750771107.211428,9537
1750771107.312043,9064
1750771107.412704,8722
1750771107.514102,8925
1750771107.615572,9185
1750771107.716302,8547
1750771107.818031,9141
1750771107.919725,9744
1750771108.020699,8903
1750771108.122107,9052
1750771108.222838,9272
1750771108.426268,9141
1750771108.526757,8777
1750771108.627695,9322
1750771108.729178,8789
1750771108.840567,8564
1750771108.943293,8660
1750771109.044532,8860
1750771109.145769,9838
1750771109.247081,8370
1750771109.34803,8479
1750771109.448663,8227
1750771109.550059,8116
1750771109.650839,9843
1750771109.757378,8508
1750771109.961102,7910
1750771110.063473,8312
1750771110.164371,8374
1750771110.266055,9470
1750771110.369777,8284
1750771110.472503,8615
1750771110.574145,8903
1750771110.675178,8482
1750771110.776544,9293
1750771110.877255,8559
1750771110.978813,8605
1750771111.079824,9008
1750771111.180796,8368
1750771111.382895,9400
1750771111.484762,8815
1750771111.586074,9080
1750771111.687128,8559
1750771111.7882,8716
1750771111.888795,8300
1750771111.990558,8539
1750771112.091546,9109
1750771112.193149,9212
1750771112.296946,8988
1750771112.398669,9486
1750771112.500397,9092
1750771112.605117,8775
1750771112.707842,8605
1750771112.910808,8889
1750771113.012535,8335
1750771113.113241,8787
1750771113.21396,8766
1750771113.315602,8852
1750771113.41716,9209
1750771113.518886,8404
1750771113.619616,8398
1750771113.721343,8965
1750771113.822066,8875
1750771113.922787,8548
1750771114.024169,8847
1750771114.225543,8433
1750771114.327176,8579
1750771114.428217,9194
1750771114.529127,9156
1750771114.630183,8430
1750771114.730963,8751
1750771114.83216,8656
1750771114.933107,8469
1750771115.045887,8175
1750771115.147079,9032
1750771115.257044,9248
1750771115.359847,9252
1750771115.460424,8918
1750771115.563146,9053
1750771115.663783,9499
1750771115.867279,8408
1750771115.969062,9343
1750771116.070721,8636
1750771116.172214,9265
1750771116.272796,8888
1750771116.373595,9027
1750771116.47433,9013
1750771116.575177,8825
1750771116.676175,8950
1750771116.776832,9636
1750771116.877746,9374
1750771116.979108,9451
1750771117.081887,9277
1750771117.182936,8124
1750771117.388345,8953
1750771117.490135,8822
1750771117.591397,9124
1750771117.692201,8967
1750771117.792993,9326
1750771117.894732,9101
1750771117.995515,9436
1750771118.096146,9510
1750771118.197174,9007
1750771118.298062,9128
1750771118.403144,9392
1750771118.505999,9562
1750771118.712724,8859
1750771118.813533,9136
1750771118.914372,8637
1750771119.015428,8688
1750771119.116044,8994
1750771119.216979,9045
1750771119.318342,8928
1750771119.419739,9033
1750771119.520628,8861
1750771119.62141,9138
1750771119.723072,9728
1750771119.82371,9608
1750771119.928464,9464
1750771120.033962,8512
1750771120.238108,8861
1750771120.339243,9304
1750771120.440661,8903
1750771120.542002,8910
1750771120.643552,9108
1750771120.745035,9223
1750771120.846419,9468
1750771120.947161,9539
1750771121.04884,9126
1750771121.149898,8539
1750771121.25079,8970
1750771121.351493,9314
1750771121.453463,8178
1750771121.658168,8871
1750771121.759139,9359
1750771121.86025,8614
1750771121.961928,9077
1750771122.062984,8302
1750771122.16424,8532
1750771122.26559,9205
1750771122.366676,8052
1750771122.467733,9192
1750771122.568862,7920
1750771122.669669,9661
1750771122.771666,9088
1750771122.874994,9019
1750771123.090173,9178
1750771123.192084,8487
1750771123.292925,8934
1750771123.394459,8785
1750771123.496334,8088
1750771123.597636,8528
1750771123.699253,8866
1750771123.800819,9904
1750771123.902371,9443
1750771124.005444,8722
1750771124.10661,8431
1750771124.208214,8582
1750771124.309476,9144
1750771124.413502,8401
1750771124.616509,9031
1750771124.718088,8830
1750771124.819047,9617
1750771124.921325,9239
1750771125.023188,9031
1750771125.123906,8637
1750771125.225148,9097
1750771125.326578,8606
1750771125.427384,9900
1750771125.528325,8321
1750771125.629457,9215
1750771125.730405,8747
1750771125.832571,8456
1750771126.035432,9148
1750771126.135993,9069
1750771126.237173,8697
1750771126.338155,9962
1750771126.438788,8585
1750771126.539967,9507
1750771126.642317,9418
1750771126.743802,9203
1750771126.845049,8849
1750771126.946174,8959
1750771127.047172,9208
1750771127.249233,9402
1750771127.350174,9391
1750771127.450765,8867
1750771127.551497,8487
1750771127.652321,9382
1750771127.753529,9712
1750771127.854713,8657
1750771127.955893,8746
1750771128.057294,9063
1750771128.159022,9269
1750771128.260165,9224
1750771128.361684,8343
1750771128.462807,8524
1750771128.564194,9606
1750771128.668225,8466
1750771128.872924,8686
1750771128.974274,9107
1750771129.075277,9078
1750771129.176952,9225
1750771129.277581,9212
1750771129.378138,8532
1750771129.478813,9317
1750771129.580114,9150
1750771129.68213,9175
1750771129.783163,9056
1750771129.883836,8721
1750771129.984602,9328
1750771130.19014,8354
1750771130.291194,9579
1750771130.393097,9028
1750771130.49373,9311
1750771130.595154,8696
1750771130.696373,9504
1750771130.797659,8579
1750771130.899175,9131
1750771131.00026,9754
1750771131.101904,9101
1750771131.203363,9097
1750771131.405629,8856
1750771131.506467,9054
1750771131.607192,8677
1750771131.708199,8811
1750771131.809807,9211
1750771131.911137,9138
1750771132.012159,9304
1750771132.112913,8942
1750771132.213453,9618
1750771132.314054,9333
1750771132.415304,9244
1750771132.516915,9132
1750771132.617662,9022
1750771132.724451,9245
1750771132.94049,9134
1750771132.94049,9134
1750771133.144003,9290
1750771133.245113,8367
1750771133.346218,8753
1750771133.447466,9056
1750771133.549045,9568
1750771133.650054,8652
1750771133.751166,8960
1750771133.852235,9310
1750771133.954191,8856
1750771134.055673,8967
1750771134.156293,8934
1750771134.257994,8348
1750771134.461748,9432
1750771134.562478,8696
1750771134.663975,9044
1750771134.765446,8504
1750771134.867419,8904
1750771134.969039,9472
1750771135.069679,9051
1750771135.17122,9178
1750771135.27232,8625
1750771135.372967,8942
1750771135.474413,9325
1750771135.677132,9058
1750771135.778868,8679
1750771135.879792,9175
1750771135.981336,8705
1750771136.08284,9162
1750771136.184283,9345
1750771136.285317,8640
1750771136.38675,8724
1750771136.487775,9185
1750771136.589203,9208
1750771136.690218,8830
1750771136.79091,9176
1750771136.891687,8573
1750771137.096632,8032
1750771137.198283,8755
1750771137.29959,9189
1750771137.400478,9247
1750771137.501209,9053
1750771137.602358,8887
1750771137.70379,8971
1750771137.805171,8837
1750771137.906092,8244
1750771138.006794,8798
1750771138.107866,8934
1750771138.2099,9398
1750771138.415379,8623
1750771138.517239,9189
1750771138.618661,9100
1750771138.720187,9376
1750771138.821657,8761
1750771138.922954,9200
1750771139.024912,9072
1750771139.126256,8969
1750771139.226816,8800
1750771139.328304,8868
1750771139.429271,8923
1750771139.530524,9056
1750771139.632506,8707
1750771139.736361,8688
1750771139.941113,9602
1750771140.042392,8669
1750771140.143443,9173
1750771140.244042,8946
1750771140.345179,9076
1750771140.446023,9152
1750771140.546673,9229
1750771140.647325,8852
1750771140.748275,8865
1750771140.849492,8980
1750771140.950816,8803
1750771141.052645,8519
1750771141.154538,9156
1750771141.430995,9262
1750771141.430995,9262
1750771141.534717,8638
1750771141.636709,9461
1750771141.738782,10041
1750771141.840097,8557
1750771141.941073,8526
1750771142.042484,8608
1750771142.143884,8836
1750771142.34862,8554
1750771142.449803,9062
1750771142.551316,9811
1750771142.653036,9064
1750771142.753819,8810
1750771142.854864,8966
1750771142.956031,9172
1750771143.057325,9526
1750771143.158179,8814
1750771143.258969,8572
1750771143.359702,8984
1750771143.563158,9481
1750771143.671868,8508
1750771143.796043,8692
1750771143.796043,8692
1750771143.90974,7851
1750771144.066341,9409
1750771144.169068,8741
1750771144.273297,7761
1750771144.375023,8729
1750771144.477459,8903
1750771144.578377,8819
1750771144.679804,8646
1750771144.781285,9046
1750771144.884883,9122
1750771145.087471,8624
1750771145.188487,8780
1750771145.289271,8850
1750771145.390369,9248
1750771145.491224,9439
1750771145.609656,9313
1750771145.711384,9515
1750771145.812115,8577
1750771145.936293,9175
1750771146.065944,9148
1750771146.169668,9298
1750771146.271395,8542
1750771146.375118,9024
1750771146.476176,9915
1750771146.578145,9230
1750771146.679091,8024
1750771146.779714,9371
1750771146.881545,8906
1750771146.987213,9088
1750771147.087875,9556
1750771147.189572,8348
1750771147.296957,9424
1750771147.500978,8544
1750771147.603175,8923
1750771147.7043,9305
1750771147.805622,9050
1750771147.907053,8380
1750771148.012512,8534
1750771148.113795,9201
1750771148.214455,8990
1750771148.31515,8520
1750771148.415841,9573
1750771148.51753,8820
1750771148.619229,8122
1750771148.721298,8474
1750771148.924621,8786
1750771149.027042,8999
1750771149.127433,8357
1750771149.228761,9533
1750771149.330205,8457
1750771149.432533,8590
1750771149.534045,8767
1750771149.637041,8970
1750771149.738014,9107
1750771149.83928,8907
1750771149.940349,9587
1750771150.041264,9047
1750771150.142143,8614
1750771150.347598,8262
1750771150.45118,8872
1750771150.552465,8935
1750771150.653569,8397
1750771150.755179,9388
1750771150.855923,9261
1750771150.957211,9379
1750771151.058239,9096
1750771151.159696,8496
1750771151.264094,8954
1750771151.366846,8807
1750771151.47046,8666
1750771151.700773,9172
1750771151.700773,9172
1750771151.921961,8868
1750771151.921961,8868
1750771152.060589,8601
1750771152.162313,8975
1750771152.264042,9014
1750771152.364772,8736
1750771152.468494,8686
1750771152.570197,8966
1750771152.672247,8613
1750771152.874906,9237
1750771152.976387,9617
1750771153.078518,8661
1750771153.180097,9391
1750771153.281596,8876
1750771153.38269,9229
1750771153.489265,9036
1750771153.590328,9093
1750771153.691805,9519
1750771153.793689,8323
1750771153.89423,8872
1750771153.995506,8787
1750771154.102012,8666
1750771154.205846,9736
1750771154.307352,9004
1750771154.410206,9119
1750771154.516742,8522
1750771154.731132,8506
1750771154.833632,9467
1750771154.93504,8776
1750771155.035981,8807
1750771155.136928,8865
1750771155.238692,8863
1750771155.341681,8505
1750771155.443546,8373
1750771155.545135,9046
1750771155.646749,9309
1750771155.750777,9199
1750771155.851938,8610
1750771155.955927,8606
1750771156.05928,8262
1750771156.16004,8763
1750771156.261,9370
1750771156.468521,9423
1750771156.569152,9559
1750771156.674389,8662
1750771156.77558,8696
1750771156.876542,9280
1750771156.979507,8935
1750771157.080478,9418
1750771157.181084,8836
1750771157.282208,9058
1750771157.383081,9060
1750771157.485185,8775
1750771157.586481,9092
1750771157.792052,9187
1750771157.893138,8932
1750771157.994191,8737
1750771158.095163,9279
1750771158.196057,9068
1750771158.296739,8829
1750771158.39829,9029
1750771158.499668,9104
1750771158.600897,8683
1750771158.7034,9211
1750771158.804747,9422
1750771158.906024,8935
1750771159.009646,9545
1750771159.111945,8807
1750771159.315404,8929
1750771159.416572,8609
1750771159.517489,9344
1750771159.618989,8916
1750771159.720393,9052
1750771159.821888,9340
1750771159.923052,8807
1750771160.024531,8671
1750771160.125514,8347
1750771160.227793,8718
1750771160.32909,9338
1750771160.43012,9650
1750771160.531134,9553
1750771160.736153,8571
1750771160.837751,9281
1750771160.939249,8995
1750771161.040376,8345
1750771161.141682,8982
1750771161.243212,8903
1750771161.344664,9334
1750771161.44553,8417
1750771161.546756,8574
1750771161.648944,9296
1750771161.75013,8983
1750771161.851347,8872
1750771162.055093,8781
1750771162.157104,9420
1750771162.258866,8931
1750771162.360198,8891
1750771162.46193,8394
1750771162.562662,9301
1750771162.663708,7719
1750771162.765436,3745
1750771162.86712,9588
1750771162.979253,9194
1750771163.080651,8964
1750771163.181923,8768
1750771163.283019,9456
1750771163.390089,9081
1750771163.490817,8795
1750771163.596,8832
1750771163.803067,9126
1750771163.904409,9127
1750771164.00609,8487
1750771164.107339,8543
1750771164.208416,9220
1750771164.309667,8602
1750771164.410338,9039
1750771164.510864,9450
1750771164.612301,8754
1750771164.713848,8843
1750771164.818367,8848
1750771165.021945,9019
1750771165.122539,8539
1750771165.223175,9827
1750771165.324652,9568
1750771165.425656,8544
1750771165.527103,8664
1750771165.627977,8614
1750771165.728587,8239
1750771165.829405,9214
1750771165.930216,8788
1750771166.133511,9298
1750771166.235098,9046
1750771166.33646,8839
1750771166.438135,9756
1750771166.539136,8217
1750771166.640852,9123
1750771166.741823,8675
1750771166.843146,9030
1750771166.943845,9245
1750771167.045445,9232
1750771167.146506,9192
1750771167.247255,9359
1750771167.449481,8725
1750771167.449481,8725
1750771167.652929,9224
1750771167.753836,9493
1750771167.855136,8874
1750771167.956284,8986
1750771168.057106,8966
1750771168.157931,9144
1750771168.258671,9072
1750771168.360115,8793
1750771168.461968,8581
1750771168.563237,8788
1750771168.66496,8719
1750771168.872592,8744
1750771168.973499,9176
1750771169.075119,8738
1750771169.176223,8862
1750771169.277765,9365
1750771169.379401,9209
1750771169.480107,8063
1750771169.581391,8806
1750771169.68206,8155
1750771169.783448,8284
1750771169.884597,8541
1750771169.98656,8836
1750771170.089027,8412
1750771170.190236,9001
1750771170.394881,9385
1750771170.496475,9518
1750771170.597125,8643
1750771170.698804,8536
1750771170.800236,7827
1750771170.901161,8590
1750771171.00293,8548
1750771171.103853,8798
1750771171.204928,9052
1750771171.30615,8812
1750771171.408069,9173
1750771171.510631,8940
1750771171.713314,8451
1750771171.817118,8666
1750771171.932784,8628
1750771172.034227,8467
1750771172.136045,8780
1750771172.237587,8833
1750771172.34065,8781
1750771172.462325,9441
1750771172.56505,9456
1750771172.667145,9236
1750771172.768029,8970
1750771172.869575,9493
1750771172.970659,9051
1750771173.071815,8986
1750771173.173206,9359
1750771173.275112,9616
1750771173.376663,8567
1750771173.477804,8898
1750771173.578782,9259
1750771173.782968,8904
1750771173.883947,8655
1750771173.985152,8685
1750771174.086012,8615
1750771174.187258,8721
1750771174.288022,8832
1750771174.38933,9880
1750771174.490061,9808
1750771174.590791,8914
1750771174.69203,9215
1750771174.793758,8896
1750771174.894996,8751
1750771175.098704,9403
1750771175.199921,9415
1750771175.300707,8900
1750771175.402137,8646
1750771175.504873,9247
1750771175.606063,8261
1750771175.70825,8903
1750771175.80989,9208
1750771175.910382,8766
1750771176.012001,8177
1750771176.113266,8769
1750771176.214349,9497
1750771176.4171,9080
1750771176.517801,8718
1750771176.619151,8633
1750771176.719658,8835
1750771176.820437,9307
1750771176.921865,9395
1750771177.022955,9021
1750771177.124561,9231
1750771177.225301,9221
1750771177.326398,8308
1750771177.427381,8605
1750771177.528698,8596
1750771177.63367,8792
1750771177.838054,8912
1750771177.939487,8754
1750771178.040324,9649
1750771178.141564,10025
1750771178.243092,8962
1750771178.344817,8041
1750771178.445963,9362
1750771178.546918,8865
1750771178.648403,9183
1750771178.749379,8348
1750771178.850557,8924
1750771178.952094,8725
1750771179.053126,8670
1750771179.154939,9664
1750771179.360783,9119
1750771179.462017,8939
1750771179.56349,8928
1750771179.66443,8619
1750771179.766065,9120
1750771179.867067,9039
1750771179.968162,8734
1750771180.083777,8251
1750771180.185121,7992
1750771180.285974,9132
1750771180.387439,9027
1750771180.488254,8818
1750771180.589217,8765
1750771180.792738,8779
1750771180.893834,9021
1750771180.995231,9319
1750771181.09608,8755
1750771181.196702,8656
1750771181.297425,9461
1750771181.398298,8832
1750771181.500153,8119
1750771181.600885,9103
1750771181.702597,9576
1750771181.8043,8849
1750771181.905774,8524
1750771182.008136,8528
1750771182.113787,8676
1750771182.217576,8853
1750771182.421914,8406
1750771182.523589,9058
1750771182.624162,8352
1750771182.725479,8685
1750771182.827291,8427
1750771182.928542,8987
1750771183.029539,8851
1750771183.131293,8530
1750771183.231839,9279
1750771183.434745,9135
1750771183.434745,9135
1750771183.638041,9675
1750771183.739786,9346
1750771183.841119,8674
1750771183.942328,9248
1750771184.04319,8823
1750771184.145218,9222
1750771184.246221,8158
1750771184.348124,8723
1750771184.448916,8552
1750771184.550011,9011
1750771184.650979,8745
1750771184.751946,9072
1750771184.955651,9405
1750771185.057166,8353
1750771185.158537,9213
1750771185.259588,8965
1750771185.360727,9244
1750771185.461747,8740
1750771185.563121,8700
1750771185.664892,8912
1750771185.765874,8952
1750771185.86738,9043
1750771185.968886,9437
1750771186.17089,9565
1750771186.27261,8867
1750771186.373366,9190
1750771186.474275,8601
1750771186.575179,9038
1750771186.676253,9102
1750771186.777277,8790
1750771186.877868,9155
1750771186.978922,8856
1750771187.080295,9312
1750771187.181958,8734
1750771187.282698,4099
1750771187.383421,1330
1750771187.48802,1156
1750771187.696207,1268
1750771187.79758,1459
1750771187.898739,1571
1750771188.000441,1956
1750771188.102168,2654
1750771188.202794,8317
1750771188.305189,8877
1750771188.406916,9279
1750771188.521609,9272
1750771188.622745,9482
1750771188.723935,9052
1750771188.825127,8943
1750771188.928595,9626
1750771189.029303,8956
1750771189.131252,9082
1750771189.234153,8969
1750771189.437469,8598
1750771189.538183,8956
1750771189.63977,9115
1750771189.741139,8464
1750771189.842353,8645
1750771189.94314,8969
1750771190.044553,9416
1750771190.145738,9013
1750771190.246566,8786
1750771190.34753,8498
1750771190.448558,8126
1750771190.651057,8656
1750771190.752563,9398
1750771190.853989,9327
1750771190.955176,8410
1750771191.05626,8478
1750771191.15715,9346
1750771191.258361,9435
1750771191.359181,8083
1750771191.460012,8935
1750771191.56123,9197
1750771191.662621,9073
1750771191.763362,8884
1750771191.868297,8262
1750771192.070365,9283
1750771192.171625,9322
1750771192.27257,9351
1750771192.37347,9167
1750771192.474346,8227
1750771192.57549,8631
1750771192.676402,9206
1750771192.7778,8658
1750771192.878333,8862
1750771192.978927,8668
1750771193.080106,8984
1750771193.182214,8569
1750771193.387191,8648
1750771193.488611,8824
1750771193.589345,8964
1750771193.691013,7937
1750771193.79212,9257
1750771193.892858,9003
1750771193.994186,9128
1750771194.095443,8680
1750771194.196364,8729
1750771194.297174,8768
1750771194.397915,8626
1750771194.499902,8706
1750771194.601636,8512
1750771194.805237,8997
1750771194.906836,9084
1750771195.007684,9747
1750771195.108875,8676
1750771195.209642,9467
1750771195.310953,9219
1750771195.41224,8747
1750771195.51319,8578
1750771195.614458,8966
1750771195.715521,8806
1750771195.81698,9442
1750771195.917606,9202
1750771196.120165,8279
1750771196.221645,8908
1750771196.323181,8824
1750771196.424514,9049
1750771196.52607,9118
1750771196.627684,8542
1750771196.728801,8890
1750771196.830597,9243
1750771196.931712,9306
1750771197.033119,8875
1750771197.133994,9159
1750771197.235204,9149
1750771197.337021,8338
1750771197.439833,9337
1750771197.64375,8608
1750771197.744592,9063
1750771197.846175,9578
1750771197.947642,7963
1750771198.049186,9247
1750771198.150021,8945
1750771198.250587,8740
1750771198.351376,9435
1750771198.452595,8931
1750771198.554007,8963
1750771198.655177,8609
1750771198.75656,8965
1750771198.962157,8995
1750771199.064478,8600
1750771199.165127,9130
1750771199.267248,9194
1750771199.367887,9409
1750771199.468905,8701
1750771199.580456,9027
1750771199.68125,9544
1750771199.783289,9300
1750771199.884572,8333
1750771199.985818,8721
1750771200.086376,8383
1750771200.188668,8885
1750771200.289259,9126
1750771200.491397,9290
1750771200.592067,8731
1750771200.69337,8815
1750771200.794402,8620
1750771200.895549,9263
1750771200.997089,8538
1750771201.098321,8762
1750771201.199268,9816
1750771201.299891,9659
1750771201.400882,9000
1750771201.502558,9166
1750771201.604158,9616
1750771201.806851,8838
1750771201.908218,9144
1750771202.009017,8730
1750771202.110528,8816
1750771202.211587,9162
1750771202.312649,9548
1750771202.413587,8559
1750771202.514969,8729
1750771202.61592,9073
1750771202.717538,8827
1750771202.818184,8346
1750771202.920594,8592
1750771203.02382,9232
1750771203.226078,8433
1750771203.327355,9469
1750771203.435066,8986
1750771203.535797,9063
1750771203.636951,8887
1750771203.737732,9178
1750771203.839037,8834
1750771203.939596,9337
1750771204.040999,9348
1750771204.142456,8614
1750771204.244034,9165
1750771204.345205,9004
1750771204.446021,9194
1750771204.550599,9093
1750771204.753623,8962
1750771204.855222,8602
1750771204.956041,8748
1750771205.057471,8892
1750771205.158102,9201
1750771205.259304,8873
1750771205.359924,8904
1750771205.461652,8335
1750771205.562383,9153
1750771205.66411,9613
1750771205.764842,8835
1750771205.865571,9292
1750771205.969299,8840
1750771206.173089,9429
1750771206.274055,9032
1750771206.375178,8771
1750771206.476661,8503
1750771206.577746,8745
1750771206.678736,8228
1750771206.779454,8935
1750771206.880102,8832
1750771206.982897,8463
1750771207.08468,8537
1750771207.185288,8687
1750771207.286996,8711
1750771207.492301,8532
1750771207.593463,8590
1750771207.694496,8205
1750771207.796227,9436
1750771207.897373,9412
1750771207.998441,8321
1750771208.099151,8767
1750771208.200141,8931
1750771208.301237,8981
1750771208.402076,9192
1750771208.503345,8620
1750771208.707799,8595
1750771208.707799,8595
1750771208.909259,9143
1750771209.009991,8875
1750771209.110721,8974
1750771209.218433,8744
1750771209.319163,8895
1750771209.420615,8545
1750771209.522343,9545
1750771209.623073,8547
1750771209.723803,8458
1750771209.82653,9208
1750771209.92726,8924
1750771210.039958,7480
1750771210.141686,8512
1750771210.245408,8705
1750771210.448864,8914
1750771210.551631,8952
1750771210.662357,9623
1750771210.763155,9216
1750771210.864646,8631
1750771210.966173,9032
1750771211.067632,9225
1750771211.169199,8802
1750771211.270604,8806
1750771211.371384,8940
1750771211.472115,8418
1750771211.57484,8975
1750771211.675571,8537
1750771211.776301,9073
1750771211.977763,8855
1750771212.078376,8855
1750771212.179219,8805
1750771212.279901,8591
1750771212.381328,8528
1750771212.482498,8352
1750771212.583717,9118
1750771212.685101,9774
1750771212.78656,8663
1750771212.887973,8874
1750771212.989331,8465
1750771213.090848,9604
1750771213.195646,8652
1750771213.400217,9094
1750771213.502319,8511
1750771213.603274,9073
1750771213.704194,8263
1750771213.805506,8508
1750771213.906947,8467
1750771214.008057,8663
1750771214.108878,8589
1750771214.210069,9328
1750771214.311223,9065
1750771214.412493,9430
1750771214.513804,9130
1750771214.716957,8757
1750771214.817557,8727
1750771214.918551,9238
1750771215.020172,8954
1750771215.12121,9778
1750771215.222743,8785
1750771215.323252,8874
1750771215.423763,8765
1750771215.525056,9289
1750771215.625944,8712
1750771215.73295,8793
1750771215.835931,9011
1750771215.937327,8708
1750771216.039754,9401
1750771216.243455,8807
1750771216.344123,8761
1750771216.444948,7914
1750771216.546449,9379
1750771216.647096,9180
1750771216.748252,8788
1750771216.848873,8705
1750771216.950256,9380
1750771217.051961,8754
1750771217.153022,8697
1750771217.253951,9036
1750771217.355306,8909
1750771217.456487,9349
1750771217.659971,9179
1750771217.761504,9071
1750771217.863413,8919
1750771217.964673,8186
1750771218.065577,9048
1750771218.167222,8942
1750771218.268426,8645
1750771218.369068,8684
1750771218.470165,8397
1750771218.570999,8727
1750771218.672051,8945
1750771218.874992,8665
1750771218.874992,8665
1750771219.091199,8671
1750771219.192915,8454
1750771219.294147,8455
1750771219.394676,9410
1750771219.495783,8941
1750771219.596957,9093
1750771219.697875,8551
1750771219.798957,9329
1750771219.900402,8930
1750771220.001341,9114
1750771220.102034,8987
1750771220.20392,8627
1750771220.307456,9320
1750771220.409336,8186
1750771220.612136,8909
1750771220.712954,9571
1750771220.814467,9043
1750771220.915332,9507
1750771221.016526,9723
1750771221.117781,8503
1750771221.219372,8662
1750771221.320418,8510
1750771221.422101,8674
1750771221.522926,8837
1750771221.624175,8888
1750771221.725199,9789
1750771221.830139,8715
1750771221.93498,8149
1750771222.138155,8643
1750771222.239518,9174
1750771222.341213,8938
1750771222.442048,8429
1750771222.542804,9021
1750771222.644197,8343
1750771222.744938,9430
1750771222.846088,9253
1750771222.947132,9085
1750771223.048258,9008
1750771223.150424,8828
1750771223.251929,8078
1750771223.45708,8612
1750771223.557952,8347
1750771223.659446,8719
1750771223.760033,8539
1750771223.861681,8598
1750771223.962517,8935
1750771224.06327,9716
1750771224.164312,9174
1750771224.265414,8585
1750771224.367028,8522
1750771224.468115,8062
1750771224.570908,9309
1750771224.773815,8911
1750771224.874597,9178
1750771224.975419,8143
1750771225.076894,8189
1750771225.178502,9251
1750771225.279464,8904
1750771225.380218,9091
1750771225.48115,8837
1750771225.581974,8857
1750771225.684514,8853
1750771225.887059,9375
1750771225.988492,8853
1750771226.089723,9710
1750771226.190788,8984
1750771226.292299,8737
1750771226.392921,8477
1750771226.494374,8762
1750771226.59515,9139
1750771226.695901,9508
1750771226.797997,9353
1750771226.899168,8549
1750771226.999783,9581
1750771227.102544,9419
1750771227.207875,9522
1750771227.41119,8770
1750771227.512778,8839
1750771227.614088,8784
1750771227.715595,8817
1750771227.817568,8639
1750771227.918537,8656
1750771228.019578,9223
1750771228.120876,8993
1750771228.222124,8948
1750771228.323439,9090
1750771228.425181,9258
1750771228.529811,8726
1750771228.632212,8574
1750771228.836174,8553
1750771228.948638,8971
1750771229.049689,8807
1750771229.15071,8295
1750771229.251736,8760
1750771229.352582,8270
1750771229.454386,9145
1750771229.556801,9090
1750771229.658102,8696
1750771229.764891,8484
1750771229.867681,8580
1750771229.968446,8663
1750771230.069977,8795
1750771230.171667,8693
1750771230.273411,8462
1750771230.375794,8937
1750771230.577831,8601
1750771230.678384,8353
1750771230.779668,9014
1750771230.880303,8496
1750771230.981498,8607
1750771231.082754,8601
1750771231.183576,9105
1750771231.284501,9185
1750771231.385252,8843
1750771231.486543,8914
1750771231.588102,8517
1750771231.690602,8868
1750771231.894007,8749
1750771231.995828,9084
1750771232.096525,8888
1750771232.197373,8686
1750771232.298158,6876
1750771232.399302,9432
1750771232.500236,8748
1750771232.602059,9202
1750771232.70341,8988
1750771232.804963,9078
1750771232.905994,8492
1750771233.006663,8701
1750771233.107983,9494
1750771233.312489,8531
1750771233.413094,9413
1750771233.514068,9358
1750771233.615624,9029
1750771233.716376,9012
1750771233.817407,9393
1750771233.918669,9095
1750771234.019617,9024
1750771234.120763,8413
1750771234.221661,8483
1750771234.323763,8706
1750771234.460375,9081
1750771234.586543,8068
1750771234.68804,9015
1750771234.789065,9680
1750771234.890372,8380
1750771234.991446,8755
1750771235.093367,8751
1750771235.194347,8467
1750771235.400558,8691
1750771235.502174,9526
1750771235.605792,8299
1750771235.707239,8713
1750771235.811791,8904
1750771235.913246,9018
1750771236.015893,8719
1750771236.11713,8652
1750771236.219976,8984
1750771236.32122,8632
1750771236.422928,8957
1750771236.524655,8984
1750771236.630373,9478
1750771236.832832,8567
1750771236.832832,8567
1750771236.93456,8591
1750771237.137667,9008
1750771237.239647,9090
1750771237.340488,8756
1750771237.442945,9164
1750771237.544673,9083
1750771237.647665,9225
1750771237.748988,9514
1750771237.851764,8823
1750771237.952217,9118
1750771238.054999,8970
1750771238.156415,9140
1750771238.260428,8008
1750771238.36234,9508
1750771238.465103,9439
1750771238.672053,8284
1750771238.773618,8772
1750771238.874864,9007
1750771238.975386,8008
1750771239.076031,8922
1750771239.177074,9095
1750771239.278492,9081
1750771239.378994,8706
1750771239.480587,8937
1750771239.581457,8763
1750771239.683262,8221
1750771239.788144,8619
1750771240.005535,8437
1750771240.005535,8437
1750771240.210776,9161
1750771240.312053,9014
1750771240.413709,8145
1750771240.51455,9222
1750771240.616086,8657
1750771240.717679,9715
1750771240.818872,9150
1750771240.919867,8792
1750771241.021198,8793
1750771241.122047,9370
1750771241.224174,8597
1750771241.324799,9629
1750771241.426378,9568
1750771241.530012,9100
1750771241.732813,8633
1750771241.834194,8936
1750771241.93572,8490
1750771242.037428,9055
1750771242.138516,8804
1750771242.240048,8903
1750771242.341017,8527
1750771242.44219,9281
1750771242.543297,8555
1750771242.64493,9140
1750771242.746078,8532
1750771242.846963,8901
1750771243.052598,8228
1750771243.154259,8331
1750771243.255545,9448
1750771243.356186,8803
1750771243.456871,8769
1750771243.557405,9200
1750771243.65817,9348
1750771243.759746,8948
1750771243.860749,10039
1750771243.96303,9336
1750771244.06623,9331
1750771244.270159,8763
1750771244.370995,8697
1750771244.472686,8554
1750771244.573155,8758
1750771244.674676,9938
1750771244.775753,9121
1750771244.876396,8962
1750771244.97719,9077
1750771245.078016,8846
1750771245.181826,8457
1750771245.285352,8780
1750771245.386712,9451
1750771245.488438,9112
1750771245.594319,8542
1750771245.701482,9574
1750771245.907121,8448
1750771246.007996,8743
1750771246.108685,8700
1750771246.210078,8688
1750771246.311579,8689
1750771246.413135,9255
1750771246.51411,8972
1750771246.615262,9243
1750771246.717064,9204
1750771246.817964,8245
1750771246.918911,9183
1750771247.022468,8488
1750771247.124249,8921
1750771247.328012,7604
1750771247.439786,9098
1750771247.541308,8362
1750771247.642172,8456
1750771247.743762,9262
1750771247.844708,9282
1750771247.945367,8523
1750771248.051031,9123
1750771248.151707,8552
1750771248.253698,8471
1750771248.355123,8853
1750771248.456042,8997
1750771248.557379,8674
1750771248.659107,8807
1750771248.862628,8792
1750771248.96334,8588
1750771249.064142,9057
1750771249.165173,9304
1750771249.266498,9069
1750771249.367972,8672
1750771249.469617,8332
1750771249.570549,8431
1750771249.671424,9169
1750771249.773047,8196
1750771249.874004,8696
1750771249.975786,8891
1750771250.078011,9009
1750771250.28376,9313
1750771250.385047,8796
1750771250.486177,8850
1750771250.587571,8964
1750771250.689189,8748
1750771250.790303,8792
1750771250.891814,9141
1750771250.992899,8695
1750771251.093812,8908
1750771251.194676,8813
1750771251.296177,8965
1750771251.397082,9048
1750771251.498654,8762
1750771251.701889,8687
1750771251.803171,8866
1750771251.904506,8684
1750771252.005743,8396
1750771252.106634,8603
1750771252.207675,8679
1750771252.30893,9629
1750771252.409939,8890
1750771252.510706,9378
1750771252.612147,9059
1750771252.714245,8188
1750771252.91775,8915
1750771253.019461,9094
1750771253.120226,9149
1750771253.22143,8675
1750771253.322552,9167
1750771253.423781,9038
1750771253.525097,8498
1750771253.62668,9007
1750771253.727597,8759
1750771253.829114,9062
1750771253.930398,8836
1750771254.031757,9175
1750771254.132825,8588
1750771254.235208,8888
1750771254.339756,8745
1750771254.543269,8749
1750771254.644781,8895
1750771254.745914,8523
1750771254.846861,8905
1750771254.947894,9284
1750771255.049205,9041
1750771255.150729,9859
1750771255.251961,8426
1750771255.353416,8289
1750771255.454203,9227
1750771255.656749,9120
1750771255.758142,8836
1750771255.859333,8350
1750771255.960371,9253
1750771256.061283,9473
1750771256.161974,9633
1750771256.262944,8547
1750771256.364778,9859
1750771256.465771,9357
1750771256.566638,8992
1750771256.668169,9140
1750771256.768791,8705
1750771256.870262,8721
1750771257.073506,9313
1750771257.174879,9391
1750771257.275717,8756
1750771257.37715,8596
1750771257.478582,8537
1750771257.579961,8926
1750771257.681071,8475
1750771257.781557,8787
1750771257.882332,9357
1750771257.983003,8373
1750771258.084241,9383
1750771258.186823,8783
1750771258.391427,8937
1750771258.492177,8684
1750771258.593472,9427
1750771258.694013,8702
1750771258.794794,8731
1750771258.896094,8450
1750771258.997837,9543
1750771259.099306,9135
1750771259.206313,8517
1750771259.307384,8914
1750771259.408726,9245
1750771259.509687,9122
1750771259.613576,9745
1750771259.714206,8953
1750771259.819792,8687
1750771259.93801,8829
1750771260.038536,8246
1750771260.142845,9059
1750771260.244936,8942
1750771260.45015,8245
1750771260.550938,9177
1750771260.651621,8283
1750771260.752955,9394
1750771260.854697,9022
1750771260.955747,9153
1750771261.056936,8242
1750771261.158169,9008
1750771261.25919,8552
1750771261.360496,9407
1750771261.461217,9302
1750771261.665604,8357
1750771261.766312,9254
1750771261.867872,9117
1750771261.969026,9154
1750771262.070514,8355
1750771262.171882,8562
1750771262.273148,8838
1750771262.374499,8544
1750771262.476115,8650
1750771262.576981,9002
1750771262.678454,9204
1750771262.779674,8456
1750771262.880813,8957
1750771262.985798,8648
1750771263.189545,9105
1750771263.291435,9775
1750771263.392546,8910
1750771263.49409,9138
1750771263.595869,8842
1750771263.697236,8691
1750771263.79828,9441
1750771263.900134,9466
1750771264.00117,9491
1750771264.102246,8716
1750771264.203058,8719
1750771264.303825,8881
1750771264.404901,8983
1750771264.609143,8074
1750771264.710503,8908
1750771264.812065,9088
1750771264.913291,8397
1750771265.014998,8157
1750771265.116149,9322
1750771265.217246,9040
1750771265.318503,9688
1750771265.424727,8410
1750771265.527453,9191
1750771265.635769,8909
1750771265.737867,9255
1750771265.944479,9118
1750771266.046176,8771
1750771266.147588,9387
1750771266.249765,8465
1750771266.351137,9262
1750771266.452269,8345
1750771266.553325,9004
1750771266.65519,8943
1750771266.756198,8722
1750771266.856996,8680
1750771266.958286,9783
1750771267.059444,8659
1750771267.161002,9127
1750771267.376643,8603
1750771267.477726,8695
1750771267.578459,9172
1750771267.680187,9351
1750771267.780918,9182
1750771267.881648,9232
1750771267.982939,8628
1750771268.083669,8914
1750771268.184397,9322
1750771268.286033,8992
1750771268.391826,8806
1750771268.492346,8883
1750771268.594237,8910
1750771268.69538,8740
1750771268.798298,8958
1750771268.902211,8911
1750771269.106933,9374
1750771269.207667,8577
1750771269.308689,9245
1750771269.410266,9401
1750771269.511,8993
1750771269.61257,8811
1750771269.713357,8771
1750771269.815638,8681
1750771269.917787,8448
1750771270.018846,8490
1750771270.119491,8932
1750771270.221382,8371
1750771270.425117,9394
1750771270.52655,9296
1750771270.628138,9636
1750771270.72913,8574
1750771270.830167,8927
1750771270.931351,9003
1750771271.032187,9044
1750771271.133329,8967
1750771271.234573,8741
1750771271.336174,8434
1750771271.437199,8492
1750771271.538092,8642
1750771271.639346,8789
1750771271.846724,8588
1750771271.947527,8878
1750771272.048487,8884
1750771272.149248,8207
1750771272.250242,8515
1750771272.351692,9305
1750771272.453359,8852
1750771272.553883,8704
1750771272.655179,9013
1750771272.75678,8710
1750771272.858224,8507
1750771272.961101,8294
1750771273.164146,8816
1750771273.265148,8583
1750771273.365945,9286
1750771273.46725,8745
1750771273.56829,9501
1750771273.66981,8392
1750771273.771452,9041
1750771273.874083,9022
1750771273.975636,8911
1750771274.076656,9404
1750771274.178232,9096
1750771274.279028,8770
1750771274.379711,8492
1750771274.482095,9864
1750771274.687061,9547
1750771274.78806,9376
1750771274.889495,8921
1750771274.990556,8677
1750771275.091375,9264
1750771275.191964,8728
1750771275.292559,8678
1750771275.394064,8886
1750771275.495168,8812
1750771275.596101,9075
1750771275.697365,9183
1750771275.900563,9113
1750771276.001293,9034
1750771276.102375,9418
1750771276.203108,8974
1750771276.303838,9113
1750771276.405566,8719
1750771276.506805,9205
1750771276.607933,9196
1750771276.721628,9384
1750771276.822359,9391
1750771276.924086,8886
1750771277.025332,8829
1750771277.12706,8798
1750771277.227791,8894
1750771277.330516,8478
1750771277.532974,8886
1750771277.63419,9267
1750771277.735943,8559
1750771277.837179,8890
1750771277.938169,9030
1750771278.040133,9134
1750771278.140871,8715
1750771278.241935,9211
1750771278.343174,9265
1750771278.44415,9269
1750771278.545684,8499
1750771278.646495,8461
1750771278.848953,9441
1750771278.950191,8455
1750771279.050922,8765
1750771279.151652,8994
1750771279.252383,8349
1750771279.353797,8519
1750771279.455306,8462
1750771279.556501,9555
1750771279.657486,8595
1750771279.758894,8884
1750771279.86066,8873
1750771279.962162,9448
1750771280.068995,8811
1750771280.272992,8695
1750771280.374649,9227
1750771280.475884,8771
1750771280.577075,8814
1750771280.678624,8843
1750771280.780426,9380
1750771280.881654,8554
1750771280.983637,8932
1750771281.084343,8629
1750771281.185207,8774
1750771281.286324,8623
1750771281.387086,8912
1750771281.488753,8803
1750771281.591969,8477
1750771281.794042,8371
1750771281.895392,8554
1750771281.996134,8655
1750771282.096722,8281
1750771282.198187,8534
1750771282.299944,9041
1750771282.401591,8411
1750771282.502687,8843
1750771282.603186,8786
1750771282.704201,9008
1750771282.805074,8664
1750771283.007701,8337
1750771283.109638,8103
1750771283.210203,8452
1750771283.311727,9239
1750771283.412463,8487
1750771283.513317,8993
1750771283.614238,8947
1750771283.715561,9306
1750771283.816131,9147
1750771283.916799,8691
1750771284.021086,8534
1750771284.121886,8988
1750771284.22252,9042
1750771284.426524,8797
1750771284.528542,8792
1750771284.63019,8765
1750771284.732187,9294
1750771284.832818,8893
1750771284.93434,9022
1750771285.034941,8727
1750771285.136532,8642
1750771285.238064,8716
1750771285.339469,8747
1750771285.440265,8730
1750771285.542057,8753
1750771285.64434,9506
1750771285.850267,8827
1750771285.951819,9029
1750771286.052614,8750
1750771286.153933,8724
1750771286.254512,9176
1750771286.356092,9795
1750771286.459441,9134
1750771286.560854,8144
1750771286.662606,8697
1750771286.764001,8974
1750771286.865665,8960
1750771286.968811,8938
1750771287.070227,9110
1750771287.281917,9550
1750771287.281917,9550
1750771287.49182,9917
1750771287.593135,9011
1750771287.694394,8384
1750771287.795422,9413
1750771287.897052,8698
1750771287.998314,8473
1750771288.099689,8907
1750771288.201144,9314
1750771288.303801,8567
1750771288.406571,8485
1750771288.508947,9084
1750771288.610281,8575
1750771288.712152,8913
1750771288.91623,9192
1750771289.017749,9338
1750771289.119171,9199
1750771289.219901,8130
1750771289.32083,8639
1750771289.421904,9369
1750771289.522842,8658
1750771289.623607,9011
1750771289.725048,9098
1750771289.826525,8602
1750771289.92776,9700
1750771290.028522,9199
1750771290.230654,9066
1750771290.331645,8822
1750771290.432285,9002
1750771290.532947,8990
1750771290.633881,8827
1750771290.734496,9143
1750771290.836177,8300
1750771290.93766,8848
1750771291.038696,9026
1750771291.140012,8271
1750771291.24116,9184
1750771291.443915,9099
1750771291.544669,8366
1750771291.645179,8825
1750771291.745827,9259
1750771291.847161,9345
1750771291.948222,8905
1750771292.049877,9227
1750771292.150747,9051
1750771292.251908,8807
1750771292.354637,9130
1750771292.458837,8925
1750771292.560097,8936
1750771292.663345,8891
1750771292.866081,9002
1750771292.966923,9143
1750771293.068192,8541
1750771293.16898,9197
1750771293.270412,8587
1750771293.371541,9176
1750771293.474083,8341
1750771293.575451,9559
1750771293.676178,8577
1750771293.776836,8603
1750771293.877798,8458
1750771294.080705,8731
1750771294.181693,9308
1750771294.282461,8911
1750771294.383258,9335
1750771294.484798,9503
1750771294.585934,9205
1750771294.687443,8580
1750771294.78815,8777
1750771294.888713,8631
1750771294.989951,9018
1750771295.092272,9137
1750771295.193934,9570
1750771295.295357,8479
1750771295.499263,9013
1750771295.600742,9065
1750771295.702025,8234
1750771295.803523,8443
1750771295.905026,8856
1750771296.00654,8678
1750771296.10805,8816
1750771296.210182,9712
1750771296.311837,9453
1750771296.413663,9352
1750771296.545311,8840
1750771296.648037,8709
1750771296.749207,9261
1750771296.850195,8832
1750771296.951685,8710
1750771297.05327,9263
1750771297.260068,9106
1750771297.361367,9230
1750771297.46297,8838
1750771297.563634,8642
1750771297.664226,9364
1750771297.766152,9153
1750771297.868039,8715
1750771297.968625,9086
1750771298.069946,8833
1750771298.171671,8876
1750771298.272204,9340
1750771298.373135,8768
1750771298.474857,8936
1750771298.577582,8200
1750771298.783032,8090
1750771298.883763,8676
1750771298.984493,8716
1750771299.086221,8237
1750771299.187286,8954
1750771299.288476,9536
1750771299.390089,8650
1750771299.491596,8895
1750771299.593251,9492
1750771299.694592,8900
1750771299.795672,9071
1750771299.897453,9098
1750771300.103229,9023
1750771300.206232,8741
1750771300.307165,8896
1750771300.409068,8351
1750771300.510625,8704
1750771300.611298,8939
1750771300.713168,8962
1750771300.814639,8780
1750771300.915394,8962
1750771301.016509,9395
1750771301.117843,8674
1750771301.219641,8693
1750771301.321143,8453
1750771301.42304,8734
1750771301.626272,8923
1750771301.727461,9220
1750771301.828481,8661
1750771301.929411,8629
1750771302.030415,8989
1750771302.131809,9221
1750771302.233156,8594
1750771302.334718,8536
1750771302.436457,8452
1750771302.538061,9005
1750771302.639622,8999
1750771302.740637,8394
1750771302.943051,9124
1750771303.044161,8822
1750771303.145153,8733
1750771303.247155,8529
1750771303.34776,9154
1750771303.448917,8551
1750771303.550452,9267
1750771303.652181,9092
1750771303.753156,9447
1750771303.854762,9448
1750771303.969028,8272
1750771304.070591,9127
1750771304.172736,9036
1750771304.278396,8754
1750771304.384718,8884
1750771304.587799,8293
1750771304.689299,8758
1750771304.790083,9465
1750771304.891536,9600
1750771304.992238,9255
1750771305.092748,8735
1750771305.193283,9777
1750771305.29408,9543
1750771305.395176,9189
1750771305.49616,8436
1750771305.597957,8507
1750771305.699393,8921
1750771305.901335,8935
1750771306.002683,8604
1750771306.103639,8865
1750771306.204934,8371
1750771306.306268,8871
1750771306.407718,8920
1750771306.509326,8365
1750771306.609869,8563
1750771306.710843,8576
1750771306.811574,8468
1750771306.912757,8558
1750771307.014044,9359
1750771307.1163,9681
1750771307.320112,8779
1750771307.42114,8898
1750771307.52204,8671
1750771307.623743,8682
1750771307.724989,8642
1750771307.826525,9336
1750771307.927255,9242
1750771308.027986,7932
1750771308.128717,8279
1750771308.229689,9388
1750771308.330543,8745
1750771308.431274,8537
1750771308.533002,9191
1750771308.737966,8860
1750771308.84069,8751
1750771308.942418,9604
1750771309.043172,8743
1750771309.144508,8644
1750771309.24524,8984
1750771309.345969,8299
1750771309.447208,9117
1750771309.547938,9024
1750771309.648668,6859
1750771309.749399,1240
1750771309.852979,1969
1750771309.954153,8569
1750771310.157908,8063
1750771310.25905,8759
1750771310.36112,8807
1750771310.461802,8660
1750771310.562772,9527
1750771310.663915,8858
1750771310.765108,9210
1750771310.865814,8936
1750771310.966544,7564
1750771311.067275,8825
1750771311.168006,9153
1750771311.369981,8464
1750771311.470712,9222
1750771311.571484,8672
1750771311.67224,9160
1750771311.772846,9015
1750771311.873453,8528
1750771311.974077,9093
1750771312.07534,8966
1750771312.17619,9122
1750771312.277839,9581
1750771312.379046,9554
1750771312.480072,8413
1750771312.684518,8070
1750771312.78581,9319
1750771312.88658,9159
1750771312.987973,8432
1750771313.08913,8689
1750771313.189862,8537
1750771313.291239,9222
1750771313.392929,9115
1750771313.494019,8190
1750771313.595161,8483
1750771313.696733,8900
1750771313.798186,8989
1750771313.900234,8348
1750771314.102497,8380
1750771314.204104,8365
1750771314.305069,8805
1750771314.40615,8745
1750771314.507154,9108
1750771314.608459,8992
1750771314.709858,8461
1750771314.811535,8753
1750771314.912625,8457
1750771315.01456,9253
1750771315.11504,8608
1750771315.224385,8925
1750771315.325794,9013
1750771315.433501,9015
1750771315.63659,7992
1750771315.738214,9082
1750771315.838835,9371
1750771315.939844,8840
1750771316.040906,8648
1750771316.141823,9572
1750771316.242527,9830
1750771316.343602,8983
1750771316.445205,9547
1750771316.547132,9349
1750771316.648323,7945
1750771316.748878,8492
1750771316.853886,9942
1750771317.058071,8321
1750771317.159962,9039
1750771317.261578,8354
1750771317.362899,8744
1750771317.463613,8588
1750771317.564585,8695
1750771317.665538,8697
1750771317.766922,8551
1750771317.86812,8567
1750771317.968804,8998
1750771318.069398,8976
1750771318.170708,8557
1750771318.271617,8799
1750771318.375184,8462
1750771318.577995,9044
1750771318.679514,8717
1750771318.780886,9184
1750771318.882328,9049
1750771318.983418,7834
1750771319.084342,8709
1750771319.185942,8356
1750771319.287033,8991
1750771319.388276,8859
1750771319.489458,9240
1750771319.590266,9483
1750771319.79227,9054
1750771319.893583,8528
1750771319.995068,8720
1750771320.095935,8892
1750771320.196564,8894
1750771320.297529,8795
1750771320.398264,9410
1750771320.499295,9422
1750771320.60008,9078
1750771320.701823,8944
1750771320.803241,8775
1750771320.904722,8139
1750771321.005634,9047
1750771321.208069,9438
1750771321.309804,8148
1750771321.411039,8840
1750771321.512515,8626
1750771321.613372,9042
1750771321.714077,8718
1750771321.81518,8278
1750771321.9163,8613
1750771322.017108,9066
1750771322.118998,9019
1750771322.219945,9113
1750771322.320758,9274
1750771322.421974,8862
1750771322.627368,8269
1750771322.728459,8556
1750771322.829583,9068
1750771322.931192,9684
1750771323.03268,8838
1750771323.134032,8850
1750771323.23509,8727
1750771323.336174,8725
1750771323.43764,8170
1750771323.53915,9053
1750771323.640195,9569
1750771323.74314,9053
1750771323.946343,9277
1750771324.047126,8890
1750771324.14919,9347
1750771324.250199,9424
1750771324.351645,8497
1750771324.452889,8790
1750771324.554452,8635
1750771324.656226,9275
1750771324.757878,9011
1750771324.859617,9150
1750771324.960816,8547
1750771325.062074,8907
1750771325.162857,8602
1750771325.3676,8362
1750771325.479502,8484
1750771325.580455,9142
1750771325.681304,8953
1750771325.782257,8508
1750771325.883371,8752
1750771325.98488,9762
1750771326.08639,9151
1750771326.187158,8534
1750771326.288094,8936
1750771326.389337,8929
1750771326.492216,8382
1750771326.593238,9275
1750771326.696205,8385
1750771326.799797,9344
1750771326.902519,8829
1750771327.107541,8813
1750771327.209116,9018
1750771327.309925,8788
1750771327.41876,8001
1750771327.538443,8154
1750771327.648296,8602
1750771327.749129,8191
1750771327.849638,8317
1750771327.950334,8192
1750771328.051271,8718
1750771328.151891,9461
1750771328.25245,8770
1750771328.353188,9152
1750771328.556145,8301
1750771328.658169,9144
1750771328.759371,8932
1750771328.860367,9099
1750771328.961481,8525
1750771329.062196,9144
1750771329.163578,8739
1750771329.265082,8236
1750771329.366354,9518
1750771329.46759,8653
1750771329.56832,9153
1750771329.670049,8837
1750771329.771776,8748
1750771329.873504,8847
1750771330.082947,9230
1750771330.184114,8668
1750771330.285126,8464
1750771330.386138,9266
1750771330.487144,8920
1750771330.587779,8843
1750771330.689325,8882
1750771330.790057,8676
1750771330.891312,8957
1750771331.093098,8490
1750771331.195176,8787
1750771331.296621,8162
1750771331.410521,8972
1750771331.511082,8671
1750771331.612416,8684
1750771331.713795,8571
1750771331.815157,8642
1750771331.916712,9521
1750771332.017846,8829
1750771332.118893,8520
1750771332.220429,8361
1750771332.321401,8408
1750771332.423392,8824
1750771332.526379,8264
1750771332.627119,8904
1750771332.732656,8745
1750771332.936156,8627
1750771333.037104,8331
1750771333.139008,8802
1750771333.240297,9388
1750771333.341954,8686
1750771333.443497,8636
1750771333.544437,9124
1750771333.645745,9041
1750771333.74717,9090
1750771333.848857,9293
1750771333.949527,8473
1750771334.051174,8313
1750771334.253848,9111
1750771334.354609,8902
1750771334.455382,9040
1750771334.556305,9383
1750771334.657813,8285
1750771334.7584,8221
1750771334.859702,8380
1750771334.960813,8802
1750771335.062224,8766
1750771335.163835,9113
1750771335.264554,8568
1750771335.468711,8669
1750771335.569752,8531
1750771335.670626,8743
1750771335.772157,9041
1750771335.87372,8743
1750771335.974386,9039
1750771336.075069,8680
1750771336.175996,8758
1750771336.277498,8709
1750771336.378517,8879
1750771336.479202,9018
1750771336.580388,8934
1750771336.6814,9117
1750771336.884483,8810
1750771336.985128,8723
1750771337.086132,8989
1750771337.187281,8848
1750771337.288058,8652
1750771337.389111,8538
1750771337.490152,8461
1750771337.591263,9069
1750771337.692119,8725
1750771337.793155,8779
1750771337.893998,8875
1750771337.995173,8875
1750771338.100622,8961
1750771338.307884,7955
1750771338.40922,8762
1750771338.5106,9183
1750771338.612109,8885
1750771338.713724,9132
1750771338.814947,8831
1750771338.915534,8589
1750771339.016537,8554
1750771339.117891,9106
1750771339.218697,9285
1750771339.31992,8505
1750771339.421643,8906
1750771339.522409,8941
1750771339.728169,8676
1750771339.829355,8993
1750771339.930206,9251
1750771340.031205,8168
1750771340.131935,8656
1750771340.232734,9107
1750771340.334462,9004
1750771340.435192,7951
1750771340.535922,9172
1750771340.636653,8815
1750771340.737384,8706
1750771340.838824,8783
1750771340.944542,8575
1750771341.159965,8626
1750771341.159965,8626
1750771341.362424,8815
1750771341.463154,9520
1750771341.563885,8875
1750771341.664562,8969
1750771341.765913,8712
1750771341.866645,8686
1750771341.967374,8785
1750771342.068162,8403
1750771342.1697,9267
1750771342.271698,9157
1750771342.37626,8743
1750771342.47856,8641
1750771342.580021,8939
1750771342.685416,9402
1750771342.888668,8609
1750771342.989399,8567
1750771343.090129,8746
1750771343.19086,8746
1750771343.291592,8606
1750771343.392323,9024
1750771343.493051,8448
1750771343.593842,8572
1750771343.694361,8973
1750771343.795343,8694
1750771343.897833,9356
1750771344.101634,8156
1750771344.203194,8684
1750771344.304645,9147
1750771344.406063,8834
1750771344.507444,8936
1750771344.609392,9073
1750771344.710841,8713
1750771344.811913,8498
1750771344.912902,8624
1750771345.013767,8278
1750771345.115378,9073
1750771345.217043,9334
1750771345.317641,8857
1750771345.523085,8684
1750771345.625179,8590
1750771345.726544,8770
1750771345.827865,8843
1750771345.929042,8648
1750771346.030379,8437
1750771346.131736,8978
1750771346.232788,8569
1750771346.333747,8865
1750771346.435052,8726
1750771346.536168,8198
1750771346.63715,9090
1750771346.839866,8115
1750771346.941446,8220
1750771347.042502,9113
1750771347.143657,9233
1750771347.244836,8410
1750771347.345958,9117
1750771347.446734,8821
1750771347.54828,8360
1750771347.649033,8754
1750771347.750046,8583
1750771347.85116,8574
1750771347.952523,8622
1750771348.054389,8884
1750771348.258156,8532
1750771348.359171,8117
1750771348.460387,9198
1750771348.561571,8963
1750771348.662852,8560
1750771348.764425,9283
1750771348.866024,8366
1750771348.966782,8932
1750771349.067426,8694
1750771349.168343,8957
1750771349.269844,9300
1750771349.37112,9014
1750771349.473141,8988
1750771349.679167,8530
1750771349.780715,8557
1750771349.88226,8410
1750771349.983126,8744
1750771350.08416,9145
1750771350.185575,8982
1750771350.286854,9004
1750771350.388041,8380
1750771350.489774,8276
1750771350.59095,8648
1750771350.691681,9371
1750771350.792999,8794
1750771350.894315,9149
1750771351.098052,8735
1750771351.199186,9185
1750771351.30073,8557
1750771351.40177,9075
1750771351.503284,9506
1750771351.605176,8960
1750771351.706042,8635
1750771351.808731,8801
1750771351.910428,8997
1750771352.011226,9117
1750771352.112371,9115
1750771352.213281,9067
1750771352.314651,9154
1750771352.431402,8845
1750771352.535119,8070
1750771352.641695,9026
1750771352.846151,8897
1750771352.947597,9512
1750771353.048429,9014
1750771353.149745,9416
1750771353.251033,8549
1750771353.35178,9786
1750771353.453336,8812
1750771353.554143,8610
1750771353.654741,9344
1750771353.755304,8631
1750771353.856342,9303
1750771353.959631,8853
1750771354.164083,9095
1750771354.265885,8585
1750771354.366654,8623
1750771354.467955,8608
1750771354.568857,9345
1750771354.670297,9158
1750771354.771075,9029
1750771354.87227,9002
1750771354.973024,8833
1750771355.074547,8707
1750771355.176078,9140
1750771355.277011,8688
1750771355.480006,8974
1750771355.580954,8588
1750771355.681569,8607
1750771355.783115,8409
1750771355.884027,8750
1750771355.986105,8366
1750771356.086992,8593
1750771356.187758,9179
1750771356.288428,8711
1750771356.390021,9055
1750771356.491803,8518
1750771356.694316,8707
1750771356.7952,9020
1750771356.896174,8764
1750771356.997155,9150
1750771357.098086,9234
1750771357.199199,8891
1750771357.301032,9112
1750771357.401611,8759
1750771357.503163,8537
1750771357.604569,8727
1750771357.705512,9153
1750771357.807252,8983
1750771357.910308,8691
1750771358.115817,9560
1750771358.216958,9017
1750771358.318382,9021
1750771358.423248,9059
1750771358.530487,8779
1750771358.634931,8671
1750771358.735864,9134
1750771358.83683,8745
1750771358.937718,8563
1750771359.039027,9081
1750771359.140646,8945
1750771359.241662,8622
1750771359.343111,8536
1750771359.446603,8812
1750771359.551161,9334
1750771359.755147,9096
1750771359.85616,9147
1750771359.971024,8688
1750771360.071861,8568
1750771360.172489,9073
1750771360.273126,8098
1750771360.374532,9930
1750771360.475262,9460
1750771360.575992,9163
1750771360.676723,8368
1750771360.777819,8932
1750771360.87906,9047
1750771360.980788,8640
1750771361.081519,9440
1750771361.285589,9004
1750771361.387144,8714
1750771361.488198,9153
1750771361.589322,8277
1750771361.690356,9105
1750771361.792216,9081
1750771361.893663,9049
1750771361.994517,9062
1750771362.095184,8751
1750771362.195857,9029
1750771362.296574,8975
1750771362.397249,8313
1750771362.601917,9349
1750771362.703256,9216
1750771362.804962,9645
1750771362.906694,8611
1750771363.007684,8971
1750771363.108682,9029
1750771363.209411,8885
1750771363.310071,9298
1750771363.411092,8958
1750771363.512677,9145
1750771363.613929,9076
1750771363.715422,9616
1750771363.817075,9217
1750771363.921891,8891
1750771364.125007,8740
1750771364.22658,8732
1750771364.328143,8280
1750771364.429366,8614
1750771364.530153,8880
1750771364.631039,9674
1750771364.732136,9159
1750771364.83372,9017
1750771364.934593,8684
1750771365.035836,8188
1750771365.136425,9096
1750771365.237968,9424
1750771365.339661,8211
1750771365.542482,8766
1750771365.643083,9055
1750771365.743828,9141
1750771365.844865,9382
1750771365.945595,8805
1750771366.046749,8907
1750771366.147804,8539
1750771366.248765,8805
1750771366.34996,9120
1750771366.450568,9392
1750771366.551199,8883
1750771366.754622,8565
1750771366.855551,9045
1750771366.957118,8782
1750771367.058154,9165
1750771367.159228,8528
1750771367.260602,8552
1750771367.361345,8834
1750771367.462097,8674
1750771367.563808,8012
1750771367.664848,8649
1750771367.766082,8455
1750771367.866688,8945
1750771368.071501,9675
1750771368.173239,9072
1750771368.274027,7996
1750771368.37534,8646
1750771368.476683,8485
1750771368.578154,8731
1750771368.679279,8899
1750771368.780513,9068
1750771368.881528,9760
1750771368.982433,9305
1750771369.083924,8857
1750771369.185288,9431
1750771369.286018,8994
1750771369.391736,8692
1750771369.495639,8710
1750771369.699538,8908
1750771369.800736,8923
1750771369.901511,8573
1750771370.00249,8704
1750771370.104077,8908
1750771370.205379,8677
1750771370.306736,9264
1750771370.408186,9541
1750771370.508763,8381
1750771370.609592,8380
1750771370.711133,9119
1750771370.915417,9092
1750771371.017135,8376
1750771371.117831,8699
1750771371.219278,8694
1750771371.320678,8648
1750771371.422174,8758
1750771371.523668,8512
1750771371.624407,8963
1750771371.737942,8895
1750771371.839763,8770
1750771371.940403,8912
1750771372.041283,8822
1750771372.144428,8812
1750771372.245551,8286
1750771372.34639,8439
1750771372.449115,8945
1750771372.653567,8339
1750771372.754299,8805
1750771372.855029,8825
1750771372.955759,8646
1750771373.056491,8338
1750771373.15722,8835
1750771373.257951,9212
1750771373.358681,9311
1750771373.45992,8731
1750771373.56065,8617
1750771373.661381,9033
1750771373.863839,8513
1750771373.96457,9440
1750771374.065301,9172
1750771374.16715,9258
1750771374.268059,8948
1750771374.369569,8984
1750771374.470179,8746
1750771374.571065,8920
1750771374.672146,8458
1750771374.772807,8851
1750771374.874049,8405
1750771374.975631,9086
1750771375.076364,8835
1750771375.279817,8785
1750771375.380548,8954
1750771375.481278,8934
1750771375.583006,8640
1750771375.683896,8920
1750771375.784628,8309
1750771375.88579,8382
1750771375.986663,8961
1750771376.088104,8862
1750771376.188695,9116
1750771376.289748,9034
1750771376.493965,9260
1750771376.595177,8605
1750771376.695967,9048
1750771376.79717,9387
1750771376.898524,8297
1750771376.9993,8533
1750771377.100138,8806
1750771377.20162,9469
1750771377.303215,9085
1750771377.405101,9010
1750771377.506553,8900
1750771377.608105,8990
1750771377.709563,8161
1750771377.911751,9364
1750771378.013428,9559
1750771378.114741,8824
1750771378.215925,9220
1750771378.317086,9489
1750771378.418186,9485
1750771378.51888,9007
1750771378.619659,8970
1750771378.720836,8895
1750771378.822397,8920
1750771378.923454,8965
1750771379.024545,9308
1750771379.125382,9044
1750771379.228777,9191
1750771379.433761,8657
1750771379.535178,8854
1750771379.635857,8939
1750771379.736968,8426
1750771379.838273,8893
1750771379.939775,8738
1750771380.041121,8515
1750771380.142028,7283
1750771380.243497,9214
1750771380.34446,8062
1750771380.447374,9390
1750771380.549269,8705
1750771380.756115,8345
1750771380.858067,9112
1750771380.959166,9337
1750771381.059887,8905
1750771381.160745,8744
1750771381.2627,8287
1750771381.363775,8795
1750771381.465201,8834
1750771381.566157,8914
1750771381.66708,9145
1750771381.770159,8954
1750771381.870767,9114
1750771381.972195,8961
1750771382.176278,9101
1750771382.277126,9162
1750771382.377695,8849
1750771382.479334,9051
1750771382.580452,8940
1750771382.682098,8913
1750771382.795719,9584
1750771382.897126,8530
1750771382.998239,8624
1750771383.09981,8880
1750771383.20256,9274
1750771383.303295,8914
1750771383.405419,10026
1750771383.509209,8806
1750771383.612754,8672
1750771383.817185,8597
1750771383.91909,8439
1750771384.020145,8836
1750771384.120896,8783
1750771384.222025,8478
1750771384.322701,9138
1750771384.423687,9268
1750771384.524466,8980
1750771384.625983,9584
1750771384.727733,9188
1750771384.829175,8438
1750771384.930019,8964
1750771385.031697,9520
1750771385.238448,9566
1750771385.339168,9283
1750771385.439756,9205
1750771385.541037,8866
1750771385.643,8250
1750771385.744203,9209
1750771385.845182,8754
1750771385.946204,9334
1750771386.047227,8790
1750771386.148124,8721
1750771386.249104,8863
1750771386.350092,8753
1750771386.554539,8832
1750771386.656538,8951
1750771386.757171,8923
1750771386.858096,9026
1750771386.959096,8821
1750771387.060314,8615
1750771387.16097,8822
1750771387.262297,8497
1750771387.363271,8744
1750771387.463893,9073
1750771387.565185,8421
1750771387.666676,8769
1750771387.769227,9156
1750771387.871417,8631
1750771388.075236,8819
1750771388.176827,8947
1750771388.277861,9412
1750771388.379515,9483
1750771388.480779,8532
1750771388.582314,8519
1750771388.682897,8570
1750771388.783458,8959
1750771388.884324,8873
1750771388.985383,8895
1750771389.086614,9216
1750771389.289151,8409
1750771389.390589,9049
1750771389.494,8867
1750771389.599717,8741
1750771389.704009,8790
1750771389.805059,9005
1750771389.905716,8822
1750771390.007135,9337
1750771390.108095,8746
1750771390.209247,9055
1750771390.309846,7952
1750771390.411414,8752
1750771390.512685,8719
1750771390.715967,8534
1750771390.816939,9250
1750771390.918144,9268
1750771391.019056,8462
1750771391.120314,9075
1750771391.222055,9150
1750771391.323573,9308
1750771391.42493,8711
1750771391.526658,8965
1750771391.628386,8296
1750771391.729118,9550
1750771391.829871,9369
1750771391.931348,9755
1750771392.036069,8734
1750771392.253244,9159
1750771392.253244,9159
1750771392.45615,8900
1750771392.557737,9213
1750771392.658766,8462
1750771392.759682,9265
1750771392.86117,8680
1750771392.962726,9167
1750771393.064112,8807
1750771393.164739,8784
1750771393.266443,9005
1750771393.366874,8752
1750771393.468755,9354
1750771393.569505,7990
1750771393.674226,9197
1750771393.877458,8286
1750771393.978716,8285
1750771394.079858,9026
1750771394.181095,9097
1750771394.281908,8609
1750771394.382876,8705
1750771394.484652,8823
1750771394.586224,9156
1750771394.687167,8787
1750771394.787773,9422
1750771394.888525,9667
1750771394.98908,9208
1750771395.090312,8732
1750771395.293704,8746
1750771395.394591,9218
1750771395.495408,8927
1750771395.596908,9044
1750771395.698606,8559
1750771395.798968,8947
1750771395.899619,9051
1750771396.001142,8963
1750771396.102432,9181
1750771396.203303,8793
1750771396.304753,8694
1750771396.405494,8685
1750771396.610505,9049
1750771396.711831,8477
1750771396.812343,8596
1750771396.913539,8567
1750771397.015083,9266
1750771397.116805,9250
1750771397.217975,8559
1750771397.31907,8862
1750771397.420071,8336
1750771397.520745,8671
1750771397.621544,8859
1750771397.722508,8478
1750771397.828751,9617
1750771398.032448,8410
1750771398.133052,9095
1750771398.234706,9365
1750771398.335441,9232
1750771398.436329,8940
1750771398.537125,8889
1750771398.638722,8425
1750771398.74018,8397
1750771398.842045,9309
1750771398.943333,9290
1750771399.044101,8683
1750771399.146966,9040
1750771399.351152,9090
1750771399.452211,8678
1750771399.553123,9077
1750771399.654117,9188
1750771399.755941,8642
1750771399.857133,8508
1750771399.958543,8460
1750771400.059176,8913
1750771400.160288,8446
1750771400.261465,9073
1750771400.363169,9812
1750771400.463858,8660
1750771400.565572,8897
1750771400.767933,9632
1750771400.869164,9275
1750771400.970752,8593
1750771401.071547,8571
1750771401.173242,8446
1750771401.274502,9075
1750771401.375225,8369
1750771401.476541,8784
1750771401.57795,8914
1750771401.678974,8512
1750771401.78093,8464
1750771401.881956,8710
1750771402.085004,9792
1750771402.187849,8867
1750771402.288662,8986
1750771402.389755,9110
1750771402.490739,8852
1750771402.592005,8255
1750771402.693187,8983
1750771402.794164,8873
1750771402.907272,9168
1750771403.008868,7982
1750771403.118426,8570
1750771403.219804,9331
1750771403.320711,8919
1750771403.422297,8830
1750771403.523614,9060
1750771403.625169,8625
1750771403.830721,8383
1750771403.932339,9565
1750771404.033385,9401
1750771404.134293,8909
1750771404.23513,8478
1750771404.335861,9351
1750771404.436592,8845
1750771404.53832,9490
1750771404.63905,9053
1750771404.73978,9192
1750771404.840511,9262
1750771404.942239,8855
1750771405.144697,8532
1750771405.245427,9123
1750771405.346158,9242
1750771405.446889,8885
1750771405.54762,8934
1750771405.64835,8428
1750771405.749084,8944
1750771405.849815,9292
1750771405.951544,9426
1750771406.054268,8732
1750771406.155158,8821
1750771406.255913,8823
1750771406.358125,8951
1750771406.564814,8391
1750771406.666633,8888
1750771406.767588,9588
1750771406.868817,9631
1750771406.970262,8369
1750771407.070993,8497
1750771407.171722,8905
1750771407.27345,8699
1750771407.375179,9210
1750771407.475909,9133
1750771407.57715,9047
1750771407.678437,9448
1750771407.879875,9280
1750771407.980813,8847
1750771408.082196,8620
1750771408.1835,8686
1750771408.285001,8886
1750771408.386298,9082
1750771408.486931,8525
1750771408.588497,9058
1750771408.689249,8436
1750771408.792913,9202
1750771408.894012,9010
1750771408.995178,8372
1750771409.096113,8807
1750771409.30021,9403
1750771409.402035,8416
1750771409.503475,9641
1750771409.604429,8835
1750771409.705641,8180
1750771409.806544,8840
1750771409.907436,9108
1750771410.008275,9579
1750771410.110185,9086
1750771410.21207,9118
1750771410.313225,9401
1750771410.51496,8277
1750771410.616688,8335
1750771410.717523,9074
1750771410.818953,8833
1750771410.92077,8867
1750771411.021248,9285
1750771411.122091,9004
1750771411.222707,8726
1750771411.323474,9010
1750771411.424783,9357
1750771411.526062,9034
1750771411.627726,8803
1750771411.730685,8644
1750771411.832243,8596
1750771411.936121,8740
1750771412.155253,8966
1750771412.256977,8346
1750771412.358304,8447
1750771412.458954,8554
1750771412.560083,8098
1750771412.661194,8208
1750771412.762753,8822
1750771412.863533,8275
1750771412.965086,8734
1750771413.065698,9382
1750771413.166689,8475
1750771413.267545,8933
1750771413.368935,9409
1750771413.469944,8860
1750771413.675758,8028
1750771413.776876,8485
1750771413.878296,8854
1750771413.979042,9509
1750771414.080645,9172
1750771414.182375,8591
1750771414.283724,8633
1750771414.384682,8904
1750771414.485928,9116
1750771414.587104,8845
1750771414.790698,8604
1750771414.891745,9203
1750771414.992809,9281
1750771415.093665,8229
1750771415.195136,8751
1750771415.296957,9192
1750771415.398504,8606
1750771415.499703,8705
1750771415.600491,8572
1750771415.701491,8841
1750771415.802704,8971
1750771415.903978,8244
1750771416.005183,9110
1750771416.207484,8599
1750771416.308379,8721
1750771416.409978,9114
1750771416.510791,9036
1750771416.612278,8592
1750771416.713668,9133
1750771416.815184,8865
1750771416.916865,9421
1750771417.018314,8772
1750771417.1189,8549
1750771417.219992,8309
1750771417.422861,9443
1750771417.422861,9443
1750771417.626179,9352
1750771417.726926,9796
1750771417.8275,8550
1750771417.928192,8481
1750771418.029153,9003
1750771418.129685,9061
1750771418.231141,8870
1750771418.331791,9011
1750771418.433278,8966
1750771418.534507,9651
1750771418.635657,9747
1750771418.838367,9248
1750771418.939206,8399
1750771419.039985,8741
1750771419.141546,8654
1750771419.243164,8905
1750771419.344016,8943
1750771419.444921,9712
1750771419.546074,8452
1750771419.647098,9126
1750771419.747685,8848
1750771419.849164,8514
1750771419.951559,9684
1750771420.158427,8645
1750771420.260068,9444
1750771420.360752,8978
1750771420.461685,8976
1750771420.562701,8652
1750771420.664065,8947
1750771420.765042,9110
1750771420.866172,8701
1750771420.967193,8800
1750771421.0686,8944
1750771421.172783,9291
1750771421.274066,8856
1750771421.477263,9452
1750771421.578123,8675
1750771421.678692,8591
1750771421.77938,8739
1750771421.880067,9008
1750771421.981287,8753
1750771422.082446,8580
1750771422.18417,9191
1750771422.285907,9190
1750771422.386426,8655
1750771422.488079,9079
1750771422.593703,8340
1750771422.694987,9132
1750771422.798451,8958
1750771423.020075,9374
1750771423.121447,8404
1750771423.222962,8737
1750771423.323778,8689
1750771423.424737,8637
1750771423.526137,9220
1750771423.627519,9123
1750771423.728175,8861
1750771423.829036,9647
1750771423.930125,8754
1750771424.030959,8776
1750771424.132187,9384
1750771424.235793,9319
1750771424.337648,9081
1750771424.442055,8524
1750771424.646855,9254
1750771424.748431,9342
1750771424.849705,8932
1750771424.951108,9378
1750771425.052051,8767
1750771425.153359,9308
1750771425.254436,9586
1750771425.355136,8818
1750771425.455956,9184
1750771425.557114,9084
1750771425.657657,9160
1750771425.758526,9348
1750771425.96016,8456
1750771426.061185,9552
1750771426.162304,9296
1750771426.262849,8931
1750771426.363395,8712
1750771426.464038,8962
1750771426.564959,8491
1750771426.666299,9157
1750771426.76789,9154
1750771426.868735,8904
1750771426.970209,9421
1750771427.07568,9214
1750771427.176918,9166
1750771427.382842,8702
1750771427.483777,9015
1750771427.584866,8893
1750771427.686396,8854
1750771427.787872,9282
1750771427.888708,9034
1750771427.989381,9565
1750771428.090289,8740
1750771428.191081,8800
1750771428.292087,9306
1750771428.393265,8835
1750771428.595239,9458
1750771428.696128,8871
1750771428.797254,9453
1750771428.899312,8361
1750771429.000132,8738
1750771429.101825,8481
1750771429.203333,8452
1750771429.305714,9415
1750771429.406984,9025
1750771429.508686,8977
1750771429.610412,8198
1750771429.712522,8843
1750771429.814051,9022
1750771430.017161,9744
1750771430.118053,9108
1750771430.219435,8966
1750771430.32016,8260
1750771430.422036,8775
1750771430.52413,8744
1750771430.624733,8628
1750771430.735631,9114
1750771430.837239,8887
1750771430.937962,8597
1750771431.039003,8798
1750771431.140379,9272
1750771431.24139,9167
1750771431.45356,8830
1750771431.45356,8830
1750771431.658351,7857
1750771431.759053,8758
1750771431.860176,9028
1750771431.961196,9087
1750771432.062489,8974
1750771432.16392,8626
1750771432.265171,9244
1750771432.366432,8394
1750771432.471174,9088
1750771432.572996,9164
1750771432.675055,9131
1750771432.77726,8874
1750771432.878953,8850
1750771433.08552,8474
1750771433.187091,9038
1750771433.288623,8509
1750771433.389562,9154
1750771433.490443,8941
1750771433.591627,8677
1750771433.692871,8879
1750771433.794677,8368
1750771433.896209,8745
1750771433.997102,8623
1750771434.098001,9246
1750771434.202292,8552
1750771434.303426,9047
1750771434.510661,9446
1750771434.611263,9224
1750771434.712249,8724
1750771434.813925,9520
1750771434.914856,8689
1750771435.01647,8630
1750771435.117489,8731
1750771435.218516,8908
1750771435.31948,9478
1750771435.420457,8566
1750771435.520999,8513
1750771435.621866,9140
1750771435.724152,8857
1750771435.929448,8992
1750771436.031025,8348
1750771436.131617,8638
1750771436.232536,8105
1750771436.333304,8871
1750771436.435043,8403
1750771436.536422,9064
1750771436.637913,9005
1750771436.73887,9578
1750771436.840099,9058
1750771436.941349,9817
1750771437.043544,8787
1750771437.147141,9141
1750771437.350312,8052
1750771437.451651,8407
1750771437.552522,9051
1750771437.653154,8794
1750771437.753793,8515
1750771437.854587,8562
1750771437.955934,9146
1750771438.056565,9132
1750771438.157105,9230
1750771438.257984,9209
1750771438.359586,8710
1750771438.465118,8850
1750771438.568225,9165
1750771438.772041,8750
1750771438.876674,8935
1750771438.977962,8520
1750771439.078628,8145
1750771439.17944,9433
1750771439.280914,8337
1750771439.382477,8585
1750771439.483985,8107
1750771439.585739,8265
1750771439.686873,8651
1750771439.788369,9724
1750771439.890561,9159
1750771439.99413,9037
1750771440.11116,9006
1750771440.313738,9139
1750771440.415868,8841
1750771440.518011,8605
1750771440.6189,8544
1750771440.71971,8520
1750771440.821541,8759
1750771440.922814,9104
1750771441.02403,9000
1750771441.125316,8945
1750771441.226082,8842
1750771441.32749,9486
1750771441.431008,8249
1750771441.532357,8929
1750771441.635518,9228
1750771441.736715,8745
1750771441.942697,8668
1750771442.044135,9138
1750771442.145545,8391
1750771442.247315,8666
1750771442.348141,9035
1750771442.448742,8170
1750771442.55054,8566
1750771442.651948,9259
1750771442.752521,9137
1750771442.853181,9368
1750771442.954732,8862
1750771443.055664,9124
1750771443.257865,8800
1750771443.359377,9043
1750771443.460111,9053
1750771443.56087,8624
1750771443.662197,8566
1750771443.763397,8418
1750771443.865096,9016
1750771443.965763,9447
1750771444.068096,9840
1750771444.169351,9214
1750771444.270644,8756
1750771444.372094,9206
1750771444.476137,8717
1750771444.679613,8498
1750771444.781168,8901
1750771444.882187,8760
1750771444.983915,8345
1750771445.085164,8227
1750771445.186089,8640
1750771445.286863,8821
1750771445.388662,9194
1750771445.489706,8976
1750771445.590587,8822
1750771445.691658,8805
1750771445.793994,9097
1750771445.998172,9335
1750771446.099299,8909
1750771446.199974,9327
1750771446.30156,9095
1750771446.403018,9600
1750771446.504151,9195
1750771446.605741,8918
1750771446.707353,8768
1750771446.807948,9354
1750771446.908699,9369
1750771447.011918,8823
1750771447.112249,9378
1750771447.213723,9332
1750771447.315151,9139
1750771447.518586,9045
1750771447.619976,9409
1750771447.720707,8964
1750771447.822003,9684
1750771447.922733,8775
1750771448.023463,8259
1750771448.124194,8765
1750771448.225921,8109
1750771448.327649,9004
1750771448.429377,9289
1750771448.530108,9103
1750771448.631836,9594
1750771448.836288,9179
1750771448.937019,8299
1750771449.03775,8875
1750771449.139202,8733
1750771449.24093,8925
1750771449.341661,8448
1750771449.442391,8944
1750771449.543122,8617
1750771449.644617,8098
1750771449.756662,8916
1750771449.858817,9162
1750771449.962597,9288
1750771450.063713,8465
1750771450.166052,8988
1750771450.26813,8826
1750771450.473255,8748
1750771450.574998,8835
1750771450.67573,8825
1750771450.777457,8630
1750771450.879185,8758
1750771450.979915,8746
1750771451.080647,9669
1750771451.206311,8856
1750771451.31502,8709
1750771451.416747,9142
1750771451.517645,9712
1750771451.618455,8907
1750771451.719467,9404
1750771451.820137,9387
1750771451.92171,8644
1750771452.022589,8743
1750771452.2271,8612
1750771452.328506,8628
1750771452.429302,8889
1750771452.530847,9365
1750771452.632024,8727
1750771452.732733,8906
1750771452.833429,8510
1750771452.934245,8738
1750771453.035914,8124
1750771453.137332,8706
1750771453.238062,9063
1750771453.339612,8764
1750771453.440343,9361
1750771453.64679,8599
1750771453.747521,9579
1750771453.848251,9212
1750771453.949136,8762
1750771454.050724,8524
1750771454.151987,8660
1750771454.252894,9553
1750771454.354421,8657
1750771454.456178,8746
1750771454.557542,8444
1750771454.659179,9307
1750771454.760567,8521
1750771454.862903,8100
1750771454.964704,9410
1750771455.168386,9076
1750771455.270511,8440
1750771455.371134,9520
1750771455.472736,8641
1750771455.574052,8873
1750771455.675107,9044
1750771455.776148,7996
1750771455.877078,9204
1750771455.977977,8899
1750771456.079118,8868
1750771456.191144,8640
1750771456.394576,9108
1750771456.497067,8345
1750771456.598152,8567
1750771456.699292,7969
1750771456.801339,8829
1750771456.902907,9412
1750771457.003444,8494
1750771457.104853,8865
1750771457.206093,9225
1750771457.306871,8692
1750771457.408172,8627
1750771457.508753,8759
1750771457.611523,9265
1750771457.714735,8690
1750771457.817747,8562
1750771458.02188,9440
1750771458.123158,9261
1750771458.22413,9071
1750771458.32521,9002
1750771458.426345,8770
1750771458.526973,8705
1750771458.62845,8888
1750771458.729805,9372
1750771458.831129,8892
1750771458.931987,9181
1750771459.032686,8659
1750771459.133415,8239
1750771459.335984,8936
1750771459.437037,8589
1750771459.538135,9505
1750771459.63891,9387
1750771459.739423,9650
1750771459.840036,9948
1750771459.940647,9571
1750771460.041447,8521
1750771460.14264,8360
1750771460.2433,8851
1750771460.344887,8623
1750771460.547347,9103
1750771460.648076,9044
1750771460.748807,9024
1750771460.849537,9043
1750771460.950268,8686
1750771461.050999,9043
1750771461.151729,9391
1750771461.25246,9004
1750771461.35319,8527
1750771461.454648,8683
1750771461.555379,8785
1750771461.656109,8507
1750771461.75684,9311
1750771461.958834,9053
1750771462.059564,8835
1750771462.160295,9053
1750771462.261026,9182
1750771462.361756,8815
1750771462.462486,8547
1750771462.563217,8696
1750771462.664463,8276
1750771462.765193,8756
1750771462.865924,8855
1750771462.966654,9182
1750771463.067385,8537
1750771463.271481,8723
1750771463.372912,8587
1750771463.474187,8876
1750771463.5752,8018
1750771463.676429,8959
1750771463.777851,9218
1750771463.878481,8575
1750771463.979084,8399
1750771464.080639,8172
1750771464.181805,8975
1750771464.282332,8714
1750771464.383255,9135
1750771464.48615,9650
1750771464.692979,8697
1750771464.79374,8882
1750771464.894879,8700
1750771464.9956,9352
1750771465.096774,8391
1750771465.198172,9438
1750771465.299141,9091
1750771465.400081,9471
1750771465.501061,8437
1750771465.601684,8556
1750771465.703084,9082
1750771465.804075,9268
1750771466.008744,8634
1750771466.109284,9021
1750771466.21025,8398
1750771466.311381,8849
1750771466.412636,8799
1750771466.513721,8883
1750771466.615171,8802
1750771466.716362,8548
1750771466.817192,8787
1750771466.918665,9096
1750771467.01949,9452
1750771467.120407,8957
1750771467.322737,8715
1750771467.42453,9254
1750771467.526012,8582
1750771467.626852,8885
1750771467.728094,8859
1750771467.82921,8534
1750771467.930765,9147
1750771468.031935,9222
1750771468.133504,9077
1750771468.235264,9158
1750771468.336536,8590
1750771468.437114,8361
1750771468.53881,8830
1750771468.644195,9109
1750771468.859115,8290
1750771468.859115,8290
1750771469.06274,9058
1750771469.164183,8694
1750771469.266104,8879
1750771469.367931,8809
1750771469.468698,9298
1750771469.569997,8618
1750771469.67159,8228
1750771469.772463,9160
1750771469.874228,9030
1750771469.976119,9186
1750771470.077289,9330
1750771470.179219,8908
1750771470.382186,8804
1750771470.484011,9388
1750771470.585475,9254
1750771470.687021,8823
1750771470.788011,8941
1750771470.888564,9318
1750771470.98908,9162
1750771471.089712,8466
1750771471.191031,8507
1750771471.292717,8809
1750771471.395631,9133
1750771471.497316,9322
1750771471.602108,8464
1750771471.706821,8604
1750771471.911623,9315
1750771472.013079,9176
1750771472.114304,8545
1750771472.215177,8158
1750771472.315863,8869
1750771472.417175,9317
1750771472.51801,8994
1750771472.618625,9322
1750771472.719314,9206
1750771472.819882,8730
1750771472.921701,9274
1750771473.0224,8570
1750771473.123768,8148
1750771473.331504,8942
1750771473.432484,8932
1750771473.533517,8957
1750771473.63464,9127
1750771473.735734,9773
1750771473.837578,9102
1750771473.938579,9128
1750771474.040093,9033
1750771474.141959,8884
1750771474.242842,8901
1750771474.344188,9107
1750771474.44556,8947
1750771474.546746,9309
1750771474.753051,8937
1750771474.854567,8648
1750771474.95615,8781
1750771475.057061,9513
1750771475.158055,9347
1750771475.259523,9027
1750771475.361072,8803
1750771475.46208,8474
1750771475.563615,8922
1750771475.666087,8734
1750771475.767171,9279
1750771475.868033,9141
1750771475.970011,9384
1750771476.172543,8901
1750771476.273178,8654
1750771476.374567,9014
1750771476.476283,8897
1750771476.577684,8264
1750771476.678963,9202
1750771476.780805,9701
1750771476.882318,8708
1750771476.983951,8737
1750771477.086511,8707
1750771477.187392,8772
1750771477.390099,8677
1750771477.490968,8268
1750771477.592536,8536
1750771477.694223,9548
1750771477.809712,9472
1750771477.910443,9034
1750771478.011962,8225
1750771478.113032,8291
1750771478.214014,9783
1750771478.318971,9175
1750771478.420651,8782
1750771478.525441,8455
1750771478.6266,8629
1750771478.727113,8347
1750771478.82851,8688
1750771478.934094,8612
1750771479.139094,8566
1750771479.240079,8862
1750771479.341814,8659
1750771479.442415,9244
1750771479.544062,9041
1750771479.645297,8662
1750771479.746671,8483
1750771479.847401,8716
1750771479.94864,8227
1750771480.050368,8965
1750771480.151099,8894
1750771480.251829,8428
1750771480.35256,8190
1750771480.455499,9073
1750771480.658955,8571
1750771480.759684,8696
1750771480.860415,8994
1750771480.961145,8885
1750771481.061876,8567
1750771481.162606,9123
1750771481.264046,8813
1750771481.364775,8329
1750771481.465505,9073
1750771481.568231,8936
1750771481.673163,8862
1750771481.773837,9317
1750771481.875248,8559
1750771482.081619,9127
1750771482.191327,8306
1750771482.294051,8722
1750771482.394973,8689
1750771482.496596,8383
1750771482.597327,8299
1750771482.698058,8597
1750771482.799786,8827
1750771482.900516,9252
1750771483.001246,8746
1750771483.101978,9619
1750771483.203158,8222
1750771483.306385,9204
1750771483.509126,8540
1750771483.61021,8873
1750771483.711103,8791
1750771483.812157,8945
1750771483.913112,8835
1750771484.013677,8651
1750771484.114946,8966
1750771484.21679,9288
1750771484.317521,9163
1750771484.418253,8934
1750771484.519979,9358
1750771484.620709,8765
1750771484.722437,8306
1750771484.82616,8715
1750771485.031781,9173
1750771485.133374,8366
1750771485.234726,8731
1750771485.336174,8989
1750771485.4368,9440
1750771485.538147,9620
1750771485.639038,9317
1750771485.740899,8972
1750771485.842145,8405
1750771485.942737,8479
1750771486.044682,8484
1750771486.246652,8763
1750771486.34757,8650
1750771486.449083,9003
1750771486.550322,9146
1750771486.651627,9130
1750771486.752594,8676
1750771486.854688,9011
1750771486.955826,9215
1750771487.056866,8699
1750771487.158378,8363
1750771487.260049,9196
1750771487.361172,8267
1750771487.463046,9325
1750771487.582573,8332
1750771487.683304,8656
1750771487.786966,9270
1750771487.892824,8972
1750771487.999682,8413
1750771488.206781,9534
1750771488.307662,8921
1750771488.40891,9442
1750771488.509789,9318
1750771488.611391,8572
1750771488.712295,8810
1750771488.815621,9010
1750771488.917144,9219
1750771489.018381,8682
1750771489.119019,8853
1750771489.220621,8385
1750771489.322699,8552
1750771489.424803,8491
1750771489.6282,9080
1750771489.729926,9161
1750771489.830657,7991
1750771489.931466,8679
1750771490.032122,8901
1750771490.132838,8926
1750771490.234042,8972
1750771490.335055,8632
1750771490.43639,9404
1750771490.537174,8691
1750771490.638812,8835
1750771490.740058,8810
1750771490.94332,9638
1750771491.044768,8496
1750771491.146332,8674
1750771491.246996,8443
1750771491.348047,8965
1750771491.449168,9424
1750771491.549878,9264
1750771491.651393,8757
1750771491.752142,9558
1750771491.85379,9001
1750771491.954877,8735
1750771492.056948,8229
1750771492.260052,9069
1750771492.360653,8995
1750771492.461921,8699
1750771492.56376,9426
1750771492.66496,9031
1750771492.765851,8989
1750771492.867133,9221
1750771492.968751,9043
1750771493.070305,8960
1750771493.172003,8849
1750771493.272598,9066
1750771493.37364,9194
1750771493.476186,9778
1750771493.579324,8755
1750771493.791994,9560
1750771493.894157,9073
1750771494.006197,9407
1750771494.108504,8607
1750771494.210176,9097
1750771494.311245,8241
1750771494.412515,9301
1750771494.514132,8728
1750771494.615736,8946
1750771494.716527,9514
1750771494.817908,9054
1750771494.91871,9166
1750771495.019429,8598
1750771495.121379,8994
1750771495.222566,8894
1750771495.42571,8587
1750771495.527047,8910
1750771495.627918,8674
1750771495.72869,8901
1750771495.829983,8835
1750771495.931411,9701
1750771496.033031,9191
1750771496.134053,8898
1750771496.234852,8412
1750771496.336351,9477
1750771496.437355,9237
1750771496.640246,9128
1750771496.741697,9028
1750771496.842761,9004
1750771496.943425,9348
1750771497.044165,8854
1750771497.145394,9404
1750771497.246162,8296
1750771497.347326,8955
1750771497.448164,9014
1750771497.549431,9075
1750771497.650246,8580
1750771497.751909,8636
1750771497.852665,9091
1750771498.055178,9000
1750771498.156017,9351
1750771498.25717,8660
1750771498.358115,8737
1750771498.458992,9338
1750771498.559628,8744
1750771498.660803,8885
1750771498.762164,8198
1750771498.863428,9391
1750771498.96468,9036
1750771499.065829,8690
1750771499.16718,8672
1750771499.269138,9043
1750771499.474135,9061
1750771499.575141,8623
1750771499.67573,8827
1750771499.776321,9036
1750771499.877758,8231
1750771499.979004,9412
1750771500.08069,8978
1750771500.182247,9413
1750771500.283,8108
1750771500.383792,8929
1750771500.485063,8808
1750771500.586916,9297
1750771500.68776,9886
1750771500.892604,9200
1750771500.993856,9096
1750771501.095169,8577
1750771501.196173,9316
1750771501.297063,8990
1750771501.398293,8940
1750771501.499765,9076
1750771501.600426,9695
1750771501.702098,8861
1750771501.803392,8154
1750771501.904736,8979
1750771502.107515,8164
1750771502.209109,8425
1750771502.309956,8577
1750771502.411168,8408
1750771502.512735,9757
1750771502.613971,8771
1750771502.715176,9100
1750771502.816045,9358
1750771502.917224,8173
1750771503.018477,9145
1750771503.119735,8927
1750771503.220515,9019
1750771503.321939,8242
1750771503.52445,8515
1750771503.625528,8342
1750771503.726626,8199
1750771503.828567,8298
1750771503.92977,9169
1750771504.030402,9241
1750771504.132081,8989
1750771504.23284,8852
1750771504.333705,9259
1750771504.435047,9354
1750771504.536189,8928
1750771504.637123,9441
1750771504.839715,9098
1750771504.940472,8783
1750771505.041509,9056
1750771505.14323,8926
1750771505.245152,8653
1750771505.347027,9403
1750771505.448009,8783
1750771505.549086,9478
1750771505.65037,9389
1750771505.751676,8242
1750771505.85301,8565
1750771505.955196,8915
1750771506.056686,8404
1750771506.161136,9347
1750771506.263886,9399
1750771506.476325,9090
1750771506.577932,8375
1750771506.678882,8479
1750771506.77969,8848
1750771506.880249,8134
1750771506.98148,8920
1750771507.082668,8844
1750771507.184385,9005
1750771507.286,9378
1750771507.38707,8548
1750771507.488184,8416
1750771507.589034,8815
1750771507.794293,9378
1750771507.895097,9553
1750771507.995753,8335
1750771508.097591,9004
1750771508.19861,9235
1750771508.30001,9141
1750771508.400736,9282
1750771508.501474,9549
1750771508.602364,7731
1750771508.703446,8577
1750771508.804028,9256
1750771508.90516,9007
1750771509.006473,8666
1750771509.107393,9353
1750771509.311259,8266
1750771509.41275,9419
1750771509.514449,8416
1750771509.615849,9664
1750771509.716687,9391
1750771509.817397,9174
1750771509.91869,9586
1750771510.01942,8706
1750771510.12104,8886
1750771510.22195,8244
1750771510.322724,8593
1750771510.526177,8888
1750771510.627007,9808
1750771510.727798,9058
1750771510.828433,9211
1750771510.929807,8749
1750771511.031032,8594
1750771511.132098,8806
1750771511.233609,9279
1750771511.334211,9333
1750771511.434966,9180
1750771511.536173,8398
1750771511.639986,9383
1750771511.74425,8852
1750771511.847973,8918
1750771512.05442,8897
1750771512.156148,8945
1750771512.256879,8855
1750771512.357611,9252
1750771512.458342,8944
1750771512.559073,9053
1750771512.659803,8547
1750771512.760535,8388
1750771512.861264,9093
1750771512.961995,8478
1750771513.164453,8689
1750771513.266181,8100
1750771513.366911,8646
1750771513.467642,8031
1750771513.573867,9301
1750771513.684571,8708
1750771513.785301,8309
1750771513.886539,9532
1750771513.988217,9126
1750771514.089178,8488
1750771514.190471,8924
1750771514.291956,8907
1750771514.392889,8986
1750771514.494432,9050
1750771514.697971,9053
1750771514.7997,8483
1750771514.900468,9060
1750771515.002173,8691
1750771515.102905,8745
1750771515.204633,8286
1750771515.305255,9620
1750771515.406908,9060
1750771515.509101,9080
1750771515.611824,8576
1750771515.722528,9060
1750771515.82326,9639
1750771515.923994,8596
1750771516.126699,9209
1750771516.227637,8906
1750771516.328647,8672
1750771516.429598,8806
1750771516.532597,9349
1750771516.633719,9513
1750771516.734733,9206
1750771516.835779,8600
1750771516.936613,8915
1750771517.037112,8905
1750771517.143571,8373
1750771517.245382,8780
1750771517.346733,8781
1750771517.447532,8898
1750771517.551059,8703
1750771517.754849,9519
1750771517.856181,9217
1750771517.957927,9297
1750771518.058913,9605
1750771518.15979,9080
1750771518.261089,9299
1750771518.362166,8686
1750771518.463716,8330
1750771518.565176,8367
1750771518.666692,8402
1750771518.768118,8340
1750771518.869216,9189
1750771519.070894,8971
1750771519.171406,9551
1750771519.272283,8951
1750771519.373435,8719
1750771519.474565,8790
1750771519.57522,9189
1750771519.676079,8863
1750771519.777583,8955
1750771519.87817,8689
1750771519.979139,8636
1750771520.080295,9114
1750771520.181082,8582
1750771520.284888,9192
1750771520.489109,9199
1750771520.590655,9660
1750771520.691376,9491
1750771520.793325,9190
1750771520.894454,8859
1750771520.995827,8789
1750771521.097414,8898
1750771521.198495,8616
1750771521.299993,8768
1750771521.400528,8753
1750771521.50142,8434
1750771521.602253,8737
1750771521.805759,9058
1750771521.906418,9110
1750771522.00758,8333
1750771522.108736,9411
1750771522.209757,8998
1750771522.310606,8339
1750771522.411568,9300
1750771522.512464,8166
1750771522.613189,8657
1750771522.714097,8165
1750771522.814925,9273
1750771522.916036,8357
1750771523.017679,9198
1750771523.222637,9164
1750771523.32303,8576
1750771523.424562,8480
1750771523.525832,9222
1750771523.626596,9715
1750771523.727235,9688
1750771523.828909,8163
1750771523.930346,8705
1750771524.031069,7942
1750771524.131742,9049
1750771524.232995,8582
1750771524.333806,9175
1750771524.434461,8852
1750771524.63835,9050
1750771524.739866,9033
1750771524.84105,8983
1750771524.941833,9287
1750771525.043285,8654
1750771525.144366,9170
1750771525.245169,9573
1750771525.346749,8820
1750771525.447492,8476
1750771525.549104,9034
1750771525.651373,8692
1750771525.752744,9006
1750771525.956162,9183
1750771526.056961,8621
1750771526.157573,8726
1750771526.258416,9152
1750771526.360138,8621
1750771526.461437,9299
1750771526.56314,9409
1750771526.664232,9318
1750771526.765216,8833
1750771526.87102,9035
1750771526.972123,8911
1750771527.073387,8907
1750771527.176488,9446
1750771527.390697,8570
1750771527.390697,8570
1750771527.595027,8977
1750771527.696,8477
1750771527.797032,8373
1750771527.898287,8997
1750771527.999126,8647
1750771528.100028,8483
1750771528.20149,9422
1750771528.302242,8714
1750771528.403022,9118
1750771528.50373,9443
1750771528.60731,8607
1750771528.708221,9265
1750771528.812518,8638
1750771528.915767,9456
1750771529.120122,9061
1750771529.221525,9023
1750771529.322846,8754
1750771529.424626,9127
1750771529.525679,9262
1750771529.626923,8864
1750771529.727837,8683
1750771529.828551,8499
1750771529.929266,9045
1750771530.029852,9325
1750771530.13254,9387
1750771530.337864,9208
1750771530.438825,9082
1750771530.540068,8899
1750771530.641614,8971
1750771530.743198,9440
1750771530.844684,8937
1750771530.94644,9060
1750771531.048305,9021
1750771531.148988,10021
1750771531.249916,8590
1750771531.350834,9096
1750771531.452238,8875
1750771531.553152,8809
1750771531.755694,8905
1750771531.857027,8980
1750771531.958142,9098
1750771532.059168,8928
1750771532.160479,8794
1750771532.262081,9005
1750771532.362968,9188
1750771532.464473,8669
1750771532.56584,9135
1750771532.666706,8337
1750771532.767769,8331
1750771532.869213,8999
1750771532.97251,8315
1750771533.075457,8298
1750771533.279734,9004
1750771533.381183,9315
1750771533.482523,8348
1750771533.583357,8975
1750771533.685038,9018
1750771533.785905,8882
1750771533.886775,8843
1750771533.987612,9262
1750771534.088487,8902
1750771534.189618,9077
1750771534.291236,8866
1750771534.392587,8761
1750771534.596121,9083
1750771534.697335,8971
1750771534.799089,9090
1750771534.900966,8961
1750771535.002484,9111
1750771535.103818,8249
1750771535.205212,8767
1750771535.306666,8565
1750771535.408,8605
1750771535.509232,8445
1750771535.611104,9109
1750771535.713094,9559
1750771535.916468,8494
1750771536.01806,9528
1750771536.119417,9382
1750771536.235304,9863
1750771536.336476,8846
1750771536.437922,8319
1750771536.539292,9430
1750771536.640545,9668
1750771536.741299,8734
1750771536.842079,9396
1750771536.943494,9051
1750771537.044764,9055
1750771537.145838,8538
1750771537.248625,8889
1750771537.349793,8876
1750771537.554154,9019
1750771537.655118,9221
1750771537.756656,8233
1750771537.857671,9127
1750771537.958238,8760
1750771538.05923,9070
1750771538.159809,8918
1750771538.261387,9214
1750771538.362652,8285
1750771538.465324,8853
1750771538.566899,8643
1750771538.771825,8454
1750771538.872905,8438
1750771538.974101,9259
1750771539.075733,8274
1750771539.177202,8741
1750771539.278452,9254
1750771539.380029,9834
1750771539.481699,8399
1750771539.582648,8826
1750771539.683319,8642
1750771539.784716,8540
1750771539.886716,9166
1750771539.989299,8500
1750771540.193003,9460
1750771540.293949,8668
1750771540.395181,8910
1750771540.496039,8616
1750771540.596986,8529
1750771540.698694,9183
1750771540.800489,8929
1750771540.901144,8156
1750771541.002255,9356
1750771541.103801,8498
1750771541.205195,8965
1750771541.306994,8615
1750771541.410232,7958
1750771541.515551,8792
1750771541.721007,8634
1750771541.822551,8774
1750771541.923436,8504
1750771542.024677,9304
1750771542.126172,8749
1750771542.227007,8816
1750771542.328275,8610
1750771542.429506,8910
1750771542.530184,8859
1750771542.630755,8561
1750771542.733689,8985
1750771542.834899,9238
1750771542.938309,8954
1750771543.142879,8411
1750771543.244475,9301
1750771543.345377,8780
1750771543.446439,8638
1750771543.547637,8626
1750771543.648346,8608
1750771543.749623,8649
1750771543.851125,9349
1750771543.952726,8808
1750771544.054266,8932
1750771544.155995,8591
1750771544.358452,8807
1750771544.459184,8686
1750771544.560911,8709
1750771544.661641,8944
1750771544.762372,8934
1750771544.863103,8507
1750771544.963833,8885
1750771545.066559,8761
1750771545.16729,9192
1750771545.26802,8438
1750771545.36875,9133
1750771545.486435,9109
1750771545.595145,8957
1750771545.698867,9274
1750771545.799597,9510
1750771545.900328,8855
1750771546.001058,7971
1750771546.204529,9140
1750771546.305934,8362
1750771546.407417,9104
1750771546.509327,9263
1750771546.610758,8764
1750771546.711359,8300
1750771546.812748,8422
1750771546.913992,9057
1750771547.015556,9117
1750771547.117017,8683
1750771547.217747,9232
1750771547.419209,9232
1750771547.519939,8974
1750771547.621178,9354
1750771547.721908,8517
1750771547.82264,9421
1750771547.92337,9490
1750771548.024605,8307
1750771548.125336,8894
1750771548.226066,9947
1750771548.327253,8034
1750771548.427954,8808
1750771548.529257,9407
1750771548.630856,9045
1750771548.833023,9038
1750771548.933533,8825
1750771549.035431,8272
1750771549.13639,9092
1750771549.236951,8989
1750771549.338155,9090
1750771549.438979,8460
1750771549.539658,9217
1750771549.640896,8850
1750771549.742123,8900
1750771549.842947,9253
1750771549.944882,8485
1750771550.049595,8881
1750771550.154908,8517
1750771550.359221,8230
1750771550.460881,8321
1750771550.561684,8967
1750771550.662479,8671
1750771550.76345,8764
1750771550.864757,8587
1750771550.965945,8528
1750771551.06741,8751
1750771551.168916,8669
1750771551.270032,8841
1750771551.3714,9154
1750771551.573613,8521
1750771551.675008,8402
1750771551.7761,9189
1750771551.876992,8623
1750771551.978015,8948
1750771552.079532,8983
1750771552.180617,8804
1750771552.281368,9061
1750771552.382111,9082
1750771552.483584,8770
1750771552.584165,9156
1750771552.68504,8783
1750771552.786769,9053
1750771552.887362,8857
1750771553.090181,8677
1750771553.191689,8580
1750771553.292303,8835
1750771553.394058,9051
1750771553.495161,9267
1750771553.596208,9144
1750771553.698113,9214
1750771553.799906,8988
1750771553.901074,8688
1750771554.001969,8900
1750771554.104673,8344
1750771554.208552,8856
1750771554.309534,8981
1750771554.515874,8275
1750771554.616539,9198
1750771554.718011,9588
1750771554.8214,9219
1750771554.92204,9419
1750771555.023591,8872
1750771555.135655,8263
1750771555.237187,9021
1750771555.337968,9684
1750771555.439169,8557
1750771555.548226,8931
1750771555.648763,9031
1750771555.750038,8353
1750771555.851134,9565
1750771555.955597,8940
1750771556.06023,8630
1750771556.26376,9463
1750771556.365101,8446
1750771556.466637,8785
1750771556.567831,9121
1750771556.668835,8989
1750771556.770101,9371
1750771556.870709,9194
1750771556.972141,8429
1750771557.073526,9074
1750771557.174858,9187
1750771557.276764,9047
1750771557.47936,9208
1750771557.581387,8762
1750771557.682058,8532
1750771557.783569,9210
1750771557.884345,9466
1750771557.986004,8862
1750771558.087192,8469
1750771558.18832,9107
1750771558.288992,9833
1750771558.389901,9305
1750771558.490792,9168
1750771558.591621,8717
1750771558.69635,8622
1750771558.902316,8764
1750771559.003448,8503
1750771559.104602,9095
1750771559.205384,8900
1750771559.306521,8967
1750771559.407121,8518
1750771559.50824,8999
1750771559.609705,8791
1750771559.711285,9883
1750771559.812286,8782
1750771559.913066,8305
1750771560.014397,8279
1750771560.115832,8281
1750771560.318119,9196
1750771560.41914,9097
1750771560.520605,9175
1750771560.621228,8626
1750771560.722709,9548
1750771560.824698,8981
1750771560.926293,8789
1750771561.027835,9345
1750771561.128435,9572
1750771561.229036,9005
1750771561.330614,8279
1750771561.432017,8757
1750771561.63513,8615
1750771561.736091,9161
1750771561.837722,8835
1750771561.93843,8688
1750771562.039165,9659
1750771562.140805,8962
1750771562.241919,9296
1750771562.342595,8621
1750771562.443155,8631
1750771562.544261,8575
1750771562.645105,9271
1750771562.746645,9434
1750771562.84884,9021
1750771562.954508,8848
1750771563.15882,8990
1750771563.260035,8378
1750771563.36159,9226
1750771563.463131,9247
1750771563.563684,8910
1750771563.664635,9242
1750771563.765971,8841
1750771563.867458,8877
1750771563.967987,8246
1750771564.069077,9199
1750771564.170343,8443
1750771564.37223,8499
1750771564.473422,8221
1750771564.574542,8742
1750771564.67572,8648
1750771564.776268,8662
1750771564.877801,8913
1750771564.978963,8857
1750771565.079827,7941
1750771565.181053,9305
1750771565.281831,8513
1750771565.382865,8779
1750771565.484508,9307
1750771565.586123,8630
1750771565.687712,8869
1750771565.80468,8679
1750771565.906166,8276
1750771566.012726,8730
1750771566.217672,8287
1750771566.3187,9195
1750771566.419903,8942
1750771566.521109,9386
1750771566.622397,8757
1750771566.722916,8883
1750771566.824185,8739
1750771566.925613,8991
1750771567.027062,8891
1750771567.128786,8188
1750771567.230528,8600
1750771567.332057,9317
1750771567.537173,8590
1750771567.638427,7891
1750771567.739644,9128
1750771567.840268,9093
1750771567.941346,8636
1750771568.042673,8911
1750771568.144027,8317
1750771568.245122,8467
1750771568.34645,9257
1750771568.447755,8854
1750771568.549212,8801
1750771568.650462,8296
1750771568.754176,9015
1750771568.958149,9217
1750771569.059642,9271
1750771569.160311,9128
1750771569.261082,8970
1750771569.361905,9055
1750771569.463485,8928
1750771569.564137,8862
1750771569.664827,8600
1750771569.766313,9488
1750771569.867473,9015
1750771569.9692,9240
1750771570.069909,8926
1750771570.271711,8655
1750771570.372655,9302
1750771570.474065,9387
1750771570.574876,8758
1750771570.675651,8464
1750771570.777006,9165
1750771570.877814,8511
1750771570.978691,8673
1750771571.079641,8786
1750771571.181349,8858
1750771571.282049,8113
1750771571.382662,8676
1750771571.585581,8670
1750771571.686087,9173
1750771571.787089,8762
1750771571.888541,9137
1750771571.989947,8678
1750771572.090923,9061
1750771572.192003,8963
1750771572.293089,8834
1750771572.394049,9102
1750771572.495669,9702
1750771572.597178,8422
1750771572.698743,9166
1750771572.80104,8807
1750771573.005844,9240
1750771573.112389,8006
1750771573.213339,9103
1750771573.314177,9103
1750771573.415206,8393
1750771573.51659,9212
1750771573.618881,8845
1750771573.719483,8687
1750771573.8202,8548
1750771573.921283,8349
1750771574.022822,8558
1750771574.123865,9411
1750771574.224785,9036
1750771574.326467,8379
1750771574.53163,8988
1750771574.647,8944
1750771574.749257,8772
1750771574.850036,8900
1750771574.951311,8709
1750771575.052602,8845
1750771575.154068,8879
1750771575.255016,9480
1750771575.356389,8818
1750771575.457289,9207
1750771575.558013,8845
1750771575.659716,8269
1750771575.761047,8743
1750771575.964351,9212
1750771576.065153,9335
1750771576.166297,8650
1750771576.26729,8792
1750771576.368188,9167
1750771576.468918,9282
1750771576.569751,9124
1750771576.670508,8416
1750771576.771239,8746
1750771576.871862,8606
1750771576.973193,9789
1750771577.073924,8626
1750771577.175652,8994
1750771577.379613,9103
1750771577.482339,8498
1750771577.604015,8871
1750771577.713719,8048
1750771577.815447,8522
1750771577.917176,8837
1750771578.025885,9201
1750771578.12861,9092
1750771578.230845,9136
1750771578.331575,8984
1750771578.432305,9143
1750771578.533543,8465
1750771578.634274,8775
1750771578.736001,9201
1750771578.83657,8332
1750771578.938795,8762
1750771579.039525,8795
1750771579.143248,8522
1750771579.348698,8507
1750771579.449428,9063
1750771579.550159,8904
1750771579.650889,8924
1750771579.752618,8835
1750771579.853367,8625
1750771579.955094,9073
1750771580.055825,8646
1750771580.157553,8168
1750771580.258285,8487
1750771580.359525,8405
1750771580.462251,9014
1750771580.666704,9540
1750771580.666704,9540
1750771580.881726,8961
1750771580.983812,9021
1750771581.090754,8902
1750771581.192462,8838
1750771581.293543,8597
1750771581.395171,9249
1750771581.496606,8685
1750771581.597751,8769
1750771581.699134,9183
1750771581.800045,9552
1750771581.902282,8888
1750771582.003687,9042
1750771582.112039,9370
1750771582.215549,8897
1750771582.318117,8569
1750771582.523941,8561
1750771582.62589,8729
1750771582.73194,9288
1750771582.832754,9452
1750771582.933928,9360
1750771583.034954,8918
1750771583.136228,9173
1750771583.237633,8776
1750771583.341893,9006
1750771583.44286,8824
1750771583.546029,8452
1750771583.647119,8794
1750771583.750244,8812
1750771583.850582,8700
1750771583.954483,8912
1750771584.157123,8813
1750771584.257978,9032
1750771584.36056,8929
1750771584.462275,8553
1750771584.563913,8608
1750771584.665211,8588
1750771584.770807,8788
1750771584.872158,9343
1750771584.972902,8387
1750771585.073451,8344
1750771585.174923,9115
1750771585.275572,9428
1750771585.378349,8873
1750771585.580345,8859
1750771585.681885,10429
1750771585.782797,8770
1750771585.883551,8793
1750771585.985286,9396
1750771586.0865,9119
1750771586.188076,9313
1750771586.289344,8956
1750771586.391219,8363
1750771586.491952,8587
1750771586.593137,9299
1750771586.696166,8774
1750771586.913165,8573
1750771586.913165,8573
1750771587.116229,8045
1750771587.218141,8713
1750771587.318765,9013
1750771587.420109,8800
1750771587.521216,8545
1750771587.622746,9002
1750771587.723545,9216
1750771587.824484,9302
1750771587.926063,8348
1750771588.02732,8780
1750771588.12773,9192
1750771588.330451,9177
1750771588.431677,9019
1750771588.532777,9090
1750771588.633687,9325
1750771588.734476,9108
1750771588.835611,9541
1750771588.936256,9220
1750771589.036791,9001
1750771589.138122,9246
1750771589.241571,8709
1750771589.342246,8303
1750771589.543908,8638
1750771589.543908,8638
1750771589.748115,9143
1750771589.84888,9140
1750771589.949771,9277
1750771590.050939,8421
1750771590.152445,8620
1750771590.253543,8565
1750771590.354838,8351
1750771590.456051,9336
1750771590.557136,8863
1750771590.658269,8899
1750771590.761483,8903
1750771590.864063,9105
1750771591.068613,8986
1750771591.169082,8997
1750771591.270463,9508
1750771591.371496,8373
1750771591.472979,9430
1750771591.574108,8405
1750771591.675215,9395
1750771591.775983,8861
1750771591.877138,9272
1750771591.97817,9195
1750771592.079647,8770
1750771592.181131,9134
1750771592.386375,8906
1750771592.487911,8302
1750771592.589108,8686
1750771592.690793,8870
1750771592.792061,8472
1750771592.89262,9447
1750771592.993121,8248
1750771593.09448,8346
1750771593.196156,8832
1750771593.297547,7683
1750771593.398171,8983
1750771593.501858,8409
1750771593.604508,9001
1750771593.705655,9095
1750771593.909461,8889
1750771594.010946,9380
1750771594.112392,8773
1750771594.213355,8745
1750771594.314586,8031
1750771594.415274,9037
1750771594.516777,8738
1750771594.618002,8584
1750771594.718714,8856
1750771594.819329,9422
1750771594.922821,9064
1750771595.024717,9028
1750771595.227211,8927
1750771595.328299,9041
1750771595.428939,9399
1750771595.529673,8348
1750771595.630574,8988
1750771595.731804,9127
1750771595.832717,8849
1750771595.934099,8423
1750771596.034798,8867
1750771596.13616,8918
1750771596.237415,9441
1750771596.339472,9103
1750771596.441329,8590
1750771596.647716,1820
1750771596.749442,6655
1750771596.851112,8881
1750771596.955422,8426
1750771597.056387,9171
1750771597.17197,9721
1750771597.272817,8815
1750771597.374408,9272
1750771597.476016,9015
1750771597.577855,9456
1750771597.67921,8879
1750771597.780684,9145
1750771597.883658,9129
1750771597.98507,9190
1750771598.086428,9007
1750771598.18835,9085
1750771598.39137,8978
1750771598.492759,9182
1750771598.59428,9032
1750771598.695153,8743
1750771598.796751,8681
1750771598.898283,9130
1750771598.999507,8604
1750771599.100552,9599
1750771599.20142,8664
1750771599.303367,9014
1750771599.404534,8352
1750771599.509698,9413
1750771599.71347,8459
1750771599.815857,8672
1750771599.91721,9481
1750771600.018443,8722
1750771600.119071,8695
1750771600.219947,8217
1750771600.321671,9309
1750771600.422945,8936
1750771600.523908,8478
1750771600.625385,9312
1750771600.726233,9995
1750771600.827143,8542
1750771600.928414,8985
1750771601.132058,9079
1750771601.233077,8552
1750771601.334005,8401
1750771601.435102,9416
1750771601.536072,9022
1750771601.637806,8925
1750771601.739166,8721
1750771601.840731,9058
1750771601.941905,8015
1750771602.043297,8215
1750771602.144604,8646
1750771602.246004,9299
1750771602.449691,9421
1750771602.550264,9505
1750771602.650844,8828
1750771602.751391,8941
1750771602.851923,8862
1750771602.953135,8971
1750771603.054642,9221
1750771603.155643,8930
1750771603.256693,8896
1750771603.357789,9189
1750771603.459299,9122
1750771603.560239,8836
1750771603.76302,9389
1750771603.864727,8927
1750771603.965311,8361
1750771604.06726,9070
1750771604.168339,9101
1750771604.269115,8712
1750771604.369775,8722
1750771604.471305,8204
1750771604.572474,8579
1750771604.675754,8317
1750771604.778694,9063
1750771604.880096,9289
1750771605.081773,8534
1750771605.183375,8749
1750771605.284804,8892
1750771605.385612,8749
1750771605.487317,8731
1750771605.58835,9016
1750771605.690384,9183
1750771605.791292,8869
1750771605.892059,8762
1750771605.993293,8663
1750771606.094812,8796
1750771606.19706,8586
1750771606.301107,9053
1750771606.507518,9590
1750771606.61909,8971
1750771606.720171,9170
1750771606.820853,9276
1750771606.921626,9159
1750771607.022588,8181
1750771607.12367,8201
1750771607.224703,8957
1750771607.325553,8834
1750771607.42698,8873
1750771607.528595,8788
1750771607.629979,9419
1750771607.73163,8568
1750771607.93814,9044
1750771608.039551,8549
1750771608.141109,9649
1750771608.241946,8885
1750771608.342778,9371
1750771608.450815,8987
1750771608.555532,9284
1750771608.656877,9383
1750771608.758014,8849
1750771608.859302,9408
1750771608.960812,8501
1750771609.061709,8781
1750771609.263242,9454
1750771609.363972,9014
1750771609.464704,8646
1750771609.565434,8567
1750771609.666165,9113
1750771609.766896,9272
1750771609.86846,8162
1750771609.969191,8895
1750771610.069921,8666
1750771610.170652,8974
1750771610.272379,9132
1750771610.474354,8435
1750771610.575099,9945
1750771610.675829,9580
1750771610.77656,9371
1750771610.877292,9272
1750771610.978022,9014
1750771611.078752,9401
1750771611.179903,8650
1750771611.281129,9147
1750771611.383592,8549
1750771611.487785,9050
1750771611.589118,8822
1750771611.690823,8062
1750771611.893681,8904
1750771611.994412,8597
1750771612.095143,8865
1750771612.195972,8092
1750771612.296701,9034
1750771612.397435,8785
1750771612.498162,8289
1750771612.599311,8690
1750771612.701162,8502
1750771612.802619,8998
1750771612.903304,8164
1750771613.108862,9064
1750771613.209516,8891
1750771613.311164,9070
1750771613.412497,8378
1750771613.513293,9444
1750771613.615027,9131
1750771613.715714,8531
1750771613.817016,8272
1750771613.918643,8541
1750771614.019513,9457
1750771614.120624,8703
1750771614.323499,8977
1750771614.425044,9207
1750771614.526206,8264
1750771614.627107,8661
1750771614.728806,9075
1750771614.829632,8906
1750771614.931008,8838
1750771615.032921,8870
1750771615.134454,8686
1750771615.235386,8708
1750771615.336101,9164
1750771615.439562,8853
1750771615.54299,8450
1750771615.745771,9196
1750771615.847209,8971
1750771615.948149,8609
1750771616.049661,9013
1750771616.151077,8292
1750771616.252621,8676
1750771616.354112,8720
1750771616.455569,9521
1750771616.557713,9672
1750771616.659147,8872
1750771616.760926,9274
1750771616.861321,9143
1750771616.962188,9021
1750771617.063863,8674
1750771617.171701,8596
1750771617.288063,9303
1750771617.493348,8687
1750771617.594158,9284
1750771617.695244,8942
1750771617.796806,8832
1750771617.898386,8992
1750771617.999582,8419
1750771618.10144,9336
1750771618.203608,9190
1750771618.305028,8755
1750771618.406374,9432
1750771618.50733,9003
1750771618.609141,8358
1750771618.710121,9051
1750771618.812209,9109
1750771619.019624,8971
1750771619.120291,9218
1750771619.220929,8634
1750771619.322547,8689
1750771619.424071,9613
1750771619.525502,9336
1750771619.62713,8481
1750771619.730443,8721
1750771619.834128,8863
1750771619.938771,8090
1750771620.039268,8975
1750771620.245244,9177
1750771620.346177,8966
1750771620.44692,8546
1750771620.548274,8916
1750771620.64887,8409
1750771620.750581,8317
1750771620.851248,9029
1750771620.952353,8703
1750771621.053336,8971
1750771621.155647,8904
1750771621.256807,8442
1750771621.362813,9084
1750771621.465792,8885
1750771621.567676,9000
1750771621.772639,8603
1750771621.873158,8764
1750771621.974667,8452
1750771622.076679,8986
1750771622.177855,9350
1750771622.27961,9208
1750771622.381152,8952
1750771622.482558,8567
1750771622.583131,8988
1750771622.684096,8567
1750771622.78566,9196
1750771622.88986,8857
1750771622.990813,8598
1750771623.094125,8401
1750771623.300185,8537
1750771623.401564,8522
1750771623.502568,8464
1750771623.60374,8539
1750771623.704905,8570
1750771623.806197,8806
1750771623.907613,8716
1750771624.008676,9053
1750771624.111015,8656
1750771624.214458,9068
1750771624.315221,9219
1750771624.41603,8501
1750771624.519345,9245
1750771624.733028,9193
1750771624.733028,9193
1750771624.939405,8876
1750771625.040343,8817
1750771625.141615,8728
1750771625.242703,8665
1750771625.344038,9335
1750771625.44487,9114
1750771625.545883,9731
1750771625.646805,8580
1750771625.748846,8624
1750771625.850123,9380
1750771625.951418,8865
1750771626.053501,8747
1750771626.261545,8569
1750771626.363325,8243
1750771626.46467,8308
1750771626.565332,8235
1750771626.666185,8973
1750771626.766915,8398
1750771626.867646,9153
1750771626.968376,9143
1750771627.069107,9460
1750771627.170301,8893
1750771627.271418,9147
1750771627.372201,8304
1750771627.473427,8683
1750771627.677976,8974
1750771627.778746,9367
1750771627.879816,9033
1750771627.981351,9080
1750771628.08255,7964
1750771628.18333,9059
1750771628.284751,9120
1750771628.385341,8191
1750771628.486127,8513
1750771628.587149,8810
1750771628.688131,8724
1750771628.789004,8277
1750771628.891904,8824
1750771629.09719,8788
1750771629.198499,9086
1750771629.299638,8948
1750771629.401115,8159
1750771629.502256,9274
1750771629.603637,8660
1750771629.70505,9150
1750771629.806551,9566
1750771629.90766,9633
1750771630.009316,8695
1750771630.111131,8829
1750771630.212158,8878
1750771630.314738,8997
1750771630.518924,8604
1750771630.619599,8442
1750771630.72084,9057
1750771630.821553,9105
1750771630.922479,8788
1750771631.022994,8754
1750771631.124533,8765
1750771631.225175,9101
1750771631.326757,8662
1750771631.428114,9293
1750771631.529842,9024
1750771631.630573,8289
1750771631.833465,9219
1750771631.934944,8927
1750771632.035957,9107
1750771632.137048,8754
1750771632.237749,9245
1750771632.339157,8756
1750771632.44029,9443
1750771632.5419,8945
1750771632.643073,8865
1750771632.744109,8284
1750771632.845395,9014
1750771632.94686,8771
1750771633.048015,9213
1750771633.252114,9241
1750771633.353032,7065
1750771633.45366,8705
1750771633.554144,8677
1750771633.655184,9224
1750771633.756205,8661
1750771633.857321,9138
1750771633.957965,9538
1750771634.058911,9103
1750771634.16008,8648
1750771634.262891,9327
1750771634.363613,8866
1750771634.466115,8448
1750771634.669357,8131
1750771634.770175,8510
1750771634.87175,8805
1750771634.973153,9112
1750771635.07361,8809
1750771635.174964,9086
1750771635.275634,8771
1750771635.376563,9462
1750771635.477741,8934
1750771635.583694,9413
1750771635.684412,8796
1750771635.803385,8391
1750771635.903991,9293
1750771636.005911,8599
1750771636.108572,9127
1750771636.31053,9222
1750771636.411934,9230
1750771636.513325,8708
1750771636.614898,8378
1750771636.715673,9367
1750771636.818105,8971
1750771636.919079,8744
1750771637.019723,9300
1750771637.120719,8396
1750771637.223007,9619
1750771637.427726,9201
1750771637.528409,9197
1750771637.6298,9044
1750771637.731291,8808
1750771637.832144,9072
1750771637.933039,9078
1750771638.033876,8558
1750771638.134729,9013
1750771638.237642,8686
1750771638.340367,8946
1750771638.442508,8762
1750771638.543975,8978
1750771638.645001,8918
1750771638.847186,8332
1750771638.948556,9006
1750771639.049539,8595
1750771639.151006,8810
1750771639.251662,9547
1750771639.474677,8132
1750771639.474677,8132
1750771639.575546,8932
1750771639.67616,9173
1750771639.777248,9219
1750771639.879044,8615
1750771639.980604,8428
1750771640.183477,8737
1750771640.285244,9226
1750771640.386055,9185
1750771640.487347,8875
1750771640.587835,8229
1750771640.688752,9076
1750771640.789279,8455
1750771640.890521,8820
1750771640.992076,8625
1750771641.092838,8961
1750771641.193544,8877
1750771641.294275,8696
1750771641.49999,8773
1750771641.600622,9112
1750771641.701314,9563
1750771641.802045,8924
1750771641.902775,8626
1750771642.003506,8994
1750771642.104238,9004
1750771642.204968,8795
1750771642.306705,8777
1750771642.408423,8720
1750771642.510153,8581
1750771642.711612,8180
1750771642.812342,9520
1750771642.913074,9153
1750771643.014451,8502
1750771643.115792,9334
1750771643.217218,8893
1750771643.318522,9051
1750771643.432707,8959
1750771643.533353,8505
1750771643.634204,8636
1750771643.735832,9829
1750771643.840833,8914
1750771643.942563,8896
1750771644.046286,9043
1750771644.148013,8139
1750771644.250718,8256
1750771644.453683,8835
1750771644.554414,8845
1750771644.655057,9081
1750771644.755843,8741
1750771644.856861,8978
1750771644.958412,8094
1750771645.0595,8616
1750771645.160324,8658
1750771645.261567,8701
1750771645.363155,8536
1750771645.463569,8654
1750771645.669178,8239
1750771645.770625,9019
1750771645.871523,9068
1750771645.973077,8783
1750771646.07446,8364
1750771646.175915,8821
1750771646.277658,9366
1750771646.378871,8645
1750771646.479452,8570
1750771646.5802,9032
1750771646.682172,9071
1750771646.783053,9169
1750771646.884098,9510
1750771646.986719,8668
1750771647.189155,9275
1750771647.290347,9299
1750771647.39115,9097
1750771647.49174,8986
1750771647.593185,9374
1750771647.693952,9129
1750771647.794834,8832
1750771647.896064,8614
1750771647.997061,8475
1750771648.098153,8952
1750771648.199263,7961
1750771648.30325,9087
1750771648.508584,8553
1750771648.609662,9111
1750771648.711209,9148
1750771648.812805,9360
1750771648.913809,8969
1750771649.015425,8246
1750771649.116882,8803
1750771649.217586,9155
1750771649.318847,8680
1750771649.420103,8809
1750771649.521412,9495
1750771649.622105,9176
1750771649.723483,8640
1750771649.826395,7820
1750771650.032472,7971
1750771650.133502,8730
1750771650.235161,9059
1750771650.336652,9508
1750771650.438233,9115
1750771650.539016,9327
1750771650.639671,9070
1750771650.740521,8378
1750771650.842144,8177
1750771650.943278,8127
1750771651.043952,8055
1750771651.147037,8922
1750771651.248028,9079
1750771651.453162,9432
1750771651.554147,8674
1750771651.656346,9403
1750771651.756658,9101
1750771651.857938,9044
1750771651.959789,8109
1750771652.061201,8983
1750771652.162333,9443
1750771652.263929,8710
1750771652.365823,9352
1750771652.466522,9136
1750771652.569659,8803
1750771652.687312,9286
1750771652.791212,8796
1750771652.895565,8116
1750771653.100453,8822
1750771653.201416,8230
1750771653.302279,9141
1750771653.403014,9083
1750771653.503747,8557
1750771653.605145,9467
1750771653.706948,9312
1750771653.808453,9329
1750771653.909708,9056
1750771654.010698,9971
1750771654.111841,9096
1750771654.21258,9072
1750771654.418803,8778
1750771654.520025,9711
1750771654.620828,9612
1750771654.721555,9034
1750771654.822594,8808
1750771654.923953,8938
1750771655.025142,9091
1750771655.126175,8997
1750771655.2272,7998
1750771655.32846,8967
1750771655.429001,8583
1750771655.530594,8760
1750771655.632323,8758
1750771655.737078,9126
1750771655.939795,9169
1750771656.040477,8124
1750771656.14202,8626
1750771656.2436,8899
1750771656.345177,8840
1750771656.446021,8617
1750771656.547338,9277
1750771656.649443,9013
1750771656.749895,8879
1750771656.851384,8936
1750771656.952752,8760
1750771657.05347,8925
1750771657.255713,9018
1750771657.357174,8949
1750771657.45871,8509
1750771657.559898,9042
1750771657.660484,9245
1750771657.76127,8840
1750771657.86243,8975
1750771657.963261,8628
1750771658.063883,8059
1750771658.164674,8720
1750771658.266072,9398
1750771658.367095,8691
1750771658.570415,9558
1750771658.672261,8984
1750771658.773167,8076
1750771658.874402,8900
1750771658.976173,8548
1750771659.077031,9111
1750771659.177637,8717
1750771659.278298,9219
1750771659.378983,9534
1750771659.480012,9423
1750771659.58074,9113
1750771659.682124,9232
1750771659.783436,9140
1750771659.987002,8408
1750771660.088269,9134
1750771660.189746,8464
1750771660.290357,8925
1750771660.391529,9014
1750771660.492379,8438
1750771660.593537,8689
1750771660.694951,8795
1750771660.796617,8429
1750771660.898219,8808
1750771660.999139,8818
1750771661.100167,9175
1750771661.203823,8508
1750771661.406436,8479
1750771661.507035,8608
1750771661.608185,9055
1750771661.71088,8935
1750771661.816768,8480
1750771661.917467,8550
1750771662.019281,8869
1750771662.120104,7815
1750771662.221428,8941
1750771662.322176,8278
1750771662.423374,8626
1750771662.535546,8950
1750771662.637136,8731
1750771662.741552,9011
1750771662.945244,8805
1750771663.046124,9546
1750771663.147579,8989
1750771663.248498,8482
1750771663.349105,8736
1750771663.449902,9414
1750771663.551323,9297
1750771663.652131,9354
1750771663.753608,9627
1750771663.854737,8771
1750771663.955473,8497
1750771664.056582,8545
1750771664.159042,8588
1750771664.265015,9163
1750771664.471134,8751
1750771664.57308,8916
1750771664.674158,8943
1750771664.775177,8671
1750771664.875742,8442
1750771664.97651,8455
1750771665.07795,9286
1750771665.178972,9195
1750771665.279963,8921
1750771665.382215,8522
1750771665.4837,9055
1750771665.58595,9408
1750771665.790576,8685
1750771665.892874,7908
1750771665.994298,9001
1750771666.095031,8418
1750771666.196029,8821
1750771666.296655,9122
1750771666.398248,9095
1750771666.499264,9256
1750771666.600297,9234
1750771666.701635,9039
1750771666.8025,8962
1750771666.903175,8413
1750771667.003916,8834
1750771667.106712,8560
1750771667.310375,8523
1750771667.411997,8718
1750771667.51286,8932
1750771667.614473,8985
1750771667.715768,8203
1750771667.816468,8649
1750771667.917866,8856
1750771668.018669,9503
1750771668.12013,8574
1750771668.221262,9314
1750771668.322607,9058
1750771668.423506,8840
1750771668.626454,8687
1750771668.728099,8657
1750771668.829711,8926
1750771668.930522,8957
1750771669.031258,8894
1750771669.132845,8583
1750771669.234165,8685
1750771669.335934,8931
1750771669.436782,8428
1750771669.537772,8971
1750771669.639414,8628
1750771669.740763,9205
1750771669.944275,8940
1750771670.044832,8263
1750771670.145948,9157
1750771670.25646,8777
1750771670.368161,9349
1750771670.498114,8545
1750771670.598844,8319
1750771670.700572,8552
1750771670.802324,8972
1750771670.903024,8758
1750771671.003618,9463
1750771671.104598,8833
1750771671.205878,9133
1750771671.30701,8919
1750771671.407818,8749
1750771671.508376,8631
1750771671.609543,9143
1750771671.711133,9823
1750771671.913236,9053
1750771672.01467,8793
1750771672.11565,8793
1750771672.216459,9036
1750771672.317191,8418
1750771672.41792,8974
1750771672.51865,8875
1750771672.61938,8011
1750771672.720629,8671
1750771672.82145,9194
1750771672.922182,8825
1750771673.124967,8965
1750771673.227929,9323
1750771673.328662,9093
1750771673.429393,7932
1750771673.530636,8603
1750771673.631649,8860
1750771673.732356,8549
1750771673.833087,8686
1750771673.933817,9570
1750771674.035055,8721
1750771674.135786,9034
1750771674.236516,9222
1750771674.337246,8885
1750771674.437977,9311
1750771674.640435,9073
1750771674.741166,9103
1750771674.842403,8840
1750771674.942896,9473
1750771675.043696,8849
1750771675.14518,8533
1750771675.246175,8812
1750771675.346945,8822
1750771675.44817,8871
1750771675.549016,8884
1750771675.650271,9046
1750771675.85636,8904
1750771675.95709,8865
1750771676.057821,9450
1750771676.158551,8527
1750771676.259283,9004
1750771676.360013,9411
1750771676.460743,8567
1750771676.561488,8734
1750771676.662485,8663
1750771676.763831,8732
1750771676.864768,8975
1750771676.966014,8523
1750771677.067159,8917
1750771677.169838,8365
1750771677.373743,8675
1750771677.475176,9227
1750771677.575912,8616
1750771677.676661,8903
1750771677.777792,8929
1750771677.879007,8783
1750771677.980517,8619
1750771678.08216,9208
1750771678.1832,8303
1750771678.284925,8483
1750771678.38754,8897
1750771678.590049,8545
1750771678.69085,9166
1750771678.791831,9140
1750771678.893248,9248
1750771678.994677,8676
1750771679.096175,8758
1750771679.197454,8876
1750771679.298895,8665
1750771679.400009,8267
1750771679.500846,9222
1750771679.602136,8629
1750771679.703395,8897
1750771679.905467,8805
1750771680.006336,8991
1750771680.107145,8957
1750771680.208134,8773
1750771680.309728,8661
1750771680.411231,8827
1750771680.512443,9257
1750771680.613894,8605
1750771680.714966,9062
1750771680.815969,8742
1750771680.916961,8535
1750771681.018381,8410
1750771681.121435,8500
1750771681.241817,9087
1750771681.344849,8676
1750771681.448143,9111
1750771681.55206,9056
1750771681.655601,8827
1750771681.863945,8662
1750771681.965137,8824
1750771682.06691,8489
1750771682.168296,9153
1750771682.269091,8988
1750771682.37019,8862
1750771682.470838,8385
1750771682.572326,8621
1750771682.674028,8750
1750771682.775037,9246
1750771682.875723,8690
1750771682.977581,8394
1750771683.181783,8932
1750771683.282943,9351
1750771683.383674,9043
1750771683.484404,8329
1750771683.585134,9083
1750771683.685864,9004
1750771683.786599,8686
1750771683.887357,9140
1750771683.988932,8902
1750771684.089508,8709
1750771684.190955,8743
1750771684.291741,8771
1750771684.495852,9059
1750771684.596819,9082
1750771684.698172,9244
1750771684.800057,9010
1750771684.901135,9022
1750771685.002555,9278
1750771685.103842,9250
1750771685.205392,8675
1750771685.306176,8562
1750771685.407171,8455
1750771685.508086,8759
1750771685.608743,8454
1750771685.716354,8888
1750771685.823721,8065
1750771685.924773,8965
1750771686.131317,8674
1750771686.232584,9618
1750771686.33356,8853
1750771686.435001,8507
1750771686.535929,8818
1750771686.636743,9145
1750771686.738031,8688
1750771686.838618,8251
1750771686.939565,8975
1750771687.041234,9629
1750771687.142161,8937
1750771687.243591,8409
1750771687.347352,8933
1750771687.555079,8951
1750771687.656763,8713
1750771687.757864,8595
1750771687.859348,8296
1750771687.960764,8963
1750771688.073575,8791
1750771688.174475,8880
1750771688.277094,8439
1750771688.378009,8908
1750771688.47958,9057
1750771688.580865,9083
1750771688.682482,8020
1750771688.783399,8571
1750771688.889625,8180
1750771689.091693,8731
1750771689.192432,8665
1750771689.293972,9395
1750771689.39524,9065
1750771689.496306,9310
1750771689.598324,9247
1750771689.69956,8653
1750771689.801178,9053
1750771689.902688,8590
1750771690.003197,8735
1750771690.104137,8331
1750771690.205616,8691
1750771690.306936,8922
1750771690.511931,8798
1750771690.613705,8823
1750771690.715335,9505
1750771690.816776,9039
1750771690.918165,8570
1750771691.019316,8551
1750771691.120888,8230
1750771691.221916,8354
1750771691.322539,9381
1750771691.423272,8855
1750771691.524298,9165
1750771691.626032,8610
1750771691.8326,8863
1750771691.933332,9182
1750771692.03383,9253
1750771692.134708,9258
1750771692.235463,8843
1750771692.337002,9267
1750771692.437817,9195
1750771692.538941,9008
1750771692.640812,9001
1750771692.843244,8969
1750771692.94518,9015
1750771693.047095,9223
1750771693.148061,8666
1750771693.24908,9691
1750771693.351015,8505
1750771693.452508,9517
1750771693.553979,8790
1750771693.654785,8749
1750771693.755765,8377
1750771693.856753,9228
1750771693.957677,9333
1750771694.05907,8955
1750771694.160083,8543
1750771694.368079,8565
1750771694.468976,8830
1750771694.570514,8971
1750771694.67176,9047
1750771694.772582,8599
1750771694.873223,9558
1750771694.974107,9010
1750771695.075159,8441
1750771695.176585,9583
1750771695.277356,9119
1750771695.379189,8723
1750771695.480533,8397
1750771695.581312,9386
1750771695.784609,8949
1750771695.886039,8912
1750771695.986988,9509
1750771696.088717,8994
1750771696.190174,8772
1750771696.291531,9542
1750771696.392885,8929
1750771696.494013,9136
1750771696.595569,8773
1750771696.696639,8865
1750771696.797711,8449
1750771696.898607,8672
1750771697.001832,9271
1750771697.206183,8989
1750771697.307697,8826
1750771697.409179,8730
1750771697.509986,8729
1750771697.61178,8890
1750771697.712696,9195
1750771697.814187,8887
1750771697.927489,8517
1750771698.028272,9059
1750771698.130032,8588
1750771698.231006,8774
1750771698.333145,8819
1750771698.439616,8593
1750771698.642295,9101
1750771698.743398,8743
1750771698.845157,8510
1750771698.946002,8924
1750771699.047114,8802
1750771699.148203,9269
1750771699.249678,9056
1750771699.351045,9016
1750771699.452578,9080
1750771699.553511,8768
1750771699.655076,9137
1750771699.756772,8436
1750771699.858869,9353
1750771700.066225,8547
1750771700.1677,8770
1750771700.26938,9323
1750771700.37047,8972
1750771700.471978,9240
1750771700.573493,8146
1750771700.674817,8339
1750771700.776176,8514
1750771700.876921,8665
1750771700.978174,8246
1750771701.079342,8698
1750771701.180955,8630
1750771701.289889,8518
1750771701.394608,8800
1750771701.671829,8709
1750771701.845875,6613
1750771701.845875,6613
1750771701.970525,6016
1750771702.071249,8627
1750771702.172112,9448
1750771702.273138,9660
1750771702.373984,8726
1750771702.581662,8499
1750771702.683115,8555
1750771702.784629,8402
1750771702.885836,8497
1750771702.987117,8293
1750771703.08817,8233
1750771703.189652,8267
1750771703.291105,8683
1750771703.392833,8621
1750771703.493564,8577
1750771703.594294,9480
1750771703.696023,9790
1750771703.798748,9033
1750771704.001571,8694
1750771704.10234,8990
1750771704.203722,8680
1750771704.305181,8900
1750771704.407024,9465
1750771704.507876,9280
1750771704.609137,9055
1750771704.710145,9038
1750771704.811329,9092
1750771704.912993,8626
1750771705.014041,8985
1750771705.216834,8771
1750771705.317802,9101
1750771705.41888,8270
1750771705.52083,9200
1750771705.622132,9407
1750771705.723619,8276
1750771705.824641,8928
1750771705.92583,8617
1750771706.027627,9489
1750771706.129166,8696
1750771706.230075,8690
1750771706.331503,9336
1750771706.432306,8303
1750771706.535981,9838
1750771706.739785,8536
1750771706.840812,8670
1750771706.94251,9272
1750771707.0434,9089
1750771707.143934,8643
1750771707.245058,8791
1750771707.346527,8514
1750771707.447259,9004
1750771707.547989,8726
1750771707.64872,8666
1750771707.74945,8626
1750771707.850181,8835
1750771708.053511,8907
1750771708.154723,9208
1750771708.256015,8549
1750771708.357238,8980
1750771708.459026,9028
1750771708.55973,8807
1750771708.660514,8801
1750771708.761985,9283
1750771708.863454,9027
1750771708.964025,9276
1750771709.065167,8433
1750771709.166509,8921
1750771709.269202,8481
1750771709.474066,8335
1750771709.575188,9295
1750771709.676173,9110
1750771709.790424,8875
1750771709.891449,9175
1750771709.994745,9032
1750771710.096326,9076
1750771710.197168,9023
1750771710.298701,8755
1750771710.399988,8984
1750771710.501143,8897
1750771710.602077,8391
1750771710.703404,9247
1750771710.805554,9309
1750771710.907907,7943
1750771711.112034,9387
1750771711.213444,8717
1750771711.314434,9703
1750771711.416149,8936
1750771711.51833,8758
1750771711.619563,9443
1750771711.720251,8640
1750771711.821557,8962
1750771711.923082,8835
1750771712.02468,9330
1750771712.126224,9345
1750771712.227234,8929
1750771712.328333,9436
1750771712.534857,8653
1750771712.636052,8745
1750771712.737044,8931
1750771712.83795,9047
1750771712.939111,9549
1750771713.04031,8794
1750771713.14208,8863
1750771713.243164,8666
1750771713.344635,8494
1750771713.445707,9320
1750771713.547701,9381
1750771713.648731,9076
1750771713.750314,8879
1750771713.95719,8611
1750771714.058106,9284
1750771714.159834,9407
1750771714.261071,9087
1750771714.361801,8736
1750771714.462532,9401
1750771714.563263,8547
1750771714.663992,9282
1750771714.764723,8696
1750771714.865454,9163
1750771714.966184,8895
1750771715.069907,8426
1750771715.272747,8646
1750771715.373478,9242
1750771715.474208,9351
1750771715.574938,9460
1750771715.67567,8944
1750771715.776399,9083
1750771715.877162,8832
1750771715.978133,8863
1750771716.079356,9029
1750771716.179987,8844
1750771716.281627,8333
1750771716.382263,9589
1750771716.484672,8817
1750771716.690644,8690
1750771716.79237,8522
1750771716.894099,9063
1750771716.994829,8875
1750771717.09556,5350
1750771717.196291,2809
1750771717.29702,9044
1750771717.398749,8650
1750771717.499479,8835
1750771717.600246,8107
1750771717.701736,8562
1750771717.8033,8812
1750771717.905475,9468
1750771718.108129,9032
1750771718.20918,9381
1750771718.310552,8858
1750771718.411964,9052
1750771718.513384,8992
1750771718.614104,9064
1750771718.715117,9157
1750771718.816224,8149
1750771718.917224,8415
1750771719.018252,9334
1750771719.118933,8263
1750771719.321373,8848
1750771719.4228,8202
1750771719.524528,9261
1750771719.625158,8774
1750771719.726161,8762
1750771719.828212,3948
1750771719.929897,5821
1750771720.031481,8534
1750771720.132421,9282
1750771720.234376,8386
1750771720.335874,8305
1750771720.43669,8788
1750771720.538204,8944
1750771720.647884,8904
1750771720.865157,8917
1750771720.966544,8886
1750771721.068238,8250
1750771721.169336,9050
1750771721.270546,8931
1750771721.372432,9029
1750771721.473236,8273
1750771721.574368,8266
1750771721.675718,8307
1750771721.777039,9050
1750771721.878567,9179
1750771721.979798,8673
1750771722.080764,8785
1750771722.181273,8616
1750771722.284533,8686
1750771722.488004,8340
1750771722.588832,8291
1750771722.69,8362
1750771722.790654,8424
1750771722.892022,9075
1750771722.992953,9075
1750771723.094293,8703
1750771723.195691,8875
1750771723.296994,9091
1750771723.398371,8848
1750771723.499846,9342
1750771723.600975,8573
1750771723.705888,8947
1750771723.807549,8453
1750771724.013866,8851
1750771724.114769,8295
1750771724.216342,8319
1750771724.317328,8486
1750771724.418608,8905
1750771724.519624,8711
1750771724.621168,8981
1750771724.722245,8844
1750771724.823509,8917
1750771724.925143,8235
1750771725.026626,8582
1750771725.229046,9322
1750771725.330605,9363
1750771725.432016,9160
1750771725.533501,9154
1750771725.63495,8615
1750771725.736056,8545
1750771725.836829,8057
1750771725.938128,8924
1750771726.039232,9000
1750771726.140761,8982
1750771726.242071,9031
1750771726.343664,8484
1750771726.445125,8417
1750771726.546832,8662
1750771726.749682,8920
1750771726.851146,8860
1750771726.952294,8957
1750771727.053616,9010
1750771727.154289,8482
1750771727.255833,8823
1750771727.356466,8615
1750771727.457708,8316
1750771727.558988,9221
1750771727.660474,9380
1750771727.761068,9115
1750771727.963428,8685
1750771728.064002,8908
1750771728.164685,8581
1750771728.265867,9082
1750771728.366775,8304
1750771728.467316,8772
1750771728.56859,8541
1750771728.670136,8705
1750771728.772105,9189
1750771728.873597,8867
1750771728.974545,9143
1750771729.078608,8657
1750771729.181163,8590
1750771729.28341,8528
1750771729.488182,8847
1750771729.590026,9112
1750771729.691163,8503
1750771729.792781,8571
1750771729.893468,8511
1750771729.994364,8910
1750771730.095479,8386
1750771730.196627,8551
1750771730.298067,8596
1750771730.398693,8407
1750771730.502542,8797
1750771730.606227,8776
1750771730.723038,9221
1750771730.823829,8909
1750771730.926554,8576
1750771731.129115,8542
1750771731.230063,8311
1750771731.331895,8533
1750771731.433538,9356
1750771731.534949,8273
1750771731.635649,9205
1750771731.736263,8428
1750771731.837013,9161
1750771731.939324,8386
1750771732.041982,8854
1750771732.142826,8418
1750771732.259587,8909
1750771732.388241,7285
1750771732.494043,8563
1750771732.594843,8759
1750771732.695643,8759
1750771732.796523,8931
1750771732.999072,9038
1750771733.100421,8080
1750771733.201414,8792
1750771733.302432,8810
1750771733.403954,8569
1750771733.504858,9246
1750771733.606276,9052
1750771733.707418,7929
1750771733.809113,8712
1750771733.910209,9397
1750771734.012016,9007
1750771734.113158,8374
1750771734.214042,8831
1750771734.416468,8827
1750771734.517198,8855
1750771734.632889,8505
1750771734.734647,8903
1750771734.835348,9185
1750771734.936079,9103
1750771735.036868,9108
1750771735.13798,9247
1750771735.23911,8711
1750771735.341031,9065
1750771735.442499,8968
1750771735.54404,8498
1750771735.645154,8564
1750771735.747218,8641
1750771735.948988,9105
1750771736.049546,9009
1750771736.150701,8877
1750771736.251267,8989
1750771736.352231,8468
1750771736.45321,8754
1750771736.554746,8519
1750771736.656094,9176
1750771736.757592,9093
1750771736.859024,9208
1750771736.960458,9444
1750771737.061173,9035
1750771737.162157,8417
1750771737.370775,8707
1750771737.471766,9218
1750771737.572398,8963
1750771737.673137,8368
1750771737.773931,9008
1750771737.874637,9274
1750771737.975178,8991
1750771738.077047,9325
1750771738.177899,8924
1750771738.279434,8223
1750771738.380421,8931
1750771738.481439,8721
1750771738.582966,8322
1750771738.78543,8819
1750771738.887433,8460
1750771738.98838,8370
1750771739.089874,8562
1750771739.191098,8871
1750771739.292713,8778
1750771739.393463,8793
1750771739.494857,8856
1750771739.596049,8775
1750771739.697586,8834
1750771739.79911,9475
1750771740.001867,8877
1750771740.102813,8360
1750771740.203673,8308
1750771740.304556,8276
1750771740.40543,8446
1750771740.505973,8603
1750771740.607174,9150
1750771740.708696,8333
1750771740.809618,8927
1750771740.910706,9091
1750771741.012022,8784
1750771741.114126,8530
1750771741.21782,8780
1750771741.421399,8799
1750771741.522977,8328
1750771741.623981,8514
1750771741.725157,8588
1750771741.825966,8600
1750771741.927487,8678
1750771742.028769,9369
1750771742.129725,8548
1750771742.230667,8589
1750771742.33166,8224
1750771742.432887,8979
1750771742.53721,9345
1750771742.740166,9151
1750771742.841462,8924
1750771742.942652,8508
1750771743.043289,8952
1750771743.144315,8770
1750771743.245122,8362
1750771743.34616,9501
1750771743.447297,9383
1750771743.548523,8920
1750771743.649939,8539
1750771743.751393,9196
1750771743.852804,8855
1750771744.05517,8254
1750771744.156139,9032
1750771744.256883,9608
1750771744.357787,9206
1750771744.458434,9081
1750771744.560088,9227
1750771744.662337,8978
1750771744.763515,8885
1750771744.865001,8543
1750771744.965721,9273
1750771745.067797,9120
1750771745.170858,8271
1750771745.271722,8863
1750771745.390532,8895
1750771745.594303,8765
1750771745.695314,8781
1750771745.79707,8459
1750771745.897743,8194
1750771745.998961,9000
1750771746.10017,9040
1750771746.201056,8484
1750771746.30263,8427
1750771746.403344,8846
1750771746.504668,9129
1750771746.605913,8879
1750771746.707404,8641
1750771746.808309,8800
1750771746.909142,8965
1750771747.112404,8650
1750771747.212909,8974
1750771747.314081,8579
1750771747.414803,8657
1750771747.516043,8257
1750771747.617761,8513
1750771747.718891,9087
1750771747.820214,9366
1750771747.921879,9295
1750771748.023383,9339
1750771748.123908,8863
1750771748.225138,8979
1750771748.327322,8827
1750771748.532106,8317
1750771748.633027,9056
1750771748.734475,8989
1750771748.836036,8822
1750771748.93743,9024
1750771749.038556,9354
1750771749.139937,9114
1750771749.240861,8699
1750771749.341666,9295
1750771749.442431,8643
1750771749.543799,8424
1750771749.646924,8116
1750771749.84866,9189
1750771749.949762,9534
1750771750.051123,8741
1750771750.152671,9305
1750771750.25327,8489
1750771750.354534,9085
1750771750.455973,9049
1750771750.556931,8577
1750771750.657814,9228
1750771750.759053,8988
1750771750.860535,9223
1750771750.961937,8737
1750771751.063833,8862
1750771751.272825,8594
1750771751.373885,8598
1750771751.474577,8362
1750771751.57535,9278
1750771751.676966,9034
1750771751.778013,9708
1750771751.878516,8537
1750771751.979117,8419
1750771752.080231,8930
1750771752.180784,8642
1750771752.281337,8910
1750771752.483729,8919
1750771752.58555,8613
1750771752.686774,8693
1750771752.787985,9406
1750771752.889507,8382
1750771752.990801,9200
1750771753.091628,9451
1750771753.193188,8970
1750771753.294225,8828
1750771753.394855,8893
1750771753.496723,8511
1750771753.598042,8833
1750771753.69907,8690
1750771753.801245,9327
1750771753.906194,8718
1750771754.109948,8623
1750771754.211511,8950
1750771754.312705,8982
1750771754.414657,8602
1750771754.516198,8912
1750771754.617264,9399
1750771754.717978,8807
1750771754.819119,9175
1750771754.921655,8016
1750771755.023021,8750
1750771755.124547,8687
1750771755.326748,8705
1750771755.427396,9130
1750771755.528924,8381
1750771755.629945,9186
1750771755.732018,9003
1750771755.833724,8817
1750771755.935182,8574
1750771756.036671,9272
1750771756.13752,8676
1750771756.238805,9537
1750771756.340528,8228
1750771756.454992,8020
1750771756.55681,8947
1750771756.658485,8701
1750771756.759881,8530
1750771756.964013,8338
1750771757.065176,8708
1750771757.166624,8595
1750771757.267588,8141
1750771757.368086,9054
1750771757.469085,8277
1750771757.570261,8984
1750771757.671063,8720
1750771757.772022,9053
1750771757.872619,8986
1750771757.974108,8946
1750771758.077433,8855
1750771758.178261,9094
1750771758.383692,8828
1750771758.485137,8418
1750771758.586075,8767
1750771758.6868,9252
1750771758.78841,8886
1750771758.890013,9143
1750771758.991348,8378
1750771759.09235,8801
1750771759.193048,9235
1750771759.29473,9008
1750771759.395774,8501
1750771759.496835,8667
1750771759.698771,8885
1750771759.79954,9754
1750771759.900315,8523
1750771760.001142,8737
1750771760.102578,8803
1750771760.203223,8594
1750771760.304832,8217
1750771760.406174,8969
1750771760.507749,9145
1750771760.608788,9263
1750771760.710319,9199
1750771760.811848,8805
1750771760.913446,8858
1750771761.019113,9217
1750771761.124358,8899
1750771761.328861,8588
1750771761.430392,9179
1750771761.531599,9525
1750771761.632473,8832
1750771761.734214,8561
1750771761.835355,8789
1750771761.936667,8824
1750771762.038406,8531
1750771762.13928,8624
1750771762.240333,8846
1750771762.341805,9322
1750771762.544026,9008
1750771762.644739,8916
1750771762.745595,8933
1750771762.847104,8679
1750771762.94864,9090
1750771763.050412,8833
1750771763.158125,8561
1750771763.259852,8689
1750771763.361473,8758
1750771763.46237,8612
1750771763.563388,8998
1750771763.664494,8921
1750771763.765733,8504
1750771763.867336,8867
1750771764.070917,8632
1750771764.172876,9386
1750771764.274639,8903
1750771764.375535,9138
1750771764.476817,8629
1750771764.578261,8507
1750771764.679064,8581
1750771764.779955,8623
1750771764.880713,8813
1750771764.982188,8790
1750771765.085084,8668
1750771765.186812,9073
1750771765.390267,8732
1750771765.503963,9093
1750771765.604694,8438
1750771765.705425,8537
1750771765.806155,8855
1750771765.907742,8692
1750771766.008428,8799
1750771766.111058,8710
1750771766.212778,8621
1750771766.31338,8846
1750771766.414157,9109
1750771766.516201,8457
1750771766.720162,8877
1750771766.820909,8556
1750771766.921619,8658
1750771767.022877,8582
1750771767.123661,9396
1750771767.22519,9484
1750771767.326529,9838
1750771767.428268,8610
1750771767.528783,8038
1750771767.630266,8247
1750771767.730896,8516
1750771767.831841,8261
1750771767.932622,9029
1750771768.03367,9163
1750771768.13759,8663
1750771768.341411,9535
1750771768.442112,8927
1750771768.543598,8414
1750771768.644967,8404
1750771768.746008,8155
1750771768.847811,8418
1750771768.949428,8492
1750771769.050069,9250
1750771769.150999,8728
1750771769.251766,8782
1750771769.352497,8646
1750771769.553958,8706
1750771769.654689,8408
1750771769.756416,8424
1750771769.857146,8537
1750771769.957877,9163
1750771770.058607,9113
1750771770.159338,9381
1750771770.26007,8904
1750771770.360799,8795
1750771770.462527,8758
1750771770.563257,8865
1750771770.664007,9141
1750771770.766753,9479
1750771770.871473,9110
1750771771.081132,8614
1750771771.181967,9579
1750771771.283355,8936
1750771771.384054,9304
1750771771.484962,8988
1750771771.586149,9042
1750771771.686889,8983
1750771771.788169,8787
1750771771.889446,9143
1750771771.990416,9279
1750771772.091145,8766
1750771772.197861,8011
1750771772.401831,8583
1750771772.502561,9391
1750771772.603207,8972
1750771772.704213,9128
1750771772.805825,9073
1750771772.906441,8686
1750771773.008011,9097
1750771773.109333,8892
1750771773.210244,8799
1750771773.311507,9470
1750771773.412275,8742
1750771773.512908,8873
1750771773.61544,8533
1750771773.819921,9351
1750771773.922054,8508
1750771774.02371,8489
1750771774.125153,8201
1750771774.226255,9366
1750771774.327948,8378
1750771774.429036,8685
1750771774.530668,8294
1750771774.631983,9347
1750771774.733002,9067
1750771774.833984,9506
1750771774.935633,8470
1750771775.037217,8859
1750771775.139823,9063
1750771775.360552,9016
1750771775.462099,9345
1750771775.56284,9023
1750771775.664194,8909
1750771775.765889,9233
1750771775.867179,9102
1750771775.968233,8292
1750771776.069686,8792
1750771776.170877,8864
1750771776.271825,8697
1750771776.3728,8526
1750771776.473496,9056
1750771776.578031,8800
1750771776.679126,8981
1750771776.781001,9100
1750771776.983283,9269
1750771777.085077,8507
1750771777.186473,9329
1750771777.287605,9205
1750771777.388447,9073
1750771777.490138,8653
1750771777.591951,8495
1750771777.693718,8824
1750771777.794897,9448
1750771777.896174,8323
1750771777.99717,8792
1750771778.200407,9547
1750771778.302166,8490
1750771778.403874,9281
1750771778.50511,8376
1750771778.606178,8637
1750771778.707346,8184
1750771778.808378,8541
1750771778.909918,9030
1750771779.011282,8809
1750771779.112724,8812
1750771779.213313,9136
1750771779.314467,8956
1750771779.415877,8766
1750771779.622186,8571
1750771779.72336,8994
1750771779.824446,8992
1750771779.926075,8777
1750771780.026801,8786
1750771780.127528,8805
1750771780.228844,8567
1750771780.330135,9181
1750771780.430986,8715
1750771780.532745,8775
1750771780.634257,8570
1750771780.735564,9061
1750771780.837171,9428
1750771781.042184,8817
1750771781.1446,9090
1750771781.245803,8972
1750771781.347364,8605
1750771781.44847,8634
1750771781.549969,8798
1750771781.650982,9107
1750771781.752663,9529
1750771781.85347,8481
1750771781.95488,8756
1750771782.055847,8725
1750771782.156982,8819
1750771782.258111,9018
1750771782.460906,9505
1750771782.562862,8905
1750771782.6639,8590
1750771782.765689,9342
1750771782.866858,9281
1750771782.968638,8675
1750771783.0704,9247
1750771783.172014,9221
1750771783.274027,8969
1750771783.375028,8782
1750771783.476577,8902
1750771783.578341,8804
1750771783.679946,8985
1750771783.780946,9069
1750771783.988168,8806
1750771784.089776,9438
1750771784.204744,8645
1750771784.306173,8823
1750771784.4069,8885
1750771784.507725,8648
1750771784.609191,8653
1750771784.710958,9089
1750771784.81191,9083
1750771784.913438,9032
1750771785.014645,8863
1750771785.115878,8574
1750771785.217427,9069
1750771785.319139,8347
1750771785.522816,9286
1750771785.624313,8946
1750771785.725193,9268
1750771785.82656,9579
1750771785.928427,8491
1750771786.029493,9726
1750771786.130883,9290
1750771786.232507,9141
1750771786.333435,8897
1750771786.434371,9085
1750771786.53585,8533
1750771786.63767,8436
1750771786.844096,9134
1750771786.945026,8510
1750771787.045887,9230
1750771787.147914,8772
1750771787.248777,8397
1750771787.349612,9242
1750771787.45115,8312
1750771787.552048,9009
1750771787.653415,8927
1750771787.755121,8937
1750771787.856483,8514
1750771787.957101,9680
1750771788.05779,9613
1750771788.26032,8505
1750771788.360992,9039
1750771788.46198,9139
1750771788.56283,8339
1750771788.663854,8710
1750771788.766049,9315
1750771788.867173,8079
1750771788.96849,8626
1750771789.069165,8562
1750771789.170149,9199
1750771789.271144,8445
1750771789.37185,8996
1750771789.472402,8682
1750771789.574514,8422
1750771789.779067,8320
1750771789.879692,8109
1750771789.981074,8837
1750771790.082452,8177
1750771790.183154,8073
1750771790.284616,9294
1750771790.386023,8894
1750771790.488731,8110
1750771790.590168,8714
1750771790.691114,9044
1750771790.792583,8830
1750771790.897049,9450
1750771791.100929,9274
1750771791.20166,8736
1750771791.302311,8286
1750771791.403201,9039
1750771791.504734,8667
1750771791.606002,8867
1750771791.707665,8557
1750771791.80917,8994
1750771791.910455,8846
1750771792.013038,8800
1750771792.113795,8962
1750771792.214971,9359
1750771792.31646,9084
1750771792.420725,8975
1750771792.624325,9333
1750771792.725152,8470
1750771792.826275,8662
1750771792.927389,9197
1750771793.028715,8714
1750771793.130327,8699
1750771793.231477,8917
1750771793.332742,8838
1750771793.433563,8579
1750771793.534401,9073
1750771793.635063,8821
1750771793.736448,8719
1750771793.939902,9014
1750771794.042045,8732
1750771794.143028,8645
1750771794.244423,8550
1750771794.345888,8584
1750771794.461245,9197
1750771794.562748,8728
1750771794.69391,8881
1750771794.794639,9183
1750771794.895179,8693
1750771794.996023,9271
1750771795.096741,8459
1750771795.198251,8649
1750771795.299505,8918
1750771795.400296,8463
1750771795.501426,8424
1750771795.603943,9227
1750771795.708183,8969
1750771795.912279,8157
1750771796.013445,9439
1750771796.114114,9764
1750771796.215197,8626
1750771796.316798,9468
1750771796.417415,8756
1750771796.519016,8927
1750771796.619747,8746
1750771796.720479,8368
1750771796.822205,8159
1750771796.922935,8597
1750771797.023666,8825
1750771797.226124,8607
1750771797.327852,8453
1750771797.429197,8614
1750771797.529872,8611
1750771797.631385,8816
1750771797.732581,8943
1750771797.834192,8680
1750771797.935896,9026
1750771798.037235,8861
1750771798.138288,9430
1750771798.239853,8152
1750771798.341705,8815
1750771798.442629,8897
1750771798.545837,9001
1750771798.750036,8551
1750771798.851554,8225
1750771798.953024,8790
1750771799.053935,8938
1750771799.155386,9024
1750771799.256167,8999
1750771799.357172,8920
1750771799.458882,8406
1750771799.559445,9675
1750771799.660293,9925
1750771799.762116,8868
1750771799.867146,9220
1750771800.069831,8560
1750771800.171027,9555
1750771800.272542,8609
1750771800.373767,8416
1750771800.474716,8826
1750771800.575954,8978
1750771800.680674,8954
1750771800.781437,8604
1750771800.89058,9483
1750771800.992364,9313
1750771801.09429,8712
1750771801.195803,9190
1750771801.29853,9208
1750771801.400255,8827
1750771801.501984,9033
1750771801.606703,8397
1750771801.809162,9427
1750771801.909892,9232
1750771802.010623,8795
1750771802.111353,8656
1750771802.212084,8765
1750771802.312814,8914
1750771802.414542,8964
1750771802.515272,8785
1750771802.616003,9331
1750771802.716733,8666
1750771802.817464,9123
1750771802.924696,8933
1750771803.028003,9399
1750771803.232926,8641
1750771803.333748,8619
1750771803.435189,8773
1750771803.535874,9018
1750771803.637251,8700
1750771803.739045,8301
1750771803.84071,9413
1750771803.941441,9192
1750771804.042176,8844
1750771804.142906,9044
1750771804.243647,9003
1750771804.344377,9212
1750771804.54684,8795
1750771804.647495,8802
1750771804.748345,9350
1750771804.849584,8514
1750771804.950164,8729
1750771805.050805,9290
1750771805.151589,9009
1750771805.253016,9455
1750771805.354431,8795
1750771805.455629,8735
1750771805.557238,8985
1750771805.76177,8188
1750771805.863412,8608
1750771805.964085,8979
1750771806.064797,8678
1750771806.166036,9067
1750771806.267267,9335
1750771806.368015,9379
1750771806.469594,8535
1750771806.570146,7995
1750771806.671984,8758
1750771806.772852,8982
1750771806.874089,9008
1750771806.975382,9309
1750771807.077619,9125
1750771807.280783,9162
1750771807.381452,8940
1750771807.482984,8312
1750771807.584045,7787
1750771807.685817,9010
1750771807.787033,9247
1750771807.88779,8962
1750771807.989125,9059
1750771808.090464,8742
1750771808.192034,9225
1750771808.293381,8979
1750771808.497064,9025
1750771808.599165,9843
1750771808.700362,9348
1750771808.801033,8542
1750771808.902518,8838
1750771809.00416,8785
1750771809.105178,8582
1750771809.206134,8904
1750771809.307224,8645
1750771809.407768,8712
1750771809.508566,2063
1750771809.609577,5682
1750771809.711083,9083
1750771809.914328,8303
1750771810.015153,8351
1750771810.115936,8979
1750771810.217019,8220
1750771810.317943,9234
1750771810.419456,8816
1750771810.521451,8823
1750771810.622143,8967
1750771810.723304,9351
1750771810.824994,8791
1750771810.926112,8860
1750771811.027132,8730
1750771811.230608,8992
1750771811.332491,8372
1750771811.434146,8332
1750771811.535542,8925
1750771811.636221,8720
1750771811.737106,8792
1750771811.838165,9162
1750771811.938763,8270
1750771812.03947,7923
1750771812.1403,9183
1750771812.241064,8911
1750771812.34218,9741
1750771812.544078,9355
1750771812.645468,8265
1750771812.746535,8639
1750771812.847326,9008
1750771812.948461,8948
1750771813.049119,8543
1750771813.150784,9560
1750771813.251988,9288
1750771813.353277,8599
1750771813.455094,8358
1750771813.556734,8982
1750771813.657672,9114
1750771813.758774,8990
1750771813.86213,8829
1750771813.965286,8627
1750771814.183979,8549
1750771814.285404,8469
1750771814.3869,8739
1750771814.488298,8856
1750771814.589379,8883
1750771814.691133,9414
1750771814.791969,8975
1750771814.89328,8607
1750771814.994664,8906
1750771815.096176,9003
1750771815.197375,8162
1750771815.298915,8380
1750771815.399708,8651
1750771815.503074,8532
1750771815.705762,1159
1750771815.806506,4436
1750771815.907626,8613
1750771816.008411,9545
1750771816.109925,8343
1750771816.2111,5090
1750771816.311778,6188
1750771816.41258,9523
1750771816.513966,8689
1750771816.615179,8684
1750771816.716971,9106
1750771816.817751,9208
1750771816.922939,8784
1750771817.125521,8186
1750771817.226467,9014
1750771817.327144,8810
1750771817.427946,9533
1750771817.528705,9527
1750771817.630322,8876
1750771817.731704,8749
1750771817.832727,8538
1750771817.934052,8744
1750771818.035048,8970
1750771818.136478,9168
1750771818.338764,1892
1750771818.439839,1622
1750771818.540828,4248
1750771818.641866,8897
1750771818.742455,8271
1750771818.842988,8832
1750771818.944665,8359
1750771819.046845,8807
1750771819.147975,9502
1750771819.249271,8904
1750771819.350561,8924
1750771819.451397,8756
1750771819.552783,8640
1750771819.755761,8775
1750771819.856465,8946
1750771819.957174,8886
1750771820.058603,9188
1750771820.159334,9341
1750771820.261569,8773
1750771820.366797,9114
1750771820.467527,8289
1750771820.568765,8949
1750771820.671349,8780
1750771820.771825,8559
1750771820.872543,8598
1750771821.075623,9233
1750771821.176889,8976
1750771821.27794,8609
1750771821.379175,8465
1750771821.480164,8882
1750771821.580929,8772
1750771821.681592,8692
1750771821.782663,8409
1750771821.88406,8668
1750771821.985853,8419
1750771822.087287,9000
1750771822.187988,8560
1750771822.288695,9204
1750771822.392746,8909
1750771822.596175,8644
1750771822.697202,7829
1750771822.798192,9149
1750771822.899559,9066
1750771823.002303,9327
1750771823.109018,9277
1750771823.210745,9191
1750771823.314468,8831
1750771823.417734,8442
1750771823.519463,8542
1750771823.700978,8666
1750771823.700978,8666
1750771823.820658,7862
1750771824.026063,8366
1750771824.126793,9242
1750771824.227524,8676
1750771824.32933,8516
1750771824.430269,9659
1750771824.530931,9338
1750771824.631668,9013
1750771824.732505,8518
1750771824.833703,8794
1750771824.935029,8517
1750771825.036166,8967
1750771825.137005,8201
1750771825.240138,8804
1750771825.344518,8373
1750771825.451735,8764
1750771825.671312,8669
1750771825.773114,8801
1750771825.873701,8042
1750771825.975123,9327
1750771826.076229,8931
1750771826.177455,8288
1750771826.278013,8771
1750771826.378605,8549
1750771826.480058,9423
1750771826.584779,8532
1750771826.703969,8238
1750771826.805361,8550
1750771826.907818,8530
1750771827.008759,8757
1750771827.109956,9091
1750771827.211919,8933
1750771827.41437,8898
1750771827.516174,8251
1750771827.618173,8931
1750771827.720144,9002
1750771827.821384,8642
1750771827.923223,8464
1750771828.023878,8444
1750771828.124882,8385
1750771828.226063,8667
1750771828.327768,8416
1750771828.429182,9111
1750771828.529931,9111
1750771828.633623,9387
1750771828.837078,8907
1750771828.937809,9440
1750771829.04004,9263
1750771829.141368,8882
1750771829.2431,9103
1750771829.344302,9100
1750771829.447547,8958
1750771829.548523,9408
1750771829.649462,9213
1750771829.75083,8059
1750771829.851957,9097
1750771829.952544,9166
1750771830.056579,8763
1750771830.261256,8845
1750771830.362703,8861
1750771830.471156,8785
1750771830.572053,8682
1750771830.674373,9245
1750771830.775274,8711
1750771830.87763,8802
1750771830.979131,8620
1750771831.080999,8560
1750771831.182039,9283
1750771831.286767,7734
1750771831.38815,8699
1750771831.489506,8386
1750771831.692712,8331
1750771831.692712,8331
1750771831.897298,8755
1750771831.999683,9444
1750771832.114792,9438
1750771832.221506,9651
1750771832.357144,8565
1750771832.357144,8565
1750771832.469841,8686
1750771832.823945,7778
1750771832.823945,7778
1750771832.963591,6545
1750771833.064322,8607
1750771833.165307,9684
1750771833.268051,8224
1750771833.369779,8876
1750771833.471306,8963
1750771833.573024,8857
1750771833.674578,8635
1750771833.776278,8692
1750771833.87767,8886
1750771834.080598,8519
1750771834.181362,9050
1750771834.282705,8791
1750771834.383941,8682
1750771834.484677,8914
1750771834.585406,8319
1750771834.686137,9242
1750771834.787377,8632
1750771834.888099,8280
1750771834.988828,8944
1750771835.08956,8348
1750771835.190291,8319
1750771835.394743,8696
1750771835.495895,8709
1750771835.596736,9182
1750771835.697908,8856
1750771835.799148,8504
1750771835.900875,8778
1750771836.001593,8886
1750771836.102569,9041
1750771836.204019,9019
1750771836.30545,8932
1750771836.406756,9209
1750771836.508962,8854
1750771836.713455,8603
1750771836.814777,8537
1750771836.915992,8160
1750771837.017956,9003
1750771837.11988,9075
1750771837.221111,8930
1750771837.322179,8321
1750771837.42366,9233
1750771837.526113,8794
1750771837.627326,9208
1750771837.728843,9436
1750771837.829819,9408
1750771837.931452,8934
1750771838.135683,8328
1750771838.238527,8838
1750771838.339527,8881
1750771838.440933,7908
1750771838.542448,8895
1750771838.643063,9183
1750771838.744139,8567
1750771838.845801,8498
1750771839.08708,9128
1750771839.206761,7369
1750771839.307491,8150
1750771839.422184,9358
1750771839.531891,8986
1750771839.63661,8374
1750771839.738735,8949
1750771839.842291,8864
1750771839.94402,8581
1750771840.046745,8605
1750771840.147474,8448
1750771840.250717,8930
1750771840.352381,9393
1750771840.455724,9164
1750771840.556454,9450
1750771840.760419,8984
1750771840.861152,8984
1750771840.962713,8576
1750771841.064172,8634
1750771841.16507,8781
1750771841.265958,8950
1750771841.36717,8793
1750771841.468912,9496
1750771841.569622,9145
1750771841.670358,8398
1750771841.77289,9809
1750771841.873873,8189
1750771841.975027,8175
1750771842.075655,8268
1750771842.280291,8483
1750771842.381001,8837
1750771842.482438,8842
1750771842.584026,8436
1750771842.684728,8549
1750771842.786238,8363
1750771842.887774,8982
1750771842.988361,8708
1750771843.090221,8575
1750771843.190976,9508
1750771843.292543,8752
1750771843.396052,8368
1750771843.597804,8711
1750771843.699167,8809
1750771843.800897,8925
1750771843.902332,8103
1750771844.003799,8958
1750771844.104852,8856
1750771844.20556,8251
1750771844.307287,8139
1750771844.408018,8825
1750771844.508783,8951
1750771844.718216,8401
1750771844.718216,8401
1750771844.919677,8021
1750771845.020528,8963
1750771845.122405,8893
1750771845.223027,8854
1750771845.323606,8570
1750771845.425103,9261
1750771845.52616,9331
1750771845.627143,8427
1750771845.728755,8365
1750771845.830585,8651
1750771845.932032,8181
1750771846.134188,8708
1750771846.235174,8545
1750771846.336811,8648
1750771846.437582,9199
1750771846.538938,9185
1750771846.641009,8592
1750771846.741827,8440
1750771846.843237,9131
1750771846.944905,9580
1750771847.046063,9262
1750771847.160755,9144
1750771847.275448,8614
1750771847.375941,8657
1750771847.476851,8750
1750771847.577871,8958
1750771847.679548,8359
1750771847.884709,8495
1750771847.986399,8535
1750771848.087933,8430
1750771848.189092,8936
1750771848.290184,8932
1750771848.394421,9311
1750771848.495093,8622
1750771848.595803,8589
1750771848.697236,9237
1750771848.798332,8823
1750771848.900202,9129
1750771849.001212,9236
1750771849.101816,8617
1750771849.203284,8652
1750771849.308247,8526
1750771849.511978,8869
1750771849.613507,8687
1750771849.714704,8636
1750771849.81619,9183
1750771849.91722,8363
1750771850.018094,9169
1750771850.120005,8880
1750771850.220574,9217
1750771850.321846,9321
1750771850.423102,8769
1750771850.5239,8869
1750771850.730879,8790
1750771850.866516,9248
1750771850.866516,9248
1750771850.971443,9112
1750771851.173847,8991
1750771851.27533,8395
1750771851.377057,8513
1750771851.477647,8181
1750771851.578681,9066
1750771851.679963,8214
1750771851.780694,8885
1750771851.881954,8591
1750771851.983756,9166
1750771852.085002,9639
1750771852.186773,9157
1750771852.287922,8314
1750771852.389188,8561
1750771852.490428,8455
1750771852.692402,8617
1750771852.793133,9629
1750771852.893865,8666
1750771852.995592,8699
1750771853.096435,9341
1750771853.198163,8532
1750771853.299888,9112
1750771853.401616,8670
1750771853.502347,8626
1750771853.604074,8434
1750771853.704804,9451
1750771853.806039,8228
1750771853.90677,8497
1750771854.113218,8424
1750771854.213948,8200
1750771854.31606,9646
1750771854.434743,8830
1750771854.537467,9150
1750771854.638732,8630
1750771854.740472,8649
1750771854.842098,8216
1750771854.943354,8888
1750771855.044939,8918
1750771855.146407,9047
1750771855.250205,8641
1750771855.352254,8711
1750771855.457969,9387
1750771855.662608,8611
1750771855.76478,8789
1750771855.876482,9441
1750771855.978209,8591
1750771856.079936,8159
1750771856.180667,9053
1750771856.294363,9315
1750771856.397089,8640
1750771856.497821,8934
1750771856.601043,8748
1750771856.701961,8928
1750771856.803233,8452
1750771856.904962,8457
1750771857.006907,8239
1750771857.10764,8924
1750771857.2084,9388
1750771857.31013,8945
1750771857.410859,8289
1750771857.614501,8510
1750771857.717777,8629
1750771857.820585,8783
1750771857.922704,8969
1750771858.024152,9393
1750771858.125796,8716
1750771858.227525,8630
1750771858.329252,9201
1750771858.43098,9082
1750771858.567615,9487
1750771858.675326,8728
1750771858.77905,8219
1750771858.881773,8917
1750771858.984021,8929
1750771859.23354,7376
1750771859.23354,7376
1750771859.335961,8767
1750771859.43718,8852
1750771859.540595,8925
1750771859.642328,9220
1750771859.74306,8994
1750771859.846782,8966
1750771859.948025,8859
1750771860.053736,8551
1750771860.162446,8880
1750771860.278146,8608
1750771860.383863,9061
1750771860.485593,8886
1750771860.587319,9063
1750771860.794765,8788
1750771860.899485,8734
1750771861.000214,8775
1750771861.100944,9172
1750771861.201675,9143
1750771861.302818,8660
1750771861.404071,8819
1750771861.505766,8869
1750771861.611624,9201
1750771861.713163,8893
1750771861.814496,8713
1750771861.915574,8735
1750771862.01647,9098
1750771862.220378,8937
1750771862.324609,8543
1750771862.426336,9043
1750771862.52717,9223
1750771862.628901,9452
1750771862.730167,8383
1750771862.831087,8699
1750771862.932396,8558
1750771863.033321,9026
1750771863.133967,8286
1750771863.234835,8714
1750771863.336127,8865
1750771863.437174,8669
1750771863.638913,8605
1750771863.74006,9174
1750771863.840903,9767
1750771863.941675,8285
1750771864.04229,8477
1750771864.143809,8431
1750771864.244675,8664
1750771864.345599,8541
1750771864.446656,8747
1750771864.548066,8293
1750771864.649035,8339
1750771864.750615,8840
1750771864.851141,8515
1750771865.054312,8611
1750771865.155613,8933
1750771865.319693,8438
1750771865.319693,8438
1750771865.427406,9534
1750771865.528652,8741
1750771865.63298,9300
1750771865.733926,8638
1750771865.835061,8622
1750771865.936608,9355
1750771866.199113,8644
1750771866.335272,6264
1750771866.43613,8159
1750771866.53928,8831
1750771866.642,8868
1750771866.743679,8703
1750771866.847844,8688
1750771866.949495,8420
1750771867.051558,9298
1750771867.154591,9045
1750771867.358445,9031
1750771867.460276,8563
1750771867.561472,8686
1750771867.662112,9002
1750771867.762907,9038
1750771867.863594,8978
1750771867.965207,7863
1750771868.066071,8833
1750771868.167261,8380
1750771868.268308,9094
1750771868.369329,8631
1750771868.471356,9448
1750771868.574523,8840
1750771868.675569,8896
1750771868.878153,8999
1750771868.979947,9548
1750771869.08184,8901
1750771869.183484,8844
1750771869.284327,8914
1750771869.385496,8490
1750771869.486227,8537
1750771869.587746,9032
1750771869.689728,8354
1750771869.791302,9264
1750771869.896215,9140
1750771869.998093,8716
1750771870.103926,8994
1750771870.205316,8472
1750771870.410092,8688
1750771870.511203,9336
1750771870.612231,8848
1750771870.712921,8610
1750771870.81403,8851
1750771870.914961,8807
1750771871.016245,9034
1750771871.117018,8682
1750771871.21808,8757
1750771871.31895,9021
1750771871.420459,9211
1750771871.521728,8926
1750771871.622925,8824
1750771871.826973,9081
1750771871.928671,8869
1750771872.029959,8796
1750771872.131877,9046
1750771872.232879,8643
1750771872.334357,8612
1750771872.435038,8710
1750771872.537247,9128
1750771872.638004,9279
1750771872.741041,8957
1750771872.858762,9124
1750771872.959228,8749
1750771873.065955,8638
1750771873.166941,8981
1750771873.268806,9316
1750771873.472091,8415
1750771873.572941,9102
1750771873.673944,9336
1750771873.775151,8457
1750771873.876774,8659
1750771873.978315,9316
1750771874.079013,8321
1750771874.180726,8779
1750771874.282315,8682
1750771874.384415,8565
1750771874.48561,9071
1750771874.587339,8856
1750771874.790885,9088
1750771874.892611,8758
1750771874.993161,8970
1750771875.096075,8589
1750771875.196902,8698
1750771875.297634,8676
1750771875.398949,8665
1750771875.500021,9359
1750771875.604716,9163
1750771875.706445,9240
1750771875.807175,8686
1750771875.907922,9012
1750771876.009055,8879
1750771876.212937,8325
1750771876.313667,8954
1750771876.414398,8805
1750771876.530089,7865
1750771876.631841,8845
1750771876.734078,9413
1750771876.835804,8611
1750771876.937532,8935
1750771877.038075,8543
1750771877.138805,9450
1750771877.240009,8813
1750771877.341491,9390
1750771877.442165,8731
1750771877.647194,8812
1750771877.748337,9096
1750771877.849806,8810
1750771877.951254,8881
1750771878.05235,8546
1750771878.153093,8943
1750771878.254228,8790
1750771878.355061,8747
1750771878.45609,8987
1750771878.557897,8547
1750771878.730343,8426
1750771878.830798,9307
1750771878.940656,8774
1750771879.04183,9449
1750771879.143074,8721
1750771879.24365,9316
1750771879.345314,9206
1750771879.446045,8845
1750771879.547772,9073
1750771879.648507,8705
1750771879.749468,8587
1750771879.857181,8448
1750771879.96008,9008
1750771880.163664,9064
1750771880.265408,8737
1750771880.366138,9093
1750771880.467143,8712
1750771880.567973,8707
1750771880.669392,8785
1750771880.770823,8478
1750771880.871955,8019
1750771880.97263,8721
1750771881.073783,8699
1750771881.175211,8547
1750771881.27594,8319
1750771881.478707,8643
1750771881.580853,8536
1750771881.681886,9333
1750771881.782873,8565
1750771881.883388,8466
1750771881.984979,9341
1750771882.086711,8158
1750771882.187723,8840
1750771882.288433,8807
1750771882.389693,8789
1750771882.490951,9391
1750771882.594145,8740
1750771882.694922,8910
1750771882.796513,8593
1750771882.999084,8845
1750771883.099755,8910
1750771883.200921,9578
1750771883.30207,8452
1750771883.403047,8903
1750771883.504291,8642
1750771883.605142,8686
1750771883.706581,9069
1750771883.80839,9056
1750771883.912089,9464
1750771884.012821,8636
1750771884.114665,8768
1750771884.219074,8387
1750771884.325694,8244
1750771884.530161,9041
1750771884.631162,8633
1750771884.731714,9119
1750771884.833005,9062
1750771884.933994,8377
1750771885.035178,8845
1750771885.136481,8420
1750771885.237526,8817
1750771885.338907,8887
1750771885.43973,8797
1750771885.544111,8909
1750771885.746757,8801
1750771885.848121,8701
1750771885.949066,8895
1750771886.050849,8331
1750771886.152225,7960
1750771886.253839,9063
1750771886.355198,8997
1750771886.4569,8888
1750771886.55832,8735
1750771886.660106,9094
1750771886.760662,8741
1750771886.863667,8342
1750771886.982969,8063
1750771887.187072,8621
1750771887.287529,9028
1750771887.388783,8849
1750771887.490115,8585
1750771887.59181,8309
1750771887.692848,8897
1750771887.793877,9175
1750771887.895374,8394
1750771887.99753,8584
1750771888.09928,8550
1750771888.200046,9189
1750771888.301264,9197
1750771888.404357,8883
1750771888.607025,9033
1750771888.708158,8731
1750771888.808733,8769
1750771888.909892,9055
1750771889.010737,8557
1750771889.112168,8813
1750771889.213792,8816
1750771889.31524,8881
1750771889.437912,8543
1750771889.562579,9134
1750771889.668812,8324
1750771889.769543,9401
1750771889.871328,9136
1750771889.971854,9549
1750771890.072922,9112
1750771890.173475,8164
1750771890.274074,8717
1750771890.37519,9068
1750771890.476718,8509
1750771890.579836,8980
1750771890.784977,9085
1750771890.885905,8669
1750771890.986675,9030
1750771891.087326,1361
1750771891.188887,994
1750771891.29056,1150
1750771891.391471,1179
1750771891.492707,1254
1750771891.593946,1076
1750771891.695674,1346
1750771891.796405,1111
1750771891.897135,962
1750771891.999861,1187
1750771892.205338,1111
1750771892.306337,1188
1750771892.407481,1196
1750771892.509134,934
1750771892.610931,1041
1750771892.712348,1202
1750771892.829347,1076
1750771892.930541,938
1750771893.03157,1059
1750771893.132447,1130
1750771893.233238,1260
1750771893.335122,1236
1750771893.437405,1261
1750771893.539947,1160
1750771893.643514,1187
1750771893.846175,1169
1750771893.947085,1189
1750771894.049701,1161
1750771894.150185,1234
1750771894.251796,1033
1750771894.353248,995
1750771894.454731,1182
1750771894.55621,1182
1750771894.656961,1022
1750771894.758655,1209
1750771894.860061,1045
1750771894.961242,1176
1750771895.162866,1119
1750771895.264112,1135
1750771895.365179,1197
1750771895.466013,922
1750771895.56694,1060
1750771895.667873,1079
1750771895.769366,995
1750771895.870086,1092
1750771895.970973,1080
1750771896.072444,1153
1750771896.173674,1017
1750771896.27574,920
1750771896.481327,1207
1750771896.582568,1145
1750771896.683675,929
1750771896.785026,1045
1750771896.885702,983
1750771896.986502,1130
1750771897.087175,983
1750771897.188736,1201
1750771897.289448,1360
1750771897.390602,1176
1750771897.492091,1014
1750771897.593575,1143
1750771897.695198,1131
1750771897.799023,1345
1750771897.903522,1244
1750771898.10716,1036
1750771898.208319,1166
1750771898.309053,1161
1750771898.410371,1184
1750771898.511164,1220
1750771898.612569,1262
1750771898.713519,1139
1750771898.815158,1042
1750771898.916059,1020
1750771899.017028,1198
1750771899.11814,1157
1750771899.220317,1213
1750771899.325628,1179
1750771899.532378,1254
1750771899.633269,1080
1750771899.73516,1187
1750771899.836606,1330
1750771899.937942,907
1750771900.038637,1072
1750771900.140326,1022
1750771900.242029,1130
1750771900.343133,1335
1750771900.444551,1015
1750771900.546757,1125
1750771900.649751,1087
1750771900.866803,1012
1750771900.968396,1200
1750771901.069728,1154
1750771901.176888,1203
1750771901.278299,1232
1750771901.379882,984
1750771901.481174,1076
1750771901.58843,1062
1750771901.690131,1170
1750771901.790977,1120
1750771901.892746,1228
1750771901.993704,1129
1750771902.195947,1198
1750771902.195947,1198
1750771902.298111,1235
1750771902.502679,1059
1750771902.603353,1062
1750771902.704888,1093
1750771902.805969,1068
1750771902.907523,1093
1750771903.008323,1101
1750771903.109693,937
1750771903.213847,1065
1750771903.315063,1215
1750771903.416447,1055
1750771903.517713,957
1750771903.618804,1177
1750771903.720448,1249
1750771903.927605,1080
1750771904.029844,1242
1750771904.130557,1201
1750771904.231071,1193
1750771904.332103,1059
1750771904.433412,1115
1750771904.534811,1005
1750771904.640621,1077
1750771904.741993,1006
1750771904.842743,992
1750771904.944195,1133
1750771905.047612,1083
1750771905.149969,1064
1750771905.250545,1143
1750771905.458754,949
1750771905.560446,1150
1750771905.661552,1137
1750771905.762975,1104
1750771905.865116,1165
1750771905.966176,1187
1750771906.067695,1152
1750771906.168575,1308
1750771906.269822,1293
1750771906.371411,1259
1750771906.471988,1153
1750771906.574372,957
1750771906.678045,1041
1750771906.881791,1105
1750771906.983641,1178
1750771907.093657,1099
1750771907.194288,1222
1750771907.295802,1231
1750771907.396533,1082
1750771907.497263,1042
1750771907.598079,1041
1750771907.699808,1179
1750771907.800538,1231
1750771907.903263,1211
1750771908.003994,1240
1750771908.104724,1092
1750771908.206452,1248
1750771908.308181,1062
1750771908.511636,1199
1750771908.612367,982
1750771908.713097,1221
1750771908.814824,1120
1750771908.915556,1191
1750771909.016286,1171
1750771909.118014,1022
1750771909.218822,1190
1750771909.320082,1027
1750771909.422809,1323
1750771909.528967,1150
1750771909.629284,1186
1750771909.83232,863
1750771909.933814,1083
1750771910.034838,1187
1750771910.136566,1159
1750771910.237296,1082
1750771910.337886,1004
1750771910.438616,1151
1750771910.541345,1284
1750771910.642078,1101
1750771910.7438,1101
1750771910.946578,1306
1750771911.04784,1125
1750771911.149318,1271
1750771911.250382,1306
1750771911.351319,1159
1750771911.452793,1084
1750771911.554257,1084
1750771911.65488,1132
1750771911.755611,1032
1750771911.857403,1080
1750771911.957926,1104
1750771912.05841,1124
1750771912.159693,1204
1750771912.362033,1135
1750771912.465144,1231
1750771912.566278,1196
1750771912.667642,1026
1750771912.768733,1246
1750771912.870442,1172
1750771912.971173,1042
1750771913.072157,1059
1750771913.173258,1295
1750771913.274385,1077
1750771913.376614,1027
1750771913.480696,1210
1750771913.581845,1087
1750771913.785303,1282
1750771913.88609,1012
1750771913.987041,1228
1750771914.088041,1188
1750771914.188819,1151
1750771914.289721,1199
1750771914.391856,1077
1750771914.492773,1010
1750771914.59478,1009
1750771914.696343,955
1750771914.797255,1030
1750771914.903951,964
1750771915.006676,1022
1750771915.110399,1021
1750771915.215118,1117
1750771915.4203,1031
1750771915.523116,1129
1750771915.624023,1100
1750771915.724794,1061
1750771915.826247,1113
1750771915.927336,1117
1750771916.028223,1139
1750771916.129271,920
1750771916.247032,1129
1750771916.348173,1384
1750771916.449365,1175
1750771916.55231,1383
1750771916.652998,1241
1750771916.755781,1225
1750771916.858723,1175
1750771917.064716,1081
1750771917.166023,1214
1750771917.266884,1001
1750771917.367797,1228
1750771917.468645,1061
1750771917.569594,1208
1750771917.671317,1209
1750771917.771974,1043
1750771917.87291,1268
1750771917.973528,934
1750771918.07458,1029
1750771918.277172,1135
1750771918.378513,1055
1750771918.480088,1220
1750771918.580823,1121
1750771918.68143,1123
1750771918.783168,1142
1750771918.884062,991
1750771918.985713,1052
1750771919.087441,1150
1750771919.188019,1143
1750771919.288616,1182
1750771919.389301,1072
1750771919.491137,1227
1750771919.697682,1208
1750771919.798895,1175
1750771919.900458,1122
1750771920.001117,1162
1750771920.102103,1089
1750771920.203728,1131
1750771920.304675,1248
1750771920.409395,1138
1750771920.518105,1071
1750771920.622476,1092
1750771920.723456,960
1750771920.824918,1133
1750771921.032085,984
1750771921.132998,1288
1750771921.234046,1068
1750771921.335178,1206
1750771921.436173,1207
1750771921.53725,1127
1750771921.63851,1293
1750771921.739381,1179
1750771921.841104,1435
1750771921.942557,1143
1750771922.04395,808
1750771922.145523,1053
1750771922.247126,1259
1750771922.34887,884
1750771922.452593,1140
1750771922.657606,1042
1750771922.759046,960
1750771922.859779,972
1750771922.96051,1191
1750771923.061186,1132
1750771923.161858,953
1750771923.262534,1112
1750771923.364016,995
1750771923.465709,1160
1750771923.567144,1005
1750771923.66812,1257
1750771923.76978,1288
1750771923.98611,1091
1750771924.087263,1057
1750771924.188817,1102
1750771924.289908,1256
1750771924.390817,1149
1750771924.491602,952
1750771924.593219,1289
1750771924.694468,1056
1750771924.796254,1149
1750771924.89781,1152
1750771924.999217,1065
1750771925.099999,1160
1750771925.202653,1227
1750771925.304351,1268
1750771925.406179,1148
1750771925.612412,1122
1750771925.713275,1031
1750771925.813827,954
1750771925.914462,1162
1750771926.016035,954
1750771926.116713,1082
1750771926.21766,1139
1750771926.319944,1192
1750771926.423092,1095
1750771926.524612,1211
1750771926.626113,1093
1750771926.726832,1072
1750771926.828848,1107
1750771927.035792,1204
1750771927.137045,1303
1750771927.238287,1116
1750771927.338889,1103
1750771927.440074,1334
1750771927.54118,1117
1750771927.642501,1135
1750771927.743772,1273
1750771927.844317,1243
1750771927.94553,1314
1750771928.047025,1182
1750771928.147876,1398
1750771928.250307,1347
1750771928.45393,1982
1750771928.554815,7285
1750771928.65644,9397
1750771928.757261,8966
1750771928.858856,9400
1750771928.959876,8839
1750771929.061217,8624
1750771929.161983,9199
1750771929.26298,9020
1750771929.36414,9578
1750771929.465161,9206
1750771929.566498,10223
1750771929.769746,8750
1750771929.870333,9255
1750771929.971205,8971
1750771930.072656,8506
1750771930.173841,8519
1750771930.275187,9196
1750771930.376168,8219
1750771930.477139,8824
1750771930.578482,8979
1750771930.679845,9086
1750771930.780704,8734
1750771930.881663,8706
1750771931.087967,9165
1750771931.188906,9391
1750771931.289821,9443
1750771931.391702,9491
1750771931.492243,9160
1750771931.593783,8203
1750771931.694759,9101
1750771931.795821,8984
1750771931.896404,9653
1750771931.997074,9049
1750771932.098326,8631
1750771932.199781,9866
1750771932.302506,9384
1750771932.404234,8886
1750771932.608687,9122
1750771932.709583,9257
1750771932.810787,8477
1750771932.911734,8420
1750771933.013043,9643
1750771933.113794,8932
1750771933.215372,9027
1750771933.316955,9578
1750771933.418793,8788
1750771933.520136,8831
1750771933.625194,8814
1750771933.726056,8754
1750771933.840842,8563
1750771934.043021,8850
1750771934.144458,8902
1750771934.245501,9283
1750771934.347038,8459
1750771934.451278,9199
1750771934.55284,9038
1750771934.65408,9195
1750771934.754863,8870
1750771934.855925,9439
1750771934.956561,9390
1750771935.058015,8811
1750771935.159079,9014
1750771935.260073,9030
1750771935.462203,9072
1750771935.563145,9351
1750771935.665007,9120
1750771935.765845,8865
1750771935.867108,8877
1750771935.96764,3391
1750771936.068833,8725
1750771936.170091,9036
1750771936.271208,8514
1750771936.372582,9351
1750771936.473652,9626
1750771936.574781,8869
1750771936.675366,8659
1750771936.880618,9349
1750771936.981759,9284
1750771937.083608,8758
1750771937.184898,8589
1750771937.286033,8454
1750771937.386583,8393
1750771937.487801,8792
1750771937.589346,8882
1750771937.690717,8434
1750771937.791829,9306
1750771937.892818,9218
1750771937.996105,8915
1750771938.198856,9905
1750771938.299704,8973
1750771938.400659,9063
1750771938.50147,7955
1750771938.603231,9355
1750771938.704503,9252
1750771938.80511,8339
1750771938.906356,9205
1750771939.007586,8693
1750771939.108786,9505
1750771939.210711,8584
1750771939.31399,9082
1750771939.415326,8960
1750771939.618415,8910
1750771939.720346,9535
1750771939.821103,9081
1750771939.923082,8844
1750771940.024031,8865
1750771940.125071,8729
1750771940.225927,9002
1750771940.327655,9210
1750771940.428386,8765
1750771940.529116,9331
1750771940.630461,8742
1750771940.731192,9113
1750771940.93764,8848
1750771941.038369,9272
1750771941.1391,9073
1750771941.23983,9232
1750771941.340561,8428
1750771941.441291,8835
1750771941.542022,8358
1750771941.642752,9123
1750771941.743483,9004
1750771941.844213,9083
1750771941.944944,9441
1750771942.046672,8630
1750771942.249868,8406
1750771942.351525,9492
1750771942.452906,9143
1750771942.553805,8919
1750771942.654971,9024
1750771942.755751,9208
1750771942.85712,8967
1750771942.958517,8925
1750771943.059742,9276
1750771943.160472,8934
1750771943.261203,8706
1750771943.361934,8656
1750771943.464659,8663
1750771943.568381,9544
1750771943.771546,9615
1750771943.87585,9660
1750771943.976176,9429
1750771944.080333,9188
1750771944.18147,9047
1750771944.282512,9540
1750771944.383609,9426
1750771944.484533,9601
1750771944.599911,8684
1750771944.704938,9064
1750771944.805949,9315
1750771944.912309,9392
1750771945.015694,8647
1750771945.118562,9662
1750771945.219495,8976
1750771945.322678,9110
1750771945.527099,9025
1750771945.62772,8755
1750771945.728593,9219
1750771945.830185,8622
1750771945.931075,8999
1750771946.032243,8836
1750771946.133085,8835
1750771946.234261,8885
1750771946.335211,8439
1750771946.435837,8417
1750771946.537296,8427
1750771946.641061,8991
1750771946.741999,9362
1750771946.844454,8732
1750771947.049609,8663
1750771947.150133,8774
1750771947.251164,8472
1750771947.351858,8302
1750771947.453087,9019
1750771947.553871,9068
1750771947.654965,8843
1750771947.755697,8229
1750771947.856935,8376
1750771947.958663,9004
1750771948.059596,8748
1750771948.161324,8345
1750771948.364167,9142
1750771948.465347,9132
1750771948.566078,8458
1750771948.667447,8562
1750771948.768275,8896
1750771948.869652,8029
1750771948.971008,9185
1750771949.072449,9088
1750771949.173849,8964
1750771949.27517,9326
1750771949.376553,9340
1750771949.477385,8390
1750771949.580217,8678
1750771949.783321,8808
1750771949.884046,8835
1750771949.985829,8439
1750771950.086863,9323
1750771950.188001,8206
1750771950.288829,8737
1750771950.38988,9054
1750771950.491089,9337
1750771950.592845,9080
1750771950.694115,8985
1750771950.795291,8183
1750771950.99808,8656
1750771951.100372,9257
1750771951.202637,8956
1750771951.336307,8328
1750771951.336307,8328
1750771951.5518,9256
1750771951.5518,9256
1750771951.658023,8990
1750771951.763093,8775
1750771951.9672,8573
1750771952.068012,8570
1750771952.16894,8322
1750771952.27002,7993
1750771952.371376,8702
1750771952.4722,9372
1750771952.573063,8932
1750771952.673934,8882
1750771952.774697,9060
1750771952.876168,9175
1750771952.980338,8685
1750771953.085109,8722
1750771953.293506,9179
1750771953.395232,8906
1750771953.495963,8309
1750771953.596719,8674
1750771953.698446,9092
1750771953.799176,8984
1750771953.899907,9391
1750771954.001149,8820
1750771954.101897,9409
1750771954.203194,8865
1750771954.304527,9453
1750771954.405413,8802
1750771954.506212,9166
1750771954.712727,9038
1750771954.81442,8958
1750771954.915602,8657
1750771955.016166,8909
1750771955.116776,9313
1750771955.218331,8054
1750771955.320058,9387
1750771955.421853,9411
1750771955.522687,9490
1750771955.623959,8847
1750771955.725044,8992
1750771955.826575,9327
1750771955.928069,9813
1750771956.029409,8594
1750771956.23279,9191
1750771956.334204,9140
1750771956.435684,9036
1750771956.536666,9090
1750771956.638239,8515
1750771956.739383,9046
1750771956.84107,8988
1750771956.942626,8369
1750771957.044279,8243
1750771957.145479,9634
1750771957.246181,8788
1750771957.347178,8614
1750771957.550164,8888
1750771957.650882,9293
1750771957.751985,8575
1750771957.852736,8962
1750771957.95437,8569
1750771958.055726,8968
1750771958.156649,8967
1750771958.257625,9447
1750771958.358672,9065
1750771958.459396,9362
1750771958.559941,8861
1750771958.762416,8691
1750771958.863819,8885
1750771958.96514,9001
1750771959.067087,8396
1750771959.168772,8870
1750771959.270085,9534
1750771959.371429,8564
1750771959.472951,8658
1750771959.57396,8771
1750771959.68707,8770
1750771959.788703,9524
1750771959.889452,9062
1750771959.995128,9046
1750771960.096174,8342
1750771960.200581,8792
1750771960.303483,8998
1750771960.508204,9121
1750771960.609415,8595
1750771960.710605,8963
1750771960.812209,8493
1750771960.915572,9210
1750771961.01933,9271
1750771961.12056,9196
1750771961.22183,9163
1750771961.322558,8329
1750771961.424095,9080
1750771961.524819,8409
1750771961.625766,8529
1750771961.726588,8668
1750771961.931802,8858
1750771962.032873,9033
1750771962.134036,8847
1750771962.235093,9153
1750771962.336121,8344
1750771962.437782,9039
1750771962.539426,8912
1750771962.64046,8848
1750771962.742069,9320
1750771962.842883,8649
1750771962.943482,8976
1750771963.044356,9100
1750771963.146732,9298
1750771963.353351,8737
1750771963.454386,9085
1750771963.561743,8219
1750771963.663125,8472
1750771963.764952,9023
1750771963.866172,9731
1750771963.967443,9252
1750771964.068942,8404
1750771964.170609,9009
1750771964.271912,9022
1750771964.375278,9122
1750771964.477617,9321
1750771964.57867,8629
1750771964.783293,8598
1750771964.884043,9330
1750771964.98582,8754
1750771965.087172,9106
1750771965.192172,9038
1750771965.293852,8467
1750771965.396773,9074
1750771965.497465,8670
1750771965.599413,8886
1750771965.701157,8658
1750771965.807525,8846
1750771965.90794,9122
1750771966.009972,8491
1750771966.110408,8463
1750771966.22565,7853
1750771966.327045,9112
1750771966.53275,8796
1750771966.634973,8422
1750771966.736747,8538
1750771966.838672,8643
1750771966.939637,9339
1750771967.041165,8943
1750771967.142683,8402
1750771967.243519,8399
1750771967.345027,9467
1750771967.446749,8778
1750771967.548575,8807
1750771967.649252,9058
1750771967.751977,9306
1750771967.85751,8490
1750771967.959087,8722
1750771968.163318,8842
1750771968.264801,9055
1750771968.366341,9336
1750771968.467314,9012
1750771968.568568,8769
1750771968.669628,9063
1750771968.770331,9384
1750771968.8719,9668
1750771968.973273,8670
1750771969.074768,9241
1750771969.17572,8865
1750771969.277167,8595
1750771969.378245,8814
1750771969.482371,8758
1750771969.686685,9150
1750771969.788111,9494
1750771969.888853,8903
1750771969.989479,8447
1750771970.090167,9236
1750771970.191003,8221
1750771970.292217,9040
1750771970.393851,9101
1750771970.494842,8773
1750771970.596175,8595
1750771970.697755,8761
1750771970.798743,8545
1750771971.001409,8515
1750771971.102784,8641
1750771971.204307,9170
1750771971.305142,8499
1750771971.406527,8551
1750771971.507141,9332
1750771971.608844,9006
1750771971.709467,9083
1750771971.810992,8382
1750771971.913819,9122
1750771972.015525,8465
1750771972.116253,8994
1750771972.218113,9414
1750771972.426811,8740
1750771972.527771,8785
1750771972.628731,9102
1750771972.729746,9107
1750771972.830428,9167
1750771972.931191,9914
1750771973.032721,9012
1750771973.133946,8614
1750771973.23507,9048
1750771973.336798,8797
1750771973.437528,9212
1750771973.640008,9442
1750771973.640008,9442
1750771973.842976,8850
1750771973.943704,9361
1750771974.044434,8100
1750771974.145164,8666
1750771974.245895,8934
1750771974.346625,9123
1750771974.449351,8868
1750771974.550081,8537
1750771974.650812,8577
1750771974.752539,9427
1750771974.853271,9153
1750771974.954999,9053
1750771975.074679,9324
1750771975.176173,8768
1750771975.379977,8958
1750771975.480892,8541
1750771975.582124,8890
1750771975.68329,9795
1750771975.784486,8982
1750771975.886012,9219
1750771975.98761,8730
1750771976.08834,8835
1750771976.189071,9123
1750771976.290203,9136
1750771976.391023,8411
1750771976.49674,8484
1750771976.701193,8729
1750771976.802382,8686
1750771976.903199,8976
1750771977.004688,8690
1750771977.106272,9135
1750771977.207925,8922
1750771977.309279,8534
1750771977.409826,8503
1750771977.51116,9374
1750771977.6123,9343
1750771977.714001,8515
1750771977.819009,8904
1750771978.023797,8979
1750771978.12428,8170
1750771978.225288,8672
1750771978.326498,8655
1750771978.427315,9155
1750771978.529443,8763
1750771978.630403,8666
1750771978.731107,8629
1750771978.831838,9560
1750771978.932346,9044
1750771979.032914,8929
1750771979.134167,8780
1750771979.336395,8402
1750771979.437035,8137
1750771979.538811,8656
1750771979.640481,8675
1750771979.742099,9191
1750771979.843397,8795
1750771979.945178,8980
1750771980.046993,9222
1750771980.148413,8952
1750771980.249029,8905
1750771980.350324,8756
1750771980.451408,8230
1750771980.552435,9185
1750771980.755876,9167
1750771980.857827,9435
1750771980.959313,9173
1750771981.060163,8785
1750771981.160814,9070
1750771981.261666,9399
1750771981.362785,8722
1750771981.464349,8851
1750771981.56522,8813
1750771981.666669,8201
1750771981.768028,8908
1750771981.868722,8004
1750771981.970137,8923
1750771982.192999,8876
1750771982.192999,8876
1750771982.310198,8536
1750771982.410948,8198
1750771982.6143,8574
1750771982.715165,8645
1750771982.815893,8905
1750771982.916448,8840
1750771983.018119,8852
1750771983.119111,8832
1750771983.219748,8625
1750771983.320713,8745
1750771983.421876,8866
1750771983.523242,8730
1750771983.624416,8895
1750771983.729066,9319
1750771983.831234,8887
1750771984.035096,8306
1750771984.136418,8922
1750771984.237148,8666
1750771984.337879,8160
1750771984.438609,9172
1750771984.539584,8724
1750771984.640318,9341
1750771984.741048,9560
1750771984.841784,9033
1750771984.942857,8870
1750771985.044306,9127
1750771985.145514,8912
1750771985.246632,8989
1750771985.450553,8645
1750771985.551156,9403
1750771985.65218,9077
1750771985.753113,9095
1750771985.854102,9050
1750771985.955406,8982
1750771986.057174,9285
1750771986.158142,9171
1750771986.259455,9465
1750771986.360626,9498
1750771986.46158,9548
1750771986.666759,8959
1750771986.768167,8480
1750771986.869675,8886
1750771986.971273,8878
1750771987.072277,9356
1750771987.173617,9157
1750771987.274894,8738
1750771987.37586,8666
1750771987.477185,8231
1750771987.578199,8899
1750771987.678905,8728
1750771987.779592,9018
1750771987.880749,9055
1750771988.085104,8889
1750771988.186883,8636
1750771988.287833,8251
1750771988.389267,9612
1750771988.490302,7809
1750771988.591004,8748
1750771988.691986,8427
1750771988.792717,8974
1750771988.894036,9465
1750771988.994863,8945
1750771989.096499,8687
1750771989.19788,9272
1750771989.299819,9005
1750771989.503271,8921
1750771989.604503,9542
1750771989.706042,8942
1750771989.807165,8998
1750771989.908065,8840
1750771990.008585,9610
1750771990.110343,9100
1750771990.211368,8433
1750771990.312443,8666
1750771990.413454,9484
1750771990.514422,9795
1750771990.717447,9109
1750771990.819098,8804
1750771990.920151,9005
1750771991.020943,9465
1750771991.121781,8508
1750771991.222871,9051
1750771991.323678,8888
1750771991.425,9168
1750771991.52627,8758
1750771991.62772,8289
1750771991.728467,9439
1750771991.829974,8285
1750771991.931298,8556
1750771992.033937,8749
1750771992.239432,8259
1750771992.341983,9099
1750771992.442864,9367
1750771992.544892,8252
1750771992.64614,8889
1750771992.749814,8912
1750771992.850911,9614
1750771992.952568,9197
1750771993.053589,9285
1750771993.16349,8562
1750771993.265028,9218
1750771993.368088,8752
1750771993.469049,8250
1750771993.576047,9028
1750771993.677269,9632
1750771993.884067,9166
1750771993.98559,8727
1750771994.08679,8952
1750771994.187881,8952
1750771994.288886,8464
1750771994.39053,8962
1750771994.491757,8614
1750771994.593313,8576
1750771994.694283,9369
1750771994.79505,9040
1750771994.896021,9052
1750771994.996543,8714
1750771995.198775,9119
1750771995.299719,8271
1750771995.401359,9405
1750771995.502337,8665
1750771995.603306,9577
1750771995.704067,8971
1750771995.80518,9276
1750771995.906449,8640
1750771996.007923,9224
1750771996.108872,9321
1750771996.210539,9019
1750771996.414438,8656
1750771996.515141,8778
1750771996.61651,8740
1750771996.717024,8814
1750771996.818678,8883
1750771996.919719,9817
1750771997.021014,9082
1750771997.122542,8874
1750771997.223842,9062
1750771997.32499,8868
1750771997.425895,8512
1750771997.527072,9464
1750771997.627653,8808
1750771997.73147,8360
1750771997.939176,9058
1750771998.040406,8633
1750771998.141368,8785
1750771998.242807,9059
1750771998.343396,8957
1750771998.443935,8921
1750771998.544603,8930
1750771998.645655,8728
1750771998.747111,8979
1750771998.847998,8702
1750771998.948874,8882
1750771999.052848,8915
1750771999.155816,8876
1750771999.360231,9248
1750771999.461574,9551
1750771999.563089,8550
1750771999.663948,9091
1750771999.766288,9206
1750771999.867051,8425
1750771999.967654,8588
1750772000.068799,8502
1750772000.170299,8778
1750772000.271867,8408
1750772000.372708,8637
1750772000.473914,8477
1750772000.679156,8871
1750772000.780329,8707
1750772000.881075,8824
1750772000.981727,8891
1750772001.083329,9301
1750772001.184249,8699
1750772001.285178,8986
1750772001.386051,9021
1750772001.48705,9029
1750772001.589115,8435
1750772001.692738,8907
1750772001.79562,8825
1750772001.898305,8418
1750772002.100876,8738
1750772002.214744,8703
1750772002.214744,8703
1750772002.418256,8034
1750772002.519842,9223
1750772002.620525,9663
1750772002.721768,9245
1750772002.822431,8632
1750772002.92378,8791
1750772003.024798,9117
1750772003.125875,9191
1750772003.226592,9323
1750772003.327373,8999
1750772003.429322,9200
1750772003.633304,9137
1750772003.734547,9600
1750772003.836172,9584
1750772003.937173,8910
1750772004.038698,8342
1750772004.139421,9133
1750772004.240166,9092
1750772004.340986,8907
1750772004.442199,8793
1750772004.542893,9176
1750772004.644346,8171
1750772004.745614,8413
1750772004.848659,9190
1750772004.949635,9348
1750772005.154248,8839
1750772005.255272,8601
1750772005.356317,8827
1750772005.457091,8930
1750772005.558055,9538
1750772005.658723,8751
1750772005.75975,9383
1750772005.860758,8345
1750772005.963997,7923
1750772006.068006,8883
1750772006.168833,8995
1750772006.270519,9244
1750772006.374251,8290
1750772006.577483,9130
1750772006.678764,9192
1750772006.780075,9347
1750772006.881719,9080
1750772006.983148,9168
1750772007.084148,8920
1750772007.184766,8626
1750772007.285609,9698
1750772007.386574,8260
1750772007.487949,8591
1750772007.589897,8631
1750772007.792088,8957
1750772007.893571,8986
1750772007.994785,9010
1750772008.095745,9330
1750772008.196515,8613
1750772008.298005,8375
1750772008.398813,9106
1750772008.50036,9010
1750772008.601798,8704
1750772008.702898,9090
1750772008.804161,9361
1750772008.905531,9085
1750772009.006915,8739
1750772009.210764,7859
1750772009.311947,8034
1750772009.412723,9119
1750772009.513732,8929
1750772009.61437,8694
1750772009.715748,9637
1750772009.817245,9546
1750772009.917952,8887
1750772010.019446,8690
1750772010.120453,8969
1750772010.22113,8740
1750772010.323696,9037
1750772010.425911,8565
1750772010.628993,8140
1750772010.730376,8729
1750772010.831357,8565
1750772010.932882,8697
1750772011.034126,8514
1750772011.134963,8855
1750772011.236476,9220
1750772011.337162,9405
1750772011.438639,9125
1750772011.542903,8785
1750772011.644669,8234
1750772011.74548,8759
1750772011.846785,9032
1750772012.050866,8885
1750772012.151743,9397
1750772012.25298,9186
1750772012.354686,8514
1750772012.456126,9118
1750772012.557148,8958
1750772012.658999,8846
1750772012.760049,9351
1750772012.862194,8987
1750772012.963792,8809
1750772013.065103,9041
1750772013.166201,9278
1750772013.267721,9672
1750772013.473001,8951
1750772013.598665,8706
1750772013.700392,9309
1750772013.801799,9555
1750772013.903368,8969
1750772014.004561,8992
1750772014.105565,8772
1750772014.207166,9074
1750772014.309105,8348
1750772014.409756,8117
1750772014.511355,9193
1750772014.612091,9232
1750772014.713108,8602
1750772014.814084,8992
1750772015.017888,8589
1750772015.118901,8543
1750772015.220293,8994
1750772015.320907,9451
1750772015.421851,8311
1750772015.523061,9356
1750772015.624789,9142
1750772015.725519,9014
1750772015.826664,8917
1750772015.927396,9182
1750772016.028125,8855
1750772016.132845,8766
1750772016.33617,8459
1750772016.437863,9420
1750772016.538795,8530
1750772016.640667,8343
1750772016.742134,8958
1750772016.843045,9325
1750772016.943854,8977
1750772017.044653,8353
1750772017.145623,9012
1750772017.247232,9319
1750772017.348427,9130
1750772017.449708,8836
1750772017.551734,8174
1750772017.662866,8978
1750772017.768038,8462
1750772017.87262,8930
1750772018.076047,9016
1750772018.177787,8983
1750772018.27942,9544
1750772018.395326,8524
1750772018.500046,9129
1750772018.601773,8798
1750772018.703017,9709
1750772018.803746,8617
1750772018.917286,8879
1750772019.019066,8970
1750772019.119957,8970
1750772019.221648,9401
1750772019.323379,8561
1750772019.424307,9145
1750772019.528116,9305
1750772019.633802,8950
1750772019.836655,8360
1750772019.937479,9134
1750772020.03859,8525
1750772020.140277,9440
1750772020.24255,9528
1750772020.344103,5435
1750772020.44518,8350
1750772020.546449,8719
1750772020.64726,8570
1750772020.74892,9010
1750772020.850113,8597
1750772021.054603,8818
1750772021.157321,8810
1750772021.268533,8335
1750772021.36977,8514
1750772021.470366,8688
1750772021.574503,8412
1750772021.682214,9051
1750772021.784939,8827
1750772021.888662,8773
1750772021.990389,9260
1750772022.096107,9402
1750772022.206811,9358
1750772022.30805,9107
1750772022.409355,8775
1750772022.510778,9199
1750772022.611615,8925
1750772022.712578,8983
1750772022.916479,8523
1750772023.018206,9014
1750772023.119988,9225
1750772023.221741,9346
1750772023.323038,9773
1750772023.424046,8504
1750772023.525008,9112
1750772023.626065,8727
1750772023.727607,9219
1750772023.829173,9008
1750772023.932992,9304
1750772024.036149,9044
1750772024.137581,10164
1750772024.238671,8863
1750772024.340331,9098
1750772024.557441,8846
1750772024.658786,8959
1750772024.762246,8447
1750772024.863695,8920
1750772024.964408,8598
1750772025.065345,8965
1750772025.166703,8405
1750772025.267385,9068
1750772025.36873,9334
1750772025.470683,9592
1750772025.579451,9478
1750772025.680948,8758
1750772025.785668,9301
1750772025.889454,8652
1750772025.990136,8621
1750772026.19214,8261
1750772026.293158,9295
1750772026.393887,8706
1750772026.495119,8722
1750772026.596491,8641
1750772026.697919,9287
1750772026.799704,8861
1750772026.900301,9443
1750772027.001464,9242
1750772027.102535,8489
1750772027.204145,8739
1750772027.305179,9204
1750772027.507326,9626
1750772027.609144,9477
1750772027.710164,8622
1750772027.811152,9327
1750772027.912553,9122
1750772028.013698,9224
1750772028.114705,8425
1750772028.215845,8710
1750772028.316412,8939
1750772028.417636,8575
1750772028.518917,8856
1750772028.619694,9387
1750772028.72097,9093
1750772028.82577,9084
1750772029.030067,9394
1750772029.130691,8894
1750772029.232084,8748
1750772029.333307,9157
1750772029.434291,8545
1750772029.53586,8664
1750772029.637526,8820
1750772029.738908,9153
1750772029.839978,9310
1750772029.943665,9432
1750772030.044818,8709
1750772030.146199,9281
1750772030.248676,8616
1750772030.454892,8850
1750772030.556096,8873
1750772030.656913,8758
1750772030.758043,8850
1750772030.859783,8855
1750772030.960761,9091
1750772031.062214,9403
1750772031.163055,8587
1750772031.264495,8675
1750772031.365461,9220
1750772031.466734,9054
1750772031.570116,8869
1750772031.777121,9222
1750772031.878577,8378
1750772031.980093,9042
1750772032.096427,9017
1750772032.197826,9240
1750772032.298557,8180
1750772032.399287,9361
1750772032.500644,8938
1750772032.601282,8923
1750772032.702078,8740
1750772032.803153,8538
1750772032.903776,8874
1750772033.008153,8603
1750772033.109765,8896
1750772033.210644,8604
1750772033.415027,8999
1750772033.51611,8695
1750772033.616828,9313
1750772033.718386,9275
1750772033.819137,9091
1750772033.920865,9210
1750772034.021596,9252
1750772034.124696,9416
1750772034.230414,8957
1750772034.334136,9462
1750772034.438895,8371
1750772034.539625,8686
1750772034.640882,8532
1750772034.844173,9109
1750772034.945455,8619
1750772035.046545,8784
1750772035.148272,8748
1750772035.249071,9008
1750772035.349802,9123
1750772035.468993,9251
1750772035.57072,8856
1750772035.672447,8375
1750772035.773123,8423
1750772035.873972,8815
1750772035.975279,9160
1750772036.076793,9033
1750772036.178031,8722
1750772036.279856,9572
1750772036.380627,9844
1750772036.584138,8321
1750772036.685178,8946
1750772036.785773,8658
1750772036.887018,9274
1750772036.988552,8568
1750772037.089173,8894
1750772037.190772,8700
1750772037.292299,9711
1750772037.393809,9289
1750772037.494961,9016
1750772037.610007,9068
1750772037.712239,8901
1750772037.814473,9341
1750772038.025589,9176
1750772038.12713,9099
1750772038.229046,9439
1750772038.33053,8976
1750772038.433933,8316
1750772038.535181,8138
1750772038.635948,8603
1750772038.737482,8095
1750772038.839045,8674
1750772038.940203,9124
1750772039.041756,9029
1750772039.142736,8278
1750772039.247107,8450
1750772039.449121,9180
1750772039.550122,8118
1750772039.651351,8762
1750772039.752734,8660
1750772039.853672,9055
1750772039.954556,8425
1750772040.0553,8794
1750772040.156048,8605
1750772040.256982,8084
1750772040.358841,7667
1750772040.46014,9131
1750772040.561727,9991
1750772040.665178,9252
1750772040.768046,9429
1750772040.971243,8381
1750772041.072113,8496
1750772041.173585,9470
1750772041.274754,9103
1750772041.375997,8040
1750772041.477487,8877
1750772041.579074,8888
1750772041.680425,9097
1750772041.781045,8397
1750772041.882831,8714
1750772041.984505,8733
1750772042.085176,8880
1750772042.287243,8638
1750772042.38798,8914
1750772042.489112,8177
1750772042.589808,9712
1750772042.690604,8631
1750772042.791187,9325
1750772042.892727,8824
1750772042.994137,8628
1750772043.09559,9196
1750772043.197048,8624
1750772043.298331,8905
1750772043.399621,9201
1750772043.504496,8877
1750772043.708975,8502
1750772043.809853,8921
1750772043.911365,8816
1750772044.01209,8657
1750772044.112921,9550
1750772044.21409,8984
1750772044.315131,9164
1750772044.41617,9580
1750772044.518127,8825
1750772044.618702,8471
1750772044.720208,8659
1750772044.8214,9407
1750772044.927323,8892
1750772045.130778,8739
1750772045.231704,8788
1750772045.33321,9595
1750772045.433956,9350
1750772045.554634,8548
1750772045.66035,8570
1750772045.761104,8486
1750772045.86241,8341
1750772045.963898,8818
1750772046.077807,8735
1750772046.1796,8379
1750772046.28028,9733
1750772046.381446,8945
1750772046.485142,9171
1750772046.587313,8681
1750772046.690335,8803
1750772046.893081,9049
1750772046.993858,8980
1750772047.096873,8581
1750772047.198167,8727
1750772047.298763,8698
1750772047.400181,8519
1750772047.503885,8958
1750772047.605612,8611
1750772047.709335,8966
1750772047.810065,8180
1750772047.911793,8532
1750772048.123743,9008
1750772048.123743,9008
1750772048.23345,8223
1750772048.337172,9110
1750772048.443886,8911
1750772048.545109,9464
1750772048.646436,8595
1750772048.849837,9268
1750772048.950845,9147
1750772049.052563,8680
1750772049.153159,9195
1750772049.254353,8992
1750772049.3558,8802
1750772049.457171,8473
1750772049.558052,9238
1750772049.658859,8531
1750772049.759849,8634
1750772049.863455,8802
1750772049.965056,8887
1750772050.168714,8675
1750772050.270149,8685
1750772050.371075,9204
1750772050.472349,8600
1750772050.573162,9076
1750772050.674767,9015
1750772050.776174,9200
1750772050.877307,8849
1750772050.978107,8571
1750772051.079472,9233
1750772051.181707,8920
1750772051.28352,8761
1750772051.384258,8983
1750772051.487291,9722
1750772051.590077,8503
1750772051.794437,9250
1750772051.896025,9213
1750772051.997833,9272
1750772052.104745,9110
1750772052.206178,9277
1750772052.311446,9300
1750772052.412717,9074
1750772052.513695,8972
1750772052.614693,9049
1750772052.716259,8831
1750772052.817484,8732
1750772052.92404,8826
1750772053.025613,8978
1750772053.128058,9107
1750772053.330867,8994
1750772053.431669,8134
1750772053.533174,8837
1750772053.63388,8897
1750772053.735086,8625
1750772053.835786,9235
1750772053.936682,8583
1750772054.037638,10152
1750772054.139271,8678
1750772054.242479,8860
1750772054.343316,8875
1750772054.447245,8942
1750772054.549769,8398
1750772054.65561,8984
1750772054.857906,9018
1750772054.959348,9059
1750772055.060253,9186
1750772055.162259,8999
1750772055.263904,8883
1750772055.364985,8656
1750772055.466277,8825
1750772055.567766,8936
1750772055.669105,8811
1750772055.77093,8897
1750772055.872427,9310
1750772056.075591,8669
1750772056.176345,8624
1750772056.277307,8666
1750772056.378231,9115
1750772056.479394,9084
1750772056.580163,9070
1750772056.68163,8731
1750772056.782381,8704
1750772056.883111,9302
1750772056.984743,8422
1750772057.086123,8916
1750772057.186805,9296
1750772057.290702,8826
1750772057.494865,8232
1750772057.595965,8644
1750772057.696738,9079
1750772057.797671,8579
1750772057.89942,9068
1750772057.999841,9639
1750772058.10133,8966
1750772058.202884,8941
1750772058.304316,8665
1750772058.406033,9005
1750772058.508301,8937
1750772058.611635,9309
1750772058.713665,8624
1750772058.81598,9881
1750772059.02101,8673
1750772059.121977,9409
1750772059.223162,9141
1750772059.324601,8615
1750772059.426794,8757
1750772059.527534,9013
1750772059.628691,9460
1750772059.730255,9177
1750772059.832104,8718
1750772059.932896,9127
1750772060.03408,8410
1750772060.140365,9286
1750772060.243127,9001
1750772060.35924,8982
1750772060.461318,9022
1750772060.566605,8944
1750772060.770156,8699
1750772060.871418,9075
1750772060.972839,9051
1750772061.074149,9199
1750772061.175352,8892
1750772061.27672,9154
1750772061.377827,8733
1750772061.479316,9084
1750772061.580022,8837
1750772061.681704,9175
1750772061.782634,9729
1750772061.88466,8870
1750772062.087661,8739
1750772062.188479,8877
1750772062.289224,9191
1750772062.390474,8750
1750772062.491146,9079
1750772062.592101,9053
1750772062.692977,8366
1750772062.794598,8846
1750772062.896178,9903
1750772062.99797,9509
1750772063.099115,8957
1750772063.199799,9137
1750772063.301403,9222
1750772063.404676,9777
1750772063.606651,9585
1750772063.707973,8892
1750772063.808775,8888
1750772063.909334,8631
1750772064.010861,9485
1750772064.112147,8717
1750772064.213248,8990
1750772064.314507,8779
1750772064.41602,9565
1750772064.517798,8882
1750772064.619121,8507
1750772064.721049,8349
1750772064.923798,8595
1750772065.02444,9190
1750772065.125802,8810
1750772065.227067,9104
1750772065.332694,9809
1750772065.434813,8519
1750772065.535618,8829
1750772065.63648,8476
1750772065.737116,9430
1750772065.83856,8822
1750772065.943743,7976
1750772066.047096,8050
1750772066.148442,8850
1750772066.250291,8561
1750772066.457348,8553
1750772066.558067,9293
1750772066.659353,9290
1750772066.760513,9648
1750772066.861336,9025
1750772066.962188,9072
1750772067.062931,8983
1750772067.163895,8805
1750772067.265497,8306
1750772067.366331,9490
1750772067.467053,9789
1750772067.568236,9408
1750772067.771521,8600
1750772067.873071,8419
1750772067.974239,9153
1750772068.075148,9681
1750772068.175888,8804
1750772068.277847,9268
1750772068.379165,8636
1750772068.479741,9137
1750772068.580522,9446
1750772068.682002,9193
1750772068.783246,8958
1750772068.986502,9176
1750772069.087944,8270
1750772069.188784,8637
1750772069.289765,9080
1750772069.391035,8423
1750772069.492741,8642
1750772069.593814,9260
1750772069.695177,9076
1750772069.796371,9210
1750772069.897316,8648
1750772070.011084,8473
1750772070.111974,8384
1750772070.216055,8426
1750772070.317941,8568
1750772070.522409,8490
1750772070.6237,9467
1750772070.724916,8911
1750772070.825623,9135
1750772070.926834,8852
1750772071.027964,8484
1750772071.129152,8874
1750772071.229909,8922
1750772071.330611,8559
1750772071.432079,8692
1750772071.53363,9069
1750772071.634565,8698
1750772071.738461,8816
1750772071.941078,9466
1750772072.042128,9104
1750772072.142908,9277
1750772072.244555,9542
1750772072.345537,8367
1750772072.447295,8716
1750772072.548776,8809
1750772072.651168,9326
1750772072.753069,8557
1750772072.854444,9607
1750772072.956116,9127
1750772073.057624,8777
1750772073.259813,9747
1750772073.360714,8602
1750772073.462604,8793
1750772073.563806,9387
1750772073.664633,8549
1750772073.76601,8858
1750772073.867181,9291
1750772073.968388,8388
1750772074.070097,9517
1750772074.171004,9593
1750772074.272934,8829
1750772074.373758,8847
1750772074.477146,8888
1750772074.680381,9372
1750772074.780935,8980
1750772074.881681,8893
1750772074.982778,8843
1750772075.083426,8822
1750772075.18486,9000
1750772075.286174,8567
1750772075.387404,8742
1750772075.488973,9303
1750772075.590049,9725
1750772075.692218,9298
1750772075.896674,9245
1750772075.997188,8635
1750772076.098604,8647
1750772076.199219,8318
1750772076.30003,9046
1750772076.406745,9053
1750772076.507475,9063
1750772076.609148,8487
1750772076.709892,8685
1750772076.811485,9065
1750772076.913217,8542
1750772077.014671,9166
1750772077.116073,8914
1750772077.21989,8476
1750772077.324395,9214
1750772077.430383,9048
1750772077.636672,8899
1750772077.738069,9083
1750772077.839439,9489
1750772077.940232,9276
1750772078.053917,8866
1750772078.155162,8889
1750772078.256361,9347
1750772078.357091,8468
1750772078.457821,8895
1750772078.558552,8547
1750772078.659283,8517
1750772078.760014,8339
1750772078.860744,8309
1750772079.066431,8388
1750772079.167027,9612
1750772079.267837,8937
1750772079.368458,8507
1750772079.468965,8616
1750772079.570099,8533
1750772079.671796,9331
1750772079.772619,8847
1750772079.873906,8401
1750772079.97518,9044
1750772080.076343,9380
1750772080.177961,9240
1750772080.383168,8511
1750772080.483816,9299
1750772080.584917,8714
1750772080.686147,9503
1750772080.786957,9017
1750772080.887699,9539
1750772080.988829,9344
1750772081.090035,9307
1750772081.190561,9301
1750772081.291606,8768
1750772081.393072,8820
1750772081.594581,8475
1750772081.695705,8128
1750772081.79716,8851
1750772081.898647,9449
1750772081.999481,8389
1750772082.100166,8591
1750772082.201345,9329
1750772082.302301,9440
1750772082.402641,9457
1750772082.504157,8983
1750772082.605177,8780
1750772082.705924,8566
1750772082.80679,9051
1750772082.908,9554
1750772083.112386,8618
1750772083.212941,9268
1750772083.314203,8522
1750772083.415304,9198
1750772083.516173,9110
1750772083.616822,9548
1750772083.717716,9197
1750772083.819233,8254
1750772083.920267,9422
1750772084.021953,8604
1750772084.123089,8434
1750772084.325271,8713
1750772084.425991,9005
1750772084.526871,9456
1750772084.628528,8961
1750772084.729634,8931
1750772084.830142,9004
1750772084.931159,8978
1750772085.032056,8473
1750772085.133648,8573
1750772085.234431,9217
1750772085.335846,8805
1750772085.43684,8921
1750772085.537493,9736
1750772085.644411,8819
1750772085.748812,8898
1750772085.952159,9062
1750772086.053866,8436
1750772086.155155,9043
1750772086.256011,9012
1750772086.356807,8641
1750772086.457395,8360
1750772086.558587,8696
1750772086.660128,9464
1750772086.761049,8888
1750772086.861946,9603
1750772086.963493,8734
1750772087.06678,9013
1750772087.27363,8841
1750772087.37458,8776
1750772087.475494,8958
1750772087.576135,8873
1750772087.677132,8940
1750772087.777927,9058
1750772087.878561,9221
1750772087.979479,8928
1750772088.081032,9088
1750772088.18176,9292
1750772088.283364,8149
1750772088.38472,8494
1750772088.486612,8577
1750772088.691288,9158
1750772088.792876,9144
1750772088.893932,8648
1750772088.995017,8379
1750772089.096473,9265
1750772089.197571,8714
1750772089.298784,9010
1750772089.400049,9104
1750772089.501165,8722
1750772089.602079,8918
1750772089.703612,8381
1750772089.905907,8822
1750772090.00677,8893
1750772090.107482,8370
1750772090.208286,8829
1750772090.320705,8841
1750772090.422424,8857
1750772090.523851,9188
1750772090.625177,9573
1750772090.726554,8838
1750772090.829068,9515
1750772090.929795,9431
1750772091.030571,8990
1750772091.132085,9072
1750772091.234169,9041
1750772091.334924,9002
1750772091.438134,8661
1750772091.644724,9112
1750772091.746273,8606
1750772091.847171,8672
1750772091.947736,8919
1750772092.049579,9082
1750772092.152018,9332
1750772092.253455,9099
1750772092.354769,8932
1750772092.45556,7679
1750772092.556291,8706
1750772092.657021,7753
1750772092.75765,8953
1750772092.962836,8995
1750772093.063992,8877
1750772093.164796,8650
1750772093.267103,8814
1750772093.367987,8772
1750772093.468946,8557
1750772093.570101,9263
1750772093.671627,9091
1750772093.773301,9156
1750772093.873885,8987
1750772093.975142,9619
1750772094.076217,8815
1750772094.179666,9253
1750772094.281229,9051
1750772094.487927,9056
1750772094.589375,8723
1750772094.689975,8747
1750772094.791376,9013
1750772094.892501,9423
1750772094.993106,8876
1750772095.093882,9406
1750772095.195721,8601
1750772095.297349,9682
1750772095.398498,8551
1750772095.500057,8438
1750772095.601103,9005
1750772095.808172,9628
1750772095.908839,8701
1750772096.009749,8799
1750772096.111008,9026
1750772096.211861,9082
1750772096.313178,9031
1750772096.413827,8236
1750772096.515,8796
1750772096.616176,8757
1750772096.717435,8838
1750772096.81836,8957
1750772096.920366,9734
1750772097.021569,8972
1750772097.123341,8872
1750772097.327126,8902
1750772097.428213,9160
1750772097.529666,8792
1750772097.630858,8350
1750772097.731984,9147
1750772097.832572,9066
1750772097.933327,8882
1750772098.034738,9219
1750772098.136086,9630
1750772098.237781,8722
1750772098.339252,8357
1750772098.442027,8951
1750772098.545799,8542
1750772098.765108,9361
1750772098.765108,9361
1750772098.968885,8886
1750772099.070164,8679
1750772099.171014,8943
1750772099.272,8941
1750772099.372673,8244
1750772099.47425,8840
1750772099.576,8727
1750772099.677185,8924
1750772099.778393,9258
1750772099.879211,9085
1750772099.982165,8925
1750772100.187846,8822
1750772100.288562,8558
1750772100.389273,8856
1750772100.489865,8340
1750772100.591172,9051
1750772100.692308,9195
1750772100.793131,9025
1750772100.894701,8526
1750772100.997975,8230
1750772101.099074,7685
1750772101.200566,8434
1750772101.301922,7991
1750772101.403794,9492
1750772101.609862,8615
1750772101.711116,9619
1750772101.811791,8889
1750772101.912477,9455
1750772102.013524,8956
1750772102.114722,8399
1750772102.215461,8904
1750772102.316119,9080
1750772102.416979,8021
1750772102.517924,9143
1750772102.619368,9009
1750772102.721935,8843
1750772102.925939,8944
1750772103.02812,8543
1750772103.129168,8997
1750772103.229908,9132
1750772103.330575,8254
1750772103.431708,8493
1750772103.532811,8476
1750772103.633864,8995
1750772103.734823,8884
1750772103.835528,9175
1750772103.936145,9183
1750772104.138021,8674
1750772104.239471,8831
1750772104.340632,9321
1750772104.44178,9164
1750772104.543407,9121
1750772104.644795,8936
1750772104.745904,9108
1750772104.847454,8941
1750772104.948904,8999
1750772105.049405,9094
1750772105.150221,9175
1750772105.250861,8694
1750772105.351858,9010
1750772105.556366,8736
1750772105.657684,8952
1750772105.758503,8797
1750772105.859984,8543
1750772105.960632,8783
1750772106.061267,9440
1750772106.162369,9534
1750772106.263472,8971
1750772106.36479,9149
1750772106.466365,8702
1750772106.567172,8798
1750772106.668338,9321
1750772106.76914,7956
1750772106.972296,9220
1750772107.073,8897
1750772107.174277,8570
1750772107.28197,8337
1750772107.388684,9164
1750772107.490412,9201
1750772107.591142,8855
1750772107.692871,9240
1750772107.793601,9014
1750772107.894445,9152
1750772107.996173,8965
1750772108.097413,7902
1750772108.198144,8279
1750772108.402597,9321
1750772108.503834,8751
1750772108.604564,8319
1750772108.705295,8934
1750772108.806026,8795
1750772108.906756,9341
1750772109.008003,8938
1750772109.108734,9143
1750772109.209464,9252
1750772109.310195,8825
1750772109.410925,8666
1750772109.511657,9550
1750772109.614381,8157
1750772109.716109,8895
1750772109.926924,8632
1750772110.038912,9179
1750772110.139578,8791
1750772110.242009,8718
1750772110.343675,8823
1750772110.444405,8646
1750772110.545777,8878
1750772110.646507,9302
1750772110.747238,8865
1750772110.848477,9176
1750772110.949211,9410
1750772111.050314,8703
1750772111.15129,9210
1750772111.252245,8994
1750772111.358908,8447
1750772111.565068,8350
1750772111.666353,9310
1750772111.767498,8235
1750772111.86827,9000
1750772111.96889,9302
1750772112.070537,8696
1750772112.172649,8686
1750772112.27382,9360
1750772112.37518,9135
1750772112.47579,9213
1750772112.577013,9039
1750772112.677718,8708
1750772112.882056,8133
1750772112.982674,8954
1750772113.083879,9495
1750772113.185176,8341
1750772113.286227,9044
1750772113.38791,9057
1750772113.488799,7800
1750772113.589448,8832
1750772113.691038,8672
1750772113.792297,9075
1750772113.892977,8601
1750772113.995951,8565
1750772114.098119,8975
1750772114.30208,8503
1750772114.403069,8585
1750772114.504292,8298
1750772114.605052,8366
1750772114.706137,8824
1750772114.80751,8611
1750772114.908133,9252
1750772115.009033,8691
1750772115.110245,8763
1750772115.211254,8444
1750772115.311951,8798
1750772115.412977,9393
1750772115.616876,9431
1750772115.718446,9431
1750772115.819361,8858
1750772115.920108,9161
1750772116.021023,8898
1750772116.122486,9067
1750772116.223924,8872
1750772116.324696,8524
1750772116.426889,8405
1750772116.528193,9505
1750772116.629952,8529
1750772116.73094,8694
1750772116.833154,9411
1750772117.036178,8480
1750772117.137035,9052
1750772117.238568,8647
1750772117.339465,8444
1750772117.441106,9149
1750772117.541923,8956
1750772117.643387,9106
1750772117.74504,8804
1750772117.846641,8996
1750772117.94776,8761
1750772118.049179,9544
1750772118.149936,9001
1750772118.351304,8707
1750772118.452138,9471
1750772118.553649,9013
1750772118.654806,9332
1750772118.755899,8971
1750772118.856865,8933
1750772118.957482,8348
1750772119.059003,9367
1750772119.159678,8870
1750772119.260843,9459
1750772119.361915,9379
1750772119.464147,8461
1750772119.565693,9010
1750772119.768712,8905
1750772119.869847,9620
1750772119.971963,8940
1750772120.07355,9007
1750772120.175065,8323
1750772120.277398,8703
1750772120.377934,9041
1750772120.479412,9115
1750772120.580397,10011
1750772120.681735,8979
1750772120.782599,8833
1750772120.884425,9683
1750772120.999771,8418
1750772121.102042,9181
1750772121.204012,8992
1750772121.410236,9051
1750772121.510978,8993
1750772121.612364,9005
1750772121.713377,8889
1750772121.814896,8963
1750772121.916271,8286
1750772122.017872,9015
1750772122.119006,8997
1750772122.220536,8431
1750772122.322065,9514
1750772122.422848,8473
1750772122.625846,9743
1750772122.727175,8437
1750772122.828427,9017
1750772122.929799,9578
1750772123.030689,9069
1750772123.131771,9210
1750772123.233739,8796
1750772123.334922,8924
1750772123.436175,8217
1750772123.538886,9035
1750772123.640151,9035
1750772123.742402,9065
1750772123.846003,9179
1750772123.946875,9665
1750772124.048266,8679
1750772124.252655,8653
1750772124.353554,8671
1750772124.455177,9072
1750772124.556202,9245
1750772124.657193,8901
1750772124.758726,8480
1750772124.860137,9032
1750772124.961,9022
1750772125.062053,8945
1750772125.162922,8962
1750772125.264119,9437
1750772125.467039,8940
1750772125.568051,8741
1750772125.668629,9137
1750772125.770395,9069
1750772125.872015,8984
1750772125.972705,9226
1750772126.073994,8500
1750772126.174861,8476
1750772126.275698,9103
1750772126.377311,9024
1750772126.478646,9651
1750772126.580165,8579
1750772126.681847,9421
1750772126.883761,9578
1750772126.985139,8917
1750772127.086717,8742
1750772127.187907,9062
1750772127.289087,9912
1750772127.390322,8663
1750772127.491857,8361
1750772127.593116,8660
1750772127.694796,8595
1750772127.796698,9774
1750772127.897662,8458
1750772127.999151,9094
1750772128.10027,8910
1750772128.202342,8836
1750772128.409135,9711
1750772128.509757,8914
1750772128.611171,8677
1750772128.712222,9034
1750772128.81404,9389
1750772128.914803,8753
1750772129.01608,9044
1750772129.116786,9274
1750772129.21848,8525
1750772129.318946,9207
1750772129.419978,9185
1750772129.520979,9039
1750772129.624499,9350
1750772129.8321,9260
1750772129.944736,8851
1750772130.045823,8843
1750772130.146718,8741
1750772130.247738,8869
1750772130.348415,9187
1750772130.449103,9236
1750772130.550197,8378
1750772130.651494,8845
1750772130.752954,9520
1750772130.854032,8617
1750772130.955099,8865
1750772131.058126,8648
1750772131.161686,9009
1750772131.264644,9168
1750772131.469145,8912
1750772131.570127,8724
1750772131.670969,9261
1750772131.772208,8563
1750772131.873097,8821
1750772131.974497,9043
1750772132.075803,8548
1750772132.177352,8606
1750772132.278102,8595
1750772132.379636,9602
1750772132.480696,8816
1750772132.683681,8904
1750772132.784935,8997
1750772132.885545,8846
1750772132.9871,9384
1750772133.087844,8754
1750772133.188975,9532
1750772133.28972,9112
1750772133.390872,9115
1750772133.49153,8672
1750772133.592037,9263
1750772133.693473,9335
1750772133.794645,9281
1750772133.895967,8823
1750772134.098666,8849
1750772134.199394,8944
1750772134.300183,8592
1750772134.401159,8952
1750772134.502732,8732
1750772134.603651,8888
1750772134.704797,8255
1750772134.806198,8717
1750772134.907115,9027
1750772135.008068,9271
1750772135.109341,8985
1750772135.210642,8667
1750772135.414947,8613
1750772135.516068,8544
1750772135.617731,9000
1750772135.719314,9263
1750772135.820319,9009
1750772135.921732,8549
1750772136.022898,8817
1750772136.124305,9092
1750772136.22551,8665
1750772136.326686,8648
1750772136.427341,9299
1750772136.528413,9181
1750772136.629127,9194
1750772136.832149,9419
1750772136.933312,9054
1750772137.035026,8612
1750772137.135715,8690
1750772137.236341,9252
1750772137.337166,8856
1750772137.439114,9122
1750772137.540568,8299
1750772137.641638,8904
1750772137.742575,8956
1750772137.844113,8883
1750772137.94541,8647
1750772138.149679,8930
1750772138.252405,8751
1750772138.354133,10262
1750772138.45586,9594
1750772138.557169,8834
1750772138.658123,8409
1750772138.759904,8685
1750772138.860654,8545
1750772138.961362,9294
1750772139.062194,8945
1750772139.164308,8931
1750772139.265349,8838
1750772139.366067,9263
1750772139.569297,8964
1750772139.670599,8825
1750772139.771329,9172
1750772139.87206,8527
1750772139.972791,9341
1750772140.073521,9431
1750772140.174252,8924
1750772140.275261,9038
1750772140.37599,9113
1750772140.476739,8456
1750772140.579465,8430
1750772140.681192,8729
1750772140.78292,8788
1750772140.887148,8750
1750772141.093058,8611
1750772141.193787,9103
1750772141.294507,9044
1750772141.395237,8507
1750772141.496474,8386
1750772141.597205,8924
1750772141.698933,8640
1750772141.812179,9254
1750772141.913476,8756
1750772142.020482,8521
1750772142.120895,8733
1750772142.225558,8911
1750772142.326767,8843
1750772142.427958,8735
1750772142.63181,8453
1750772142.732719,8601
1750772142.833449,8279
1750772142.93418,8825
1750772143.03491,9480
1750772143.135846,8094
1750772143.236576,8805
1750772143.3375,8778
1750772143.438384,8722
1750772143.541973,8601
1750772143.646147,8495
1750772143.747205,8668
1750772143.847833,9232
1750772144.051865,7978
1750772144.153257,8698
1750772144.254681,8420
1750772144.356312,8786
1750772144.458143,8445
1750772144.559474,8694
1750772144.660204,8895
1750772144.761832,8619
1750772144.863237,8648
1750772144.964483,9462
1750772145.065828,8406
1750772145.167366,9336
1750772145.271359,8269
1750772145.48446,8821
1750772145.48446,8821
1750772145.689033,8688
1750772145.790756,8975
1750772145.892272,8333
1750772145.993089,8708
1750772146.093881,8671
1750772146.195157,9172
1750772146.29689,8876
1750772146.398171,9053
1750772146.498906,8983
1750772146.599588,9018
1750772146.700818,9177
1750772146.801828,8999
1750772147.006651,9500
1750772147.107491,9053
1750772147.209167,8753
1750772147.31077,9084
1750772147.412498,8394
1750772147.514044,8843
1750772147.772353,8830
1750772147.772353,8830
1750772147.914496,6774
1750772148.016097,8631
1750772148.117586,8572
1750772148.218303,9382
1750772148.428098,9122
1750772148.530115,8724
1750772148.630837,9620
1750772148.73156,9104
1750772148.833222,8724
1750772148.934577,8771
1750772149.035759,8548
1750772149.136748,9248
1750772149.237311,8760
1750772149.33962,8748
1750772149.442446,8606
1750772149.543913,8643
1750772149.644646,8805
1750772149.847347,8924
1750772149.949077,8748
1750772150.050204,9275
1750772150.152697,8699
1750772150.254468,8833
1750772150.358192,8570
1750772150.528245,8225
1750772150.528245,8225
1750772150.740891,8837
1750772150.842158,9331
1750772150.943887,8424
1750772151.044628,8228
1750772151.15192,9454
1750772151.252196,9064
1750772151.352711,9172
1750772151.453488,8613
1750772151.555159,8743
1750772151.656015,8665
1750772151.758709,8229
1750772151.8598,8794
1750772151.962229,8679
1750772152.167637,8759
1750772152.269846,8521
1750772152.370535,8858
1750772152.471368,9114
1750772152.572098,9421
1750772152.674824,9456
1750772152.781539,9024
1750772152.884264,8790
1750772152.985102,8915
1750772153.086373,8590
1750772153.187407,8432
1750772153.288549,8977
1750772153.390117,9185
1750772153.506653,9001
1750772153.608636,9315
1750772153.711136,8740
1750772153.815613,9427
1750772153.924414,8648
1750772154.130852,8594
1750772154.232011,8521
1750772154.333187,9439
1750772154.434324,8641
1750772154.535211,8782
1750772154.636045,8935
1750772154.737122,9329
1750772154.837637,8904
1750772154.938271,8704
1750772155.039307,8620
1750772155.141025,8670
1750772155.241817,9018
1750772155.343289,8751
1750772155.449075,8663
1750772155.652646,8215
1750772155.753735,9229
1750772155.854588,9439
1750772155.956528,8681
1750772156.058023,8276
1750772156.276479,8694
1750772156.276479,8694
1750772156.488469,9465
1750772156.488469,9465
1750772156.592392,8515
1750772156.694408,9116
1750772156.79514,9421
1750772156.896868,8719
1750772156.997598,8736
1750772157.098374,8781
1750772157.203129,8857
1750772157.408079,9187
1750772157.510156,8816
1750772157.611638,8671
1750772157.712336,9166
1750772157.812863,8783
1750772157.913765,8116
1750772158.015688,8820
1750772158.116857,8540
1750772158.218484,8885
1750772158.319531,8738
1750772158.421074,9572
1750772158.521957,9069
1750772158.724598,8804
1750772158.829866,8511
1750772158.931573,9252
1750772159.032489,8908
1750772159.143102,9167
1750772159.244739,8609
1750772159.345491,9250
1750772159.446752,8917
1750772159.548366,8896
1750772159.6489,9190
1750772159.75205,8880
1750772159.85372,8281
1750772159.955191,9175
1750772160.058066,8859
1750772160.276765,8844
1750772160.276765,8844
1750772160.379476,8694
1750772160.583023,9190
1750772160.684345,9435
1750772160.78504,8778
1750772160.885856,8738
1750772160.987005,8403
1750772161.088281,9123
1750772161.190018,9239
1750772161.291221,9209
1750772161.392194,8735
1750772161.492974,9247
1750772161.594026,8609
1750772161.698149,8620
1750772161.899917,9058
1750772162.000929,9018
1750772162.102788,8982
1750772162.204782,9059
1750772162.326937,8713
1750772162.512444,6333
1750772162.619154,8277
1750772162.721446,8280
1750772162.822468,8909
1750772162.923685,9039
1750772163.025033,9255
1750772163.125936,8939
1750772163.22875,8529
1750772163.433203,8709
1750772163.533933,9034
1750772163.634664,8865
1750772163.735424,8664
1750772163.836125,8579
1750772163.937163,8472
1750772164.038151,8228
1750772164.233859,8983
1750772164.461757,6549
1750772164.727555,7559
1750772164.845242,8434
1750772164.961928,9206
1750772164.961928,9206
1750772165.177422,8948
1750772165.280147,8857
1750772165.387353,8768
1750772165.489675,8921
1750772165.590192,9142
1750772165.698834,9095
1750772165.800301,8919
1750772165.90228,9227
1750772166.003689,8510
1750772166.104933,9561
1750772166.207277,8764
1750772166.314988,8754
1750772166.415724,8576
1750772166.516449,9411
1750772166.618177,8788
1750772166.821635,9143
1750772166.924359,9122
1750772167.025088,8597
1750772167.126176,9150
1750772167.227079,9038
1750772167.328175,9070
1750772167.429499,9148
1750772167.530287,9078
1750772167.631213,9214
1750772167.732646,8705
1750772167.833355,9155
1750772167.934567,8951
1750772168.035302,8428
1750772168.239723,8703
1750772168.340676,9321
1750772168.441303,8874
1750772168.542299,8525
1750772168.643114,9145
1750772168.744408,9793
1750772168.845838,9720
1750772168.947084,8701
1750772169.048832,8429
1750772169.149512,9177
1750772169.250219,8599
1750772169.352968,8496
1750772169.453916,8846
1750772169.65894,8628
1750772169.760622,8998
1750772169.861442,8827
1750772169.962249,8045
1750772170.063283,9274
1750772170.164086,9106
1750772170.265926,8621
1750772170.367467,8764
1750772170.468938,8366
1750772170.570191,8947
1750772170.672041,9347
1750772170.773412,8424
1750772170.989993,8813
1750772170.989993,8813
1750772171.194671,9539
1750772171.296211,8489
1750772171.396811,9393
1750772171.498123,8903
1750772171.599589,9333
1750772171.700139,9308
1750772171.801586,9118
1750772171.902687,9119
1750772172.004201,9210
1750772172.104786,9285
1750772172.206309,9130
1750772172.308037,9377
1750772172.408768,9043
1750772172.612224,9331
1750772172.712956,9252
1750772172.813685,9073
1750772172.914529,9172
1750772173.015248,8320
1750772173.116976,8915
1750772173.218092,8544
1750772173.344753,8627
1750772173.448475,8840
1750772173.549207,8865
1750772173.650934,9161
1750772173.751664,8914
1750772173.852395,8587
1750772173.954028,8629
1750772174.054758,8795
1750772174.167456,8820
1750772174.272176,8689
1750772174.374102,8877
1750772174.581141,8905
1750772174.68237,8663
1750772174.783295,9125
1750772174.88389,9304
1750772174.985116,8636
1750772175.085431,8583
1750772175.18678,8702
1750772175.287511,8765
1750772175.388241,8756
1750772175.489969,9093
1750772175.597681,8863
1750772175.699414,8885
1750772175.901867,8984
1750772176.002404,9240
1750772176.103338,8758
1750772176.204664,8151
1750772176.306484,9032
1750772176.407748,8739
1750772176.508536,9346
1750772176.610236,8593
1750772176.711532,8885
1750772176.812254,9004
1750772176.913436,8687
1750772177.015143,9143
1750772177.115874,9391
1750772177.318342,8576
1750772177.419063,8707
1750772177.519793,8378
1750772177.621522,8815
1750772177.722428,9038
1750772177.823158,9163
1750772177.923889,9033
1750772178.041574,8887
1750772178.147291,8570
1750772178.248021,8200
1750772178.348751,8547
1750772178.449482,8775
1750772178.550384,9553
1750772178.652027,8795
1750772178.753004,8754
1750772178.957852,9293
1750772179.059197,9275
1750772179.161211,9469
1750772179.262044,9084
1750772179.363347,8864
1750772179.464997,8686
1750772179.566523,9219
1750772179.667697,8608
1750772179.768241,8633
1750772179.86911,9021
1750772179.970525,8963
1750772180.071166,9051
1750772180.172011,9142
1750772180.380835,8262
1750772180.482496,8272
1750772180.584153,8509
1750772180.685535,9035
1750772180.786221,9038
1750772180.8871,8505
1750772180.987705,9234
1750772181.089461,9510
1750772181.189842,8607
1750772181.291301,9008
1750772181.392625,9454
1750772181.493615,8258
1750772181.696692,8320
1750772181.807024,9580
1750772181.908014,9347
1750772182.011901,9038
1750772182.112991,9387
1750772182.213945,9271
1750772182.314666,9034
1750772182.415694,8759
1750772182.516663,9309
1750772182.618111,9482
1750772182.718936,8648
1750772182.820807,8824
1750772182.921727,9155
1750772183.024636,8551
1750772183.126174,9001
1750772183.3309,9259
1750772183.431486,8768
1750772183.533154,9049
1750772183.634309,8877
1750772183.736044,9190
1750772183.836577,8952
1750772183.937131,8592
1750772184.037725,8479
1750772184.138851,9473
1750772184.342464,8751
1750772184.443846,8532
1750772184.545341,9025
1750772184.646715,9223
1750772184.748487,8774
1750772184.849955,8919
1750772184.950611,8663
1750772185.052161,8537
1750772185.15297,8441
1750772185.253903,8609
1750772185.354829,9244
1750772185.455557,8339
1750772185.556701,9263
1750772185.658536,8719
1750772185.762164,8837
1750772185.967986,8590
1750772186.069082,8833
1750772186.170093,8919
1750772186.271171,8725
1750772186.37175,8858
1750772186.473046,9190
1750772186.574172,9315
1750772186.675454,8836
1750772186.777061,9084
1750772186.878614,9039
1750772186.980085,8692
1750772187.181678,8530
1750772187.283659,8687
1750772187.384547,9109
1750772187.486393,9239
1750772187.587088,9166
1750772187.687744,9120
1750772187.788926,9072
1750772187.890128,8863
1750772187.99156,8498
1750772188.093187,8787
1750772188.194231,8451
1750772188.295257,8878
1750772188.398954,8569
1750772188.604799,8523
1750772188.707486,8404
1750772188.808166,8621
1750772188.909708,9030
1750772189.0107,8604
1750772189.111626,9036
1750772189.213051,8873
1750772189.314686,8958
1750772189.415948,8305
1750772189.51718,8880
1750772189.618683,8551
1750772189.720426,9199
1750772189.8219,9174
1750772190.026158,7941
1750772190.127644,8661
1750772190.229095,8960
1750772190.330022,8600
1750772190.431014,8891
1750772190.53275,9110
1750772190.633547,8660
1750772190.734819,9351
1750772190.835797,9279
1750772190.936418,9123
1750772191.037314,9534
1750772191.138307,9178
1750772191.342829,9484
1750772191.444112,9280
1750772191.544697,8361
1750772191.645378,8949
1750772191.746379,9247
1750772191.847724,8712
1750772191.94848,9200
1750772192.04945,8616
1750772192.150967,8806
1750772192.251682,8936
1750772192.353061,9420
1750772192.455301,8484
1750772192.55655,8335
1750772192.75947,8248
1750772192.860757,8352
1750772192.961667,8958
1750772193.075583,9243
1750772193.177178,8691
1750772193.278747,9126
1750772193.379806,8490
1750772193.481121,8626
1750772193.58195,8985
1750772193.683429,8927
1750772193.785072,9248
1750772193.886314,9106
1750772193.987906,9124
1750772194.091993,9461
1750772194.193958,8787
1750772194.398136,8992
1750772194.499094,8419
1750772194.600561,8416
1750772194.70185,8826
1750772194.802427,8719
1750772194.903538,9108
1750772195.004944,8727
1750772195.106178,8663
1750772195.20701,8231
1750772195.308868,9405
1750772195.410302,8813
1750772195.511524,9375
1750772195.614632,9019
1750772195.81905,8982
1750772195.920529,8839
1750772196.021808,8432
1750772196.122747,9163
1750772196.223365,8745
1750772196.326403,8996
1750772196.468532,7917
1750772196.596228,7501
1750772196.596228,7501
1750772196.7189,7659
1750772196.820061,8649
1750772197.02201,9068
1750772197.12313,8662
1750772197.224895,8745
1750772197.325517,9361
1750772197.42814,8808
1750772197.529412,9005
1750772197.63007,8772
1750772197.731155,8487
1750772197.832856,8751
1750772197.934168,8992
1750772198.035575,8589
1750772198.136586,8900
1750772198.342238,9181
1750772198.443966,8512
1750772198.544786,8847
1750772198.645528,9013
1750772198.746261,9133
1750772198.847988,9122
1750772198.948721,9043
1750772199.050446,8468
1750772199.151189,8973
1750772199.251954,8445
1750772199.35256,8478
1750772199.454335,8764
1750772199.55514,8957
1750772199.759509,8707
1750772199.861929,8240
1750772199.963557,9131
1750772200.064724,8925
1750772200.165833,8723
1750772200.267045,8605
1750772200.36954,9415
1750772200.470194,9060
1750772200.571708,8865
1750772200.672868,8175
1750772200.773804,8609
1750772200.87517,8947
1750772200.976605,9020
1750772201.082951,9356
1750772201.285842,8338
1750772201.386754,9077
1750772201.488007,9184
1750772201.589712,9085
1750772201.690804,9120
1750772201.79198,8984
1750772201.89324,8502
1750772201.994017,8930
1750772202.094984,8745
1750772202.195711,8527
1750772202.296724,9058
1750772202.397833,9306
1750772202.499759,9261
1750772202.703167,8541
1750772202.803892,8706
1750772202.904959,8756
1750772203.005631,8761
1750772203.106739,8772
1750772203.208333,8789
1750772203.309205,9269
1750772203.410422,9168
1750772203.511727,8696
1750772203.612832,9168
1750772203.713541,8956
1750772203.815252,9517
1750772204.020557,8717
1750772204.121664,8525
1750772204.222312,9538
1750772204.323775,8702
1750772204.425172,9112
1750772204.526037,9180
1750772204.628221,8973
1750772204.72957,9136
1750772204.830894,9218
1750772204.93207,8440
1750772205.033552,9164
1750772205.135084,9268
1750772205.23641,8615
1750772205.454825,9240
1750772205.555555,8904
1750772205.65631,8972
1750772205.757016,9125
1750772205.858373,8583
1750772205.959103,8686
1750772206.059833,8607
1750772206.160564,9153
1750772206.261295,8785
1750772206.362025,8736
1750772206.462756,8904
1750772206.564484,9486
1750772206.665452,9260
1750772206.769169,8850
1750772206.87389,9253
1750772207.076517,9078
1750772207.177008,8916
1750772207.277619,8895
1750772207.378874,9036
1750772207.481154,8760
1750772207.582437,9290
1750772207.683071,8724
1750772207.784243,8668
1750772207.885105,8784
1750772207.986453,8673
1750772208.088182,8935
1750772208.292635,9316
1750772208.393365,8944
1750772208.494096,9480
1750772208.594826,8785
1750772208.696096,8699
1750772208.79796,8953
1750772208.898857,8503
1750772209.000176,9159
1750772209.101387,9208
1750772209.20253,8117
1750772209.303624,9219
1750772209.404473,8775
1750772209.607097,9206
1750772209.70813,8462
1750772209.808824,8858
1750772209.909704,8852
1750772210.010994,9527
1750772210.111542,9129
1750772210.212058,8466
1750772210.312807,8625
1750772210.414283,8573
1750772210.515205,8888
1750772210.616394,8390
1750772210.717473,8389
1750772210.821657,8724
1750772211.023673,9261
1750772211.125154,9174
1750772211.225916,8634
1750772211.327572,8646
1750772211.429001,8991
1750772211.530127,8415
1750772211.631993,9227
1750772211.732895,8790
1750772211.834331,9050
1750772211.936017,8496
1750772212.03776,8570
1750772212.138548,8780
1750772212.239638,9071
1750772212.341624,9403
1750772212.544995,9338
1750772212.646164,8737
1750772212.748526,9280
1750772212.850031,8502
1750772212.95196,9016
1750772213.053125,8234
1750772213.154853,9584
1750772213.256176,8833
1750772213.357702,8913
1750772213.459431,8542
1750772213.560689,9233
1750772213.664191,8424
1750772213.866948,9045
1750772213.96894,9069
1750772214.070129,8657
1750772214.171602,8958
1750772214.273224,8659
1750772214.374823,8336
1750772214.475644,9125
1750772214.577134,8099
1750772214.678618,8011
1750772214.779278,9219
1750772214.880142,9656
1750772214.987107,7991
1750772215.089108,8999
1750772215.193946,8451
1750772215.403741,8917
1750772215.505397,8233
1750772215.606513,9058
1750772215.707347,9242
1750772215.811662,8749
1750772215.912078,9211
1750772216.015908,8778
1750772216.118169,8898
1750772216.218959,8631
1750772216.320163,8794
1750772216.423704,8784
1750772216.525285,8239
1750772216.627068,8390
1750772216.730133,8819
1750772216.93208,8755
1750772217.033034,9756
1750772217.133886,8596
1750772217.235862,9433
1750772217.337251,9192
1750772217.438458,8438
1750772217.539281,8847
1750772217.640425,9135
1750772217.741749,8990
1750772217.843576,9300
1750772217.944903,9188
1750772218.046041,8938
1750772218.150151,9212
1750772218.351648,9456
1750772218.452187,8802
1750772218.552891,8668
1750772218.653917,8591
1750772218.754986,9063
1750772218.855808,8381
1750772218.95743,8580
1750772219.059171,8521
1750772219.159975,9007
1750772219.261649,8960
1750772219.363261,9398
1750772219.464436,8925
1750772219.565974,8371
1750772219.667142,9133
1750772219.871947,8604
1750772219.972601,7938
1750772220.075251,9225
1750772220.176224,8626
1750772220.27785,9073
1750772220.378817,9230
1750772220.480356,9227
1750772220.581468,8465
1750772220.683069,8927
1750772220.784635,8851
1750772220.88785,9591
1750772220.990224,8937
1750772221.094107,9385
1750772221.30018,9389
1750772221.401683,8512
1750772221.502767,9319
1750772221.603547,8424
1750772221.705247,8692
1750772221.806176,8748
1750772221.907436,9085
1750772222.008171,8626
1750772222.109245,9062
1750772222.210748,9152
1750772222.314955,8623
1750772222.415668,8290
1750772222.619347,8582
1750772222.720137,8840
1750772222.820959,8807
1750772222.922968,8371
1750772223.02382,9171
1750772223.125706,8489
1750772223.226556,8596
1750772223.327509,9340
1750772223.429399,8725
1750772223.530091,8620
1750772223.631211,9107
1750772223.734594,7999
1750772223.845891,8562
1750772223.946751,9002
1750772224.156173,8940
1750772224.257886,8514
1750772224.359048,9153
1750772224.460136,9476
1750772224.561426,8974
1750772224.662199,9397
1750772224.76285,9061
1750772224.863988,8305
1750772224.965177,8864
1750772225.066491,8863
1750772225.167937,8802
1750772225.270369,9296
1750772225.37236,9206
1750772225.477213,9317
1750772225.679744,9046
1750772225.780871,9275
1750772225.882097,9137
1750772225.982869,9625
1750772226.084843,8845
1750772226.186173,9039
1750772226.287872,8820
1750772226.389638,8529
1750772226.491176,9356
1750772226.592474,9852
1750772226.693234,8386
1750772226.796552,9291
1750772226.897762,9228
1750772227.105202,8572
1750772227.20648,9320
1750772227.30784,7981
1750772227.43501,8624
1750772227.43501,8624
1750772227.552695,8244
1750772227.767172,8967
1750772227.86843,8977
1750772227.96963,8646
1750772228.084412,9531
1750772228.187103,9312
1750772228.288056,9182
1750772228.39241,9304
1750772228.493772,8967
1750772228.595335,9068
1750772228.697182,8915
1750772228.798614,8912
1750772228.899857,8523
1750772229.005876,8668
1750772229.107166,8233
1750772229.209004,8837
1750772229.411016,8517
1750772229.512745,8748
1750772229.512745,8748
1750772229.7162,9123
1750772229.81693,9312
1750772229.917661,9629
1750772230.019389,8227
1750772230.120573,8262
1750772230.221893,8833
1750772230.323262,8967
1750772230.42569,9020
1750772230.527569,9648
1750772230.630784,8651
1750772230.836056,9279
1750772230.836056,9279
1750772230.938787,8468
1750772231.149925,9124
1750772231.250847,8838
1750772231.35153,9117
1750772231.452346,9115
1750772231.553166,9035
1750772231.653925,9190
1750772231.754849,8630
1750772231.858191,8960
1750772231.95888,9325
1750772232.061163,9395
1750772232.162506,8653
1750772232.269945,8842
1750772232.371666,8808
1750772232.577569,8610
1750772232.678421,8606
1750772232.779013,9463
1750772232.880531,9131
1750772232.981946,8716
1750772233.083672,8562
1750772233.1854,8581
1750772233.28613,8765
1750772233.386861,9272
1750772233.488283,8676
1750772233.589753,8642
1750772233.693109,8812
1750772233.795877,9711
1750772233.897225,8978
1750772234.102533,8714
1750772234.203452,9512
1750772234.305381,8407
1750772234.406163,8622
1750772234.507335,9103
1750772234.608776,9167
1750772234.710501,8817
1750772234.811098,9871
1750772234.912033,9134
1750772235.012763,8190
1750772235.117847,9031
1750772235.219618,8931
1750772235.321576,9033
1750772235.52912,8852
1750772235.631277,8858
1750772235.733001,8837
1750772235.834562,9009
1750772235.936447,9137
1750772236.038223,8695
1750772236.139513,8757
1750772236.240334,8450
1750772236.342061,9053
1750772236.443472,9032
1750772236.54999,8439
1750772236.650664,8919
1750772236.751778,8435
1750772236.852703,8788
1750772236.95708,9302
1750772237.159935,8637
1750772237.261224,8293
1750772237.361954,9351
1750772237.462685,8597
1750772237.563415,8696
1750772237.664146,9222
1750772237.765498,8080
1750772237.866229,8855
1750772237.967958,8934
1750772238.071679,8783
1750772238.17241,8746
1750772238.275135,8985
1750772238.378366,9125
1750772238.483492,9208
1750772238.685946,8483
1750772238.786676,8706
1750772238.887407,8736
1750772238.988138,8597
1750772239.089568,8705
1750772239.190965,8836
1750772239.291783,8321
1750772239.393407,8974
1750772239.494063,9050
1750772239.595188,9295
1750772239.696295,8851
1750772239.900011,9277
1750772240.000955,8618
1750772240.101656,8798
1750772240.203385,9535
1750772240.304115,9480
1750772240.404845,9024
1750772240.505576,9321
1750772240.606306,9480
1750772240.706814,9103
1750772240.807297,8747
1750772240.908168,8942
1750772241.009009,8934
1750772241.112945,9111
1750772241.318395,8630
1750772241.420003,8611
1750772241.520985,9179
1750772241.621753,8842
1750772241.723213,9215
1750772241.824724,9289
1750772241.926211,8799
1750772242.028067,8914
1750772242.129165,8743
1750772242.229991,8628
1750772242.330917,8560
1750772242.431703,8394
1750772242.533277,8742
1750772242.73738,8998
1750772242.838507,9156
1750772242.939822,8537
1750772243.041096,8861
1750772243.141719,9222
1750772243.242699,8803
1750772243.344336,8638
1750772243.445303,9438
1750772243.546878,8122
1750772243.648758,9118
1750772243.750531,9540
1750772243.85115,9024
1750772243.95299,9092
1750772244.158316,9157
1750772244.26101,8890
1750772244.362151,8453
1750772244.463211,9618
1750772244.564233,8918
1750772244.665591,8997
1750772244.766958,8947
1750772244.867833,8892
1750772244.983357,8881
1750772245.085176,8878
1750772245.186839,8911
1750772245.287923,8369
1750772245.390157,8910
1750772245.592702,9318
1750772245.694093,9300
1750772245.795106,9226
1750772245.896759,9256
1750772245.997961,8744
1750772246.099009,8688
1750772246.199975,8656
1750772246.300879,8225
1750772246.402156,8926
1750772246.50332,8708
1750772246.604534,8674
1750772246.706009,8849
1750772246.908168,9041
1750772247.009049,8732
1750772247.110165,8613
1750772247.21109,9323
1750772247.31231,9622
1750772247.413093,9604
1750772247.514651,8861
1750772247.615518,8655
1750772247.717306,8841
1750772247.818608,8854
1750772247.921124,9358
1750772248.022213,8438
1750772248.123087,9477
1750772248.327169,9009
1750772248.428168,8792
1750772248.529295,8642
1750772248.630782,8927
1750772248.73315,9006
1750772248.834484,9078
1750772248.935255,7819
1750772249.036641,8995
1750772249.138105,8742
1750772249.240185,9131
1750772249.340764,9226
1750772249.441657,9068
1750772249.542275,9193
1750772249.644495,9107
1750772249.74612,8688
1750772249.950239,9014
1750772250.050868,9162
1750772250.151456,8897
1750772250.252951,9222
1750772250.35377,8986
1750772250.455436,8488
1750772250.556157,8856
1750772250.657096,9560
1750772250.758943,9331
1750772250.867328,8822
1750772251.075501,8594
1750772251.176493,8931
1750772251.278808,8864
1750772251.379658,8953
1750772251.480356,8828
1750772251.581161,9037
1750772251.68255,8876
1750772251.783999,8674
1750772251.885001,9148
1750772251.986139,9551
1750772252.087525,8867
1750772252.188912,9024
1750772252.290421,8905
1750772252.39248,8583
1750772252.595179,8444
1750772252.699307,8543
1750772252.801165,9002
1750772252.902494,9010
1750772253.003177,8869
1750772253.10436,8469
1750772253.20563,9094
1750772253.306503,9229
1750772253.40829,8763
1750772253.509054,9269
1750772253.609798,9161
1750772253.711028,8475
1750772253.81393,8561
1750772254.031107,8843
1750772254.031107,8843
1750772254.234369,9085
1750772254.335108,8933
1750772254.436479,9549
1750772254.537202,9272
1750772254.638522,8586
1750772254.739387,8774
1750772254.840168,8870
1750772254.940996,8172
1750772255.042158,9084
1750772255.143446,8500
1750772255.244986,9355
1750772255.346935,8425
1750772255.552244,9101
1750772255.653087,8587
1750772255.753705,8537
1750772255.855232,9367
1750772255.956094,9220
1750772256.057253,8817
1750772256.15822,8596
1750772256.260246,8919
1750772256.36352,9140
1750772256.464207,9057
1750772256.564898,8938
1750772256.666128,9187
1750772256.767895,8882
1750772256.971003,9076
1750772257.072097,9377
1750772257.173093,9267
1750772257.274,9206
1750772257.375315,8439
1750772257.47614,8807
1750772257.577201,9162
1750772257.679685,8391
1750772257.781222,8824
1750772257.881898,9148
1750772257.983004,8852
1750772258.184573,9038
1750772258.285861,8924
1750772258.410574,9087
1750772258.538741,7269
1750772258.651946,8811
1750772258.75467,9394
1750772258.856969,8440
1750772259.059135,9650
1750772259.160848,8740
1750772259.262631,8891
1750772259.363595,8815
1750772259.464557,9359
1750772259.565243,8908
1750772259.668399,9597
1750772259.76996,8861
1750772259.872107,9560
1750772259.973104,8713
1750772260.074167,9122
1750772260.176162,8618
1750772260.288794,8887
1750772260.390522,8758
1750772260.499231,9254
1750772260.701689,8805
1750772260.804413,9286
1750772260.905145,9063
1750772261.006872,8925
1750772261.114419,9093
1750772261.215306,9129
1750772261.316829,8313
1750772261.417791,8389
1750772261.52293,9045
1750772261.623745,9542
1750772261.725023,8837
1750772261.825904,9060
1750772261.927842,8701
1750772262.029841,8558
1750772262.131375,9366
1750772262.33714,8608
1750772262.438239,8793
1750772262.538905,8701
1750772262.639692,8632
1750772262.740288,8658
1750772262.840964,9277
1750772262.942029,8766
1750772263.043595,8880
1750772263.145479,9324
1750772263.24657,8160
1750772263.347517,8479
1750772263.451087,9269
1750772263.553112,9056
1750772263.657028,8930
1750772263.861327,9002
1750772263.962598,8985
1750772264.063279,8333
1750772264.164391,9148
1750772264.26569,9091
1750772264.366774,9289
1750772264.467751,8220
1750772264.568257,8576
1750772264.669076,8728
1750772264.77005,8744
1750772264.871008,8954
1750772265.073928,8864
1750772265.176167,8352
1750772265.277163,8752
1750772265.377796,8973
1750772265.478681,8633
1750772265.58012,8685
1750772265.681253,8968
1750772265.782098,8716
1750772265.882618,8804
1750772265.984069,9166
1750772266.085533,9047
1750772266.189502,8916
1750772266.290703,9367
1750772266.394314,9054
1750772266.500116,8832
1750772266.704433,8824
1750772266.805801,9164
1750772266.907124,8546
1750772267.008879,8323
1750772267.110449,8516
1750772267.212662,9382
1750772267.314184,9160
1750772267.415511,8813
1750772267.517465,8955
1750772267.618496,7938
1750772267.730716,9142
1750772267.831882,8797
1750772267.933027,8611
1750772268.138192,8148
1750772268.239794,8277
1750772268.340532,8993
1750772268.44193,8856
1750772268.542713,8939
1750772268.643491,8622
1750772268.744072,8609
1750772268.845448,9311
1750772268.946191,8824
1750772269.047627,8941
1750772269.148466,8657
1750772269.249903,8852
1750772269.350634,9014
1750772269.453912,8995
1750772269.657367,8660
1750772269.757921,8612
1750772269.858655,9400
1750772269.959385,9321
1750772270.060115,9163
1750772270.160846,9162
1750772270.261576,8924
1750772270.362307,8666
1750772270.463038,8994
1750772270.563768,8875
1750772270.664281,8983
1750772270.866743,9014
1750772270.967473,8914
1750772271.068204,9024
1750772271.169797,8957
1750772271.271174,8591
1750772271.372072,9048
1750772271.472769,8600
1750772271.574094,8369
1750772271.675626,8086
1750772271.776345,8320
1750772271.877737,9132
1750772271.981,8802
1750772272.082728,9309
1750772272.189645,8525
1750772272.392103,8807
1750772272.493831,8788
1750772272.594561,8309
1750772272.695292,9639
1750772272.796646,8692
1750772272.897871,8535
1750772272.99886,9179
1750772273.100505,9139
1750772273.201334,8162
1750772273.30454,8846
1750772273.411762,8190
1750772273.614987,8768
1750772273.716983,8882
1750772273.818032,8955
1750772273.92141,8663
1750772274.022482,8479
1750772274.123408,8788
1750772274.224511,8268
1750772274.325382,8129
1750772274.427112,9299
1750772274.528058,8509
1750772274.629239,8697
1750772274.730432,8824
1750772274.833547,8466
1750772275.037444,8371
1750772275.139241,9135
1750772275.240948,9193
1750772275.342262,8764
1750772275.443048,8830
1750772275.544846,8811
1750772275.646177,8901
1750772275.746739,8949
1750772275.848275,8883
1750772275.9508,8778
1750772276.053006,8981
1750772276.156762,9078
1750772276.259747,8642
1750772276.361156,9299
1750772276.578444,8519
1750772276.578444,8519
1750772276.784735,9452
1750772276.88532,8868
1750772276.986049,9004
1750772277.087172,8821
1750772277.188407,8445
1750772277.289473,8964
1750772277.390722,9214
1750772277.491551,8390
1750772277.59268,9206
1750772277.695181,10058
1750772277.796963,9068
1750772277.899944,9118
1750772278.106163,8600
1750772278.20772,9718
1750772278.309326,8916
1750772278.410718,8580
1750772278.512088,8543
1750772278.613021,8778
1750772278.713996,8586
1750772278.815064,8350
1750772278.915729,8990
1750772279.01795,9244
1750772279.121329,8763
1750772279.222219,8484
1750772279.322791,8630
1750772279.525353,8916
1750772279.626777,8577
1750772279.728203,8646
1750772279.829063,8467
1750772279.930469,9535
1750772280.031964,8640
1750772280.132649,9147
1750772280.234002,8544
1750772280.336415,8973
1750772280.437911,9113
1750772280.538889,9249
1750772280.640108,9217
1750772280.842995,9379
1750772280.945344,9037
1750772281.047006,8941
1750772281.148447,8596
1750772281.249577,9146
1750772281.350909,9019
1750772281.452652,8619
1750772281.553822,8984
1750772281.655112,8875
1750772281.756094,8605
1750772281.856919,8737
1750772281.959194,8662
1750772282.060628,8133
1750772282.263182,8673
1750772282.364295,8534
1750772282.465009,8737
1750772282.566211,9179
1750772282.667805,8642
1750772282.769418,8561
1750772282.870906,9084
1750772282.972262,8514
1750772283.073147,8633
1750772283.174575,8863
1750772283.27614,8536
1750772283.377459,9662
1750772283.479245,9333
1750772283.682902,9124
1750772283.783636,8348
1750772283.885079,9364
1750772283.986537,9077
1750772284.087285,9637
1750772284.188367,8943
1750772284.289217,8071
1750772284.390775,8271
1750772284.492147,9262
1750772284.59341,8779
1750772284.696219,9308
1750772284.796931,8995
1750772284.898156,8979
1750772284.999034,9070
1750772285.10649,8472
1750772285.327372,8687
1750772285.428433,9093
1750772285.529837,8875
1750772285.630552,8816
1750772285.731782,8633
1750772285.832776,9772
1750772285.93384,9122
1750772286.034824,8644
1750772286.136448,8393
1750772286.238065,8640
1750772286.338854,8562
1750772286.43973,8792
1750772286.540986,9125
1750772286.642812,7915
1750772286.84803,9128
1750772286.949194,8698
1750772287.050457,9322
1750772287.15121,8942
1750772287.252229,9691
1750772287.353443,9010
1750772287.455088,8867
1750772287.556174,8319
1750772287.657168,8871
1750772287.758072,9137
1750772287.859546,9253
1750772288.061647,9357
1750772288.16434,8790
1750772288.265818,9410
1750772288.367239,8735
1750772288.468677,8872
1750772288.569831,8383
1750772288.671765,9466
1750772288.772751,8357
1750772288.873524,8543
1750772288.974897,9262
1750772289.075931,9313
1750772289.179051,9086
1750772289.282118,9197
1750772289.386179,9523
1750772289.490277,8655
1750772289.694087,9220
1750772289.795278,9249
1750772289.897085,9203
1750772289.9981,8622
1750772290.099101,8455
1750772290.200493,8334
1750772290.301658,9351
1750772290.403107,9413
1750772290.504503,8718
1750772290.605367,9111
1750772290.707147,8704
1750772290.808111,8488
1750772291.011717,9160
1750772291.112539,8658
1750772291.213694,9213
1750772291.314831,8720
1750772291.415993,8867
1750772291.517044,8767
1750772291.618175,8741
1750772291.719134,8904
1750772291.820202,9300
1750772291.921858,9158
1750772292.022899,8748
1750772292.12445,8517
1750772292.326636,8102
1750772292.428013,9509
1750772292.529027,8988
1750772292.629686,8523
1750772292.731054,9283
1750772292.832149,8477
1750772292.932873,9272
1750772293.033638,8951
1750772293.134847,9001
1750772293.236695,8453
1750772293.339358,9214
1750772293.445927,8792
1750772293.666362,8957
1750772293.666362,8957
1750772293.768264,8665
1750772293.971954,8624
1750772294.073545,8957
1750772294.175394,8787
1750772294.276609,9069
1750772294.377718,8851
1750772294.47854,9075
1750772294.579367,9392
1750772294.680164,8829
1750772294.781559,8461
1750772294.884508,8917
1750772294.985529,8503
1750772295.087093,8930
1750772295.188773,8979
1750772295.394506,8324
1750772295.495275,9060
1750772295.595933,8523
1750772295.697357,9070
1750772295.798221,9121
1750772295.89991,8860
1750772296.000581,8731
1750772296.102021,9227
1750772296.205095,8867
1750772296.306931,8484
1750772296.407817,9198
1750772296.508641,9194
1750772296.610178,8824
1750772296.815663,8276
1750772296.917238,8496
1750772297.018593,9570
1750772297.119753,9064
1750772297.22116,8697
1750772297.322654,8414
1750772297.423848,8399
1750772297.524598,8754
1750772297.625679,8666
1750772297.726722,9777
1750772297.827973,8444
1750772297.929092,8405
1750772298.031191,9451
1750772298.238349,9432
1750772298.339662,8922
1750772298.440296,8943
1750772298.54113,9431
1750772298.642124,9416
1750772298.742874,9181
1750772298.844131,9184
1750772298.945534,9792
1750772299.047132,8425
1750772299.148159,8591
1750772299.249942,9264
1750772299.351031,8695
1750772299.552975,8756
1750772299.653546,9167
1750772299.754372,9035
1750772299.856827,8772
1750772299.95817,8999
1750772300.059312,9165
1750772300.160725,9091
1750772300.262106,8897
1750772300.363012,8978
1750772300.464165,8857
1750772300.564956,9494
1750772300.769585,8619
1750772300.870738,9599
1750772300.972211,8751
1750772301.072783,8819
1750772301.174284,8857
1750772301.275178,9455
1750772301.376157,8902
1750772301.477797,8982
1750772301.579372,8515
1750772301.68089,9742
1750772301.782396,8807
1750772301.985101,8845
1750772302.087088,9010
1750772302.187717,8894
1750772302.2885,8602
1750772302.389738,8336
1750772302.490469,9450
1750772302.591936,9155
1750772302.692886,8766
1750772302.7946,8769
1750772302.895332,8984
1750772302.997059,8680
1750772303.097789,9232
1750772303.198521,8865
1750772303.300248,8532
1750772303.502706,9112
1750772303.603437,9232
1750772303.704167,8458
1750772303.804898,8487
1750772303.905629,8656
1750772304.006359,9053
1750772304.107089,8368
1750772304.207842,8585
1750772304.322419,9277
1750772304.423017,8419
1750772304.527683,8436
1750772304.628784,8654
1750772304.733304,8819
1750772304.834425,9157
1750772305.038493,8745
1750772305.140223,9308
1750772305.240954,8954
1750772305.341684,8269
1750772305.442414,8825
1750772305.543453,8966
1750772305.644683,8969
1750772305.745934,8316
1750772305.846696,9120
1750772305.947569,8525
1750772306.04839,8083
1750772306.15003,8913
1750772306.254742,9114
1750772306.458828,8694
1750772306.56037,8262
1750772306.661769,8767
1750772306.762764,8426
1750772306.863962,8429
1750772306.965177,8052
1750772307.066356,9171
1750772307.16721,9072
1750772307.268457,8829
1750772307.370059,9054
1750772307.471426,9243
1750772307.572679,8513
1750772307.677272,8786
1750772307.881423,8397
1750772307.983307,8588
1750772308.083964,9030
1750772308.185071,9920
1750772308.286364,9112
1750772308.38702,8653
1750772308.488006,8119
1750772308.588581,8968
1750772308.689301,8886
1750772308.791009,8839
1750772308.892372,9017
1750772308.993686,8419
1750772309.197407,8195
1750772309.301024,8772
1750772309.402717,8604
1750772309.504149,9079
1750772309.605763,8916
1750772309.707012,8326
1750772309.808123,8742
1750772309.909301,8697
1750772310.010097,9216
1750772310.111483,8304
1750772310.212907,8735
1750772310.314383,9046
1750772310.415168,9118
1750772310.516042,9070
1750772310.620513,8806
1750772310.826242,8856
1750772310.927177,8906
1750772311.028042,8704
1750772311.128875,8955
1750772311.229662,9386
1750772311.33112,8742
1750772311.432374,8454
1750772311.533593,9247
1750772311.634959,8671
1750772311.735738,7898
1750772311.836899,9193
1750772312.03901,8978
1750772312.140044,8957
1750772312.240958,8898
1750772312.342205,8839
1750772312.443551,8495
1750772312.545176,8698
1750772312.645867,8670
1750772312.747098,9651
1750772312.848369,8284
1750772312.95171,8625
1750772313.054361,8923
1750772313.155703,9048
1750772313.256625,8907
1750772313.361027,8639
1750772313.578075,8940
1750772313.578075,8940
1750772313.781224,9032
1750772313.883018,8507
1750772313.984617,8986
1750772314.085422,8739
1750772314.186832,9289
1750772314.288221,9655
1750772314.389299,9448
1750772314.490851,8783
1750772314.592059,9070
1750772314.692857,8422
1750772314.795054,8767
1750772314.895805,9012
1750772315.100223,8590
1750772315.201783,8911
1750772315.30289,8733
1750772315.404626,8649
1750772315.506091,8958
1750772315.607174,8755
1750772315.708728,9000
1750772315.809745,9424
1750772315.911195,8753
1750772316.01372,9383
1750772316.115217,8739
1750772316.21762,8837
1750772316.319252,9130
1750772316.521682,8771
1750772316.622599,8660
1750772316.723815,8585
1750772316.825161,9344
1750772316.926832,9412
1750772317.02808,8908
1750772317.128711,8764
1750772317.231848,8849
1750772317.3332,8889
1750772317.433943,9052
1750772317.534926,8872
1750772317.636527,8917
1750772317.737409,9169
1750772317.840856,8999
1750772318.045045,9089
1750772318.145757,8489
1750772318.247186,9238
1750772318.34862,8616
1750772318.449394,8831
1750772318.550335,9064
1750772318.651095,8674
1750772318.752012,8284
1750772318.853057,9015
1750772318.954731,8881
1750772319.056114,8916
1750772319.158838,8965
1750772319.361429,8624
1750772319.463387,8052
1750772319.56426,8337
1750772319.665718,9067
1750772319.766464,9201
1750772319.867936,8977
1750772319.969519,9076
1750772320.070357,8816
1750772320.172054,8377
1750772320.273146,8724
1750772320.374972,8671
1750772320.527074,8773
1750772320.65575,9030
1750772320.765473,9089
1750772320.875442,8447
1750772320.976185,9261
1750772321.077897,8946
1750772321.178954,9103
1750772321.280531,8683
1750772321.381491,8726
1750772321.482328,9321
1750772321.583673,8831
1750772321.685107,8360
1750772321.887179,9138
1750772321.988824,9218
1750772322.08968,8883
1750772322.190345,8364
1750772322.291301,8865
1750772322.392502,8695
1750772322.493232,9083
1750772322.593963,9232
1750772322.694695,8706
1750772322.796421,9132
1750772322.900144,9004
1750772323.000874,9480
1750772323.102534,9079
1750772323.20487,9048
1750772323.408376,8485
1750772323.510138,8893
1750772323.611402,8186
1750772323.712641,9057
1750772323.813291,8941
1750772323.913965,9118
1750772324.015177,9119
1750772324.116165,8981
1750772324.21711,8905
1750772324.318398,8954
1750772324.419114,8658
1750772324.623459,8573
1750772324.725163,8367
1750772324.825872,8728
1750772324.926562,9275
1750772325.028131,9225
1750772325.129165,8472
1750772325.230108,8846
1750772325.331402,8727
1750772325.433525,8773
1750772325.535071,8547
1750772325.635864,8611
1750772325.737955,8854
1750772325.838494,8553
1750772326.041215,8056
1750772326.142852,9189
1750772326.244004,8857
1750772326.344983,8378
1750772326.445853,9081
1750772326.547123,8966
1750772326.648172,8807
1750772326.749155,8456
1750772326.85003,8099
1750772326.952268,8593
1750772327.052783,8695
1750772327.156297,8568
1750772327.259118,8850
1750772327.360913,8428
1750772327.566288,8988
1750772327.680056,8719
1750772327.782102,9250
1750772327.88345,1332
1750772327.985341,974
1750772328.085914,1093
1750772328.187119,1067
1750772328.28871,1122
1750772328.390016,1105
1750772328.491171,1186
1750772328.592056,1100
1750772328.693468,1084
1750772328.794343,1229
1750772328.896559,929
1750772329.100582,1193
1750772329.201293,1191
1750772329.302018,1072
1750772329.402982,1069
1750772329.503814,1219
1750772329.604796,1287
1750772329.706112,1184
1750772329.807637,1211
1750772329.909158,1053
1750772330.009696,1233
1750772330.110333,1053
1750772330.313194,978
1750772330.414218,1019
1750772330.515706,1192
1750772330.616732,1118
1750772330.717748,1267
1750772330.818593,1110
1750772330.919882,1095
1750772331.020472,1173
1750772331.121632,1126
1750772331.224098,1005
1750772331.32721,1299
1750772331.42791,1221
1750772331.530834,1020
1750772331.635445,1109
1750772331.841919,1187
1750772331.943014,1236
1750772332.043892,1080
1750772332.144993,1167
1750772332.245995,1138
1750772332.347398,1153
1750772332.448409,1039
1750772332.548995,1212
1750772332.650391,1252
1750772332.751804,1331
1750772332.853671,1521
1750772332.954849,1195
1750772333.157189,1093
1750772333.257962,1280
1750772333.359174,1225
1750772333.460484,908
1750772333.561588,1107
1750772333.663312,1179
1750772333.764045,1171
1750772333.864796,1260
1750772333.966022,987
1750772334.067518,997
1750772334.169825,1105
1750772334.2703,1214
1750772334.476875,1236
1750772334.577515,1063
1750772334.678694,1037
1750772334.779903,1244
1750772334.880807,1060
1750772334.9825,1347
1750772335.083471,1218
1750772335.185061,1191
1750772335.285928,1001
1750772335.386921,1257
1750772335.48902,1185
1750772335.591673,1110
1750772335.694137,1222
1750772335.896672,1184
1750772335.99816,1113
1750772336.098743,1113
1750772336.200184,1153
1750772336.301383,978
1750772336.403034,1101
1750772336.504742,1297
1750772336.605828,1137
1750772336.706862,1197
1750772336.808182,1174
1750772336.910387,1224
1750772337.010803,1185
1750772337.112259,1094
1750772337.222594,1294
1750772337.325709,930
1750772337.440056,1023
1750772337.643279,1271
1750772337.744408,1018
1750772337.845898,995
1750772337.947765,1266
1750772338.049873,1175
1750772338.150995,1246
1750772338.251572,1103
1750772338.354011,1249
1750772338.455452,1163
1750772338.556148,1122
1750772338.661174,1056
1750772338.761907,1052
1750772338.866604,1232
1750772339.068114,1302
1750772339.168957,1229
1750772339.269935,950
1750772339.370727,1240
1750772339.471532,1081
1750772339.57348,1186
1750772339.674323,1338
1750772339.776862,1189
1750772339.877523,1211
1750772339.979225,1132
1750772340.185672,1317
1750772340.185672,1317
1750772340.287863,978
1750772340.491135,1146
1750772340.592213,1009
1750772340.693537,1065
1750772340.794569,1296
1750772340.895743,968
1750772340.996874,1305
1750772341.097505,1311
1750772341.198238,1131
1750772341.299122,1219
1750772341.399744,1033
1750772341.50173,1147
1750772341.602933,1225
1750772341.706149,1278
1750772341.90931,1053
1750772342.010229,1149
1750772342.11282,1151
1750772342.21355,972
1750772342.315178,1072
1750772342.416601,995
1750772342.51802,1479
1750772342.618858,1080
1750772342.719443,1302
1750772342.82088,1064
1750772342.922472,984
1750772343.023187,1181
1750772343.125476,997
1750772343.331725,1252
1750772343.432139,1115
1750772343.532916,1101
1750772343.633912,1069
1750772343.735144,1116
1750772343.836148,1168
1750772343.937141,1148
1750772344.037943,1418
1750772344.139047,1266
1750772344.240164,1068
1750772344.34098,1190
1750772344.543025,1378
1750772344.64402,1326
1750772344.74512,959
1750772344.846738,1121
1750772344.948168,1222
1750772345.049745,1141
1750772345.150917,1314
1750772345.252359,1251
1750772345.353245,1001
1750772345.454167,971
1750772345.555861,1012
1750772345.65651,1073
1750772345.757752,1244
1750772345.962244,1149
1750772346.063221,1119
1750772346.163818,1272
1750772346.264908,1009
1750772346.36631,1055
1750772346.4678,1064
1750772346.568533,1211
1750772346.669829,1243
1750772346.771185,1134
1750772346.873267,1224
1750772346.975276,1108
1750772347.076712,1261
1750772347.179075,1328
1750772347.280972,1246
1750772347.49134,1086
1750772347.603174,1233
1750772347.70479,1013
1750772347.806035,1244
1750772347.906684,1023
1750772348.007861,1205
1750772348.108823,1148
1750772348.209983,1166
1750772348.311043,969
1750772348.412643,1161
1750772348.514002,1183
1750772348.615014,1029
1750772348.716285,1175
1750772348.81847,1125
1750772348.923764,1045
1750772349.126618,1012
1750772349.227829,938
1750772349.328626,1210
1750772349.430185,1063
1750772349.530996,1031
1750772349.63167,1321
1750772349.732732,1108
1750772349.834051,1115
1750772349.935076,1148
1750772350.036645,1161
1750772350.138042,1065
1750772350.340325,1281
1750772350.44169,1183
1750772350.542992,1253
1750772350.643628,1291
1750772350.744928,888
1750772350.846189,1056
1750772350.947779,1210
1750772351.049732,1255
1750772351.150523,1011
1750772351.251251,1320
1750772351.482253,1135
1750772351.482253,1135
1750772351.637838,905
1750772351.75253,1183
1750772351.855793,1036
1750772351.956481,1092
1750772352.057985,1231
1750772352.159201,1244
1750772352.26017,1277
1750772352.361431,1007
1750772352.462641,997
1750772352.563544,931
1750772352.664502,1099
1750772352.868167,1333
1750772352.969015,1328
1750772353.072812,1223
1750772353.174064,1135
1750772353.275162,1117
1750772353.376652,1202
1750772353.477384,1062
1750772353.578113,1131
1750772353.67935,977
1750772353.78008,1161
1750772353.881808,1081
1750772353.984147,996
1750772354.085874,1228
1750772354.289924,1183
1750772354.390713,1091
1750772354.4924,1248
1750772354.594725,1273
1750772354.695914,1116
1750772354.796651,1429
1750772354.897285,1152
1750772354.998229,891
1750772355.099311,1078
1750772355.200417,979
1750772355.301763,937
1750772355.404435,1139
1750772355.609448,1056
1750772355.711177,845
1750772355.812254,1236
1750772355.913846,1328
1750772356.014608,1071
1750772356.116392,1110
1750772356.21734,1089
1750772356.318404,1177
1750772356.419293,1159
1750772356.520276,1118
1750772356.62427,1205
1750772356.725497,1086
1750772356.829222,1218
1750772356.936218,1215
1750772357.03997,1166
1750772357.142217,1026
1750772357.247461,1065
1750772357.450698,1006
1750772357.552009,1105
1750772357.653086,949
1750772357.754023,1099
1750772357.855031,1098
1750772357.956165,1087
1750772358.071298,972
1750772358.17221,1050
1750772358.276027,1204
1750772358.377112,1236
1750772358.479983,1195
1750772358.583145,1085
1750772358.684849,1032
1750772358.787235,1279
1750772358.88906,1276
1750772359.09199,1145
1750772359.193169,1225
1750772359.294328,1018
1750772359.395381,1147
1750772359.496251,1031
1750772359.597107,1269
1750772359.698721,1092
1750772359.799602,1367
1750772359.901976,1162
1750772360.005056,1115
1750772360.106805,1228
1750772360.210011,1220
1750772360.413229,1144
1750772360.51503,1031
1750772360.616204,1136
1750772360.718074,1128
1750772360.819689,1082
1750772360.921009,1125
1750772361.022383,1085
1750772361.123146,1141
1750772361.224381,1007
1750772361.326129,1238
1750772361.427591,1015
1750772361.529,1193
1750772361.630732,1346
1750772361.735294,1042
1750772361.943423,1076
1750772362.045127,1278
1750772362.145857,1032
1750772362.246356,1124
1750772362.347111,1200
1750772362.447791,1102
1750772362.549156,1025
1750772362.649783,1321
1750772362.750683,1397
1750772362.851634,1000
1750772362.953258,1043
1750772363.05448,1313
1750772363.157727,1065
1750772363.363662,861
1750772363.465154,1142
1750772363.566702,1014
1750772363.667434,1260
1750772363.769138,1288
1750772363.870219,1167
1750772363.972034,1080
1750772364.073547,1191
1750772364.174862,1016
1750772364.275743,971
1750772364.377269,1113
1750772364.477977,1171
1750772364.683709,1325
1750772364.785739,1087
1750772364.887965,1165
1750772364.989205,1027
1750772365.09043,1195
1750772365.191261,1190
1750772365.292266,1237
1750772365.392996,1280
1750772365.493727,1221
1750772365.594457,1062
1750772365.695188,1300
1750772365.796917,1169
1750772365.998378,992
1750772366.107142,1241
1750772366.20887,1297
1750772366.309601,962
1750772366.410332,1022
1750772366.511064,1181
1750772366.61279,1209
1750772366.71352,1211
1750772366.814251,1092
1750772366.914982,1340
1750772367.015712,1300
1750772367.118438,1216
1750772367.321941,1280
1750772367.321941,1280
1750772367.425233,1152
1750772367.628366,1176
1750772367.729291,1169
1750772367.830022,1092
1750772367.939728,1297
1750772368.040459,1250
1750772368.141188,1161
1750772368.24192,1052
1750772368.343648,1130
1750772368.469311,1002
1750772368.570862,1368
1750772368.671595,1111
1750772368.772325,1052
1750772368.873056,1389
1750772368.973787,1121
1750772369.075516,1415
1750772369.180235,1088
1750772369.386683,1199
1750772369.487603,1189
1750772369.621245,1133
1750772369.754889,935
1750772369.858637,1108
1750772369.963356,1193
1750772370.066632,1142
1750772370.167363,1101
1750772370.270501,1067
1750772370.473285,1134
1750772370.573945,1072
1750772370.675236,1243
1750772370.775786,1153
1750772370.876834,1088
1750772370.978145,987
1750772371.078939,1279
1750772371.180529,1259
1750772371.284137,994
1750772371.384917,1200
1750772371.486828,1179
1750772371.693075,1212
1750772371.844183,1066
1750772371.981815,1116
1750772371.981815,1116
1750772372.240123,1022
1750772372.340608,1084
1750772372.44212,1083
1750772372.543673,1102
1750772372.645126,906
1750772372.746175,1118
1750772372.848608,1143
1750772372.949184,1103
1750772373.050856,1347
1750772373.151598,1211
1750772373.253063,975
1750772373.353885,1160
1750772373.558004,1025
1750772373.658962,1089
1750772373.761679,1255
1750772373.862923,1234
1750772373.974224,1160
1750772374.075877,1219
1750772374.178315,1161
1750772374.278836,1153
1750772374.379664,1021
1750772374.482189,1141
1750772374.627531,1049
1750772374.753194,961
1750772374.86689,851
1750772374.978595,931
1750772375.080772,1145
1750772375.190078,978
1750772375.292354,1145
1750772375.394319,1000
1750772375.495106,1180
1750772375.597636,1150
1750772375.698697,1088
1750772375.800432,973
1750772375.901162,1082
1750772376.002889,1366
1750772376.106612,1089
1750772376.211332,1308
1750772376.318869,1106
1750772376.587733,1057
1750772376.728358,849
1750772376.873479,941
1750772376.873479,941
1750772376.99017,1097
1750772377.092562,1183
1750772377.299374,1155
1750772377.299374,1155
1750772377.503084,1096
1750772377.689585,956
1750772377.834216,1097
1750772377.983325,930
1750772378.100518,1044
1750772378.207271,1067
1750772378.307856,984
1750772378.409676,1178
1750772378.510313,1053
1750772378.712857,1300
1750772378.813856,1227
1750772378.915366,1004
1750772379.017005,1111
1750772379.118477,1084
1750772379.219756,1174
1750772379.320757,1089
1750772379.421485,1052
1750772379.522037,1103
1750772379.622932,1129
1750772379.723647,1092
1750772379.824257,1063
1750772379.928027,1274
1750772380.133414,1093
1750772380.234681,1333
1750772380.335801,1344
1750772380.436803,1257
1750772380.538175,1104
1750772380.639465,1145
1750772380.742102,1169
1750772380.842831,1290
1750772380.943472,983
1750772381.044202,1062
1750772381.145291,1236
1750772381.246158,1150
1750772381.449383,1412
1750772381.550265,1219
1750772381.650998,1062
1750772381.796787,1194
1750772381.96334,631
1750772382.068567,1121
1750772382.174149,1060
1750772382.275372,1116
1750772382.376176,1091
1750772382.477349,1166
1750772382.578839,1133
1750772382.680649,1227
1750772382.781624,1138
1750772382.98432,1088
1750772383.084762,1184
1750772383.185925,1344
1750772383.286525,1242
1750772383.388175,1062
1750772383.488858,1281
1750772383.590552,1150
1750772383.691124,1272
1750772383.805818,1040
1750772383.962911,1111
1750772384.075609,1030
1750772384.177695,1106
1750772384.279047,1351
1750772384.379945,1377
1750772384.481487,1014
1750772384.582846,1193
1750772384.684378,1250
1750772384.937615,1165
1750772384.937615,1165
1750772385.073762,1058
1750772385.178736,1019
1750772385.381018,1149
1750772385.481824,1051
1750772385.582904,1108
1750772385.6839,1207
1750772385.784433,1233
1750772385.885805,966
1750772385.986815,1148
1750772386.087548,1111
1750772386.188279,1340
1750772386.289022,1210
1750772386.390752,1268
1750772386.491236,1094
1750772386.592401,1028
1750772386.797109,964
1750772386.898706,1072
1750772386.999551,1150
1750772387.100932,996
1750772387.202159,977
1750772387.303888,1218
1750772387.404724,1041
1750772387.506263,1260
1750772387.607773,1034
1750772387.709818,1166
1750772387.812867,1096
1750772388.015185,1193
1750772388.015185,1193
1750772388.219239,1201
1750772388.320278,1068
1750772388.422006,1327
1750772388.522737,1181
1750772388.624464,1169
1750772388.761749,1127
1750772388.911349,811
1750772388.911349,811
1750772389.117797,1187
1750772389.117797,1187
1750772389.219525,1120
1750772389.426969,1290
1750772389.544655,1107
1750772389.544655,1107
1750772389.655358,1138
1750772389.865597,1180
1750772389.966355,1042
1750772390.067117,932
1750772390.168845,1051
1750772390.273567,1185
1750772390.381103,1218
1750772390.482734,1249
1750772390.584651,1040
1750772390.685738,1068
1750772390.78667,1010
1750772390.887401,1369
1750772390.991124,1089
1750772391.193582,1240
1750772391.193582,1240
1750772391.294767,1136
1750772391.498089,1195
1750772391.598573,1124
1750772391.700062,975
1750772391.801787,1081
1750772391.903384,1053
1750772392.004306,1000
1750772392.105163,1120
1750772392.206641,985
1750772392.307259,993
1750772392.408468,1225
1750772392.509744,1323
1750772392.613106,1331
1750772392.819789,1068
1750772392.921728,1226
1750772393.023413,1081
1750772393.12447,1098
1750772393.225707,1214
1750772393.326706,1128
1750772393.427218,1273
1750772393.528169,1337
1750772393.629487,1233
1750772393.732125,1160
1750772393.833647,1014
1750772393.934378,1131
1750772394.035616,1205
1750772394.241115,1318
1750772394.34243,1144
1750772394.443291,1169
1750772394.543833,1213
1750772394.645167,1075
1750772394.746664,1123
1750772394.847554,1238
1750772394.948151,1053
1750772395.049898,982
1750772395.150643,1191
1750772395.252119,1024
1750772395.353299,1294
1750772395.454735,1133
1750772395.658099,1098
1750772395.759861,1090
1750772395.861379,1162
1750772395.962376,990
1750772396.063709,1075
1750772396.165179,1222
1750772396.266909,1199
1750772396.368597,934
1750772396.469383,863
1750772396.570217,1090
1750772396.671037,1170
1750772396.771765,1072
1750772396.874724,1116
1750772397.079354,1232
1750772397.180097,1161
1750772397.280765,913
1750772397.382159,1055
1750772397.483023,1199
1750772397.583839,1091
1750772397.684494,1281
1750772397.785117,993
1750772397.886631,945
1750772397.987983,1183
1750772398.089044,1108
1750772398.190473,1064
1750772398.293951,956
1750772398.496653,923
1750772398.597384,943
1750772398.698114,1260
1750772398.798844,992
1750772398.899862,1158
1750772399.000593,1171
1750772399.101324,1201
1750772399.202054,913
1750772399.302784,1141
1750772399.403515,1111
1750772399.604977,1092
1750772399.705706,1201
1750772399.806871,988
1750772399.908457,1447
1750772400.010186,1189
1750772400.110916,1171
1750772400.211828,1169
1750772400.312853,1059
1750772400.413905,1276
1750772400.515456,1299
1750772400.61709,1082
1750772400.718551,1005
1750772400.820085,1093
1750772401.023603,987
1750772401.124334,1191
1750772401.225065,1171
1750772401.325795,1062
1750772401.426526,1092
1750772401.527575,1167
1750772401.628812,1175
1750772401.730022,1126
1750772401.83054,984
1750772401.933819,1222
1750772402.036294,1239
1750772402.139614,1219
1750772402.257064,1166
1750772402.358839,1270
1750772402.45998,1057
1750772402.6642,1191
1750772402.765454,1135
1750772402.867025,1181
1750772402.968162,1226
1750772403.068779,894
1750772403.17023,1044
1750772403.271199,1129
1750772403.372825,1141
1750772403.474953,1263
1750772403.576557,1112
1750772403.679148,1102
1750772403.881283,1245
1750772403.981946,1062
1750772404.083585,1170
1750772404.184424,1180
1750772404.286173,972
1750772404.386984,1358
1750772404.487537,1093
1750772404.588936,1173
1750772404.689964,1108
1750772404.791586,1131
1750772404.893181,1240
1750772404.994898,1061
1750772405.200424,1087
1750772405.301828,1301
1750772405.402798,1010
1750772405.50364,1090
1750772405.604849,1106
1750772405.706016,1087
1750772405.807616,1145
1750772405.908034,965
1750772406.009054,1187
1750772406.109675,1162
1750772406.211145,1192
1750772406.312375,1215
1750772406.41306,1311
1750772406.515497,1278
1750772406.720304,1124
1750772406.821529,1086
1750772406.923344,1158
1750772407.023999,1221
1750772407.125183,1057
1750772407.225866,1162
1750772407.327427,1053
1750772407.429098,865
1750772407.530675,1191
1750772407.631956,1036
1750772407.733256,1115
1750772407.835731,1131
1750772408.039102,1217
1750772408.140302,1106
1750772408.241831,1191
1750772408.342905,1078
1750772408.444141,1402
1750772408.54495,1021
1750772408.646207,1135
1750772408.746877,1092
1750772408.848183,1085
1750772408.948902,1012
1750772409.049863,1030
1750772409.151295,1202
1750772409.253487,1027
1750772409.458074,1114
1750772409.558901,1100
1750772409.660265,1055
1750772409.761022,1131
1750772409.861845,1249
1750772409.963237,1104
1750772410.063951,1131
1750772410.16551,1142
1750772410.267221,1209
1750772410.368095,1140
1750772410.574303,1319
1750772410.675697,1015
1750772410.776889,1264
1750772410.877419,1233
1750772410.979135,963
1750772411.080161,1118
1750772411.181344,1205
1750772411.283076,1238
1750772411.384118,1058
1750772411.484985,1189
1750772411.586024,1128
1750772411.687608,1043
1750772411.788788,1225
1750772411.903767,1052
1750772412.10875,1100
1750772412.210535,1188
1750772412.311184,1152
1750772412.412216,1217
1750772412.513111,1119
1750772412.614808,1297
1750772412.716172,1262
1750772412.817677,1132
1750772412.918936,1165
1750772413.020861,981
1750772413.121581,963
1750772413.223479,1118
1750772413.324937,916
1750772413.426213,1194
1750772413.634397,1175
1750772413.735925,1290
1750772413.837108,1057
1750772413.938449,1243
1750772414.040162,1356
1750772414.141444,1244
1750772414.242665,968
1750772414.343889,1116
1750772414.444613,1082
1750772414.545988,1173
1750772414.647521,1034
1750772414.748376,961
1750772414.854246,944
1750772414.956354,1175
1750772415.16146,1094
1750772415.262282,1190
1750772415.363382,949
1750772415.464528,1107
1750772415.565176,1251
1750772415.66656,1084
1750772415.767976,1252
1750772415.869281,1214
1750772415.970706,1331
1750772416.071585,1239
1750772416.17229,1102
1750772416.272837,1203
1750772416.375422,1052
1750772416.58019,1137
1750772416.681549,1055
1750772416.782526,1396
1750772416.884119,1230
1750772416.986018,1118
1750772417.208845,1328
1750772417.208845,1328
1750772417.347474,1019
1750772417.458178,1230
1750772417.571933,1164
1750772417.676651,1060
1750772417.814282,1088
1750772417.92399,1152
1750772417.92399,1152
1750772418.029705,1049
1750772418.145396,1045
1750772418.247124,1041
1750772418.347855,1022
1750772418.556298,1022
1750772418.658026,1494
1750772418.765737,1270
1750772418.867977,1173
1750772418.991646,1068
1750772419.100356,1030
1750772419.207576,1429
1750772419.311298,1216
1750772419.479357,1074
1750772419.479357,1074
1750772419.754645,1116
1750772419.855376,1240
1750772419.957138,1071
1750772420.059372,1242
1750772420.160102,1211
1750772420.261543,995
1750772420.362567,1217
1750772420.463261,1300
1750772420.564008,992
1750772420.664713,1251
1750772420.765744,1078
1750772420.867698,1029
1750772420.971702,1116
1750772421.185771,1302
1750772421.287498,1297
1750772421.3887,1136
1750772421.48943,1240
1750772421.590162,1330
1750772421.6912,1395
1750772421.792112,1159
1750772421.893625,1142
1750772421.995213,1259
1750772422.097016,1178
1750772422.197719,1251
1750772422.298791,939
1750772422.402083,1163
1750772422.604337,1258
1750772422.705094,1220
1750772422.805943,1259
1750772422.906841,951
1750772423.008615,992
1750772423.112052,1063
1750772423.236723,1285
1750772423.338278,1171
1750772423.440297,1019
1750772423.542163,1236
1750772423.645865,1100
1750772423.749588,1205
1750772423.856302,1021
1750772423.964013,1141
1750772424.067736,1089
1750772424.174451,1124
1750772424.379181,1274
1750772424.480644,1251
1750772424.644207,1057
1750772424.800301,828
1750772424.924736,1109
1750772425.026404,1459
1750772425.127133,1111
1750772425.228861,1179
1750772425.331586,1246
1750772425.432317,1171
1750772425.533429,1018
1750772425.633974,1203
1750772425.735606,1033
1750772425.837116,1103
1750772425.939186,1058
1750772426.054082,952
1750772426.15567,1004
1750772426.25809,1083
1750772426.359142,1207
1750772426.567169,1140
1750772426.668561,1272
1750772426.769559,1108
1750772426.871227,1003
1750772426.971929,1320
1750772427.073372,1064
1750772427.174575,1106
1750772427.275776,1185
1750772427.376341,1173
1750772427.477154,942
1750772427.578152,1138
1750772427.681603,847
1750772427.886016,1201
1750772427.987515,995
1750772428.088757,1076
1750772428.189872,939
1750772428.291429,1053
1750772428.392158,1280
1750772428.492889,1111
1750772428.593619,1231
1750772428.696345,1169
1750772428.797075,1280
1750772428.897805,1340
1750772428.998352,1273
1750772429.099769,1242
1750772429.205136,1205
1750772429.311529,1132
1750772429.524232,1074
1750772429.712243,1091
1750772429.712243,1091
1750772429.81504,1079
1750772429.91559,1302
1750772430.016836,1313
1750772430.117735,1248
1750772430.412,1098
1750772430.600496,748
1750772430.701218,1131
1750772430.80275,1250
1750772430.903334,1083
1750772431.004968,1288
1750772431.105728,1022
1750772431.208221,1365
1750772431.308951,1082
1750772431.409682,1111
1750772431.511059,1144
1750772431.714512,1150
1750772431.815749,968
1750772431.917103,1085
1750772432.017832,1191
1750772432.176409,1321
1750772432.357925,948
1750772432.484095,1051
1750772432.659136,855
1750772432.767872,1080
1750772432.885071,895
1750772432.998274,865
1750772433.100006,1150
1750772433.203727,1002
1750772433.305454,953
1750772433.407182,1150
1750772433.507912,1042
1750772433.608643,1141
1750772433.709385,1349
1750772433.813096,1022
1750772433.914491,1124
1750772434.016223,1051
1750772434.22208,1305
1750772434.32356,1438
1750772434.425057,1231
1750772434.525967,1050
1750772434.626697,1042
1750772434.727791,1048
1750772434.829521,1218
1750772434.930251,1072
1750772435.030981,972
1750772435.131712,1042
1750772435.23541,1071
1750772435.336142,1121
1750772435.441376,1256
1750772435.643833,1340
1750772435.744565,1270
1750772435.846182,1151
1750772435.946876,1171
1750772436.047749,1120
1750772436.14904,1293
1750772436.249986,1376
1750772436.351425,1064
1750772436.452438,999
1750772436.553124,1042
1750772436.656917,934
1750772436.860144,1259
1750772436.961447,1115
1750772437.062538,1038
1750772437.163943,1124
1750772437.269601,1108
1750772437.370905,957
1750772437.4718,1139
1750772437.573529,1130
1750772437.675125,1220
1750772437.776031,1100
1750772437.880251,1363
1750772437.982102,1089
1750772438.086071,1336
1750772438.18727,1225
1750772438.392977,1139
1750772438.494154,1363
1750772438.595079,931
1750772438.69589,1021
1750772438.79714,958
1750772438.898074,1258
1750772438.99952,1015
1750772439.100447,1149
1750772439.325628,937
1750772439.325628,937
1750772439.447322,1027
1750772439.549049,1081
1750772439.649781,1101
1750772439.768463,1126
1750772439.869701,1135
1750772439.970429,1211
1750772440.071666,859
1750772440.172854,1166
1750772440.273874,1168
1750772440.478161,1265
1750772440.579187,910
1750772440.680198,1237
1750772440.78147,1046
1750772440.883657,1116
1750772440.98515,1172
1750772441.086607,1123
1750772441.188015,1015
1750772441.290013,1049
1750772441.391459,1212
1750772441.492767,957
1750772441.593475,1072
1750772441.694951,1162
1750772441.802303,1052
1750772442.008839,1066
1750772442.109906,1177
1750772442.211332,1123
1750772442.312031,1032
1750772442.413496,936
1750772442.515286,1110
1750772442.616167,1169
1750772442.71792,1090
1750772442.81921,1085
1750772442.920745,1270
1750772443.022439,1180
1750772443.1243,1158
1750772443.225265,1039
1750772443.33038,1181
1750772443.53273,1201
1750772443.634028,1273
1750772443.735424,1203
1750772443.837528,1186
1750772443.939031,1103
1750772444.039985,1149
1750772444.140674,1420
1750772444.243161,1202
1750772444.344038,1130
1750772444.454121,1126
1750772444.555849,1209
1750772444.6865,1144
1750772444.850085,1243
1750772444.95879,947
1750772445.060518,1130
1750772445.163243,1129
1750772445.278444,1085
1750772445.380446,1059
1750772445.483171,1080
1750772445.586513,1152
1750772445.689742,1317
1750772445.790488,1220
1750772445.891883,966
1750772445.99366,1021
1750772446.096103,1298
1750772446.202817,1049
1750772446.317511,1216
1750772446.419424,1138
1750772446.521152,1327
1750772446.621884,863
1750772446.747548,1154
1750772446.849275,1110
1750772446.950005,1101
1750772447.054726,1212
1750772447.260176,1311
1750772447.361903,1081
1750772447.463632,1032
1750772447.566414,1216
1750772447.66728,1150
1750772447.768318,1167
1750772447.869987,1131
1750772447.972224,1291
1750772448.073239,1088
1750772448.174515,1165
1750772448.275731,958
1750772448.377003,1263
1750772448.47814,1196
1750772448.579259,1285
1750772448.783067,1031
1750772448.897079,1140
1750772448.998537,1064
1750772449.099089,1322
1750772449.200655,1171
1750772449.302042,1213
1750772449.403402,1095
1750772449.504932,1073
1750772449.606155,1165
1750772449.707784,1151
1750772449.80912,1065
1750772449.910617,1172
1750772450.01219,1210
1750772450.116217,1124
1750772450.322554,1142
1750772450.424116,1014
1750772450.524925,1299
1750772450.625875,1149
1750772450.726872,1069
1750772450.82766,1232
1750772450.928312,1082
1750772451.02979,1123
1750772451.130717,1288
1750772451.232517,1247
1750772451.333978,1064
1750772451.435033,910
1750772451.536222,1195
1750772451.642492,1111
1750772451.847942,1062
1750772451.948679,962
1750772452.050401,1120
1750772452.228927,1209
1750772452.228927,1209
1750772452.333644,1214
1750772452.434429,1002
1750772452.535064,1261
1750772452.637411,1134
1750772452.840833,1073
1750772452.94256,1248
1750772453.044631,1077
1750772453.146009,1193
1750772453.247486,1192
1750772453.34822,1350
1750772453.449578,1302
1750772453.551008,1143
1750772453.665702,1152
1750772453.809317,748
1750772453.915542,1130
1750772454.017269,953
1750772454.123985,1106
1750772454.227707,1166
1750772454.329435,1071
1750772454.431618,1242
1750772454.532427,1011
1750772454.633182,1052
1750772454.735132,1128
1750772454.836169,1118
1750772454.969848,1107
1750772455.071258,1134
1750772455.173184,1337
1750772455.273709,1303
1750772455.374837,1176
1750772455.475567,1141
1750772455.578292,1314
1750772455.78474,1151
1750772455.885471,1181
1750772455.986201,1062
1750772456.086931,943
1750772456.188784,1305
1750772456.289864,959
1750772456.391509,1141
1750772456.492456,921
1750772456.593013,1034
1750772456.694039,979
1750772456.795129,1177
1750772456.897756,1276
1750772457.102099,1036
1750772457.2053,1174
1750772457.306966,1190
1750772457.407923,1198
1750772457.509063,1057
1750772457.610789,1091
1750772457.71152,1310
1750772457.812804,1086
1750772457.914532,1369
1750772458.015262,1101
1750772458.116991,1120
1750772458.217721,1082
1750772458.321953,1084
1750772458.427669,1298
1750772458.658571,1219
1750772458.658571,1219
1750772458.771038,924
1750772458.872375,1065
1750772459.076184,1224
1750772459.1791,1360
1750772459.279962,1140
1750772459.381761,1247
1750772459.482771,1128
1750772459.584279,1103
1750772459.686112,1217
1750772459.805635,1004
1750772459.907649,1127
1750772460.008654,1237
1750772460.110448,1149
1750772460.211214,1270
1750772460.311936,1161
1750772460.418626,1321
1750772460.519357,1151
1750772460.625074,1231
1750772460.7278,934
1750772460.83252,1165
1750772460.934247,884
1750772461.148652,1037
1750772461.24916,1174
1750772461.350176,1148
1750772461.451556,1292
1750772461.552287,913
1750772461.653016,982
1750772461.753658,1132
1750772461.856417,1130
1750772461.957178,1250
1750772462.05886,1170
1750772462.160225,1124
1750772462.260903,1281
1750772462.362723,1210
1750772462.567226,1176
1750772462.667995,1349
1750772462.769131,1166
1750772462.870438,1224
1750772462.972632,1215
1750772463.073749,1166
1750772463.174956,988
1750772463.29371,1271
1750772463.39453,1180
1750772463.495487,1079
1750772463.59619,1141
1750772463.696921,1082
1750772463.798648,1379
1750772463.899379,913
1750772464.103833,1236
1750772464.205177,1164
1750772464.306227,1157
1750772464.457645,1258
1750772464.59827,1026
1750772464.730942,1133
1750772464.83267,1130
1750772464.933837,1176
1750772465.03512,1155
1750772465.136485,927
1750772465.238017,1240
1750772465.338747,992
1750772465.439478,1141
1750772465.540724,1165
1750772465.64145,1141
1750772465.74617,1129
1750772465.955609,1108
1750772466.05634,1111
1750772466.15707,943
1750772466.257801,1280
1750772466.35953,1218
1750772466.461276,1208
1750772466.562007,1191
1750772466.662737,1161
1750772466.763434,1340
1750772466.864167,1151
1750772466.964897,1052
1750772467.067005,969
1750772467.170729,1147
1750772467.373642,1334
1750772467.474914,1224
1750772467.576416,1192
1750772467.677768,1183
1750772467.778471,1171
1750772467.879365,1040
1750772467.980154,992
1750772468.081465,1115
1750772468.183142,1288
1750772468.284018,1199
1750772468.384748,1270
1750772468.588203,1091
1750772468.688958,1171
1750772468.789665,1400
1750772468.890395,1191
1750772468.991016,1232
1750772469.092214,1067
1750772469.19365,1064
1750772469.294353,953
1750772469.395736,1203
1750772469.496431,1479
1750772469.597666,1096
1750772469.698906,1007
1750772469.904121,1249
1750772470.004883,1329
1750772470.106073,1205
1750772470.206817,1101
1750772470.30745,1093
1750772470.408172,1181
1750772470.509016,1259
1750772470.609756,1230
1750772470.71033,1093
1750772470.811736,1025
1750772470.912751,1128
1750772471.014363,1308
1750772471.115814,1153
1750772471.21916,1228
1750772471.422575,1159
1750772471.523786,1225
1750772471.625131,1016
1750772471.725858,1042
1750772471.826688,1180
1750772471.92757,1110
1750772472.028121,1084
1750772472.129477,1282
1750772472.230326,1090
1750772472.330965,1182
1750772472.431573,1182
1750772472.533093,1172
1750772472.638232,1055
1750772472.846696,1141
1750772472.94729,1322
1750772473.048134,832
1750772473.14891,1160
1750772473.249936,1039
1750772473.354646,1388
1750772473.46693,1291
1750772473.568657,1081
1750772473.670384,1052
1750772473.808017,1184
1750772473.92271,1056
1750772474.0438,792
1750772474.145055,1145
1750772474.24952,1225
1750772474.350443,1198
1750772474.451159,943
1750772474.552657,1064
1750772474.654577,1030
1750772474.756307,1218
1750772474.862192,1088
1750772474.963781,1151
1750772475.067991,1161
1750772475.175704,1011
1750772475.334279,1352
1750772475.436006,1258
1750772475.536736,1221
1750772475.638149,1163
1750772475.739392,1126
1750772475.840821,1261
1750772475.942051,1175
1750772476.042873,1160
1750772476.144423,1280
1750772476.247109,1062
1750772476.45057,1085
1750772476.552218,1013
1750772476.653585,1233
1750772476.755178,1141
1750772476.85645,1273
1750772476.958422,990
1750772477.059132,1052
1750772477.160678,1171
1750772477.262156,1103
1750772477.363132,1158
1750772477.46371,1212
1750772477.666328,1208
1750772477.767229,1328
1750772477.8686,956
1750772477.969611,1187
1750772478.070172,1173
1750772478.171105,861
1750772478.272037,1149
1750772478.372773,1052
1750772478.47337,1004
1750772478.57422,1160
1750772478.675644,1311
1750772478.777087,1153
1750772478.878232,1364
1750772478.983007,1145
1750772479.187087,1078
1750772479.288629,1112
1750772479.389768,1117
1750772479.490279,1193
1750772479.591525,1145
1750772479.69296,1163
1750772479.794134,1077
1750772479.895176,940
1750772479.996127,1099
1750772480.097428,769
1750772480.200911,1120
1750772480.303601,1139
1750772480.408769,1188
1750772480.614036,1158
1750772480.716271,1173
1750772480.817998,992
1750772480.924715,1041
1750772481.026442,1042
1750772481.127173,1121
1750772481.227903,982
1750772481.328633,943
1750772481.429245,1192
1750772481.530293,1167
1750772481.631541,1106
1750772481.73363,1067
1750772481.834544,1317
1750772482.039785,1190
1750772482.141036,1066
1750772482.241907,912
1750772482.342991,999
1750772482.443796,1101
1750772482.544343,1044
1750772482.646119,1070
1750772482.747185,959
1750772482.848407,1066
1750772482.949681,967
1750772483.051105,956
1750772483.151958,1110
1750772483.255386,1082
1750772483.459623,1305
1750772483.561089,1172
1750772483.662095,1158
1750772483.762682,1232
1750772483.863587,1050
1750772483.964154,1233
1750772484.064991,1209
1750772484.1664,1114
1750772484.267438,1256
1750772484.368502,1019
1750772484.469401,1228
1750772484.572843,1093
1750772484.77767,862
1750772484.879059,1163
1750772484.980234,1215
1750772485.082072,1404
1750772485.183029,1020
1750772485.284056,1217
1750772485.385103,1078
1750772485.486233,1255
1750772485.587846,1289
1750772485.690033,1027
1750772485.790691,1420
1750772485.892603,1118
1750772486.143508,1039
1750772486.308067,1030
1750772486.474642,1080
1750772486.474642,1080
1750772486.579879,1083
1750772486.680586,1102
1750772486.781365,1200
1750772486.881878,1203
1750772486.982534,1291
1750772487.084074,1073
1750772487.185687,1121
1750772487.387134,1150
1750772487.48848,1302
1750772487.589671,1007
1750772487.691378,1130
1750772487.791889,1134
1750772487.893066,1146
1750772487.993764,1360
1750772488.095085,1332
1750772488.196271,1146
1750772488.297034,1180
1750772488.501137,920
1750772488.602064,1218
1750772488.70334,997
1750772488.804836,1024
1750772488.906461,1111
1750772489.007773,996
1750772489.109244,1143
1750772489.210047,1170
1750772489.311213,1166
1750772489.412783,1082
1750772489.514313,1339
1750772489.617101,1196
1750772489.820306,953
1750772489.921102,1091
1750772490.022675,974
1750772490.124034,1134
1750772490.224723,1171
1750772490.325933,1304
1750772490.427619,1130
1750772490.528194,1143
1750772490.628949,1240
1750772490.7316,1271
1750772490.832625,1009
1750772490.93502,1321
1750772491.038308,1026
1750772491.241808,1013
1750772491.343162,1174
1750772491.444133,1029
1750772491.545871,923
1750772491.646602,1161
1750772491.747333,1141
1750772491.848063,1211
1750772491.949513,1054
1750772492.050603,1068
1750772492.151259,1082
1750772492.253007,1022
1750772492.353739,1141
1750772492.455466,1238
1750772492.558061,1082
1750772492.763511,1120
1750772492.864242,1101
1750772492.964972,1042
1750772493.065703,1002
1750772493.166433,1082
1750772493.267164,1181
1750772493.368089,1218
1750772493.469255,1067
1750772493.570371,1157
1750772493.671592,1294
1750772493.772309,1012
1750772493.873961,1239
1750772494.077129,1260
1750772494.178561,1163
1750772494.27966,979
1750772494.380281,1202
1750772494.481165,1030
1750772494.581898,1171
1750772494.682518,1043
1750772494.785097,1033
1750772494.892131,1242
1750772495.103775,1303
1750772495.26235,1276
1750772495.440873,984
1750772495.440873,984
1750772495.578015,986
1750772495.70368,1117
1750772495.95751,847
1750772496.05824,1250
1750772496.160477,987
1750772496.262204,1082
1750772496.363468,1165
1750772496.464492,1098
1750772496.565973,1005
1750772496.666967,1148
1750772496.767756,1012
1750772496.868492,1111
1750772496.969633,1166
1750772497.070587,1158
1750772497.172228,1190
1750772497.377293,1272
1750772497.478983,1032
1750772497.579711,1111
1750772497.680442,1012
1750772497.781173,1191
1750772497.881903,1221
1750772497.983162,1115
1750772498.083892,1032
1750772498.184623,1141
1750772498.285354,1121
1750772498.386108,1101
1750772498.592532,1270
1750772498.693262,1151
1750772498.793993,1320
1750772498.894724,1250
1750772498.995467,1181
1750772499.097182,1248
1750772499.197912,1300
1750772499.298643,1290
1750772499.400371,1327
1750772499.501102,1042
1750772499.601833,1022
1750772499.70356,1042
1750772499.804291,1201
1750772500.008494,1062
1750772500.110222,1032
1750772500.210953,1221
1750772500.311683,933
1750772500.412437,1151
1750772500.514164,1169
1750772500.615892,1268
1750772500.716622,1171
1750772500.81835,943
1750772500.919081,1310
1750772501.020808,1022
1750772501.121539,962
1750772501.222269,1171
1750772501.328984,1115
1750772501.53436,1176
1750772501.636089,1297
1750772501.737815,1120
1750772501.839062,1135
1750772501.940065,1158
1750772502.040567,1223
1750772502.256019,1002
1750772502.419112,862
1750772502.529815,1175
1750772502.634566,1212
1750772502.738047,1122
1750772502.839775,1130
1750772502.941503,1179
1750772503.042233,1221
1750772503.14347,1284
1750772503.2442,1419
1750772503.345155,1228
1750772503.445752,1023
1750772503.547147,1055
1750772503.648069,1337
1750772503.749222,1156
1750772503.850458,1284
1750772503.955952,1180
1750772504.15998,1276
1750772504.260653,1221
1750772504.361911,1293
1750772504.462937,1168
1750772504.564141,1106
1750772504.665332,899
1750772504.766417,1147
1750772504.868136,1012
1750772504.969085,1149
1750772505.070943,1168
1750772505.172473,1034
1750772505.274028,1093
1750772505.476037,1311
1750772505.577467,1054
1750772505.678523,1068
1750772505.779513,1128
1750772505.880325,1081
1750772505.981791,1133
1750772506.082975,1225
1750772506.18399,1326
1750772506.285558,994
1750772506.386579,1019
1750772506.489285,1139
1750772506.591033,1110
1750772506.693894,923
1750772506.796358,1132
1750772506.915655,1324
1750772507.018053,1054
1750772507.122443,1160
1750772507.327008,1176
1750772507.428736,1248
1750772507.529466,1201
1750772507.630197,1300
1750772507.731926,1327
1750772507.833091,1057
1750772507.933945,971
1750772508.062695,1085
1750772508.164303,1053
1750772508.264832,1114
1750772508.366459,1161
1750772508.46785,1153
1750772508.568752,1040
1750772508.669325,1123
1750772508.774208,1001
1750772508.979466,1312
1750772509.081072,1062
1750772509.18183,1200
1750772509.283092,928
1750772509.384165,930
1750772509.485963,1247
1750772509.586693,1240
1750772509.687423,1012
1750772509.788153,1240
1750772509.890055,1069
1750772509.994627,1262
1750772510.095503,1130
1750772510.20338,1235
1750772510.312668,1288
1750772510.414331,1229
1750772510.619582,1139
1750772510.619582,1139
1750772510.838994,1179
1750772510.940722,1297
1750772511.04245,1297
1750772511.144279,1247
1750772511.245862,984
1750772511.347081,1027
1750772511.448891,1170
1750772511.552449,1264
1750772511.654881,1133
1750772511.756779,1128
1750772511.85817,1065
1750772511.959184,1158
1750772512.061733,1287
1750772512.264552,1269
1750772512.366147,1092
1750772512.467515,937
1750772512.56974,1046
1750772512.671738,1088
1750772512.773668,1138
1750772512.876989,1045
1750772512.978035,1434
1750772513.081741,1147
1750772513.183073,1134
1750772513.284266,988
1750772513.387144,1059
1750772513.494589,1144
1750772513.598113,1131
1750772513.702796,1197
1750772513.808863,1140
1750772513.914612,1172
1750772514.018335,1359
1750772514.229769,1284
1750772514.331496,1209
1750772514.451176,1129
1750772514.554898,1168
1750772514.658622,973
1750772514.761347,1080
1750772514.862077,1350
1750772514.963805,943
1750772515.064535,1121
1750772515.166264,1081
1750772515.267173,1228
1750772515.368209,1009
1750772515.469633,1360
1750772515.570742,1107
1750772515.672224,1182
1750772515.912206,965
1750772515.912206,965
1750772516.014037,1139
1750772516.115554,1241
1750772516.217177,974
1750772516.318918,1199
1750772516.523469,1097
1750772516.624088,973
1750772516.72617,999
1750772516.827448,1095
1750772516.928132,1072
1750772517.029044,1278
1750772517.129635,984
1750772517.231954,1241
1750772517.333769,1198
1750772517.435936,1135
1750772517.536813,1130
1750772517.640729,1020
1750772517.742846,1243
1750772517.946326,950
1750772518.047017,933
1750772518.148616,1033
1750772518.251885,1278
1750772518.353231,1223
1750772518.454064,1061
1750772518.557298,891
1750772518.658015,1211
1750772518.759252,1056
1750772518.860982,1179
1750772518.968582,1208
1750772519.077787,1080
1750772519.183863,1159
1750772519.286179,1045
1750772519.392687,1173
1750772519.495868,998
1750772519.598325,1200
1750772519.701589,1181
1750772519.904586,1228
1750772520.005908,996
1750772520.108399,1251
1750772520.208966,1153
1750772520.309628,1142
1750772520.411175,1122
1750772520.511954,992
1750772520.612919,1139
1750772520.713917,1079
1750772520.816318,1230
1750772520.920161,1020
1750772521.021835,1219
1750772521.125893,1263
1750772521.234602,1067
1750772521.438056,1130
1750772521.539659,994
1750772521.640391,1191
1750772521.741784,996
1750772521.843212,1133
1750772521.944799,1151
1750772522.046527,1150
1750772522.147773,1027
1750772522.250509,1090
1750772522.357214,1068
1750772522.458941,1405
1750772522.561666,1171
1750772522.662397,1072
1750772522.865369,1096
1750772522.9661,1111
1750772523.06683,1141
1750772523.167561,1141
1750772523.268291,1151
1750772523.369021,1012
1750772523.47075,1141
1750772523.572072,1135
1750772523.672947,1199
1750772523.774055,1157
1750772523.87497,1080
1750772523.976856,1060
1750772524.078144,1076
1750772524.285385,1099
1750772524.386662,1313
1750772524.487278,1152
1750772524.588084,1101
1750772524.689601,1093
1750772524.791479,961
1750772524.892819,1075
1750772524.994448,1072
1750772525.095712,1046
1750772525.197682,1206
1750772525.298623,1089
1750772525.399927,1224
1750772525.517242,1218
1750772525.618598,1026
1750772525.720515,1138
1750772525.824629,1037
1750772526.028899,1293
1750772526.130469,1201
1750772526.23172,1313
1750772526.333226,1241
1750772526.433938,1360
1750772526.546638,1012
1750772526.66982,1098
1750772526.791493,909
1750772526.904699,894
1750772527.012411,1141
1750772527.113608,1274
1750772527.215226,1033
1750772527.31709,981
1750772527.565426,1065
1750772527.673137,1058
1750772527.773868,1161
1750772527.875596,1120
1750772527.978323,1228
1750772528.079051,1111
1750772528.180782,865
1750772528.291486,1089
1750772528.3972,1031
1750772528.587691,1137
1750772528.587691,1137
1750772528.70438,1054
1750772528.819095,1047
1750772528.924813,1059
1750772529.029533,1136
1750772529.13177,1291
1750772529.238993,1045
1750772529.3487,1212
1750772529.452423,1012
1750772529.554149,1327
1750772529.657383,1017
1750772529.869815,993
1750772529.970545,1221
1750772530.073271,1333
1750772530.174999,1209
1750772530.275729,1092
1750772530.376459,1141
1750772530.478171,875
1750772530.578847,1092
1750772530.679578,962
1750772530.780309,1062
1750772530.883076,1061
1750772530.985157,1018
1750772531.188405,1141
1750772531.290134,1110
1750772531.39186,1248
1750772531.49259,1082
1750772531.593321,1231
1750772531.696048,1336
1750772531.797775,884
1750772531.898505,1250
1750772532.071043,1192
1750772532.201695,771
1750772532.303422,924
1750772532.404661,1096
1750772532.505392,1191
1750772532.708357,914
1750772532.809087,1221
1750772532.944236,1015
1750772532.944236,1015
1750772533.047957,1205
1750772533.149685,1111
1750772533.361665,1074
1750772533.470374,1002
1750772533.571106,1052
1750772533.672832,1327
1750772533.773563,1092
1750772533.874293,1042
1750772533.975024,1062
1750772534.076753,1179
1750772534.177483,1221
1750772534.281205,1012
1750772534.382933,1327
1750772534.484585,1062
1750772534.585316,1389
1750772534.689039,1156
1750772534.894488,1201
1750772534.995187,1360
1750772535.097159,1186
1750772535.19789,1052
1750772535.29862,1211
1750772535.400349,1317
1750772535.501079,1300
1750772535.601811,953
1750772535.703538,1159
1750772535.804296,1270
1750772535.905345,920
1750772536.107329,1126
1750772536.208206,1179
1750772536.309166,1020
1750772536.410256,1177
1750772536.512316,1226
1750772536.613498,1136
1750772536.714402,1109
1750772536.815185,1041
1750772536.916777,1112
1750772537.01803,1155
1750772537.119614,1171
1750772537.220665,1147
1750772537.321574,1109
1750772537.523039,982
1750772537.624455,1222
1750772537.725177,992
1750772537.826686,866
1750772537.927385,1241
1750772538.028168,1170
1750772538.130034,1020
1750772538.231041,1108
1750772538.332326,1155
1750772538.43328,1218
1750772538.535078,1149
1750772538.636037,1188
1750772538.838635,1152
1750772538.939601,1069
1750772539.040305,1062
1750772539.141748,1202
1750772539.242726,1029
1750772539.344067,1124
1750772539.445105,1266
1750772539.547081,980
1750772539.648942,1197
1750772539.749673,1191
1750772539.850403,1191
1750772539.951205,1001
1750772540.053171,1147
1750772540.158864,1144
1750772540.368242,1259
1750772540.469883,1131
1750772540.570844,1208
1750772540.671601,1022
1750772540.772818,1215
1750772540.874182,1173
1750772540.97534,1067
1750772541.076173,1180
1750772541.176972,1101
1750772541.278096,1216
1750772541.379352,1017
1750772541.480656,858
1750772541.582104,1123
1750772541.78568,1237
1750772541.887211,1221
1750772541.988241,1039
1750772542.089085,1110
1750772542.190453,1114
1750772542.292055,1279
1750772542.393822,1051
1750772542.495012,1304
1750772542.596112,1147
1750772542.697549,1212
1750772542.798673,1127
1750772542.900007,1164
1750772543.001551,1093
1750772543.105243,1128
1750772543.309953,1197
1750772543.411314,1203
1750772543.512044,1151
1750772543.614278,1242
1750772543.715881,1171
1750772543.81717,1056
1750772543.918439,1115
1750772544.019811,1164
1750772544.134053,1199
1750772544.235671,1161
1750772544.365297,1352
1750772544.512903,1123
1750772544.617891,1104
1750772544.722612,1012
1750772544.823342,1221
1750772544.92906,908
1750772545.030787,1150
1750772545.143135,1352
1750772545.24489,1336
1750772545.346694,1150
1750772545.448018,1204
1750772545.549461,1212
1750772545.650557,910
1750772545.751731,988
1750772545.852994,1422
1750772545.959655,1087
1750772546.064307,1109
1750772546.267089,991
1750772546.368454,1095
1750772546.470103,1003
1750772546.571008,1327
1750772546.672509,1113
1750772546.773669,1215
1750772546.874579,1208
1750772546.975807,1422
1750772547.077444,1357
1750772547.178922,1162
1750772547.280138,1086
1750772547.380868,1260
1750772547.483105,1242
1750772547.686561,1499
1750772547.788289,1297
1750772547.889132,1427
1750772547.990107,1079
1750772548.093827,1061
1750772548.309882,1216
1750772548.433573,1184
1750772548.535301,1287
1750772548.636971,1081
1750772548.737491,1333
1750772548.838972,1359
1750772548.940025,1029
1750772549.04078,1052
1750772549.141954,1027
1750772549.247635,1088
1750772549.349392,1248
1750772549.554469,1309
1750772549.655364,1199
1750772549.757035,1239
1750772549.858114,1177
1750772549.959213,1088
1750772550.060584,1282
1750772550.161162,1242
1750772550.264164,1165
1750772550.366213,999
1750772550.478082,1271
1750772550.634662,1247
1750772550.749356,1171
1750772550.870541,1052
1750772550.973809,1171
1750772551.079114,1082
1750772551.180882,1218
1750772551.28208,1353
1750772551.383091,1098
1750772551.484769,1081
1750772551.5854,983
1750772551.686764,897
1750772551.787852,1147
1750772551.888912,1276
1750772552.092399,1362
1750772552.092399,1362
1750772552.213582,1177
1750772552.321294,965
1750772552.423992,1207
1750772552.525298,1056
1750772552.637997,1091
1750772552.740721,1148
1750772552.948168,1041
1750772553.049894,1091
1750772553.150625,1072
1750772553.251322,1281
1750772553.352096,1270
1750772553.453342,1214
1750772553.554702,1035
1750772553.666401,1021
1750772553.808022,920
1750772553.926705,1036
1750772554.029529,1235
1750772554.130019,1034
1750772554.230958,1109
1750772554.333001,1381
1750772554.434278,1234
1750772554.535468,1146
1750772554.638169,1071
1750772554.739683,1310
1750772554.840677,1009
1750772554.942849,1215
1750772555.043742,1010
1750772555.147069,1475
1750772555.267912,1199
1750772555.369531,1062
1750772555.475062,1222
1750772555.678637,1092
1750772555.779367,1082
1750772555.880098,1161
1750772555.981342,1106
1750772556.082072,1101
1750772556.182804,1111
1750772556.283534,953
1750772556.38412,1282
1750772556.485141,1247
1750772556.586176,1039
1750772556.687036,1011
1750772556.788205,1284
1750772556.991473,1044
1750772557.093027,1191
1750772557.194313,1263
1750772557.296075,1110
1750772557.396661,944
1750772557.497291,1053
1750772557.598771,1044
1750772557.699758,1158
1750772557.801298,1103
1750772557.902907,1102
1750772558.003959,1157
1750772558.10518,1294
1750772558.208077,1000
1750772558.41267,1198
1750772558.514106,936
1750772558.61506,1079
1750772558.716088,940
1750772558.817258,1087
1750772558.918699,1202
1750772559.019679,1198
1750772559.121118,936
1750772559.221795,1033
1750772559.323133,1253
1750772559.423907,922
1750772559.524664,1290
1750772559.728168,1107
1750772559.83,1040
1750772559.931316,868
1750772560.032239,1367
1750772560.133026,1121
1750772560.234279,1145
1750772560.335787,1093
1750772560.437079,1313
1750772560.538108,1059
1750772560.639051,1228
1750772560.740167,969
1750772560.8413,959
1750772560.941872,994
1750772561.150845,1031
1750772561.252115,1017
1750772561.352804,1102
1750772561.454315,1201
1750772561.555046,1092
1750772561.655777,1350
1750772561.756507,1201
1750772561.859998,1159
1750772561.961033,1098
1750772562.062393,1055
1750772562.164721,1153
1750772562.267447,1255
1750772562.369175,1140
1750772562.55368,1191
1750772562.833931,947
1750772562.935192,1135
1750772563.03592,1181
1750772563.276277,1248
1750772563.276277,1248
1750772563.392965,1054
1750772563.522087,1163
1750772563.725571,742
1750772563.853254,962
1750772563.967945,1098
1750772564.068527,1043
1750772564.169516,1000
1750772564.271739,1086
1750772564.372876,1008
1750772564.474325,1153
1750772564.576874,1131
1750772564.678096,879
1750772564.778837,1181
1750772564.880844,921
1750772565.096073,1202
1750772565.096073,1202
1750772565.299925,1226
1750772565.401161,1007
1750772565.501892,1151
1750772565.60362,1071
1750772565.70435,1191
1750772565.806585,1066
1750772565.924271,1056
1750772566.029013,1120
1750772566.131737,934
1750772566.236457,1145
1750772566.338198,1071
1750772566.439913,1120
1750772566.540644,893
1750772566.641373,1072
1750772566.743102,1110
1750772566.845827,1071
1750772567.048801,888
1750772567.151527,1161
1750772567.254252,1130
1750772567.378918,1230
1750772567.481667,1031
1750772567.585387,1118
1750772567.686117,1141
1750772567.786848,1260
1750772567.888086,1293
1750772567.989813,1228
1750772568.090543,1131
1750772568.191275,1181
1750772568.292004,1002
1750772568.393732,1041
1750772568.494463,1191
1750772568.596213,1100
1750772568.864557,1196
1750772568.864557,1196
1750772569.121867,1120
1750772569.22369,1247
1750772569.32442,1082
1750772569.425151,1300
1750772569.525881,1092
1750772569.626612,1330
1750772569.72763,1118
1750772569.829361,1287
1750772569.930472,1008
1750772570.031648,1176
1750772570.135282,1206
1750772570.238253,1137
1750772570.343149,1000
1750772570.547045,1177
1750772570.647996,1192
1750772570.749045,1335
1750772570.850284,1333
1750772570.95097,1062
1750772571.0517,1191
1750772571.152431,1320
1750772571.253391,1089
1750772571.354143,1141
1750772571.454852,1290
1750772571.555583,1012
1750772571.658599,1028
1750772571.866827,1268
1750772571.968326,1034
1750772572.069478,909
1750772572.17086,1015
1750772572.271746,1090
1750772572.37229,1153
1750772572.473052,1151
1750772572.574546,1202
1750772572.676478,983
1750772572.776831,1135
1750772572.878368,1132
1750772572.97915,1012
1750772573.181427,1232
1750772573.282069,1023
1750772573.382867,1101
1750772573.483784,891
1750772573.584568,1220
1750772573.686144,1132
1750772573.787173,1266
1750772573.888644,936
1750772573.989792,1186
1750772574.09152,1258
1750772574.192493,1158
1750772574.293692,1264
1750772574.399283,984
1750772574.502699,1092
1750772574.705774,1073
1750772574.807146,1193
1750772574.907877,1042
1750772575.008608,1161
1750772575.109362,1171
1750772575.210069,1280
1750772575.310799,1131
1750772575.411452,1142
1750772575.513904,1153
1750772575.614574,1112
1750772575.715812,1106
1750772575.818194,1250
1750772575.951514,1114
1750772576.085156,1064
1750772576.186883,1346
1750772576.289609,1248
1750772576.391669,1283
1750772576.492399,1022
1750772576.5929,1044
1750772576.696106,1230
1750772576.798401,1065
1750772577.002182,1067
1750772577.103837,1269
1750772577.205025,1166
1750772577.305721,1221
1750772577.406799,1048
