Time,single_photon_chan1,single_photon_chan2,single_photon_chan3,single_photon_chan4,pmt_counts_chan
1750769964.140525,0,0,177640,716320,205
1750769964.346395,0,0,202290,777135,225
1750769964.54759,0,0,203290,773700,195
1750769964.746037,0,0,204110,790140,160
1750769964.946079,0,0,207240,818395,140
1750769965.149535,0,0,200490,806040,180
1750769965.348891,0,0,203115,787985,235
1750769965.548867,0,0,203040,779460,220
1750769965.750692,0,0,205090,791590,190
1750769965.952026,0,0,204545,809375,170
1750769966.151492,0,0,205755,815475,240
1750769966.354117,0,0,208230,809990,170
1750769966.553583,0,0,211115,805265,170
1750769966.755045,0,0,214010,838630,195
1750769966.956682,0,0,206205,834175,155
1750769967.156068,0,0,212945,847045,225
1750769967.359837,0,0,212470,824265,105
1750769967.5593,0,0,214050,825685,185
1750769967.763261,0,0,206590,791940,185
1750769967.962924,0,0,203430,807440,145
1750769968.162389,0,0,205930,821480,210
1750769968.363821,0,0,212400,827305,210
1750769968.56423,0,0,213425,820155,190
1750769968.766415,0,0,213925,838760,150
1750769968.968669,0,0,209035,829550,105
1750769969.166141,0,0,209510,835160,170
1750769969.368116,0,0,209375,817450,175
1750769969.569215,0,0,208445,802405,165
1750769969.767799,0,0,212050,811655,225
1750769969.971604,0,0,204815,815265,160
1750769970.172069,0,0,205145,811250,155
1750769970.371536,0,0,201860,774565,145
1750769970.571001,0,0,212510,803285,140
1750769970.775606,0,0,207150,799410,150
1750769970.970085,0,0,194400,773365,200
1750769971.178086,0,0,201575,796280,245
1750769971.372344,0,0,196445,751075,145
1750769971.573806,0,0,212035,788930,210
1750769971.782105,0,0,204440,780535,210
1750769971.978431,0,0,206870,822420,175
1750769972.178894,0,0,218155,868325,175
1750769972.37836,0,0,219235,846375,140
1750769972.580819,0,0,250450,948590,155
1750769972.787267,0,0,252310,977975,280
1750769972.985245,0,0,230350,918210,205
1750769973.188701,0,0,202480,813300,155
1750769973.389726,0,0,196390,756615,200
1750769973.587715,0,0,211030,815185,175
1750769973.790102,0,0,198290,779940,185
1750769973.989025,0,0,194045,768835,165
1750769974.191419,0,0,193870,768455,105
1750769974.394582,0,0,205245,793925,160
1750769974.596264,0,0,213305,809195,200
1750769974.799733,0,0,210880,814680,210
1750769974.998198,0,0,206880,813830,145
1750769975.20189,0,0,209310,830420,190
1750769975.405508,0,0,223135,862080,215
1750769975.611085,0,0,222160,840360,155
1750769975.808078,0,0,207205,814100,160
1750769976.014969,0,0,200130,803885,235
1750769976.213596,0,0,197640,783665,190
1750769976.420026,0,0,214795,831735,155
1750769976.620041,0,0,211525,807905,195
1750769976.820269,0,0,214280,832265,135
1750769977.023451,0,0,206045,812845,120
1750769977.218783,0,0,199480,785575,130
1750769977.618707,0,0,215580,829040,220
1750769977.818917,0,0,207890,826975,130
1750769978.02264,0,0,201895,812635,175
1750769978.221838,0,0,201590,794510,155
1750769978.426094,0,0,213765,823550,145
1750769978.62474,0,0,217410,829735,150
1750769978.824737,0,0,210520,811395,170
1750769979.026961,0,0,201630,802475,145
1750769979.227503,0,0,203795,792280,180
1750769979.427668,0,0,209545,798820,190
1750769979.629996,0,0,209280,791095,180
1750769979.828528,0,0,210380,812830,105
1750769980.030176,0,0,199145,793250,170
1750769980.231099,0,0,203675,812095,165
1750769980.431112,0,0,207525,787950,165
1750769980.631672,0,0,206510,785320,115
1750769980.834004,0,0,204840,798645,150
1750769981.037024,0,0,211180,838390,190
1750769981.239036,0,0,209410,824200,160
1750769981.43701,0,0,218135,834545,155
1750769981.638471,0,0,213095,821710,190
1750769981.838934,0,0,211145,831005,230
1750769982.044385,0,0,198640,794970,185
1750769982.238865,0,0,195245,781765,180
1750769982.440326,0,0,206115,793025,190
1750769982.642784,0,0,210080,803880,125
1750769982.842759,0,0,205850,814195,195
1750769983.045217,0,0,197675,806415,160
1750769983.248466,0,0,209120,830605,195
1750769983.449453,0,0,226180,852320,165
1750769983.650109,0,0,195135,736385,155
1750769983.851602,0,0,200045,780645,190
1750769984.053431,0,0,210880,832570,160
1750769984.254892,0,0,207055,817305,185
1750769984.456353,0,0,215435,839075,170
1750769984.653824,0,0,200845,780470,175
1750769984.858089,0,0,208975,821565,155
1750769985.057432,0,0,208380,817805,205
1750769985.257543,0,0,200820,787270,170
1750769985.461274,0,0,204305,774490,240
1750769985.660404,0,0,211675,799165,170
1750769985.867898,0,0,215345,836720,155
1750769986.064149,0,0,208660,821295,125
1750769986.264702,0,0,197600,775765,135
1750769986.464903,0,0,203770,779395,175
1750769986.664249,0,0,201735,772870,120
1750769986.865074,0,0,191655,749060,190
1750769987.07128,0,0,189625,757930,115
1750769987.268008,0,0,187740,742580,130
1750769987.47032,0,0,208880,812485,105
1750769987.671059,0,0,215230,830645,190
1750769987.872998,0,0,216290,851745,175
1750769988.073544,0,0,213595,861795,200
1750769988.27465,0,0,211210,838980,185
1750769988.475718,0,0,214975,840765,170
1750769988.678094,0,0,226165,877500,210
1750769988.877047,0,0,215885,857655,205
1750769989.07663,0,0,204320,824360,170
1750769989.279274,0,0,204055,813600,125
1750769989.478461,0,0,205260,801260,190
1750769989.679768,0,0,218310,835570,180
1750769989.883543,0,0,233450,912665,195
1750769990.081223,0,0,216355,859620,225
1750769990.283337,0,0,219890,876450,155
1750769990.488067,0,0,237925,915025,125
1750769990.687391,0,0,248655,960845,155
1750769990.88563,0,0,204785,822635,195
1750769991.087634,0,0,199130,802535,125
1750769991.286358,0,0,198950,774390,160
1750769991.487588,0,0,198415,755855,165
1750769991.690255,0,0,212270,815825,140
1750769991.889363,0,0,200615,792345,215
1750769992.09379,0,0,184200,728850,180
1750769992.290774,0,0,203615,782025,160
1750769992.493146,0,0,211420,801815,240
1750769992.696045,0,0,215345,825640,165
1750769992.898499,0,0,211115,832360,130
1750769993.102359,0,0,218030,875255,140
1750769993.30093,0,0,224120,874660,180
1750769993.502079,0,0,228980,865525,150
1750769993.703935,0,0,220710,851060,130
1750769993.90628,0,0,214575,854720,140
1750769994.107118,0,0,211085,844665,160
1750769994.31145,0,0,217710,846665,145
1750769994.512976,0,0,218135,835090,225
1750769994.711865,0,0,215540,822910,240
1750769994.916531,0,0,210360,830015,155
1750769995.114236,0,0,201950,797850,145
1750769995.314539,0,0,212525,827855,155
1750769995.515109,0,0,211680,808415,145
1750769995.913734,0,0,208905,821025,145
1750769996.11596,0,0,212860,848445,140
1750769996.314439,0,0,212805,832500,150
1750769996.516258,0,0,200915,778550,185
1750769996.719109,0,0,208080,810195,120
1750769996.916761,0,0,203795,815675,150
1750769997.118125,0,0,204945,815120,175
1750769997.320712,0,0,216345,848005,170
1750769997.521964,0,0,215640,821595,225
1750769997.722238,0,0,213930,825215,160
1750769997.926188,0,0,175510,703405,190
1750769998.113771,0,0,20,65,180
1750769998.314388,0,0,10,0,180
1750769998.517521,0,0,1590,25,200
1750769998.718617,0,0,11915,31335,120
1750769998.935739,0,0,208695,813780,220
1750769999.135474,0,0,211835,829140,175
1750769999.332156,0,0,215550,824770,215
1750769999.533609,0,0,212580,808755,135
1750769999.736254,0,0,204935,783750,190
1750769999.937391,0,0,207125,817220,195
1750770000.137819,0,0,207370,816995,180
1750770000.341546,0,0,208780,808880,120
1750770000.539047,0,0,215995,824355,185
1750770000.740508,0,0,210515,796615,195
1750770000.94233,0,0,197105,777455,165
1750770001.144252,0,0,204960,811460,130
1750770001.345433,0,0,212990,832360,105
1750770001.545067,0,0,216370,827670,185
1750770001.749697,0,0,216100,837155,195
1750770001.946701,0,0,205585,820050,135
1750770002.147304,0,0,204880,821345,165
1750770002.349549,0,0,215535,851280,165
1750770002.54901,0,0,223935,853330,170
1750770002.750616,0,0,212285,818255,150
1750770002.956603,0,0,207570,830355,150
1750770003.15373,0,0,203610,834935,145
1750770003.35482,0,0,209400,839600,145
1750770003.556052,0,0,219230,838350,175
1750770003.756711,0,0,215365,823185,135
1750770003.957942,0,0,210980,836145,175
1750770004.162679,0,0,192750,781245,120
1750770004.359391,0,0,198530,783395,185
1750770004.562843,0,0,208005,795455,175
1750770004.763803,0,0,216830,823545,155
1750770004.963793,0,0,206440,815515,130
1750770005.164134,0,0,212975,834810,130
1750770005.363181,0,0,208690,815695,160
1750770005.564854,0,0,205830,800055,210
1750770005.767048,0,0,210540,810155,155
1750770005.968115,0,0,206550,811655,190
1750770006.168444,0,0,207220,818325,230
1750770006.372144,0,0,206075,788165,170
1750770006.572708,0,0,215365,808430,135
1750770006.769891,0,0,213210,798275,140
1750770006.975117,0,0,206840,805270,135
1750770007.176373,0,0,207685,813535,250
1750770007.375549,0,0,216355,835115,135
1750770007.578539,0,0,212780,807290,170
1750770007.778063,0,0,216230,829105,115
1750770007.976755,0,0,210320,841135,150
1750770008.180141,0,0,199980,802930,110
1750770008.381347,0,0,222035,866340,125
1750770008.584802,0,0,209025,795710,130
1750770008.787064,0,0,254015,974550,150
1750770008.98883,0,0,226045,882505,240
1750770009.185874,0,0,222605,883560,170
1750770009.384924,0,0,206320,794030,210
1750770009.588367,0,0,202375,775855,190
1750770009.78784,0,0,200010,770890,140
1750770009.989741,0,0,196485,760225,185
1750770010.190922,0,0,204105,787130,95
1750770010.388854,0,0,191410,714885,170
1750770010.590464,0,0,176645,664500,130
1750770010.790106,0,0,181555,690305,165
1750770010.991147,0,0,190010,722435,170
1750770011.193605,0,0,192485,746985,200
1750770011.394552,0,0,180615,680150,190
1750770011.597806,0,0,201375,743680,155
1750770011.798043,0,0,200440,766805,105
1750770011.999429,0,0,196655,777295,165
1750770012.199729,0,0,189080,751000,205
1750770012.402166,0,0,204625,787140,185
1750770012.614126,0,0,208230,787900,125
1750770012.807842,0,0,211125,818780,175
1750770013.005357,0,0,210530,815700,160
1750770013.208063,0,0,213965,827645,150
1750770013.407247,0,0,219215,843320,140
1750770013.608109,0,0,225135,853395,135
1750770013.814307,0,0,220695,854110,170
1750770014.011768,0,0,220170,858300,190
1750770014.21315,0,0,215330,850865,170
1750770014.418592,0,0,219870,846360,135
1750770014.61706,0,0,226760,868985,140
1750770014.816527,0,0,223955,866205,190
1750770015.014996,0,0,207470,821215,160
1750770015.214463,0,0,212890,833550,245
1750770015.417917,0,0,219440,834435,190
1750770015.617397,0,0,217935,821245,125
1750770015.812862,0,0,118885,455265,185
1750770016.207274,0,0,1035,165,140
1750770016.408971,0,0,1140,185,185
1750770016.611202,0,0,1140,235,150
1750770016.811107,0,0,1060,240,160
1750770017.013415,0,0,1125,230,205
1750770017.213878,0,0,890,155,100
1750770017.415248,0,0,970,160,170
1750770017.615697,0,0,1015,190,135
1750770017.817147,0,0,1000,170,210
1750770018.017856,0,0,1050,200,160
1750770018.218749,0,0,935,160,175
1750770018.418523,0,0,980,245,205
1750770018.620472,0,0,590,165,155
1750770018.834142,0,0,198810,763425,195
1750770019.032879,0,0,200970,808625,185
1750770019.233265,0,0,198105,793080,150
1750770019.436588,0,0,211430,820225,270
1750770019.635933,0,0,202720,785385,155
1750770019.836305,0,0,210155,819125,185
1750770020.037304,0,0,207820,827550,240
1750770020.23716,0,0,198675,790070,130
1750770020.438057,0,0,193075,746445,155
1750770020.637976,0,0,179705,697110,130
1750770020.83905,0,0,152195,594230,140
1750770021.040737,0,0,162750,648200,185
1750770021.240782,0,0,166120,669460,160
1750770021.443173,0,0,201025,780940,145
1750770021.644814,0,0,197610,766485,180
1750770021.847375,0,0,209580,804945,180
1750770022.047093,0,0,204700,808615,155
1750770022.248093,0,0,201725,803595,160
1750770022.449,0,0,203400,776120,130
1750770022.649635,0,0,212060,806745,205
1750770022.852894,0,0,215065,834495,200
1750770023.055397,0,0,204310,815785,140
1750770023.252795,0,0,207445,820635,155
1750770023.456967,0,0,208460,804835,180
1750770023.6556,0,0,211820,801515,140
1750770023.85567,0,0,200085,768960,150
1750770024.056173,0,0,190930,749785,185
1750770024.257061,0,0,188360,742535,170
1750770024.461652,0,0,205195,786620,135
1750770024.661823,0,0,211640,805940,200
1750770024.864449,0,0,203945,781070,170
1750770025.065008,0,0,194665,765710,205
1750770025.267086,0,0,202845,794490,150
1750770025.466095,0,0,213155,810595,180
1750770025.667625,0,0,202295,767960,170
1750770025.871964,0,0,196005,764400,180
1750770026.072284,0,0,204030,798255,115
1750770026.269422,0,0,198615,790115,145
1750770026.469528,0,0,192845,738715,120
1750770026.672707,0,0,176165,679035,220
1750770026.873542,0,0,194280,758125,180
1750770027.073426,0,0,186685,737470,145
1750770027.273688,0,0,149815,592290,155
1750770027.477181,0,0,217650,839285,205
1750770027.677456,0,0,220135,836195,195
1750770027.878549,0,0,219635,846560,165
1750770028.079208,0,0,209310,826130,175
1750770028.282019,0,0,210095,829015,190
1750770028.483676,0,0,223210,850960,190
1750770028.683425,0,0,226445,842795,195
1750770028.884485,0,0,216630,834160,190
1750770029.084552,0,0,205995,809780,155
1750770029.280981,0,0,118055,453045,185
1750770029.487127,0,0,214790,816400,120
1750770029.693156,0,0,217340,824835,205
1750770029.889447,0,0,215325,841680,135
1750770030.089835,0,0,203485,807350,180
1750770030.291056,0,0,193935,757800,235
1750770030.493856,0,0,219995,844995,145
1750770030.693235,0,0,221155,844410,185
1750770030.896024,0,0,209535,827785,140
1750770031.094746,0,0,209005,831405,125
1750770031.295368,0,0,210145,819755,175
1750770031.49693,0,0,211250,810635,200
1750770031.697709,0,0,206300,784240,180
1750770031.905179,0,0,210290,815335,150
1750770032.100506,0,0,205750,815590,130
1750770032.300984,0,0,203060,782600,135
1750770032.493577,0,0,67720,264210,125
1750770032.697821,0,0,111725,434200,150
1750770032.902966,0,0,101045,414135,145
1750770033.109442,0,0,197910,791410,170
1750770033.319986,0,0,214225,837815,175
1750770033.519859,0,0,215695,820410,125
1750770033.718964,0,0,211255,813130,160
1750770033.92089,0,0,210740,826550,170
1750770034.119634,0,0,212775,844780,200
1750770034.328017,0,0,211055,831780,155
1750770034.534306,0,0,219600,849100,125
1750770034.730827,0,0,211850,826035,190
1750770034.92613,0,0,213535,854475,200
1750770035.128016,0,0,207285,818320,170
1750770035.52904,0,0,218855,836910,145
1750770035.52904,0,0,218855,836910,145
1750770035.729315,0,0,221885,853570,135
1750770035.935265,0,0,217600,855425,105
1750770036.135313,0,0,215635,857335,160
1750770036.335279,0,0,204575,796370,225
1750770036.738007,0,0,211890,819900,135
1750770036.937112,0,0,210970,829420,145
1750770037.138648,0,0,213250,840075,125
1750770037.344618,0,0,210550,817510,170
1750770037.539584,0,0,204485,779290,180
1750770037.744139,0,0,207180,795085,140
1750770037.944161,0,0,206490,813615,135
1750770038.143307,0,0,200690,800910,190
1750770038.345354,0,0,207200,819035,150
1750770038.546883,0,0,208065,802120,215
1750770038.750225,0,0,209345,816835,210
1750770038.949589,0,0,214285,840855,155
1750770039.148931,0,0,205865,817290,155
1750770039.350246,0,0,215500,848830,190
1750770039.556421,0,0,219090,840980,145
1750770039.753825,0,0,215535,830975,175
1750770039.9527,0,0,216175,843820,220
1750770040.155122,0,0,188600,747805,190
1750770040.352993,0,0,154570,614000,135
1750770040.557134,0,0,188310,700755,180
1750770040.758499,0,0,104225,388220,125
1750770040.960701,0,0,184080,709315,155
1750770041.160868,0,0,195345,758365,105
1750770041.362517,0,0,196380,752350,170
1750770041.563715,0,0,199060,757095,125
1750770041.764032,0,0,194290,750205,100
1750770041.967073,0,0,185800,735930,110
1750770042.168441,0,0,206450,815455,175
1750770042.370133,0,0,205785,809950,200
1750770042.56983,0,0,210170,793920,160
1750770042.769637,0,0,184450,711390,170
1750770042.972129,0,0,195700,758585,150
1750770043.171133,0,0,209315,814455,155
1750770043.37366,0,0,208535,809085,160
1750770043.574811,0,0,196295,751840,150
1750770043.77799,0,0,205395,788870,145
1750770043.976544,0,0,205495,810220,220
1750770044.177856,0,0,201465,805770,85
1750770044.37797,0,0,202065,784800,165
1750770044.579471,0,0,210360,803610,120
1750770044.778326,0,0,212865,811510,170
1750770044.981037,0,0,210060,824195,125
1750770045.184077,0,0,223445,888275,150
1750770045.384805,0,0,211015,825035,175
1750770045.582158,0,0,209400,793430,190
1750770045.792936,0,0,263470,1016110,175
1750770045.981379,0,0,174910,697520,220
1750770046.187074,0,0,235850,914565,195
1750770046.386667,0,0,220800,851535,180
1750770046.588963,0,0,219075,826785,205
1750770046.78799,0,0,207155,801180,220
1750770046.991978,0,0,195360,775505,175
1750770047.19168,0,0,208870,825335,180
1750770047.392178,0,0,213650,823045,150
1750770047.591644,0,0,200560,765340,215
1750770047.791112,0,0,191755,733015,145
1750770047.991086,0,0,155120,599255,185
1750770048.194541,0,0,185310,706785,225
1750770048.397,0,0,198085,742660,160
1750770048.594471,0,0,195665,724765,175
1750770048.797438,0,0,202625,765805,150
1750770048.997902,0,0,213620,816940,135
1750770049.199161,0,0,206975,808200,145
1750770049.400818,0,0,212475,815010,135
1750770049.602375,0,0,212470,810665,175
1750770049.802977,0,0,202320,787015,155
1750770050.002207,0,0,198660,758705,145
1750770050.203668,0,0,189785,731210,230
1750770050.405129,0,0,188750,713875,145
1750770050.603599,0,0,188820,705115,230
1750770050.811034,0,0,208675,794785,175
1750770051.009889,0,0,210420,817615,200
1750770051.208374,0,0,203890,790365,155
1750770051.399735,0,0,50290,181965,170
1750770051.604384,0,0,78530,292700,180
1750770051.810734,0,0,121350,473115,195
1750770052.012525,0,0,176535,705780,165
1750770052.213086,0,0,191905,756190,190
1750770052.410156,0,0,122970,460420,195
1750770052.613824,0,0,163555,616020,200
1750770052.817332,0,0,203375,782905,135
1750770053.021975,0,0,201070,793185,155
1750770053.231784,0,0,196310,778815,220
1750770053.421393,0,0,202110,783525,160
1750770053.623063,0,0,207135,789555,180
1750770053.824362,0,0,204910,807170,165
1750770054.027173,0,0,207480,828570,180
1750770054.232044,0,0,198950,797140,165
1750770054.427252,0,0,204095,795720,125
1750770054.633495,0,0,210660,811260,165
1750770054.833138,0,0,209705,816575,110
1750770055.228062,0,0,203730,810160,200
1750770055.228062,0,0,203730,810160,200
1750770055.431428,0,0,211875,807640,105
1750770055.834926,0,0,215800,822120,155
1750770056.034215,0,0,207690,811135,185
1750770056.234944,0,0,208440,814765,110
1750770056.438416,0,0,208885,808125,150
1750770056.6381,0,0,204045,779135,160
1750770056.839291,0,0,202160,784695,175
1750770057.042621,0,0,211705,831705,200
1750770057.240992,0,0,208245,831530,145
1750770057.443581,0,0,212025,817845,205
1750770057.643669,0,0,206050,791225,210
1750770057.843382,0,0,200910,774895,155
1750770058.043086,0,0,193280,759170,140
1750770058.2468,0,0,191155,746490,185
1750770058.447089,0,0,194135,738600,170
1750770058.645532,0,0,191070,724400,220
1750770058.848598,0,0,211465,811085,150
1750770059.048023,0,0,188805,742125,135
1750770059.248243,0,0,191840,758140,150
1750770059.452007,0,0,203790,786165,145
1750770059.652428,0,0,209170,788145,170
1750770059.852579,0,0,211335,811215,150
1750770060.052101,0,0,203875,799640,120
1750770060.25362,0,0,191455,748625,210
1750770060.453697,0,0,208050,806445,205
1750770060.656378,0,0,137940,542030,175
1750770060.857588,0,0,187490,732955,165
1750770061.056512,0,0,158945,628640,185
1750770061.257785,0,0,137645,545950,240
1750770061.46279,0,0,212545,819160,215
1750770061.671093,0,0,215135,826470,160
1750770061.864057,0,0,220245,851500,155
1750770062.068802,0,0,215065,844370,165
1750770062.266466,0,0,210860,834460,130
1750770062.468323,0,0,210685,811835,180
1750770062.669965,0,0,196225,753160,130
1750770062.868783,0,0,203830,789790,175
1750770063.074111,0,0,219495,867020,145
1750770063.274018,0,0,211370,832035,200
1750770063.470492,0,0,206430,808705,185
1750770063.671645,0,0,219310,851165,195
1750770063.874707,0,0,220930,864345,155
1750770064.078088,0,0,208535,834220,240
1750770064.276188,0,0,200155,811940,145
1750770064.477119,0,0,201905,784325,185
1750770064.679125,0,0,198830,749285,170
1750770064.881099,0,0,201835,785005,190
1750770065.080339,0,0,202790,805570,195
1750770065.280545,0,0,204800,811590,155
1750770065.482,0,0,217415,850000,180
1750770065.682463,0,0,233880,895005,205
1750770065.880933,0,0,205940,798795,125
1750770066.084949,0,0,220075,873220,125
1750770066.285924,0,0,222995,870890,150
1750770066.487952,0,0,234275,892185,175
1750770066.688377,0,0,221315,851065,125
1750770066.889628,0,0,196610,785945,170
1750770067.087561,0,0,204425,815070,130
1750770067.291263,0,0,213405,837380,205
1750770067.491583,0,0,215910,827545,155
1750770067.69053,0,0,201640,763025,220
1750770067.895371,0,0,206280,800915,130
1750770068.093882,0,0,188380,730765,235
1750770068.297026,0,0,203725,778860,140
1750770068.496179,0,0,174915,669845,205
1750770068.695825,0,0,198580,762485,130
1750770068.900053,0,0,210870,839355,150
1750770069.101744,0,0,211145,834160,150
1750770069.300434,0,0,205050,815605,200
1750770069.501803,0,0,220555,841355,150
1750770069.70402,0,0,217730,823915,115
1750770069.903579,0,0,199875,780825,180
1750770070.104263,0,0,191635,755285,135
1750770070.307953,0,0,204965,797915,140
1750770070.506239,0,0,223925,853995,130
1750770070.70805,0,0,217120,824460,180
1750770070.907801,0,0,199460,757260,175
1750770071.108074,0,0,183515,719065,195
1750770071.311931,0,0,209135,810975,130
1750770071.515689,0,0,221600,843985,165
1750770071.717021,0,0,205120,788460,210
1750770071.914977,0,0,219085,839145,140
1750770072.114846,0,0,217115,847885,135
1750770072.318064,0,0,227095,887675,180
1750770072.516104,0,0,227775,868535,190
1750770072.726254,0,0,210145,803715,225
1750770072.929608,0,0,222160,861905,135
1750770073.128237,0,0,225095,889090,150
1750770073.332492,0,0,214415,843745,210
1750770073.530799,0,0,201540,781575,225
1750770073.734517,0,0,221535,848960,170
1750770073.93589,0,0,220210,856430,180
1750770074.140516,0,0,208975,827105,150
1750770074.344733,0,0,210630,831640,110
1750770074.544804,0,0,212210,813390,170
1750770074.74515,0,0,218375,828790,135
1750770074.950172,0,0,215120,839995,180
1750770075.147882,0,0,208795,826020,185
1750770075.351242,0,0,206730,814540,200
1750770075.746338,0,0,209330,799080,145
1750770075.746338,0,0,209330,799080,145
1750770076.148004,0,0,207085,817860,215
1750770076.148004,0,0,207085,817860,215
1750770076.350273,0,0,203520,812205,210
1750770076.752236,0,0,210355,809095,175
1750770076.952768,0,0,200660,788625,205
1750770077.152055,0,0,201195,799180,185
1750770077.352231,0,0,208590,821860,245
1750770077.556352,0,0,213630,821170,195
1750770077.754059,0,0,215360,834840,175
1750770077.956691,0,0,207405,826810,170
1750770078.160176,0,0,218540,860610,130
1750770078.360448,0,0,217655,854670,190
1750770078.560677,0,0,229875,874425,190
1750770078.761092,0,0,223925,855840,130
1750770078.962785,0,0,220115,864545,155
1750770079.16308,0,0,216925,863400,185
1750770079.362734,0,0,203005,804180,140
1750770079.564195,0,0,214240,828005,130
1750770079.764659,0,0,211365,809290,200
1750770079.964125,0,0,201115,786950,195
1750770080.164589,0,0,200075,797240,170
1750770080.367047,0,0,204370,792335,165
1750770080.569505,0,0,212990,811385,165
1750770080.769969,0,0,207785,791405,140
1750770080.971431,0,0,197355,771075,150
1750770081.172581,0,0,207210,801765,195
1750770081.372537,0,0,206065,807840,185
1750770081.572806,0,0,199210,771020,190
1750770081.774124,0,0,196725,759455,100
1750770081.975585,0,0,200850,786615,180
1750770082.177045,0,0,200600,800385,190
1750770082.378505,0,0,197460,771575,160
1750770082.579967,0,0,202815,777915,145
1750770082.781084,0,0,202400,761580,295
1750770082.985522,0,0,215030,830865,175
1750770083.182267,0,0,214155,844665,165
1750770083.38639,0,0,243000,942475,190
1750770083.586364,0,0,239990,926410,205
1750770083.786118,0,0,230200,899365,145
1750770083.989042,0,0,240665,957085,215
1750770084.192394,0,0,234170,921135,230
1750770084.388507,0,0,216975,835680,180
1750770084.589061,0,0,209555,793295,170
1750770084.787761,0,0,207140,795685,195
1750770084.992388,0,0,199480,789885,120
1750770085.191211,0,0,198355,785470,130
1750770085.393089,0,0,204915,800395,170
1750770085.59255,0,0,208140,794075,190
1750770085.794475,0,0,208155,797165,160
1750770085.995888,0,0,205170,808760,155
1750770086.196658,0,0,202020,797160,150
1750770086.398994,0,0,205755,794655,150
1750770086.600366,0,0,211885,814315,190
1750770086.80604,0,0,212905,820120,125
1750770087.003163,0,0,193855,757345,160
1750770087.203271,0,0,195800,763375,180
1750770087.406125,0,0,199865,766075,180
1750770087.605657,0,0,190155,725970,180
1750770087.806594,0,0,164455,622450,245
1750770088.010849,0,0,178380,692255,160
1750770088.21145,0,0,198740,774555,205
1750770088.411162,0,0,190845,733905,165
1750770088.612485,0,0,199230,758090,190
1750770088.813187,0,0,216275,830235,170
1750770089.017812,0,0,210855,817215,165
1750770089.212876,0,0,168655,646665,125
1750770089.41613,0,0,209695,814685,165
1750770089.620419,0,0,219665,837930,160
1750770089.817473,0,0,215155,829475,205
1750770090.022812,0,0,213095,837095,185
1750770090.220902,0,0,210800,830795,170
1750770090.422579,0,0,215270,820815,145
1750770090.623657,0,0,219180,823025,175
1750770090.826232,0,0,210955,807870,180
1750770091.026862,0,0,204120,800575,170
1750770091.234372,0,0,209925,820005,150
1750770091.431678,0,0,209585,794550,115
1750770091.632777,0,0,203160,762805,155
1750770091.833309,0,0,214520,811695,170
1750770092.033913,0,0,212740,819670,130
1750770092.235796,0,0,204410,799670,170
1750770092.434097,0,0,219755,830500,120
1750770092.635975,0,0,223305,834890,175
1750770092.845061,0,0,229235,875100,155
1750770093.045848,0,0,209260,812630,195
1750770093.24318,0,0,202195,796970,165
1750770093.448102,0,0,215505,815620,185
1750770093.656599,0,0,220300,825595,175
1750770093.854578,0,0,197370,747705,130
1750770094.050581,0,0,186060,730690,170
1750770094.2494,0,0,180015,702930,150
1750770094.455359,0,0,195855,749205,150
1750770094.655946,0,0,205740,765665,250
1750770094.854072,0,0,189190,733715,160
1750770095.056928,0,0,191490,749830,200
1750770095.259416,0,0,195925,747870,185
1750770095.460469,0,0,200020,765915,185
1750770095.861147,0,0,200730,759625,225
1750770096.062105,0,0,198085,775200,215
1750770096.260954,0,0,188050,739105,220
1750770096.463918,0,0,188545,717155,150
1750770096.664383,0,0,202530,756685,140
1750770096.864308,0,0,194005,735655,170
1750770097.066896,0,0,210225,812325,150
1750770097.270099,0,0,209395,813150,155
1750770097.472043,0,0,216880,825920,195
1750770097.671919,0,0,206180,775685,245
1750770097.874807,0,0,209865,792300,235
1750770098.071453,0,0,196260,766015,155
1750770098.273702,0,0,197765,776785,180
1750770098.474793,0,0,212670,822175,155
1750770098.67661,0,0,214355,825390,170
1750770098.875127,0,0,208045,791075,210
1750770099.080684,0,0,216555,844045,230
1750770099.278573,0,0,212725,817800,170
1750770099.479048,0,0,217665,840485,220
1750770099.681322,0,0,228165,865670,200
1750770099.881724,0,0,222620,854680,135
1750770100.084562,0,0,218435,863140,165
1750770100.28886,0,0,240860,953845,185
1750770100.48478,0,0,211615,814020,140
1750770100.68588,0,0,223450,851310,210
1750770100.888859,0,0,249800,966430,185
1750770101.088409,0,0,202020,800245,135
1750770101.290882,0,0,215015,868310,260
1750770101.496211,0,0,224155,882040,145
1750770101.695516,0,0,220865,880320,235
1750770101.895602,0,0,220045,868860,215
1750770102.094065,0,0,214895,853755,170
1750770102.296027,0,0,211695,847115,175
1750770102.499397,0,0,216960,841270,140
1750770102.700877,0,0,213510,839775,165
1750770102.901756,0,0,202805,812325,190
1750770103.099639,0,0,203690,845880,185
1750770103.301361,0,0,207165,833180,190
1750770103.500429,0,0,215380,842765,225
1750770103.702416,0,0,212345,836610,190
1750770103.903662,0,0,212170,832470,200
1750770104.109397,0,0,209455,836395,215
1750770104.305497,0,0,199410,810235,140
1750770104.506123,0,0,222145,849585,170
1750770104.708363,0,0,220380,838375,230
1750770104.909181,0,0,214985,833375,170
1750770105.109621,0,0,194615,771935,180
1750770105.310535,0,0,200960,788350,180
1750770105.513688,0,0,216655,818785,175
1750770105.712686,0,0,203035,779480,210
1750770105.914682,0,0,195465,761870,175
1750770106.11816,0,0,205250,833290,145
1750770106.315205,0,0,207945,834910,140
1750770106.519182,0,0,202590,789760,215
1750770106.71672,0,0,199220,771705,115
1750770106.919237,0,0,197750,773715,190
1750770107.120087,0,0,204165,803035,120
1750770107.32107,0,0,205280,812945,170
1750770107.522199,0,0,203265,795310,140
1750770107.722398,0,0,205750,805065,200
1750770107.925384,0,0,202565,800955,115
1750770108.125292,0,0,214375,856095,195
1750770108.327069,0,0,208660,824330,165
1750770108.527172,0,0,214860,830405,190
1750770108.727085,0,0,214660,837930,245
1750770108.93022,0,0,209550,838200,165
1750770109.131208,0,0,205870,832610,205
1750770109.33111,0,0,203870,813120,175
1750770109.531307,0,0,200755,794685,200
1750770109.732317,0,0,208460,822120,115
1750770109.933734,0,0,201480,798935,145
1750770110.133239,0,0,194360,784530,140
1750770110.335318,0,0,192790,772545,170
1750770110.535608,0,0,211665,824405,160
1750770110.735114,0,0,201310,800320,160
1750770110.932509,0,0,141885,560835,175
1750770111.137588,0,0,211395,841220,220
1750770111.336374,0,0,199045,797095,115
1750770111.534844,0,0,197475,766025,160
1750770111.740293,0,0,207160,804325,145
1750770111.938763,0,0,203285,815535,185
1750770112.141536,0,0,206400,826575,180
1750770112.347984,0,0,202735,803190,170
1750770112.550441,0,0,213335,826355,230
1750770112.754894,0,0,215965,848420,135
1750770112.952872,0,0,211390,841880,175
1750770113.155066,0,0,200995,804920,180
1750770113.355826,0,0,159650,643980,130
1750770113.559683,0,0,202505,786770,215
1750770113.760306,0,0,215240,838620,205
1750770113.961814,0,0,201595,803120,145
1750770114.16128,0,0,151235,610000,90
1750770114.370736,0,0,186770,734240,215
1750770114.574176,0,0,207695,789620,170
1750770114.772858,0,0,186300,713900,115
1750770114.975801,0,0,213840,822155,230
1750770115.368976,0,0,196725,770495,130
1750770115.368976,0,0,196725,770495,130
1750770115.772961,0,0,211290,817360,200
1750770115.772961,0,0,211290,817360,200
1750770115.974734,0,0,208940,820395,125
1750770116.373859,0,0,212195,825760,120
1750770116.373859,0,0,212195,825760,120
1750770116.773883,0,0,202580,768960,115
1750770116.978742,0,0,198200,779445,155
1750770117.178881,0,0,206245,813170,210
1750770117.379957,0,0,199445,797240,185
1750770117.581498,0,0,206430,813050,145
1750770117.781425,0,0,204925,799150,175
1750770117.982636,0,0,195750,768370,150
1750770118.183916,0,0,203425,793845,210
1750770118.382765,0,0,202455,784385,190
1750770118.588304,0,0,232625,886405,215
1750770118.787423,0,0,225035,850345,200
1750770118.987701,0,0,187175,732010,195
1750770119.189023,0,0,191520,751070,160
1750770119.391013,0,0,195045,739540,165
1750770119.591842,0,0,190630,712590,170
1750770119.794055,0,0,194655,735590,205
1750770119.994609,0,0,190605,742780,140
1750770120.20208,0,0,182970,712865,175
1750770120.395995,0,0,185380,708550,230
1750770120.598583,0,0,206340,794605,230
1750770120.800016,0,0,203445,779685,210
1750770121.000912,0,0,201585,793220,220
1750770121.203527,0,0,191985,760460,145
1750770121.402662,0,0,197950,760645,140
1750770121.609399,0,0,212525,795250,165
1750770121.806622,0,0,200815,760250,135
1750770122.006618,0,0,200065,770215,145
1750770122.208185,0,0,200235,787255,155
1750770122.409863,0,0,198195,767145,160
1750770122.612076,0,0,210225,782770,185
1750770122.814516,0,0,206285,787960,165
1750770123.013322,0,0,203125,783735,170
1750770123.212714,0,0,201295,780020,175
1750770123.413979,0,0,199645,774210,260
1750770123.617121,0,0,210175,789610,160
1750770123.821291,0,0,214465,821615,150
1750770124.0198,0,0,208980,804965,145
1750770124.220682,0,0,198115,769685,160
1750770124.420445,0,0,188260,716755,220
1750770124.617944,0,0,163395,614905,245
1750770124.81873,0,0,186460,712445,180
1750770125.022454,0,0,192015,729080,130
1750770125.232929,0,0,198800,765340,130
1750770125.423956,0,0,209975,806420,155
1750770125.62686,0,0,214450,797615,180
1750770125.827601,0,0,203470,769795,235
1750770126.027091,0,0,193765,750650,180
1750770126.227908,0,0,195105,763495,135
1750770126.42915,0,0,192535,742045,175
1750770126.629693,0,0,200255,762055,120
1750770126.831225,0,0,194815,748980,185
1750770127.03086,0,0,203985,794585,145
1750770127.230787,0,0,204310,791170,155
1750770127.436695,0,0,216860,829040,170
1750770127.635235,0,0,220385,835310,215
1750770127.834835,0,0,219235,826720,115
1750770128.036079,0,0,209455,810585,200
1750770128.236871,0,0,210400,825655,170
1750770128.437183,0,0,216080,836630,125
1750770128.639039,0,0,217725,824460,195
1750770128.838123,0,0,210735,816125,145
1750770129.03977,0,0,215875,846640,160
1750770129.239958,0,0,215475,864810,220
1750770129.442654,0,0,219315,862915,125
1750770129.645346,0,0,221610,859960,170
1750770129.84549,0,0,215685,848675,160
1750770130.044073,0,0,215205,856540,155
1750770130.244787,0,0,205690,814965,195
1750770130.446873,0,0,207790,808035,110
1750770130.649076,0,0,206860,805790,210
1750770130.850691,0,0,209040,817810,155
1750770131.057,0,0,201460,800145,185
1750770131.252892,0,0,201290,805830,200
1750770131.457629,0,0,199545,799020,150
1750770131.657647,0,0,201045,781545,135
1750770131.862668,0,0,194620,755920,205
1750770132.062241,0,0,193000,755760,140
1750770132.266197,0,0,201585,809280,145
1750770132.467572,0,0,194175,771185,145
1750770132.671357,0,0,190150,740145,155
1750770132.874137,0,0,196105,764305,175
1750770133.071123,0,0,168130,682235,135
1750770133.27319,0,0,202470,809005,150
1750770133.475027,0,0,203575,809670,230
1750770133.675485,0,0,217965,864220,170
1750770134.074043,0,0,212425,846415,145
1750770134.273343,0,0,201195,803465,200
1750770134.273343,0,0,201195,803465,200
1750770134.67553,0,0,217370,838940,215
1750770134.67553,0,0,217370,838940,215
1750770134.880094,0,0,193985,751700,140
1750770135.280026,0,0,198390,795860,160
1750770135.482145,0,0,206725,804730,175
1750770135.680414,0,0,202900,776575,175
1750770135.881409,0,0,204420,786090,210
1750770136.088707,0,0,217570,841895,130
1750770136.283233,0,0,197125,767600,165
1750770136.484997,0,0,218555,827945,180
1750770136.687872,0,0,229750,872735,160
1750770136.890845,0,0,220810,860160,150
1750770137.088721,0,0,223870,878035,125
1750770137.293794,0,0,231960,917900,140
1750770137.489662,0,0,205035,785445,235
1750770137.690483,0,0,206435,776140,150
1750770137.893846,0,0,208960,788980,160
1750770138.091758,0,0,191835,745840,155
1750770138.291499,0,0,186870,714540,135
1750770138.496018,0,0,209985,798995,185
1750770138.69609,0,0,209325,803385,150
1750770138.897057,0,0,201405,768855,165
1750770139.096796,0,0,200525,778360,150
1750770139.299052,0,0,194795,750230,185
1750770139.50016,0,0,202310,766690,190
1750770139.700232,0,0,192625,721090,130
1750770139.908113,0,0,197875,758230,175
1750770140.10234,0,0,195245,752890,150
1750770140.305063,0,0,201865,785590,190
1750770140.506883,0,0,209305,795995,175
1750770140.706492,0,0,216555,818335,110
1750770140.908012,0,0,218035,835835,195
1750770141.11208,0,0,200165,787900,195
1750770141.31054,0,0,203500,794435,165
1750770141.511987,0,0,204700,770400,240
1750770141.711919,0,0,212355,800995,125
1750770141.911959,0,0,207030,814235,205
1750770142.115712,0,0,214685,840435,175
1750770142.316981,0,0,211180,827955,170
1750770142.515578,0,0,206030,796825,160
1750770142.716775,0,0,211525,805420,220
1750770142.917157,0,0,210450,809595,195
1750770143.117781,0,0,206220,816900,195
1750770143.316877,0,0,207360,814575,150
1750770143.524322,0,0,204960,780055,165
1750770143.718802,0,0,203305,781730,150
1750770143.922258,0,0,202655,802685,140
1750770144.121724,0,0,200845,806935,160
1750770144.32119,0,0,202515,807745,140
1750770144.522652,0,0,203015,781365,185
1750770144.734086,0,0,208670,789860,185
1750770144.926571,0,0,196260,744485,160
1750770145.125376,0,0,200825,769435,165
1750770145.32772,0,0,209795,809665,165
1750770145.529619,0,0,207455,791655,215
1750770145.729577,0,0,218740,832105,145
1750770145.933486,0,0,214195,812035,160
1750770146.128936,0,0,207840,793780,170
1750770146.331394,0,0,203300,778610,200
1750770146.535199,0,0,204760,770390,190
1750770146.733904,0,0,205665,770770,140
1750770146.938118,0,0,213735,831595,125
1750770147.138001,0,0,207180,803665,170
1750770147.340066,0,0,210410,816445,145
1750770147.538353,0,0,218805,827695,185
1750770147.738607,0,0,217040,828890,140
1750770147.939394,0,0,214640,836170,180
1750770148.142557,0,0,216965,836945,155
1750770148.346472,0,0,212840,823245,140
1750770148.549955,0,0,214710,828755,145
1750770148.750037,0,0,207280,802930,190
1750770149.147315,0,0,189775,734400,125
1750770149.346834,0,0,190310,740570,180
1750770149.547911,0,0,191900,742085,155
1750770149.75008,0,0,182885,688360,165
1750770149.950618,0,0,180740,694815,160
1750770150.149873,0,0,175860,679975,200
1750770150.349517,0,0,192715,738185,160
1750770150.5518,0,0,204700,775400,165
1750770150.753004,0,0,213065,805150,180
1750770150.957701,0,0,209405,806345,185
1750770151.155929,0,0,212365,812615,180
1750770151.357143,0,0,217575,838150,180
1750770151.559145,0,0,220675,851720,120
1750770151.76088,0,0,222795,857515,200
1750770151.961702,0,0,214385,825965,185
1750770152.164964,0,0,219260,847530,190
1750770152.363248,0,0,218870,849800,150
1750770152.564692,0,0,222820,840335,135
1750770152.767046,0,0,230910,866030,175
1750770152.965796,0,0,221855,844930,195
1750770153.169014,0,0,218205,841875,135
1750770153.370945,0,0,205830,792705,175
1750770153.570652,0,0,200360,763130,170
1750770153.770856,0,0,197375,739080,145
1750770153.971968,0,0,197965,761235,155
1750770154.173899,0,0,206500,786470,210
1750770154.375741,0,0,208855,808745,175
1750770154.576507,0,0,223030,849295,190
1750770154.777556,0,0,219360,833895,195
1750770154.976596,0,0,207305,791900,125
1750770155.176824,0,0,197690,754095,190
1750770155.377838,0,0,184420,710215,140
1750770155.580506,0,0,200495,764215,180
1750770155.780646,0,0,198550,756330,170
1750770155.983829,0,0,195055,750025,130
1750770156.183338,0,0,190665,742070,170
1750770156.388144,0,0,199815,783360,160
1750770156.585116,0,0,214550,823980,155
1750770156.785701,0,0,199620,767545,185
1750770156.988954,0,0,224650,882760,150
1750770157.193879,0,0,204995,815060,180
1750770157.391109,0,0,191035,734960,150
1750770157.589272,0,0,196090,745890,155
1750770157.791836,0,0,198790,765950,145
1750770157.993169,0,0,195080,754845,205
1750770158.192528,0,0,200025,783100,215
1750770158.396614,0,0,202040,786080,140
1750770158.5946,0,0,201630,768660,135
1750770158.792071,0,0,200580,783215,155
1750770158.99453,0,0,202915,784560,170
1750770159.198941,0,0,203955,797075,145
1750770159.399144,0,0,206095,799870,130
1750770159.599386,0,0,214715,820120,160
1750770159.80219,0,0,221190,840095,160
1750770160.00198,0,0,220945,847110,155
1750770160.203427,0,0,216715,851385,110
1750770160.405542,0,0,220055,852255,205
1750770160.605378,0,0,211080,799150,165
1750770160.806482,0,0,194560,742480,175
1750770161.008309,0,0,221375,852760,225
1750770161.209795,0,0,213585,830455,185
1750770161.410978,0,0,218290,844225,160
1750770161.613959,0,0,224630,848890,220
1750770161.813188,0,0,222160,842170,190
1750770162.020061,0,0,224185,877055,180
1750770162.218957,0,0,211055,818860,165
1750770162.418878,0,0,217285,834710,225
1750770162.618109,0,0,221010,845790,175
1750770162.81838,0,0,215375,821975,110
1750770163.020392,0,0,209315,808945,135
1750770163.221768,0,0,208280,813640,165
1750770163.422868,0,0,211920,815485,215
1750770163.623996,0,0,215095,826440,225
1750770163.822469,0,0,212710,806730,185
1750770164.026757,0,0,202305,781520,130
1750770164.231937,0,0,197245,767435,210
1750770164.432995,0,0,204320,786265,135
1750770164.630334,0,0,190910,725175,215
1750770164.828898,0,0,207520,792875,165
1750770165.032104,0,0,208485,811575,180
1750770165.232894,0,0,205515,802865,175
1750770165.437852,0,0,204720,793835,160
1750770165.642554,0,0,203050,773335,185
1750770165.843001,0,0,216555,820175,115
1750770166.044368,0,0,207075,798255,150
1750770166.248121,0,0,218700,849320,190
1750770166.450224,0,0,217850,829945,120
1750770166.651456,0,0,225730,849740,115
1750770166.85135,0,0,223025,843200,140
1750770167.048498,0,0,218010,841415,175
1750770167.248071,0,0,214425,835165,170
1750770167.453116,0,0,211925,803270,125
1750770167.848643,0,0,210785,794540,155
1750770168.05073,0,0,203310,784185,150
1750770168.05073,0,0,203310,784185,150
1750770168.253013,0,0,191835,730445,175
1750770168.654979,0,0,211830,808830,190
1750770168.854502,0,0,188625,731195,175
1750770169.056123,0,0,202890,796890,165
1750770169.257923,0,0,206750,805980,130
1750770169.459756,0,0,215470,831590,240
1750770169.662005,0,0,216640,823775,115
1750770169.862416,0,0,222020,852225,115
1750770170.061177,0,0,210975,822645,150
1750770170.263238,0,0,169735,668275,190
1750770170.464775,0,0,207840,796215,195
1750770170.663773,0,0,227385,858490,165
1750770170.866983,0,0,218420,838545,175
1750770171.067126,0,0,219735,858770,160
1750770171.269637,0,0,226825,884255,180
1750770171.468678,0,0,224135,853145,150
1750770171.669996,0,0,227960,861640,135
1750770171.871131,0,0,204820,791240,195
1750770172.071413,0,0,200165,774365,200
1750770172.270008,0,0,179990,692540,110
1750770172.472634,0,0,178460,681655,220
1750770172.672419,0,0,200110,743160,95
1750770172.874436,0,0,195280,737470,160
1750770173.078392,0,0,202915,785835,125
1750770173.277141,0,0,208890,805685,130
1750770173.476724,0,0,212335,815725,170
1750770173.679197,0,0,199630,757755,125
1750770173.878138,0,0,194215,741645,125
1750770174.080731,0,0,195500,744630,160
1750770174.281958,0,0,201110,780875,125
1750770174.485194,0,0,210885,803630,185
1750770174.683732,0,0,218045,829755,115
1750770174.885549,0,0,219355,829650,140
1750770175.085328,0,0,202895,788960,95
1750770175.286216,0,0,237175,919415,170
1750770175.492775,0,0,247245,934520,215
1750770175.691751,0,0,229080,860520,130
1750770175.888225,0,0,222500,854125,190
1750770176.090193,0,0,219585,857690,160
1750770176.290657,0,0,236510,917565,230
1750770176.491598,0,0,217550,841250,185
1750770176.69206,0,0,226370,859495,180
1750770176.897511,0,0,224980,862175,115
1750770177.097621,0,0,225645,863320,155
1750770177.299693,0,0,218555,843930,190
1750770177.497682,0,0,219570,843495,225
1750770177.698582,0,0,220010,844300,210
1750770177.901214,0,0,213980,825795,140
1750770178.104207,0,0,219975,838240,155
1750770178.303506,0,0,208420,808575,170
1750770178.504487,0,0,202130,765090,130
1750770178.706897,0,0,210345,788820,165
1750770178.90639,0,0,212500,815550,180
1750770179.109663,0,0,214335,822935,190
1750770179.311595,0,0,207075,801300,180
1750770179.511256,0,0,207875,779440,330
1750770179.712772,0,0,216260,814250,185
1750770179.910978,0,0,209670,807345,145
1750770180.114317,0,0,210315,810375,165
1750770180.315131,0,0,215325,832390,200
1750770180.514965,0,0,213675,814425,135
1750770180.720316,0,0,215765,815930,230
1750770180.918726,0,0,213115,811885,155
1750770181.118713,0,0,213290,821575,135
1750770181.318207,0,0,210385,808430,195
1750770181.521263,0,0,212520,812505,135
1750770181.719536,0,0,214535,812325,145
1750770181.923032,0,0,200250,766925,170
1750770182.122615,0,0,208155,803905,185
1750770182.321759,0,0,204740,793170,190
1750770182.523192,0,0,215285,820730,215
1750770182.724465,0,0,221610,827950,200
1750770182.927436,0,0,220870,838575,150
1750770183.132626,0,0,220675,859645,190
1750770183.328219,0,0,216525,852155,145
1750770183.529499,0,0,227445,874995,210
1750770183.729415,0,0,224555,842865,170
1750770183.93095,0,0,216615,829920,150
1750770184.132943,0,0,214735,832425,140
1750770184.336727,0,0,216135,840855,150
1750770184.53753,0,0,230905,883210,220
1750770184.736101,0,0,230515,867575,250
1750770184.940195,0,0,224390,859610,200
1750770185.137893,0,0,213830,818530,180
1750770185.345094,0,0,222115,858855,155
1750770185.550833,0,0,213615,816290,175
1750770185.742235,0,0,220290,830510,185
1750770185.948277,0,0,215030,830905,135
1750770186.148608,0,0,224210,875830,150
1750770186.348937,0,0,220375,855025,190
1750770186.555361,0,0,223590,857375,160
1750770186.946721,0,0,217825,845235,230
1750770187.146128,0,0,196630,775480,160
1750770187.353526,0,0,207760,803640,230
1750770187.550046,0,0,221290,827020,220
1750770187.749297,0,0,213380,818395,145
1750770187.951382,0,0,209980,797190,155
1750770188.154257,0,0,216225,830870,205
1750770188.352317,0,0,213460,824445,170
1750770188.552386,0,0,206250,796555,215
1750770188.75495,0,0,212815,825095,160
1750770188.954293,0,0,206660,799245,190
1750770189.158233,0,0,212635,830795,180
1750770189.3527,0,0,201250,777585,200
1750770189.557153,0,0,198260,767720,140
1750770189.75662,0,0,209460,805655,200
1750770189.957225,0,0,209720,818305,210
1750770190.158675,0,0,206525,808650,145
1750770190.363705,0,0,204360,813245,175
1750770190.563615,0,0,211605,819580,125
1750770190.763444,0,0,207190,798055,230
1750770190.964128,0,0,214955,827280,145
1750770191.164226,0,0,212705,818440,165
1750770191.366499,0,0,207970,815755,205
1750770191.566955,0,0,213455,834275,185
1750770191.778178,0,0,222245,845180,165
1750770191.970034,0,0,217710,831265,170
1750770192.170952,0,0,210920,822060,175
1750770192.371955,0,0,204775,795005,165
1750770192.573284,0,0,201075,766740,150
1750770192.772426,0,0,198345,748585,120
1750770192.976281,0,0,195940,744770,195
1750770193.174574,0,0,212780,816590,95
1750770193.376548,0,0,194930,745210,150
1750770193.578869,0,0,226260,857785,155
1750770193.779277,0,0,217480,826535,205
1750770193.979601,0,0,209940,805215,165
1750770194.18058,0,0,211005,806605,170
1750770194.3835,0,0,217065,836185,200
1750770194.583394,0,0,232985,898990,195
1750770194.784658,0,0,229545,877875,145
1750770194.985448,0,0,226720,880110,125
1750770195.185232,0,0,217980,847005,150
1750770195.387797,0,0,223585,873325,205
1750770195.588271,0,0,224775,859180,240
1750770195.78784,0,0,235435,903365,135
1750770195.990111,0,0,240125,939810,200
1750770196.191978,0,0,255355,989765,200
1750770196.390549,0,0,237860,930400,190
1750770196.593266,0,0,249115,956710,140
1750770196.794156,0,0,229945,867045,125
1750770196.993615,0,0,216610,834855,135
1750770197.194348,0,0,224520,864435,165
1750770197.396844,0,0,219525,840520,170
1750770197.596229,0,0,223380,839725,185
1750770197.797327,0,0,217470,826630,125
1750770198.011084,0,0,203365,777355,155
1750770198.199434,0,0,198560,762480,160
1750770198.401184,0,0,213740,822935,170
1750770198.603181,0,0,211840,802705,160
1750770198.804094,0,0,206275,788635,115
1750770199.005868,0,0,208185,803215,225
1750770199.207952,0,0,212330,820000,210
1750770199.40639,0,0,208900,806210,210
1750770199.606881,0,0,205610,779370,205
1750770199.809676,0,0,211765,811965,200
1750770200.007879,0,0,207900,796740,220
1750770200.214348,0,0,201410,772590,115
1750770200.413166,0,0,206315,795305,170
1750770200.611037,0,0,206770,792410,150
1750770200.81461,0,0,217435,824110,220
1750770201.014892,0,0,216455,836840,150
1750770201.220755,0,0,211825,810710,165
1750770201.417314,0,0,207305,789400,165
1750770201.623086,0,0,208200,787895,160
1750770201.822897,0,0,212500,804490,175
1750770202.02396,0,0,209140,801735,135
1750770202.230822,0,0,217830,829835,250
1750770202.431708,0,0,206405,806335,120
1750770202.626487,0,0,218665,835895,120
1750770202.833135,0,0,222310,837745,160
1750770203.029166,0,0,214580,823900,205
1750770203.429649,0,0,207220,794995,190
1750770203.630726,0,0,208455,786405,165
1750770203.833691,0,0,203800,777505,190
1750770204.033589,0,0,206795,797280,170
1750770204.235938,0,0,205015,789245,150
1750770204.435369,0,0,205480,788740,190
1750770204.635761,0,0,213270,802505,160
1750770204.837531,0,0,216870,810580,170
1750770205.039902,0,0,204565,785340,195
1750770205.240384,0,0,204800,780185,200
1750770205.446125,0,0,199975,753030,200
1750770205.642803,0,0,204425,775690,150
1750770205.843927,0,0,201650,765535,165
1750770206.04535,0,0,194225,742190,180
1750770206.245848,0,0,192240,738615,210
1750770206.445791,0,0,205670,784930,120
1750770206.647741,0,0,164810,630835,120
1750770206.847656,0,0,194175,739780,185
1750770207.04734,0,0,187515,719385,175
1750770207.250432,0,0,190420,728785,175
1750770207.446907,0,0,200145,760270,170
1750770207.648072,0,0,201865,751820,135
1750770207.854521,0,0,197220,750865,195
1750770208.053986,0,0,208730,795970,165
1750770208.25445,0,0,195010,754355,150
1750770208.456908,0,0,200215,772515,155
1750770208.656375,0,0,203240,770105,155
1750770208.860828,0,0,198105,747525,190
1750770209.061348,0,0,208560,797985,165
1750770209.260068,0,0,198470,766270,150
1750770209.463323,0,0,198375,770665,155
1750770209.662805,0,0,202890,767910,240
1750770209.864096,0,0,201395,763250,240
1750770210.064638,0,0,194450,740070,235
1750770210.271086,0,0,203200,781830,155
1750770210.471577,0,0,201715,787015,145
1750770210.670256,0,0,183550,707325,215
1750770210.868622,0,0,102455,380030,240
1750770211.068136,0,0,117290,450115,195
1750770211.273634,0,0,171430,667200,185
1750770211.480167,0,0,206020,795560,210
1750770211.679067,0,0,202010,773190,145
1750770211.879381,0,0,198705,765425,140
1750770212.078703,0,0,201170,770345,140
1750770212.281143,0,0,199550,766355,215
1750770212.483156,0,0,195540,755015,190
1750770212.683587,0,0,194190,742230,180
1750770212.886883,0,0,205580,778810,175
1750770213.087486,0,0,223930,857055,140
1750770213.290938,0,0,242860,952460,185
1750770213.490381,0,0,225200,869285,170
1750770213.690975,0,0,226035,867850,150
1750770213.892053,0,0,240010,938080,200
1750770214.096224,0,0,238650,914850,190
1750770214.293105,0,0,216250,844425,150
1750770214.494075,0,0,218910,830070,165
1750770214.696218,0,0,221355,842430,120
1750770214.898518,0,0,212470,808850,150
1750770215.098153,0,0,204820,783905,150
1750770215.300934,0,0,211205,824820,200
1750770215.500007,0,0,211415,812970,160
1750770215.702429,0,0,223485,855020,160
1750770215.901572,0,0,208090,800900,180
1750770216.102855,0,0,206660,783950,110
1750770216.302225,0,0,187470,720055,165
1750770216.5061,0,0,204580,776795,120
1750770216.706937,0,0,206340,783630,135
1750770216.907085,0,0,207545,792265,135
1750770217.107366,0,0,211385,807445,180
1750770217.308377,0,0,216790,832805,160
1750770217.508981,0,0,210750,798230,190
1750770217.713954,0,0,211270,794055,155
1750770217.914182,0,0,212645,809290,150
1750770218.113416,0,0,211880,814955,170
1750770218.31203,0,0,217490,844970,210
1750770218.515486,0,0,225770,860095,180
1750770218.717227,0,0,218580,830395,170
1750770218.915236,0,0,214230,821195,190
1750770219.122884,0,0,217000,844910,145
1750770219.318918,0,0,216015,846510,150
1750770219.516606,0,0,201070,775995,125
1750770219.721227,0,0,226255,874380,170
1750770219.921064,0,0,223300,859490,180
1750770220.124259,0,0,222980,857945,195
1750770220.327957,0,0,220195,862040,120
1750770220.52543,0,0,215780,835605,220
1750770220.733872,0,0,228405,875315,160
1750770220.931344,0,0,220210,844095,220
1750770221.132833,0,0,218205,846130,180
1750770221.339274,0,0,209875,820670,150
1750770221.53475,0,0,204515,774985,150
1750770221.741772,0,0,205830,781020,180
1750770221.943664,0,0,196990,750525,155
1750770222.138645,0,0,201700,777115,215
1750770222.343218,0,0,202820,798750,220
1750770222.542563,0,0,202755,780410,175
1750770222.751021,0,0,192305,732445,165
1750770222.942777,0,0,179870,689550,155
1750770223.150084,0,0,190075,731525,235
1750770223.353312,0,0,200625,778855,170
1750770223.550062,0,0,211125,802730,235
1750770223.75073,0,0,206895,788605,140
1750770223.948578,0,0,206625,785160,165
1750770224.152068,0,0,205590,795420,160
1750770224.351136,0,0,198220,761620,130
1750770224.753732,0,0,217620,830765,145
1750770224.956275,0,0,214205,821200,210
1750770225.159862,0,0,212630,820980,155
1750770225.159862,0,0,212630,820980,155
1750770225.560302,0,0,208915,807395,240
1750770225.760786,0,0,220130,838695,160
1750770225.961255,0,0,224130,847600,170
1750770226.182901,0,0,215195,820185,230
1750770226.358432,0,0,215005,824720,195
1750770226.563882,0,0,220715,838105,165
1750770226.772837,0,0,218605,839605,160
1750770226.969311,0,0,219255,837060,210
1750770227.171769,0,0,222320,846960,155
1750770227.366248,0,0,217050,846695,160
1750770227.564983,0,0,208145,797790,160
1750770227.766518,0,0,210595,817450,190
1750770227.96998,0,0,214165,824965,175
1750770228.170188,0,0,206875,803955,180
1750770228.372615,0,0,211825,825440,195
1750770228.569088,0,0,210405,825035,175
1750770228.769416,0,0,216115,824285,135
1750770228.970872,0,0,221855,843680,215
1750770229.175332,0,0,228750,886575,235
1750770229.395888,0,0,216680,843350,185
1750770229.602336,0,0,221875,869575,130
1750770229.797358,0,0,211450,809205,200
1750770229.987794,0,0,222535,851690,135
1750770230.180609,0,0,229195,875780,130
1750770230.380337,0,0,212755,827020,145
1750770230.580066,0,0,212150,808550,155
1750770230.78193,0,0,213725,808220,140
1750770230.981531,0,0,200630,770870,155
1750770231.183559,0,0,194920,759310,200
1750770231.381729,0,0,197300,771735,160
1750770231.585735,0,0,189300,732985,170
1750770231.785034,0,0,209210,785005,195
1750770231.989415,0,0,209950,805830,150
1750770232.188023,0,0,202870,779705,150
1750770232.390541,0,0,226075,883735,215
1750770232.593174,0,0,225110,872460,160
1750770232.793294,0,0,243645,937530,190
1750770232.991865,0,0,244870,942440,205
1750770233.194308,0,0,240720,934375,115
1750770233.397098,0,0,230330,910245,200
1750770233.59586,0,0,210625,824785,205
1750770233.808064,0,0,209220,810255,150
1750770233.999842,0,0,205850,788960,215
1750770234.200128,0,0,192670,755475,140
1750770234.402782,0,0,206925,806375,170
1750770234.603358,0,0,217090,831870,185
1750770234.805406,0,0,217190,827490,160
1750770235.004069,0,0,212685,815370,180
1750770235.213104,0,0,219505,841195,130
1750770235.409869,0,0,218850,860290,135
1750770235.608529,0,0,217970,845775,160
1750770235.81187,0,0,220915,849580,175
1750770236.010226,0,0,216865,842575,160
1750770236.218914,0,0,211535,817150,165
1750770236.410698,0,0,198200,773905,160
1750770236.615647,0,0,211880,816175,180
1750770236.81468,0,0,211820,816865,165
1750770237.016885,0,0,210180,811705,200
1750770237.219613,0,0,219015,836725,170
1750770237.420405,0,0,213805,835190,145
1750770237.624473,0,0,208295,800705,170
1750770237.821291,0,0,218685,831510,180
1750770238.023667,0,0,211955,824720,170
1750770238.224434,0,0,217880,852030,145
1750770238.425548,0,0,218065,859840,140
1750770238.62862,0,0,216405,844835,205
1750770238.827908,0,0,218250,843050,145
1750770239.030023,0,0,213545,834160,210
1750770239.227423,0,0,215480,834695,200
1750770239.433692,0,0,209280,826815,130
1750770239.631762,0,0,210340,830620,190
1750770239.833385,0,0,214200,826165,170
1750770240.033992,0,0,214955,838350,145
1750770240.242974,0,0,211620,825030,195
1750770240.437504,0,0,218395,866870,160
1750770240.638231,0,0,212890,834880,145
1750770240.841142,0,0,218550,855040,155
1750770241.042,0,0,212395,845245,115
1750770241.250772,0,0,203085,794815,200
1750770241.448036,0,0,208705,815630,205
1750770241.646058,0,0,210765,816750,105
1750770241.848227,0,0,205045,778100,195
1750770242.04759,0,0,211135,804020,165
1750770242.248657,0,0,203360,780450,145
1750770242.450069,0,0,206255,799650,185
1750770242.65908,0,0,199525,762115,175
1750770242.855026,0,0,182175,703220,160
1750770243.059352,0,0,195355,748455,170
1750770243.260727,0,0,208150,802095,155
1750770243.459934,0,0,173235,685130,125
1750770243.662169,0,0,198990,773735,160
1750770243.859441,0,0,190575,723700,185
1750770244.060462,0,0,203660,785025,190
1750770244.259462,0,0,204230,788140,190
1750770244.462343,0,0,211660,828120,140
1750770244.862507,0,0,221925,850445,145
1750770245.066956,0,0,219150,856290,150
1750770245.262075,0,0,208175,803250,200
1750770245.46548,0,0,207980,814555,165
1750770245.66527,0,0,211255,806365,160
1750770245.868486,0,0,213420,828740,220
1750770246.067846,0,0,214210,818160,170
1750770246.270531,0,0,215220,814695,160
1750770246.471464,0,0,213940,822145,145
1750770246.67161,0,0,216985,820295,180
1750770246.872764,0,0,220980,831710,145
1750770247.074581,0,0,209890,807715,175
1750770247.277579,0,0,212995,808935,150
1750770247.479076,0,0,220690,846760,145
1750770247.678807,0,0,222585,849180,135
1750770247.877736,0,0,223725,844300,185
1750770248.08093,0,0,220080,843650,175
1750770248.279245,0,0,216065,837205,175
1750770248.480918,0,0,217495,841955,150
1750770248.686889,0,0,210375,812120,205
1750770248.885421,0,0,220605,841315,140
1750770249.084044,0,0,219105,842770,185
1750770249.285051,0,0,218710,834555,180
1750770249.48614,0,0,217020,841845,120
1750770249.689084,0,0,215555,835910,140
1750770249.893046,0,0,220935,842790,180
1750770250.090059,0,0,235905,920095,150
1750770250.293337,0,0,247565,949600,190
1750770250.494063,0,0,228250,909895,170
1750770250.694257,0,0,213135,831540,165
1750770250.898244,0,0,274535,1067725,230
1750770251.098352,0,0,214005,823255,200
1750770251.301248,0,0,260925,1002050,185
1750770251.495836,0,0,217665,841775,160
1750770251.700614,0,0,202690,785350,215
1750770251.903218,0,0,206090,804115,195
1750770252.098958,0,0,195370,764480,120
1750770252.300776,0,0,207465,807645,210
1750770252.501007,0,0,186330,718085,205
1750770252.703603,0,0,203935,784750,185
1750770252.908358,0,0,220540,853020,185
1750770253.105993,0,0,220285,847775,150
1750770253.30958,0,0,216270,851735,205
1750770253.515357,0,0,218390,852700,195
1750770253.713161,0,0,220080,861490,165
1750770253.90998,0,0,216830,838325,140
1750770254.156063,0,0,212090,822095,200
1750770254.310749,0,0,209910,810765,180
1750770254.513085,0,0,204415,803340,185
1750770254.714573,0,0,205660,800910,135
1750770254.919107,0,0,210935,804880,120
1750770255.117408,0,0,208910,805625,170
1750770255.314577,0,0,207395,813230,230
1750770255.516743,0,0,201815,787495,175
1750770255.720233,0,0,214140,836685,165
1750770255.919494,0,0,211610,814670,110
1750770256.124534,0,0,210110,821015,185
1750770256.323008,0,0,213430,838035,140
1750770256.523883,0,0,212435,834040,205
1750770256.723151,0,0,210630,816205,170
1750770256.92344,0,0,210910,823310,165
1750770257.128172,0,0,203345,810590,155
1750770257.333859,0,0,209395,824785,205
1750770257.529853,0,0,207145,828295,170
1750770257.728809,0,0,206840,803420,140
1750770257.931798,0,0,209100,816460,215
1750770258.130884,0,0,211710,825605,145
1750770258.336233,0,0,202250,797550,145
1750770258.53684,0,0,201320,801480,215
1750770258.735065,0,0,179755,703185,155
1750770258.936052,0,0,189435,731615,175
1750770259.140549,0,0,201115,774030,200
1750770259.340354,0,0,210855,811740,105
1750770259.545637,0,0,215780,839350,160
1750770259.74605,0,0,215455,827960,195
1750770259.947195,0,0,217835,833620,150
1750770260.148022,0,0,225475,855490,160
1750770260.3522,0,0,223840,858325,190
1750770260.554932,0,0,223490,861160,160
1750770260.754052,0,0,223430,857460,235
1750770260.961559,0,0,229310,879910,195
1750770261.161679,0,0,229635,888875,130
1750770261.358341,0,0,222530,866400,190
1750770261.572735,0,0,218085,846860,185
1750770261.766453,0,0,223630,857895,215
1750770261.969679,0,0,220545,846305,130
1750770262.168814,0,0,213645,821800,170
1750770262.37221,0,0,201020,779080,165
1750770262.579951,0,0,217875,847035,220
1750770262.780584,0,0,223125,861505,185
1750770262.975342,0,0,221050,843915,170
1750770263.174541,0,0,223090,840625,190
1750770263.381695,0,0,211385,813635,140
1750770263.578595,0,0,221310,852850,195
1750770263.778674,0,0,218570,841485,160
1750770264.180968,0,0,220520,846845,230
1750770264.380194,0,0,216530,835570,120
1750770264.580356,0,0,213055,811930,170
1750770264.783797,0,0,209435,797735,155
1750770264.783797,0,0,209435,797735,155
1750770265.187614,0,0,219805,846400,160
1750770265.386332,0,0,208730,791635,195
1750770265.588921,0,0,218065,835835,160
1750770265.786608,0,0,197085,748580,160
1750770265.991458,0,0,228935,875355,200
1750770266.19556,0,0,256445,972645,240
1750770266.392521,0,0,206810,800990,140
1750770266.595173,0,0,239250,929590,225
1750770266.798846,0,0,244800,936970,210
1750770266.996702,0,0,232645,881450,235
1750770267.20219,0,0,225080,870060,130
1750770267.397719,0,0,217440,853060,170
1750770267.595245,0,0,222670,855220,160
1750770267.798102,0,0,221695,853690,200
1750770268.00108,0,0,222710,853965,145
1750770268.200917,0,0,224830,846285,170
1750770268.405721,0,0,219305,835825,165
1750770268.605034,0,0,220025,827695,195
1750770268.804991,0,0,230405,872710,145
1750770269.005406,0,0,226700,865300,195
1750770269.20843,0,0,223315,864430,145
1750770269.40804,0,0,220550,881895,205
1750770269.608365,0,0,214970,834030,145
1750770269.813071,0,0,224750,853735,175
1750770270.011245,0,0,227320,860425,145
1750770270.211493,0,0,219425,845550,160
1750770270.41057,0,0,224485,861395,165
1750770270.612753,0,0,227375,868950,175
1750770270.813132,0,0,227380,863435,145
1750770271.02112,0,0,228790,874300,175
1750770271.214853,0,0,220835,857695,135
1750770271.416728,0,0,220305,869240,190
1750770271.616726,0,0,228880,871145,165
1750770271.815408,0,0,223015,832740,150
1750770272.015872,0,0,212565,799545,135
1750770272.21835,0,0,209605,782755,205
1750770272.420945,0,0,212120,809135,215
1750770272.623131,0,0,214875,825510,150
1750770272.824411,0,0,216595,837280,185
1750770273.024991,0,0,217470,837655,170
1750770273.230128,0,0,224070,856905,150
1750770273.428052,0,0,214790,832980,145
1750770273.626636,0,0,213245,830180,185
1750770273.831098,0,0,207065,803175,155
1750770274.030918,0,0,212495,821710,180
1750770274.232337,0,0,213305,831440,95
1750770274.434887,0,0,222140,857550,205
1750770274.642116,0,0,225625,862110,155
1750770274.836439,0,0,225145,855770,205
1750770275.04012,0,0,220055,839365,180
1750770275.240684,0,0,209100,803655,105
1750770275.441231,0,0,219475,833075,285
1750770275.64052,0,0,213300,820290,180
1750770275.84224,0,0,203670,787550,110
1750770276.056351,0,0,204285,788105,175
1750770276.248565,0,0,207045,793955,175
1750770276.452107,0,0,203160,789205,200
1750770276.651621,0,0,201265,781935,140
1750770276.849335,0,0,211435,798150,195
1750770277.058328,0,0,205110,787245,210
1750770277.265588,0,0,222725,841615,180
1750770277.45735,0,0,214495,836340,155
1750770277.655992,0,0,211865,817465,135
1750770277.867896,0,0,187150,717945,135
1750770278.064416,0,0,197660,762775,150
1750770278.268871,0,0,205650,783070,155
1750770278.472823,0,0,198405,771230,175
1750770278.667257,0,0,197130,761415,195
1750770278.870514,0,0,201805,776475,135
1750770279.067941,0,0,199025,766285,195
1750770279.268872,0,0,205635,789205,185
1750770279.471578,0,0,203940,797080,155
1750770279.675483,0,0,213500,826875,155
1750770279.876921,0,0,216890,852330,220
1750770280.07892,0,0,218980,851545,145
1750770280.299384,0,0,205695,807645,135
1750770280.492867,0,0,173165,674135,135
1750770280.69564,0,0,281735,1090580,295
1750770280.893188,0,0,163075,630100,130
1750770281.098256,0,0,224750,858665,170
1750770281.301078,0,0,207790,787625,220
1750770281.49968,0,0,131995,496345,145
1750770281.699666,0,0,191930,711915,160
1750770281.898615,0,0,129750,481945,185
1750770282.111346,0,0,195470,734230,130
1750770282.305941,0,0,163000,620280,185
1750770282.509399,0,0,203645,788125,180
1750770282.707865,0,0,153570,586065,165
1750770282.909327,0,0,164215,630800,135
1750770283.111046,0,0,204255,778265,200
1750770283.315357,0,0,191920,730340,195
1750770283.519922,0,0,133225,505505,210
1750770283.723988,0,0,207855,794950,215
1750770283.921871,0,0,215195,812920,120
1750770284.123494,0,0,213495,815160,190
1750770284.327946,0,0,219070,844615,220
1750770284.532187,0,0,213835,820410,140
1750770284.734848,0,0,212180,820215,145
1750770284.939088,0,0,215775,823990,155
1750770285.131584,0,0,221095,850640,160
1750770285.340927,0,0,225605,872605,135
1750770285.545079,0,0,226060,877050,155
1750770285.746152,0,0,211425,826520,130
1750770285.944132,0,0,217520,843180,130
1750770286.141868,0,0,218405,846520,205
1750770286.543715,0,0,217985,842080,150
1750770286.74423,0,0,225145,854620,130
1750770286.943295,0,0,213020,807695,140
1750770287.143653,0,0,210135,799495,150
1750770287.345609,0,0,210595,810680,195
1750770287.548749,0,0,213775,832140,155
1750770287.751574,0,0,221895,852305,160
1750770287.948823,0,0,225620,852250,180
1750770288.150443,0,0,222915,853735,165
1750770288.349631,0,0,228130,868820,165
1750770288.554938,0,0,215775,833880,105
1750770288.759015,0,0,225670,868820,165
1750770288.95455,0,0,235910,882615,115
1750770289.158043,0,0,231975,895765,120
1750770289.354158,0,0,213875,827085,190
1750770289.5594,0,0,225980,870970,165
1750770289.756499,0,0,208495,802925,210
1750770289.964998,0,0,224205,862935,135
1750770290.159323,0,0,219840,858665,155
1750770290.360099,0,0,222130,852685,160
1750770290.565632,0,0,213045,829795,155
1750770290.76231,0,0,221915,861485,185
1750770290.964049,0,0,221070,861085,200
1750770291.166823,0,0,215370,848360,170
1750770291.366887,0,0,228210,871215,150
1750770291.566242,0,0,219340,851105,225
1750770291.765247,0,0,224345,862145,170
1750770291.969914,0,0,228765,886035,145
1750770292.168364,0,0,233845,893820,200
1750770292.375564,0,0,229725,874590,180
1750770292.574183,0,0,224610,874790,175
1750770292.77142,0,0,222825,867350,175
1750770292.971966,0,0,220235,847820,150
1750770293.173552,0,0,217160,842825,230
1750770293.377034,0,0,223400,853840,195
1750770293.575926,0,0,217460,856120,165
1750770293.781528,0,0,218690,854855,200
1750770293.97891,0,0,224330,859730,135
1750770294.176624,0,0,221440,849700,145
1750770294.377294,0,0,215170,833155,205
1750770294.581931,0,0,219865,856255,85
1750770294.782279,0,0,211505,826440,130
1750770294.981319,0,0,215980,828070,170
1750770295.186705,0,0,215040,829645,155
1750770295.386177,0,0,216640,839665,220
1750770295.586115,0,0,214160,836025,190
1750770295.785073,0,0,216405,851050,140
1750770295.991053,0,0,220045,851070,165
1750770296.193442,0,0,223095,853535,190
1750770296.394559,0,0,218405,830560,180
1750770296.591876,0,0,217460,840720,190
1750770296.791083,0,0,211565,828170,185
1750770296.992741,0,0,214060,838600,170
1750770297.191231,0,0,223460,872240,185
1750770297.402049,0,0,239135,939560,210
1750770297.598966,0,0,223690,887440,125
1750770297.798101,0,0,262050,1006980,275
1750770298.002495,0,0,237955,914895,225
1750770298.199052,0,0,224155,853135,145
1750770298.401705,0,0,216705,848855,185
1750770298.606768,0,0,218850,854140,140
1750770298.804991,0,0,224910,878110,245
1750770299.004002,0,0,216845,846870,190
1750770299.207292,0,0,209305,818120,195
1750770299.410123,0,0,207610,809960,205
1750770299.608825,0,0,210580,818085,185
1750770299.816083,0,0,215240,835590,160
1750770300.00882,0,0,209855,816385,150
1750770300.209348,0,0,213375,823900,185
1750770300.410159,0,0,215745,839965,195
1750770300.612228,0,0,212910,822505,200
1750770300.820056,0,0,208465,801165,155
1750770301.018164,0,0,216070,824925,155
1750770301.217135,0,0,209180,799850,140
1750770301.417033,0,0,205890,792075,130
1750770301.617248,0,0,207695,811185,130
1750770301.818743,0,0,195710,765355,135
1750770302.02011,0,0,206540,800010,160
1750770302.226759,0,0,201715,790685,165
1750770302.424967,0,0,206330,814355,165
1750770302.625224,0,0,204160,809785,145
1750770302.826342,0,0,209505,817940,175
1750770303.027938,0,0,215535,842015,205
1750770303.230913,0,0,216040,835450,115
1750770303.432999,0,0,213800,831460,190
1750770303.628965,0,0,206045,813370,210
1750770303.832037,0,0,208795,806935,205
1750770304.032671,0,0,204480,785470,155
1750770304.238093,0,0,203005,767850,180
1750770304.443859,0,0,200325,776095,155
1750770304.644017,0,0,187290,728905,110
1750770304.847632,0,0,194015,744235,195
1750770305.047673,0,0,203490,765515,190
1750770305.251331,0,0,211925,799505,195
1750770305.447985,0,0,216795,817380,210
1750770305.659699,0,0,218085,830915,145
1750770305.855269,0,0,216170,819860,200
1750770306.05772,0,0,206870,781195,195
1750770306.259285,0,0,203230,766395,180
1750770306.454892,0,0,202790,776780,80
1750770306.855881,0,0,196100,762405,235
1750770307.061572,0,0,211405,797595,170
1750770307.258799,0,0,201495,781685,155
1750770307.460835,0,0,197870,775440,190
1750770307.663874,0,0,198730,767835,170
1750770307.864102,0,0,200720,778115,200
1750770308.06403,0,0,197500,760490,135
1750770308.26241,0,0,196860,765400,165
1750770308.470007,0,0,185860,749365,145
1750770308.666175,0,0,196080,783390,180
1750770308.86577,0,0,195220,770725,175
1750770309.067263,0,0,197210,774875,185
1750770309.26712,0,0,207780,807970,180
1750770309.472668,0,0,204475,787970,120
1750770309.674845,0,0,205595,799675,210
1750770309.874389,0,0,201780,786945,150
1750770310.073894,0,0,205055,797770,195
1750770310.274034,0,0,196440,778120,165
1750770310.473489,0,0,197115,762070,170
1750770310.678117,0,0,203025,783810,195
1750770310.87672,0,0,202195,782805,185
1750770311.078047,0,0,202750,787800,170
1750770311.349087,0,0,200375,769865,180
1750770311.481734,0,0,205725,791610,150
1750770311.681085,0,0,200670,789240,195
1750770311.880949,0,0,199060,777390,125
1750770312.088885,0,0,208350,797530,215
1750770312.282211,0,0,207165,786405,220
1750770312.481038,0,0,179525,683060,215
1750770312.687928,0,0,194345,757515,115
1750770312.886025,0,0,195055,748155,155
1750770313.09007,0,0,202495,769580,195
1750770313.286804,0,0,203240,772520,195
1750770313.488265,0,0,203025,776485,140
1750770313.689726,0,0,210040,812420,235
1750770313.891187,0,0,215100,826445,220
1750770314.094526,0,0,223585,859210,165
1750770314.292574,0,0,183500,693890,160
1750770314.501179,0,0,165810,630410,160
1750770314.692822,0,0,182260,694515,170
1750770314.898041,0,0,221195,839990,255
1750770315.096798,0,0,205370,769755,220
1750770315.301095,0,0,196485,739360,140
1750770315.501436,0,0,201600,772390,125
1750770315.704107,0,0,202940,761780,165
1750770315.903216,0,0,199775,747725,170
1750770316.104463,0,0,207710,782145,250
1750770316.306337,0,0,205970,773570,110
1750770316.505691,0,0,197320,753840,195
1750770316.707547,0,0,199925,770380,120
1750770316.910014,0,0,199420,754845,170
1750770317.111025,0,0,208830,786610,200
1750770317.310335,0,0,204855,781370,190
1750770317.50922,0,0,205640,788000,150
1750770317.713401,0,0,180305,692190,145
1750770317.91012,0,0,175195,668305,235
1750770318.118222,0,0,183505,697525,220
1750770318.313717,0,0,178355,678140,155
1750770318.516741,0,0,178470,699575,125
1750770318.716821,0,0,192440,752595,175
1750770318.91803,0,0,194100,742945,170
1750770319.118723,0,0,192010,727175,195
1750770319.326209,0,0,201925,750520,145
1750770319.524429,0,0,203205,776870,185
1750770319.719782,0,0,141975,549085,155
1750770319.923576,0,0,192580,737130,125
1750770320.125029,0,0,172185,654770,175
1750770320.325355,0,0,202610,762160,120
1750770320.533092,0,0,207750,788960,155
1750770320.726014,0,0,203845,776250,170
1750770320.929128,0,0,209215,797295,200
1750770321.130714,0,0,204525,784170,180
1750770321.329812,0,0,204590,769360,165
1750770321.535648,0,0,196500,757180,135
1750770321.737782,0,0,204280,786235,205
1750770321.940738,0,0,203950,782910,170
1750770322.136303,0,0,205880,791480,125
1750770322.34143,0,0,217425,832755,195
1750770322.541254,0,0,210740,811135,205
1750770322.742538,0,0,211265,831515,215
1750770322.947385,0,0,212620,819745,175
1750770323.148561,0,0,211355,809270,230
1750770323.345404,0,0,212795,799920,145
1750770323.547025,0,0,198630,776490,220
1750770323.751765,0,0,200460,802390,170
1750770323.955556,0,0,205310,790765,180
1750770324.154938,0,0,210235,818420,195
1750770324.35291,0,0,212140,816575,135
1750770324.558649,0,0,208880,808725,170
1750770324.761944,0,0,209650,833800,160
1750770324.961042,0,0,211430,815985,205
1750770325.161288,0,0,217040,836180,230
1750770325.359643,0,0,223880,849080,170
1750770325.563634,0,0,213030,828555,175
1750770325.761743,0,0,206400,819800,190
1750770325.964212,0,0,217385,850060,150
1750770326.363971,0,0,222650,857065,180
1750770326.56447,0,0,218485,850785,165
1750770326.766698,0,0,208610,823175,140
1750770326.967301,0,0,213800,838840,195
1750770327.166183,0,0,208590,812740,140
1750770327.367823,0,0,204170,788210,185
1750770327.572024,0,0,214720,834265,155
1750770327.769523,0,0,208070,820570,210
1750770327.972352,0,0,214110,836115,150
1750770328.176541,0,0,212725,828805,235
1750770328.372428,0,0,215275,828735,210
1750770328.57587,0,0,214405,836405,180
1750770328.775855,0,0,209105,821370,220
1750770328.976928,0,0,216040,834805,145
1750770329.173884,0,0,211705,824330,195
1750770329.386692,0,0,214330,823580,160
1750770329.58132,0,0,207920,813955,210
1750770329.779083,0,0,201210,785645,175
1750770329.98047,0,0,204240,797395,155
1750770330.178509,0,0,212710,822715,190
1750770330.380823,0,0,210295,795005,175
1750770330.584687,0,0,200615,775190,155
1750770330.782353,0,0,196495,767620,160
1750770330.983847,0,0,192965,744655,210
1750770331.187137,0,0,199840,766080,200
1750770331.38399,0,0,213100,815585,160
1750770331.589989,0,0,218115,846915,105
1750770331.790969,0,0,218615,847580,170
1750770331.990213,0,0,213960,841170,165
1750770332.190714,0,0,212475,842630,190
1750770332.392924,0,0,221270,858510,110
1750770332.595575,0,0,212090,839955,175
1750770332.794075,0,0,227770,896815,200
1750770333.006862,0,0,283930,1098925,215
1750770333.191221,0,0,158260,610920,150
1750770333.396686,0,0,223795,851615,180
1750770333.595242,0,0,215520,844560,135
1750770333.797008,0,0,241810,934415,215
1750770333.99879,0,0,227095,874730,205
1750770334.197357,0,0,202730,794565,190
1750770334.40975,0,0,217095,844785,180
1750770334.597154,0,0,207770,822180,130
1750770334.800948,0,0,211635,835485,175
1750770335.004935,0,0,212835,830635,140
1750770335.20224,0,0,203550,788185,215
1750770335.406003,0,0,208340,796930,210
1750770335.608928,0,0,193585,758865,140
1750770335.804656,0,0,210085,827200,170
1750770336.010905,0,0,213845,830825,170
1750770336.20685,0,0,213490,815220,140
1750770336.40836,0,0,215660,827220,115
1750770336.610624,0,0,177630,701015,145
1750770336.806259,0,0,56715,217935,205
1750770337.005926,0,0,102415,406525,235
1750770337.215156,0,0,161400,622530,150
1750770337.417967,0,0,195570,756855,165
1750770337.619572,0,0,208700,818775,145
1750770337.81765,0,0,218265,859005,160
1750770338.019465,0,0,208960,813565,175
1750770338.230481,0,0,209460,814315,155
1750770338.423138,0,0,202395,786330,150
1750770338.62633,0,0,199690,793925,180
1750770338.823596,0,0,193890,775715,200
1750770339.021931,0,0,202415,797300,230
1750770339.225918,0,0,211150,815075,165
1750770339.426544,0,0,206730,792490,110
1750770339.627351,0,0,207325,811575,110
1750770339.825972,0,0,212390,836585,165
1750770340.027304,0,0,199775,784640,155
1750770340.235633,0,0,212955,818800,170
1750770340.441859,0,0,223695,854205,150
1750770340.638039,0,0,212315,833035,100
1750770340.840061,0,0,209675,833770,165
1750770341.041861,0,0,210130,822255,155
1750770341.244173,0,0,194405,754900,210
1750770341.442908,0,0,202675,778705,115
1750770341.654357,0,0,203810,804585,155
1750770341.850503,0,0,198550,775420,145
1750770342.054433,0,0,201015,786465,165
1750770342.259035,0,0,214275,814480,95
1750770342.471977,0,0,220615,827750,165
1750770342.656734,0,0,214110,823815,145
1750770342.861243,0,0,195160,767695,190
1750770343.066639,0,0,214385,826050,100
1750770343.262674,0,0,209160,809045,190
1750770343.467921,0,0,223925,850295,140
1750770343.668269,0,0,211955,828930,260
1750770343.867393,0,0,213265,819730,160
1750770344.064456,0,0,206825,787425,160
1750770344.267411,0,0,215215,817740,200
1750770344.474856,0,0,218065,830335,130
1750770344.870797,0,0,217795,847175,165
1750770345.067781,0,0,220410,856820,205
1750770345.273766,0,0,220215,852705,210
1750770345.469218,0,0,222060,857105,115
1750770345.674819,0,0,214220,834135,170
1750770345.876604,0,0,216485,844830,130
1750770346.075541,0,0,211295,818615,170
1750770346.277714,0,0,209260,813855,200
1750770346.475187,0,0,208835,800145,190
1750770346.678128,0,0,201280,789305,130
1750770346.883698,0,0,172055,678320,125
1750770347.076695,0,0,205765,801405,155
1750770347.281132,0,0,189555,735775,200
1750770347.480702,0,0,201765,787560,165
1750770347.682041,0,0,196320,775140,190
1750770347.883753,0,0,204455,807050,125
1750770348.089952,0,0,205415,808490,185
1750770348.287071,0,0,212750,830085,160
1750770348.489236,0,0,209300,813890,125
1750770348.687584,0,0,146750,587340,170
1750770348.88949,0,0,168790,674140,190
1750770349.091204,0,0,197475,780775,170
1750770349.292044,0,0,134145,525500,205
1750770349.496859,0,0,231120,897155,195
1750770349.695968,0,0,217545,871410,160
1750770349.896947,0,0,231040,918170,175
1750770350.095928,0,0,209720,820205,155
1750770350.303196,0,0,243715,941795,155
1750770350.505436,0,0,204975,800355,150
1750770350.705208,0,0,209090,820155,220
1750770350.907295,0,0,205895,806785,180
1750770351.102415,0,0,208145,819335,135
1750770351.305411,0,0,206860,787925,240
1750770351.507071,0,0,209135,804735,220
1750770351.712061,0,0,206800,812675,150
1750770351.908836,0,0,206640,817705,195
1750770352.108,0,0,204985,802815,140
1750770352.312595,0,0,214350,822345,150
1750770352.513016,0,0,216900,833940,150
1750770352.714064,0,0,211295,830925,160
1750770352.920986,0,0,200680,791730,150
1750770353.11993,0,0,209825,809065,120
1750770353.31727,0,0,211245,803255,205
1750770353.519921,0,0,208260,814230,210
1750770353.7192,0,0,212725,834415,160
1750770353.92408,0,0,209430,819830,200
1750770354.123189,0,0,211665,825670,125
1750770354.318196,0,0,210640,811300,145
1750770354.522877,0,0,214005,830715,120
1750770354.724027,0,0,206785,810210,170
1750770354.922932,0,0,208400,817225,145
1750770355.126166,0,0,208050,816360,135
1750770355.326703,0,0,216945,833235,195
1750770355.53414,0,0,209205,815810,145
1750770355.727599,0,0,204290,808450,120
1750770355.927712,0,0,204240,804095,215
1750770356.130047,0,0,211800,815675,145
1750770356.334828,0,0,212825,812750,200
1750770356.534575,0,0,214230,826170,135
1750770356.737838,0,0,207680,820970,200
1750770356.934277,0,0,202890,802380,205
1750770357.134064,0,0,210665,821120,140
1750770357.336873,0,0,205480,796775,150
1750770357.535749,0,0,209755,817035,215
1750770357.736401,0,0,206155,809630,150
1750770357.942001,0,0,207280,820820,130
1750770358.141162,0,0,204715,800625,140
1750770358.344438,0,0,212380,829830,170
1750770358.543682,0,0,213970,818405,165
1750770358.746659,0,0,208300,822900,110
1750770358.946833,0,0,215730,828345,145
1750770359.146918,0,0,202830,782795,175
1750770359.348393,0,0,205485,781320,225
1750770359.549267,0,0,206090,793135,105
1750770359.747757,0,0,204660,792675,150
1750770359.951668,0,0,201805,782605,155
1750770360.151546,0,0,200250,769415,145
1750770360.353375,0,0,198945,760240,170
1750770360.558273,0,0,207175,779045,195
1750770360.759573,0,0,201205,775155,215
1750770360.958931,0,0,204390,796050,115
1750770361.157393,0,0,193045,739710,155
1750770361.359936,0,0,214955,806325,190
1750770361.562313,0,0,216690,819350,190
1750770361.76538,0,0,207050,792095,185
1750770361.961522,0,0,210455,809020,145
1750770362.161165,0,0,214160,817595,170
1750770362.364542,0,0,225095,851535,190
1750770362.571612,0,0,218475,824405,115
1750770362.766497,0,0,202960,777100,205
1750770363.16659,0,0,213615,823670,175
1750770363.365927,0,0,206050,780815,165
1750770363.566399,0,0,199325,751215,205
1750770363.768117,0,0,206890,782985,230
1750770363.96797,0,0,207900,799860,175
1750770364.174756,0,0,211715,808925,215
1750770364.37137,0,0,201595,768680,150
1750770364.574202,0,0,211975,797025,170
1750770364.772028,0,0,212275,819490,155
1750770364.974126,0,0,204675,795745,140
1750770365.173577,0,0,219375,843790,125
1750770365.377325,0,0,222965,844495,135
1750770365.577212,0,0,229050,869140,155
1750770365.778816,0,0,211425,825865,165
1750770365.97684,0,0,210065,807575,140
1750770366.179846,0,0,210290,809770,180
1750770366.380978,0,0,214450,811765,175
1750770366.586422,0,0,218575,827885,225
1750770366.78218,0,0,215660,829005,170
1750770366.985385,0,0,209720,810360,160
1750770367.18561,0,0,216715,842105,165
1750770367.384561,0,0,212265,802225,215
1750770367.588036,0,0,214030,793755,155
1750770367.791083,0,0,212005,808720,125
1750770367.989664,0,0,214355,819840,190
1750770368.188613,0,0,212605,813655,130
1750770368.391997,0,0,221850,838080,285
1750770368.596085,0,0,232285,870195,165
1750770368.794019,0,0,225300,877125,225
1750770368.995664,0,0,235765,922670,170
1750770369.199309,0,0,226085,873935,165
1750770369.395848,0,0,209370,789795,165
1750770369.596456,0,0,222345,858000,165
1750770369.800117,0,0,255540,1003205,105
1750770370.000951,0,0,219910,862285,160
1750770370.200097,0,0,214635,836235,115
1750770370.404614,0,0,220220,846595,165
1750770370.602066,0,0,216895,851145,170
1750770370.802211,0,0,191285,762360,175
1750770371.000481,0,0,212435,839020,150
1750770371.204148,0,0,212070,836305,150
1750770371.403072,0,0,219635,850905,130
1750770371.60571,0,0,216510,854690,85
1750770371.805454,0,0,207395,818205,175
1750770372.004957,0,0,211025,830545,195
1750770372.206576,0,0,208010,821260,190
1750770372.410084,0,0,222585,853435,185
1750770372.61242,0,0,217670,838690,165
1750770372.809567,0,0,213080,831550,210
1750770373.012046,0,0,200450,787635,175
1750770373.211251,0,0,191645,750915,185
1750770373.413182,0,0,214345,819245,180
1750770373.617693,0,0,210680,838280,185
1750770373.817832,0,0,219915,865975,155
1750770374.016068,0,0,212010,840600,225
1750770374.215983,0,0,206750,808415,150
1750770374.419143,0,0,223305,824460,150
1750770374.621093,0,0,217465,818595,170
1750770374.820198,0,0,216135,823005,165
1750770375.023745,0,0,221220,840070,155
1750770375.2221,0,0,216040,828045,135
1750770375.421326,0,0,217890,832985,115
1750770375.624416,0,0,217095,846000,195
1750770375.82812,0,0,217375,850050,170
1750770376.028484,0,0,211640,815160,200
1750770376.227985,0,0,212570,815500,165
1750770376.429458,0,0,213890,804300,205
1750770376.628274,0,0,200215,763250,195
1750770376.829643,0,0,204905,793625,185
1750770377.030037,0,0,217455,830885,185
1750770377.23433,0,0,218610,829775,145
1750770377.437707,0,0,223135,828315,155
1750770377.631417,0,0,217190,831830,125
1750770377.833906,0,0,209285,807730,150
1750770378.035616,0,0,214155,820640,200
1750770378.235724,0,0,209780,793030,210
1750770378.443224,0,0,221105,832190,155
1750770378.640544,0,0,224560,858240,170
1750770378.849974,0,0,213335,835665,145
1750770379.048945,0,0,216900,833310,160
1750770379.249746,0,0,217275,827380,185
1750770379.450642,0,0,227010,849655,155
1750770379.649784,0,0,214860,814440,165
1750770379.858907,0,0,204250,789395,150
1750770380.060182,0,0,210350,804150,200
1750770380.253573,0,0,219250,832830,140
1750770380.458806,0,0,221360,835575,205
1750770380.659035,0,0,220975,840885,200
1750770380.859553,0,0,216805,826655,150
1750770381.262005,0,0,222170,852690,115
1750770381.463003,0,0,229390,861400,175
1750770381.662042,0,0,222920,845765,140
1750770381.861594,0,0,213955,834395,180
1750770381.861594,0,0,213955,834395,180
1750770382.067775,0,0,225440,878915,135
1750770382.469898,0,0,234785,879410,140
1750770382.669091,0,0,227645,875460,160
1750770382.872484,0,0,222905,869695,210
1750770383.073356,0,0,227020,882260,130
1750770383.271098,0,0,226645,879510,185
1750770383.482921,0,0,229950,873765,165
1750770383.67924,0,0,229655,870330,205
1750770383.875507,0,0,222265,859875,215
1750770384.077125,0,0,220205,866280,170
1750770384.278459,0,0,224045,871055,170
1750770384.480768,0,0,222465,843740,160
1750770384.683841,0,0,219225,838380,150
1750770384.876392,0,0,219930,843790,185
1750770385.083338,0,0,216090,824890,165
1750770385.281658,0,0,215540,822415,120
1750770385.491215,0,0,218925,828200,175
1750770385.690696,0,0,212360,816265,225
1750770385.887285,0,0,208200,803215,215
1750770386.108391,0,0,212835,816450,175
1750770386.30985,0,0,220820,838600,180
1750770386.516384,0,0,223610,838870,195
1750770386.698895,0,0,224920,852370,145
1750770386.906341,0,0,224015,864325,165
1750770387.103824,0,0,291330,1124135,200
1750770387.296728,0,0,149015,580265,80
1750770387.502002,0,0,245960,921060,195
1750770387.701766,0,0,233680,874935,180
1750770387.899087,0,0,246085,940605,210
1750770388.133462,0,0,260280,979330,180
1750770388.319473,0,0,228415,862985,175
1750770388.512465,0,0,230170,857495,225
1750770388.7185,0,0,219055,843380,240
1750770388.910872,0,0,206155,809675,105
1750770389.114853,0,0,204430,779965,175
1750770389.335144,0,0,211060,806485,230
1750770389.516657,0,0,216530,834285,175
1750770389.7508,0,0,204965,797900,155
1750770389.921343,0,0,201930,794815,125
1750770390.121825,0,0,198000,776560,170
1750770390.324151,0,0,203715,783695,230
1750770390.527821,0,0,213575,798495,175
1750770390.731054,0,0,196300,759750,230
1750770390.927943,0,0,204280,808995,200
1750770391.128376,0,0,213510,839790,150
1750770391.34297,0,0,209500,812365,215
1750770391.560387,0,0,217965,819905,205
1750770391.7509,0,0,202160,781655,140
1750770391.940427,0,0,217500,856070,175
1750770392.136652,0,0,208410,814730,175
1750770392.34756,0,0,208020,810160,210
1750770392.541574,0,0,219945,830895,150
1750770392.74439,0,0,214430,828335,230
1750770392.967792,0,0,212265,844085,175
1750770393.156207,0,0,210955,823855,190
1750770393.361109,0,0,211920,819215,170
1750770393.563238,0,0,205595,784330,180
1750770393.786255,0,0,202680,797715,165
1750770393.977407,0,0,203090,794165,230
1750770394.172785,0,0,206830,800980,130
1750770394.369375,0,0,211385,827705,210
1750770394.574046,0,0,217025,833185,165
1750770394.776824,0,0,215235,833120,175
1750770394.974004,0,0,211340,832060,210
1750770395.18655,0,0,207150,816615,165
1750770395.384405,0,0,203565,799910,155
1750770395.580861,0,0,212430,805800,165
1750770395.783788,0,0,208020,818835,150
1750770395.985003,0,0,211930,840745,160
1750770396.182911,0,0,214430,835165,165
1750770396.389299,0,0,212270,825600,200
1750770396.584102,0,0,213735,826040,145
1750770396.785097,0,0,216810,838915,185
1750770396.992416,0,0,214235,858730,165
1750770397.188108,0,0,216230,853030,180
1750770397.385123,0,0,208135,807605,190
1750770397.590763,0,0,220300,837905,165
1750770397.786083,0,0,210785,819790,120
1750770397.988839,0,0,205105,814965,170
1750770398.192757,0,0,212570,827770,195
1750770398.38919,0,0,221555,847140,125
1750770398.594728,0,0,215995,812615,240
1750770398.794898,0,0,212840,817080,160
1750770398.998458,0,0,209635,814175,120
1750770399.192522,0,0,206310,800225,175
1750770399.395449,0,0,212625,808670,170
1750770399.598012,0,0,221825,832025,215
1750770399.798994,0,0,241160,920935,200
1750770400.006049,0,0,255615,990070,250
1750770400.202914,0,0,233150,900670,190
1750770400.403233,0,0,224880,853000,170
1750770400.604894,0,0,216110,816295,130
1750770400.803879,0,0,216230,837625,210
1750770401.005715,0,0,211110,811400,190
1750770401.215789,0,0,216610,831770,150
1750770401.409571,0,0,220460,822345,190
1750770401.607003,0,0,208655,791090,195
1750770401.816392,0,0,214855,832900,160
1750770402.014525,0,0,212445,819940,155
1750770402.21738,0,0,221400,844150,200
1750770402.419677,0,0,222425,838245,160
1750770402.616105,0,0,221945,844800,230
1750770402.816858,0,0,208155,801460,170
1750770403.025248,0,0,212730,822630,255
1750770403.22593,0,0,209545,798240,155
1750770403.419502,0,0,207380,786220,195
1750770403.630691,0,0,215390,818200,175
1750770404.023102,0,0,211320,831480,195
1750770404.023102,0,0,211320,831480,195
1750770404.442295,0,0,223730,844905,190
1750770404.627733,0,0,219000,830590,165
1750770404.83115,0,0,206040,806030,175
1750770405.029617,0,0,200675,788600,215
1750770405.22907,0,0,205380,799305,180
1750770405.428974,0,0,205580,794210,155
1750770405.635428,0,0,205890,782840,140
1750770405.83256,0,0,207170,806775,145
1750770406.033061,0,0,209055,801795,165
1750770406.236274,0,0,204890,792395,200
1750770406.436722,0,0,214460,797635,150
1750770406.635191,0,0,216615,815775,145
1750770406.836653,0,0,215745,830145,180
1750770407.034899,0,0,216045,835990,185
1750770407.238792,0,0,219515,837460,165
1750770407.438059,0,0,224350,843065,180
1750770407.645387,0,0,224630,847705,175
1750770407.844252,0,0,218120,848630,230
1750770408.039867,0,0,216155,836560,120
1750770408.242504,0,0,219725,853830,190
1750770408.443272,0,0,229285,870110,180
1750770408.643528,0,0,220495,839525,190
1750770408.849367,0,0,217875,835415,160
1750770409.044871,0,0,211355,812965,225
1750770409.246985,0,0,209335,803950,190
1750770409.448786,0,0,215280,798625,185
1750770409.652697,0,0,210270,778425,175
1750770409.849975,0,0,204860,788190,130
1750770410.054099,0,0,198885,754745,190
1750770410.250292,0,0,198870,757870,155
1750770410.452796,0,0,195465,736040,175
1750770410.655093,0,0,199270,750145,95
1750770410.845378,0,0,104845,398010,170
1750770411.051045,0,0,127380,497880,150
1750770411.255869,0,0,180630,704720,205
1750770411.453283,0,0,197085,756590,145
1750770411.655604,0,0,210905,809735,210
1750770411.857873,0,0,210730,816655,235
1750770412.062786,0,0,214605,825165,150
1750770412.26136,0,0,220160,839855,200
1750770412.46364,0,0,216885,820980,205
1750770412.669986,0,0,222805,827400,170
1750770412.868361,0,0,209890,800320,190
1750770413.06894,0,0,212845,824440,175
1750770413.265696,0,0,213410,810345,175
1750770413.468393,0,0,210140,798250,160
1750770413.671666,0,0,226500,849565,140
1750770413.882991,0,0,221515,844685,165
1750770414.0735,0,0,215285,834905,185
1750770414.27711,0,0,205685,793470,175
1750770414.463087,0,0,43020,150465,195
1750770414.66616,0,0,88330,330845,205
1750770414.866249,0,0,40530,147460,155
1750770415.075493,0,0,114910,448860,140
1750770415.274326,0,0,148065,567530,220
1750770415.478518,0,0,208265,785355,170
1750770415.68034,0,0,215435,811380,190
1750770415.881725,0,0,210465,815760,165
1750770416.080588,0,0,212505,825400,170
1750770416.291507,0,0,210045,808145,205
1750770416.484094,0,0,211400,795160,145
1750770416.686212,0,0,203725,775115,195
1750770416.885237,0,0,202515,780065,145
1750770417.088528,0,0,207385,808370,180
1750770417.289289,0,0,192880,753410,150
1750770417.489085,0,0,160660,617690,190
1750770417.684183,0,0,80880,297130,170
1750770417.888737,0,0,160820,611975,215
1750770418.091618,0,0,195190,754190,135
1750770418.295242,0,0,206675,794970,145
1750770418.532607,0,0,272005,1022230,275
1750770418.726798,0,0,228325,859365,200
1750770418.930789,0,0,208140,796575,145
1750770419.134968,0,0,209440,806960,150
1750770419.33383,0,0,202550,767090,170
1750770419.53202,0,0,201330,748605,195
1750770419.733664,0,0,204305,769615,195
1750770419.937264,0,0,209465,798310,160
1750770420.136726,0,0,211685,817630,150
1750770420.33828,0,0,211760,820600,180
1750770420.537639,0,0,216560,807190,180
1750770420.740019,0,0,217995,829145,160
1750770420.944098,0,0,218005,847570,170
1750770421.141061,0,0,225705,860835,120
1750770421.344776,0,0,229305,868265,160
1750770421.543618,0,0,224100,825495,165
1750770421.753653,0,0,208060,792295,205
1750770421.942809,0,0,190890,728870,230
1750770422.147478,0,0,208725,802685,220
1750770422.347963,0,0,214035,808485,180
1750770422.551818,0,0,214055,800490,160
1750770422.754546,0,0,215825,819010,165
1750770422.956133,0,0,211025,817650,170
1750770423.158904,0,0,199675,758270,180
1750770423.355501,0,0,200855,761985,205
1750770423.560114,0,0,214415,811800,175
1750770423.760903,0,0,208185,789730,185
1750770423.959204,0,0,202955,783895,175
1750770424.354855,0,0,214570,808600,145
1750770424.354855,0,0,214570,808600,145
1750770424.560142,0,0,211570,786330,200
1750770424.763129,0,0,208800,782385,145
1750770424.962195,0,0,205020,786100,215
1750770425.161928,0,0,190065,734070,165
1750770425.366915,0,0,203620,779590,130
1750770425.764645,0,0,208365,782770,195
1750770425.966525,0,0,214725,829335,165
1750770426.164129,0,0,209855,809595,175
1750770426.365983,0,0,200835,770055,150
1750770426.566219,0,0,206645,774680,170
1750770426.771218,0,0,212820,807280,135
1750770426.971111,0,0,209525,816115,135
1750770427.173858,0,0,211300,827220,170
1750770427.373967,0,0,223880,858260,215
1750770427.575303,0,0,201605,763080,205
1750770427.773869,0,0,207980,784430,150
1750770427.979787,0,0,212960,832335,160
1750770428.17883,0,0,218335,844790,165
1750770428.378731,0,0,217375,838305,230
1750770428.58179,0,0,233030,872495,200
1750770428.781529,0,0,223085,842500,160
1750770428.979001,0,0,194720,738650,155
1750770429.179862,0,0,197350,753195,200
1750770429.38457,0,0,203615,767265,160
1750770429.584483,0,0,185380,691395,170
1750770429.78342,0,0,202370,766010,195
1750770429.98774,0,0,205960,785825,165
1750770430.187232,0,0,213945,825175,185
1750770430.389524,0,0,201775,768530,120
1750770430.593104,0,0,214880,803330,185
1750770430.788581,0,0,215755,818455,170
1750770430.989794,0,0,208355,812310,190
1750770431.191221,0,0,208740,810085,185
1750770431.391457,0,0,190275,719095,170
1750770431.589325,0,0,166225,622530,245
1750770431.794911,0,0,197935,742210,140
1750770431.995338,0,0,187435,727480,160
1750770432.199034,0,0,211135,806320,320
1750770432.400702,0,0,228205,857585,245
1750770432.6043,0,0,227045,842845,160
1750770432.800947,0,0,235890,902845,195
1750770433.002129,0,0,213845,835755,160
1750770433.204016,0,0,218550,845750,215
1750770433.408616,0,0,214020,826310,205
1750770433.609098,0,0,222695,835470,205
1750770433.811694,0,0,222990,846920,145
1750770434.009195,0,0,219825,843940,140
1750770434.211136,0,0,211445,811070,180
1750770434.41125,0,0,216120,829770,180
1750770434.617044,0,0,219140,822445,180
1750770434.812499,0,0,228620,866460,190
1750770435.016121,0,0,215555,840215,140
1750770435.219517,0,0,211730,813905,135
1750770435.432946,0,0,225085,849090,185
1750770435.617174,0,0,219390,818520,165
1750770435.816277,0,0,205775,779835,190
1750770436.016927,0,0,189500,723570,160
1750770436.222942,0,0,191940,736475,185
1750770436.423763,0,0,208950,791515,95
1750770436.626987,0,0,221580,824950,155
1750770436.82366,0,0,198780,754250,175
1750770437.025124,0,0,219820,840785,220
1750770437.227287,0,0,224180,857960,215
1750770437.433027,0,0,225025,850395,170
1750770437.629501,0,0,218910,817185,135
1750770437.83196,0,0,210340,809100,185
1750770438.034909,0,0,209985,816835,180
1750770438.233503,0,0,216895,842520,185
1750770438.438919,0,0,218925,831235,215
1750770438.638585,0,0,225905,837205,180
1750770438.841383,0,0,212130,801760,200
1750770439.041106,0,0,211010,817700,135
1750770439.240876,0,0,217055,834380,170
1750770439.438238,0,0,203365,780420,170
1750770439.635082,0,0,193845,722925,150
1750770439.841899,0,0,192260,733085,185
1750770440.045386,0,0,200675,768305,210
1750770440.245615,0,0,200710,770735,210
1750770440.44391,0,0,212665,812950,160
1750770440.644778,0,0,221505,835460,175
1750770440.843247,0,0,215140,824605,175
1750770441.048766,0,0,216530,824480,135
1750770441.254093,0,0,211390,808680,170
1750770441.449664,0,0,212445,801430,215
1750770441.65264,0,0,217675,820255,145
1750770441.877867,0,0,218095,838305,125
1750770442.05739,0,0,222030,861340,210
1750770442.256209,0,0,215005,827255,120
1750770442.458582,0,0,217005,818995,230
1750770442.659029,0,0,222095,833650,165
1750770442.860721,0,0,210005,798985,180
1750770443.059388,0,0,209915,813840,170
1750770443.262752,0,0,205425,798020,190
1750770443.469434,0,0,198395,752800,165
1750770443.863541,0,0,205395,777770,175
1750770444.066032,0,0,201725,775240,220
1750770444.265871,0,0,205735,799000,130
1750770444.46876,0,0,212580,819755,205
1750770444.667065,0,0,214955,798975,160
1750770444.872152,0,0,203995,774245,180
1750770445.068548,0,0,196875,764705,230
1750770445.270634,0,0,207025,792735,185
1750770445.474103,0,0,214510,822750,200
1750770445.673389,0,0,221940,823970,160
1750770445.876197,0,0,211105,802185,185
1750770446.080231,0,0,206835,800930,170
1750770446.278723,0,0,208410,796915,155
1750770446.473518,0,0,195655,735840,185
1750770446.676151,0,0,212030,782765,230
1750770446.877735,0,0,213125,812480,170
1750770447.079674,0,0,205590,790415,245
1750770447.282987,0,0,206995,779915,120
1750770447.48218,0,0,210205,788940,185
1750770447.682732,0,0,216735,792290,145
1750770447.884599,0,0,210110,790290,160
1750770448.083327,0,0,207950,791815,175
1750770448.285121,0,0,205935,785205,195
1750770448.488814,0,0,204005,776095,165
1750770448.687946,0,0,212675,794485,165
1750770448.888706,0,0,210495,784410,115
1750770449.089566,0,0,208985,803720,155
1750770449.291107,0,0,209015,790670,260
1750770449.491066,0,0,207825,780245,190
1750770449.693354,0,0,219860,805780,135
1750770449.892045,0,0,218025,814370,140
1750770450.094996,0,0,213285,815990,190
1750770450.294381,0,0,210460,797295,185
1750770450.498156,0,0,226725,851750,185
1750770450.700154,0,0,236055,869450,215
1750770450.90814,0,0,276610,1049670,215
1750770451.098585,0,0,207125,796365,150
1750770451.301627,0,0,221970,842920,240
1750770451.501986,0,0,230780,854440,205
1750770451.706338,0,0,217935,811320,210
1750770451.904302,0,0,208765,801415,220
1750770452.109298,0,0,205490,792415,195
1750770452.307636,0,0,207915,793705,165
1750770452.507083,0,0,214825,806415,230
1750770452.707328,0,0,202680,760815,165
1750770452.908288,0,0,194490,740715,165
1750770453.112642,0,0,207290,795545,185
1750770453.312882,0,0,208910,801325,160
1750770453.51509,0,0,214400,806900,170
1750770453.712538,0,0,212535,788435,205
1750770453.913429,0,0,210600,802670,205
1750770454.115425,0,0,209545,812985,170
1750770454.316551,0,0,209375,808225,175
1750770454.516014,0,0,215765,805565,140
1750770454.718685,0,0,215775,812860,215
1750770454.919497,0,0,217155,827525,160
1750770455.120944,0,0,217170,834880,170
1750770455.319124,0,0,217000,830775,135
1750770455.522103,0,0,211865,803940,130
1750770455.721457,0,0,217500,805070,130
1750770455.924043,0,0,207940,794270,195
1750770456.124281,0,0,209460,805670,190
1750770456.325778,0,0,212210,817035,215
1750770456.52875,0,0,218880,824575,155
1750770456.727639,0,0,214170,802225,155
1750770456.927484,0,0,203030,778245,220
1750770457.13542,0,0,198820,775700,210
1750770457.333011,0,0,203635,783260,130
1750770457.535977,0,0,210170,797000,155
1750770457.73958,0,0,217270,810790,175
1750770457.941309,0,0,211765,818705,225
1750770458.140347,0,0,211980,819180,150
1750770458.347915,0,0,216450,826360,180
1750770458.551221,0,0,219010,834255,185
1750770458.752811,0,0,205270,763725,200
1750770458.952812,0,0,188880,734010,180
1750770459.153557,0,0,198345,763290,180
1750770459.35568,0,0,202680,782295,205
1750770459.559899,0,0,211335,795875,115
1750770459.761154,0,0,208630,772700,165
1750770459.964103,0,0,201455,781070,200
1750770460.16194,0,0,213035,835355,140
1750770460.366262,0,0,213975,818995,180
1750770460.760729,0,0,209310,778115,220
1750770460.760729,0,0,209310,778115,220
1750770461.162959,0,0,204050,798195,155
1750770461.363084,0,0,211275,810660,150
1750770461.565741,0,0,220330,842175,170
1750770461.765926,0,0,216720,819940,185
1750770461.765926,0,0,216720,819940,185
1750770462.171519,0,0,198960,789155,140
1750770462.171519,0,0,198960,789155,140
1750770462.571454,0,0,219600,834895,185
1750770462.776727,0,0,214365,815535,180
1750770462.975097,0,0,207795,806720,190
1750770463.177637,0,0,206860,813155,220
1750770463.3749,0,0,209570,797575,180
1750770463.581429,0,0,211590,799830,210
1750770463.779631,0,0,216470,802925,230
1750770463.97731,0,0,206840,781810,225
1750770464.179284,0,0,200895,784155,130
1750770464.380434,0,0,205225,800710,160
1750770464.583986,0,0,228025,864585,200
1750770464.785088,0,0,228850,841595,225
1750770464.988836,0,0,226635,867865,155
1750770465.187587,0,0,210865,814095,195
1750770465.385944,0,0,204195,794935,200
1750770465.588638,0,0,213730,810670,145
1750770465.789649,0,0,214230,804620,160
1750770465.988563,0,0,201780,777010,245
1750770466.190075,0,0,194425,766620,150
1750770466.421258,0,0,188975,741300,175
1750770466.594799,0,0,204955,788015,210
1750770466.79297,0,0,214490,807370,225
1750770466.992384,0,0,209100,810995,145
1750770467.195977,0,0,214990,828425,190
1750770467.395684,0,0,215355,833570,220
1750770467.596714,0,0,219345,848760,105
1750770467.799404,0,0,251265,956285,260
1750770468.003403,0,0,246430,966720,190
1750770468.199063,0,0,222770,872925,190
1750770468.401992,0,0,235370,902715,230
1750770468.60445,0,0,252605,945140,225
1750770468.806238,0,0,234215,882960,230
1750770469.005704,0,0,219510,859605,165
1750770469.201837,0,0,210360,826325,160
1750770469.405438,0,0,207395,804095,140
1750770469.608917,0,0,220450,825430,185
1750770469.809684,0,0,217465,826010,135
1750770470.008353,0,0,208140,805785,165
1750770470.210421,0,0,215355,835480,155
1750770470.410188,0,0,211765,811375,175
1750770470.610004,0,0,211685,794820,200
1750770470.812379,0,0,209025,787670,175
1750770471.016123,0,0,201275,774530,155
1750770471.21301,0,0,188870,739555,180
1750770471.417359,0,0,205280,791350,240
1750770471.61617,0,0,218975,827540,165
1750770471.818114,0,0,216845,821630,215
1750770472.019991,0,0,215800,832555,175
1750770472.221659,0,0,213070,826015,220
1750770472.423121,0,0,218130,831430,200
1750770472.622098,0,0,222635,828125,225
1750770472.822844,0,0,220130,819000,175
1750770473.024814,0,0,219425,850435,195
1750770473.224299,0,0,209430,800790,180
1750770473.426283,0,0,189105,725160,190
1750770473.627745,0,0,202315,755690,120
1750770473.830203,0,0,219210,828570,135
1750770474.02918,0,0,212985,808305,180
1750770474.232655,0,0,202710,777390,165
1750770474.436162,0,0,200365,770465,205
1750770474.632147,0,0,209155,787565,150
1750770474.830614,0,0,207305,776460,190
1750770475.029103,0,0,196895,762285,175
1750770475.234553,0,0,214035,822630,180
1750770475.43304,0,0,213195,822240,175
1750770475.637512,0,0,229935,859010,175
1750770475.835982,0,0,221655,836505,210
1750770476.034451,0,0,206780,795395,230
1750770476.236909,0,0,207215,791380,120
1750770476.43837,0,0,211130,803945,240
1750770476.637837,0,0,213150,800760,180
1750770476.841293,0,0,215395,805315,145
1750770477.040759,0,0,207235,799930,160
1750770477.246209,0,0,214880,848825,200
1750770477.446674,0,0,230810,879625,205
1750770477.647137,0,0,215830,810430,130
1750770477.842851,0,0,202145,758275,165
1750770478.044128,0,0,206285,791020,180
1750770478.246586,0,0,206905,789810,155
1750770478.452036,0,0,212870,812750,150
1750770478.655492,0,0,217200,802235,190
1750770478.852425,0,0,214685,794935,165
1750770479.054882,0,0,204295,784440,140
1750770479.260839,0,0,210665,808110,235
1750770479.464295,0,0,211365,803750,200
1750770479.658774,0,0,174020,646775,185
1750770479.867746,0,0,201800,758595,190
1750770480.062281,0,0,206650,794285,240
1750770480.261754,0,0,210025,813085,205
1750770480.661678,0,0,218585,824825,200
1750770480.661678,0,0,218585,824825,200
1750770481.066595,0,0,219060,837935,145
1750770481.266545,0,0,212740,826390,175
1750770481.467715,0,0,208380,786445,195
1750770481.668858,0,0,218770,806770,235
1750770481.871957,0,0,207810,774110,190
1750770482.073757,0,0,204605,787780,180
1750770482.272219,0,0,198305,769520,140
1750770482.475963,0,0,213380,823335,125
1750770482.677763,0,0,220485,829095,180
1750770482.875147,0,0,216970,806770,190
1750770483.077913,0,0,211315,806920,160
1750770483.280913,0,0,199450,767135,150
1750770483.480658,0,0,208145,795960,140
1750770483.683344,0,0,205185,774310,155
1750770483.883578,0,0,213255,793880,190
1750770484.08526,0,0,209915,810760,180
1750770484.28453,0,0,214460,834535,150
1750770484.48458,0,0,214480,826455,210
1750770484.691386,0,0,224815,845665,190
1750770484.887942,0,0,222105,817630,185
1750770485.090798,0,0,216565,817030,175
1750770485.290226,0,0,202775,789010,160
1750770485.493347,0,0,219560,845405,170
1750770485.696724,0,0,229910,860885,170
1750770485.896431,0,0,230040,863810,190
1750770486.09961,0,0,223490,867335,140
1750770486.302291,0,0,248845,967325,245
1750770486.497907,0,0,233535,899665,195
1750770486.698117,0,0,233750,862575,175
1750770486.904864,0,0,243795,928795,160
1750770487.101954,0,0,239175,927865,180
1750770487.30392,0,0,211155,821175,210
1750770487.503817,0,0,217975,844520,180
1750770487.703869,0,0,223000,829640,190
1750770487.906514,0,0,208845,814300,170
1750770488.105534,0,0,207515,828560,155
1750770488.310074,0,0,210475,826775,210
1750770488.510265,0,0,207175,797515,175
1750770488.7101,0,0,225860,836040,155
1750770488.912525,0,0,221265,841860,165
1750770489.111069,0,0,208350,800030,175
1750770489.313239,0,0,214715,821355,160
1750770489.512981,0,0,213200,814220,200
1750770489.716616,0,0,219820,811910,190
1750770489.914625,0,0,220860,837265,245
1750770490.116482,0,0,215710,833245,190
1750770490.318473,0,0,217220,833625,145
1750770490.520466,0,0,229845,871955,235
1750770490.719422,0,0,228875,843470,165
1750770490.923994,0,0,222580,838075,175
1750770491.126364,0,0,219535,831255,200
1750770491.322933,0,0,215925,829975,170
1750770491.527643,0,0,218515,841550,150
1750770491.726353,0,0,231465,853725,235
1750770491.927185,0,0,224035,837855,170
1750770492.132765,0,0,206940,808185,195
1750770492.326851,0,0,217150,831265,115
1750770492.528437,0,0,198375,746655,180
1750770492.730874,0,0,217540,815450,160
1750770492.933668,0,0,221355,841775,160
1750770493.133799,0,0,208505,795610,135
1750770493.331186,0,0,213750,820445,190
1750770493.534379,0,0,214800,826805,160
1750770493.735083,0,0,213750,789680,200
1750770493.935507,0,0,210270,785880,105
1750770494.137625,0,0,211310,813035,200
1750770494.337399,0,0,212770,811630,145
1750770494.540721,0,0,209895,792840,285
1750770494.738697,0,0,215495,798370,220
1750770494.940873,0,0,200120,754090,225
1750770495.139914,0,0,202180,787125,185
1750770495.342902,0,0,212250,822605,145
1750770495.543409,0,0,214115,821905,210
1750770495.756992,0,0,221970,820225,180
1750770495.94637,0,0,217655,822720,160
1750770496.14665,0,0,216850,848750,150
1750770496.347907,0,0,217500,831500,145
1750770496.547769,0,0,212365,816950,150
1750770496.74931,0,0,219195,813770,185
1750770496.954912,0,0,215110,810480,185
1750770497.15518,0,0,206545,802375,250
1750770497.356305,0,0,203960,792060,235
1750770497.573723,0,0,209800,807775,200
1750770497.760604,0,0,216620,805945,135
1750770497.96353,0,0,213055,794765,120
1750770498.164431,0,0,205565,801580,180
1750770498.367496,0,0,201325,778160,165
1750770498.569376,0,0,205715,782920,235
1750770498.768198,0,0,217655,799320,190
1750770498.967248,0,0,211335,808685,220
1750770499.178424,0,0,206730,804740,160
1750770499.378024,0,0,214650,826915,200
1750770499.573009,0,0,219960,849885,205
1750770499.779456,0,0,224600,835390,225
1750770499.980624,0,0,216585,807775,185
1750770500.180286,0,0,208555,797340,200
1750770500.385996,0,0,200700,778100,235
1750770500.58258,0,0,208845,793425,130
1750770500.784474,0,0,219855,809470,140
1750770500.991983,0,0,197425,740215,190
1750770501.188383,0,0,212005,820345,190
1750770501.389847,0,0,208470,805995,240
1750770501.821396,0,0,344110,1279140,285
1750770501.821396,0,0,344110,1279140,285
1750770502.017474,0,0,221315,844280,150
1750770502.218876,0,0,209255,807140,155
1750770502.418853,0,0,213270,832595,205
1750770502.617557,0,0,216030,806510,160
1750770502.823047,0,0,212770,788805,215
1750770503.018096,0,0,203675,767765,210
1750770503.22423,0,0,190630,746430,155
1750770503.618534,0,0,197255,756420,145
1750770503.819065,0,0,193390,738165,125
1750770504.020627,0,0,202390,775895,130
1750770504.020627,0,0,202390,775895,130
1750770504.422686,0,0,189245,723750,235
1750770504.422686,0,0,189245,723750,235
1750770504.825958,0,0,205975,761840,150
1750770505.028762,0,0,193310,747425,165
1750770505.228122,0,0,204885,821370,135
1750770505.430952,0,0,198400,787880,135
1750770505.630594,0,0,196635,757655,145
1750770505.840709,0,0,207825,796230,195
1750770506.034697,0,0,199680,782875,165
1750770506.233802,0,0,190940,771920,185
1750770506.435099,0,0,218730,851780,160
1750770506.636503,0,0,221655,829810,140
1750770506.838707,0,0,221755,811260,140
1750770507.038818,0,0,209650,802460,130
1750770507.243448,0,0,207135,812960,145
1750770507.442598,0,0,211700,816970,180
1750770507.643132,0,0,215345,815165,185
1750770507.847398,0,0,216295,809970,125
1750770508.042532,0,0,211355,832060,190
1750770508.242505,0,0,212835,843510,180
1750770508.44588,0,0,213515,838490,215
1750770508.64328,0,0,221305,855985,145
1750770508.846843,0,0,213210,811230,100
1750770509.047057,0,0,217830,854530,155
1750770509.247122,0,0,207090,828970,170
1750770509.451087,0,0,215305,854610,140
1750770509.650556,0,0,218585,855575,200
1750770509.849692,0,0,223300,853940,190
1750770510.052196,0,0,216900,849290,175
1750770510.254672,0,0,214025,848480,170
1750770510.452158,0,0,203510,799350,160
1750770510.653323,0,0,207710,799440,175
1750770510.853815,0,0,192905,736740,185
1750770511.049957,0,0,79450,308435,135
1750770511.252104,0,0,97405,382150,100
1750770511.455014,0,0,138540,556785,195
1750770511.661684,0,0,205015,799050,185
1750770511.860517,0,0,227765,866065,205
1750770512.063713,0,0,221660,842700,160
1750770512.265274,0,0,200835,767025,105
1750770512.465821,0,0,213335,831340,165
1750770512.665022,0,0,213080,825425,185
1750770512.867149,0,0,222465,827760,145
1750770513.069765,0,0,212955,808955,175
1750770513.27152,0,0,202485,770840,175
1750770513.470612,0,0,209910,800355,135
1750770513.669744,0,0,206065,783225,200
1750770513.87017,0,0,195915,720150,235
1750770514.07036,0,0,205340,775990,165
1750770514.272327,0,0,209795,809025,190
1750770514.480086,0,0,216915,831445,170
1750770514.675581,0,0,213895,822150,185
1750770514.876516,0,0,212680,796345,140
1750770515.078887,0,0,220260,839755,200
1750770515.277569,0,0,212300,820645,210
1750770515.478712,0,0,214865,826130,155
1750770515.6845,0,0,200020,764710,160
1750770515.881198,0,0,208665,775115,170
1750770516.081395,0,0,191730,732390,180
1750770516.283796,0,0,203215,792255,170
1750770516.48428,0,0,198575,763635,220
1750770516.686854,0,0,219825,830940,225
1750770516.885262,0,0,210155,782220,185
1750770517.089265,0,0,190465,718900,175
1750770517.287632,0,0,191060,739825,180
1750770517.488079,0,0,205720,797125,175
1750770517.691197,0,0,208775,789765,175
1750770517.89078,0,0,200275,741015,225
1750770518.093018,0,0,218760,832665,180
1750770518.296949,0,0,220850,858850,195
1750770518.493763,0,0,223340,858155,245
1750770518.695017,0,0,217870,822490,175
1750770518.894227,0,0,238085,876085,160
1750770519.096939,0,0,234400,876050,195
1750770519.298699,0,0,235430,896560,175
1750770519.500423,0,0,235955,914500,160
1750770519.700976,0,0,241155,907420,200
1750770519.902034,0,0,244810,918520,195
1750770520.106704,0,0,252290,964520,225
1750770520.305507,0,0,218210,850340,270
1750770520.508535,0,0,213085,814940,210
1750770520.710225,0,0,218275,809820,140
1750770520.903216,0,0,206130,769680,150
1750770521.103815,0,0,193660,742755,180
1750770521.305653,0,0,186725,730610,200
1750770521.504528,0,0,190960,730065,200
1750770521.715258,0,0,208585,773345,180
1750770521.911112,0,0,228540,856740,150
1750770522.112051,0,0,212125,816525,195
1750770522.318937,0,0,212615,833295,160
1750770522.715939,0,0,228880,850240,160
1750770522.915064,0,0,217435,818620,175
1750770522.915064,0,0,217435,818620,175
1750770523.317111,0,0,207865,815270,180
1750770523.519316,0,0,218920,848495,180
1750770523.720679,0,0,234365,876040,240
1750770523.920821,0,0,235830,875265,165
1750770524.122826,0,0,221295,851020,195
1750770524.322217,0,0,202820,792655,165
1750770524.527179,0,0,209305,812590,190
1750770524.724297,0,0,224625,842770,200
1750770524.927112,0,0,229810,850535,165
1750770525.129654,0,0,221655,849445,180
1750770525.329312,0,0,213670,834105,140
1750770525.527874,0,0,223005,857370,135
1750770525.730875,0,0,220090,828225,215
1750770525.932754,0,0,211320,786525,255
1750770526.132066,0,0,200295,774860,185
1750770526.332788,0,0,193730,754980,190
1750770526.531588,0,0,197310,773545,185
1750770526.735374,0,0,213565,805275,170
1750770526.939066,0,0,193750,718015,235
1750770527.136853,0,0,198090,754295,200
1750770527.337143,0,0,192825,749735,190
1750770527.536947,0,0,197285,774175,195
1750770527.74099,0,0,223610,846925,135
1750770527.939833,0,0,228940,843470,105
1750770528.147332,0,0,224775,851850,190
1750770528.340492,0,0,186050,723885,220
1750770528.543654,0,0,184465,710735,195
1750770528.743967,0,0,208740,773225,145
1750770528.93953,0,0,131825,484205,155
1750770529.145001,0,0,204405,775000,240
1750770529.345849,0,0,206650,787510,250
1750770529.546046,0,0,210340,799820,240
1750770529.74788,0,0,212440,794690,195
1750770529.950049,0,0,217025,809775,205
1750770530.15079,0,0,209195,794925,125
1750770530.353237,0,0,210710,811160,215
1750770530.552319,0,0,209070,799270,215
1750770530.758078,0,0,212525,799535,185
1750770530.954544,0,0,219915,804425,205
1750770531.157772,0,0,215415,824970,145
1750770531.356241,0,0,208840,806245,235
1750770531.555911,0,0,203145,777545,190
1750770531.758187,0,0,211365,795225,120
1750770531.962078,0,0,221955,823290,210
1750770532.161108,0,0,207660,789695,125
1750770532.361433,0,0,203765,807710,155
1750770532.562825,0,0,195615,762325,185
1750770532.764266,0,0,218995,822015,140
1750770532.967809,0,0,226040,837680,185
1750770533.169888,0,0,220845,841645,180
1750770533.370338,0,0,209140,812750,195
1750770533.567955,0,0,197270,753290,185
1750770533.768115,0,0,191780,713910,160
1750770533.972095,0,0,194175,722525,215
1750770534.172455,0,0,191445,733365,105
1750770534.37585,0,0,196665,760650,195
1750770534.577202,0,0,211180,818735,165
1750770534.774408,0,0,203355,750905,175
1750770534.974101,0,0,211325,777985,175
1750770535.176586,0,0,220960,837785,240
1750770535.379108,0,0,211430,820330,165
1750770535.580749,0,0,205760,788410,240
1750770535.782233,0,0,228050,860885,185
1750770535.98095,0,0,233420,856165,145
1750770536.180657,0,0,224165,855555,175
1750770536.380905,0,0,218860,843655,160
1750770536.584934,0,0,220610,842475,205
1750770536.786108,0,0,228775,852145,205
1750770536.984866,0,0,221495,818875,160
1750770537.183112,0,0,197800,752195,135
1750770537.384616,0,0,208415,807275,245
1750770537.589521,0,0,218020,832760,210
1750770537.793489,0,0,214275,802170,105
1750770537.989488,0,0,211980,786500,230
1750770538.189877,0,0,214345,824145,200
1750770538.389874,0,0,222565,881725,205
1750770538.5942,0,0,224890,878270,105
1750770538.798265,0,0,230060,868125,160
1750770539.000921,0,0,222340,825390,180
1750770539.203189,0,0,225995,880170,175
1750770539.408865,0,0,239490,955765,250
1750770539.609989,0,0,276220,1080160,250
1750770539.804672,0,0,217735,815220,200
1750770540.005712,0,0,207470,775125,130
1750770540.212876,0,0,203470,779070,185
1750770540.410093,0,0,198530,766155,200
1750770540.613381,0,0,193540,740435,165
1750770541.010739,0,0,201265,743775,170
1750770541.212457,0,0,195025,751840,190
1750770541.212457,0,0,195025,751840,190
1750770541.412666,0,0,204235,785735,130
1750770541.618704,0,0,207965,805910,215
1750770542.019079,0,0,216865,813700,130
1750770542.2188,0,0,213940,817200,170
1750770542.417439,0,0,212075,811005,230
1750770542.621037,0,0,216335,826495,165
1750770542.825071,0,0,223535,828500,185
1750770543.022748,0,0,226350,843555,150
1750770543.221096,0,0,220590,848025,210
1750770543.423965,0,0,217195,834855,165
1750770543.625728,0,0,223800,847955,145
1750770543.826396,0,0,229830,847415,190
1750770544.028759,0,0,215250,796810,185
1750770544.23086,0,0,217785,842285,145
1750770544.427565,0,0,213180,824715,175
1750770544.632222,0,0,221995,838680,155
1750770544.832672,0,0,223705,825900,155
1750770545.030837,0,0,224165,825400,195
1750770545.232553,0,0,223915,854570,175
1750770545.436837,0,0,222610,857055,230
1750770545.635147,0,0,219865,840105,245
1750770545.836095,0,0,226715,835790,170
1750770546.037759,0,0,223915,831840,155
1750770546.240113,0,0,214870,823585,230
1750770546.439616,0,0,217210,848980,175
1750770546.644066,0,0,227380,860260,250
1750770546.840725,0,0,230905,847555,205
1750770547.044971,0,0,218175,814180,185
1750770547.244129,0,0,212120,823275,215
1750770547.442711,0,0,198420,776175,135
1750770547.647696,0,0,209460,800795,145
1750770547.845226,0,0,223620,829025,190
1750770548.046283,0,0,226010,850020,175
1750770548.247737,0,0,215785,836315,115
1750770548.447975,0,0,203315,802035,130
1750770548.648413,0,0,217645,839970,140
1750770548.852939,0,0,224430,827565,225
1750770549.051754,0,0,224405,838745,140
1750770549.251651,0,0,208605,800330,230
1750770549.45632,0,0,215685,841875,195
1750770549.655951,0,0,225085,847820,225
1750770549.85371,0,0,200890,731855,165
1750770550.0532,0,0,181005,662585,145
1750770550.25603,0,0,186075,712800,205
1750770550.45701,0,0,188710,732380,135
1750770550.65966,0,0,198130,745090,145
1750770550.860476,0,0,225765,825080,145
1750770551.06069,0,0,224550,827455,215
1750770551.261007,0,0,206305,786690,180
1750770551.463096,0,0,208065,805255,155
1750770551.666818,0,0,221790,833940,180
1750770551.862117,0,0,224135,830340,205
1750770552.064576,0,0,226010,834045,160
1750770552.26507,0,0,219285,838220,245
1750770552.465158,0,0,221785,850550,180
1750770552.66936,0,0,219295,830320,145
1750770552.868669,0,0,227170,832265,165
1750770553.06739,0,0,230230,851270,240
1750770553.268073,0,0,214155,819410,200
1750770553.46854,0,0,192380,736045,180
1750770553.669207,0,0,212450,820545,160
1750770553.871779,0,0,225460,825380,150
1750770554.071013,0,0,204985,760350,170
1750770554.274829,0,0,198610,762430,155
1750770554.475014,0,0,201905,779420,170
1750770554.677561,0,0,207735,795070,215
1750770554.878061,0,0,212410,771350,195
1750770555.08696,0,0,205700,764570,155
1750770555.282037,0,0,203000,767855,180
1750770555.481523,0,0,206000,782085,175
1750770555.682027,0,0,188945,730880,170
1750770555.886641,0,0,211645,779465,225
1750770556.087488,0,0,224510,825710,155
1750770556.29083,0,0,218735,830255,150
1750770556.49229,0,0,211430,820925,185
1750770556.689126,0,0,187980,717710,160
1750770556.889182,0,0,194625,722140,155
1750770557.092399,0,0,210015,770090,160
1750770557.294161,0,0,202610,773150,195
1750770557.493688,0,0,201130,768505,175
1750770557.701126,0,0,212950,808955,180
1750770557.898062,0,0,228320,832330,180
1750770558.101457,0,0,245695,898645,125
1750770558.297837,0,0,228205,868735,170
1750770558.500292,0,0,233065,898885,220
1750770558.707976,0,0,262820,995845,185
1750770558.909747,0,0,239550,879460,245
1750770559.109294,0,0,240000,898710,220
1750770559.309388,0,0,224820,858005,145
1750770559.517098,0,0,252200,961585,170
1750770559.719893,0,0,222985,826610,165
1750770559.905436,0,0,210550,767120,135
1750770560.109801,0,0,212585,795795,175
1750770560.309094,0,0,211235,814965,190
1750770560.511833,0,0,224220,862850,200
1750770560.711692,0,0,232715,876495,205
1750770561.11408,0,0,233350,877705,205
1750770561.317231,0,0,230395,882500,210
1750770561.514475,0,0,234230,899625,155
1750770561.715936,0,0,233005,879885,215
1750770561.917397,0,0,243105,888900,165
1750770562.123949,0,0,229870,868915,175
1750770562.31784,0,0,220365,855675,165
1750770562.524084,0,0,227450,884185,235
1750770562.720092,0,0,229370,866955,175
1750770562.921972,0,0,237565,869810,195
1750770563.12409,0,0,223880,844115,215
1750770563.32371,0,0,208425,820900,140
1750770563.525197,0,0,208980,810480,160
1750770563.731401,0,0,224290,844410,125
1750770563.924946,0,0,230555,842375,200
1750770564.127693,0,0,218495,813230,200
1750770564.327912,0,0,209630,807990,160
1750770564.527441,0,0,217710,839240,185
1750770564.730073,0,0,226405,852720,155
1750770564.934229,0,0,233920,853150,205
1750770565.134242,0,0,210550,787970,195
1750770565.334154,0,0,213430,826310,180
1750770565.532607,0,0,215970,833015,155
1750770565.735879,0,0,228970,863040,185
1750770565.935421,0,0,226585,842080,160
1750770566.13909,0,0,224565,845280,210
1750770566.343752,0,0,212475,824155,215
1750770566.538415,0,0,210910,807335,145
1750770566.740439,0,0,225920,851915,215
1750770566.941631,0,0,226920,830015,205
1750770567.14245,0,0,224270,844945,225
1750770567.344347,0,0,227325,877585,200
1750770567.548836,0,0,227645,873610,160
1750770567.74664,0,0,219635,828080,200
1750770567.948739,0,0,230695,841645,175
1750770568.149557,0,0,220540,834005,135
1750770568.347613,0,0,214170,832900,230
1750770568.548114,0,0,214250,837220,130
1750770568.751189,0,0,214470,809915,160
1750770568.950843,0,0,223080,819730,185
1750770569.152072,0,0,220745,827030,140
1750770569.351043,0,0,219095,847675,205
1750770569.555033,0,0,208545,801060,180
1750770569.755361,0,0,214325,795280,180
1750770569.959376,0,0,225895,816915,185
1750770570.156232,0,0,222740,829330,150
1750770570.357784,0,0,222345,858020,140
1750770570.5584,0,0,221275,856570,205
1750770570.761797,0,0,224430,845430,195
1750770570.966588,0,0,236610,866540,115
1750770571.167353,0,0,231740,867020,200
1750770571.365687,0,0,223665,846775,225
1750770571.565817,0,0,229805,892330,195
1750770571.768881,0,0,231700,870805,145
1750770571.969769,0,0,230375,832185,115
1750770572.168641,0,0,230820,851370,165
1750770572.370606,0,0,219005,831820,160
1750770572.573392,0,0,215875,815270,165
1750770572.770889,0,0,210700,775490,225
1750770572.97165,0,0,216535,774025,160
1750770573.171607,0,0,213285,793230,195
1750770573.373783,0,0,209380,805185,135
1750770573.574881,0,0,208775,811915,165
1750770573.776113,0,0,212260,803445,230
1750770573.9767,0,0,218025,800235,135
1750770574.178119,0,0,219295,818600,180
1750770574.378252,0,0,212180,816480,185
1750770574.579243,0,0,217190,832390,180
1750770574.784811,0,0,229485,850840,185
1750770574.984447,0,0,232840,839490,185
1750770575.184263,0,0,224335,823980,215
1750770575.387048,0,0,218570,824855,180
1750770575.586275,0,0,210100,797635,205
1750770575.789046,0,0,229030,853155,170
1750770575.989164,0,0,234155,859095,175
1750770576.188113,0,0,232300,877570,160
1750770576.390409,0,0,227925,884345,215
1750770576.594514,0,0,220650,854070,255
1750770576.796765,0,0,223020,840085,185
1750770576.995098,0,0,229850,839420,170
1750770577.195593,0,0,225600,831980,175
1750770577.39322,0,0,222360,843860,140
1750770577.596675,0,0,213630,811255,275
1750770577.798138,0,0,234635,871455,245
1750770578.000594,0,0,232280,854225,155
1750770578.207044,0,0,283435,1069285,220
1750770578.41349,0,0,242015,948455,120
1750770578.60797,0,0,216915,840040,185
1750770578.809437,0,0,225780,835510,150
1750770579.011896,0,0,225560,825850,195
1750770579.210289,0,0,220905,829930,155
1750770579.419857,0,0,213565,828665,150
1750770579.616871,0,0,209875,810800,180
1750770579.822241,0,0,218965,823835,190
1750770580.023821,0,0,219855,815025,120
1750770580.224285,0,0,223925,849685,135
1750770580.418765,0,0,209470,816760,160
1750770580.624216,0,0,215750,825140,260
1750770580.829525,0,0,226770,844930,195
1750770581.22696,0,0,218835,832610,160
1750770581.425614,0,0,221980,858995,150
1750770581.625989,0,0,218140,844370,160
1750770581.625989,0,0,218140,844370,160
1750770582.029532,0,0,215125,796885,235
1750770582.233205,0,0,213770,808740,190
1750770582.434827,0,0,211360,812380,190
1750770582.633909,0,0,215285,820085,240
1750770582.835844,0,0,225260,823115,155
1750770583.035972,0,0,227400,845550,180
1750770583.235199,0,0,227265,856120,200
1750770583.44018,0,0,220485,861080,175
1750770583.637814,0,0,218230,841760,220
1750770583.840423,0,0,219065,824355,190
1750770584.038044,0,0,222105,815755,215
1750770584.242634,0,0,211395,782165,235
1750770584.442971,0,0,215495,814355,230
1750770584.644377,0,0,214585,810395,175
1750770584.845181,0,0,224385,808530,240
1750770585.045865,0,0,221370,793775,175
1750770585.248973,0,0,218675,811205,200
1750770585.446783,0,0,212515,798955,160
1750770585.654143,0,0,210630,798930,220
1750770585.847005,0,0,213140,785375,200
1750770586.049938,0,0,215710,775480,145
1750770586.252243,0,0,223555,821105,180
1750770586.453765,0,0,217580,814795,165
1750770586.656381,0,0,214985,806850,245
1750770586.855141,0,0,228815,840495,130
1750770587.059575,0,0,233970,839635,140
1750770587.261093,0,0,221080,827880,185
1750770587.461174,0,0,220570,826645,85
1750770587.663089,0,0,220605,819725,200
1750770587.864116,0,0,231385,841605,140
1750770588.064228,0,0,231735,840585,195
1750770588.266922,0,0,233790,869275,200
1750770588.470938,0,0,229750,872165,120
1750770588.669676,0,0,228100,861465,165
1750770588.872421,0,0,236315,853170,250
1750770589.072353,0,0,234850,830735,165
1750770589.272912,0,0,223960,836700,170
1750770589.4729,0,0,218435,831135,190
1750770589.67782,0,0,225585,852290,170
1750770589.875211,0,0,227385,812400,135
1750770590.075838,0,0,231780,824630,115
1750770590.27707,0,0,217650,811610,205
1750770590.477603,0,0,227520,854085,135
1750770590.677561,0,0,221095,829740,150
1750770590.88289,0,0,221125,810040,145
1750770591.082074,0,0,236200,844720,205
1750770591.280995,0,0,220545,824745,165
1750770591.486103,0,0,215770,834445,160
1750770591.703598,0,0,219645,845905,195
1750770591.891096,0,0,229925,837445,225
1750770592.092788,0,0,223275,807260,160
1750770592.299206,0,0,218105,820995,205
1750770592.49686,0,0,213585,847080,165
1750770592.6948,0,0,219900,845695,150
1750770592.894031,0,0,209900,765290,155
1750770593.096643,0,0,212780,756230,185
1750770593.295028,0,0,202975,747605,165
1750770593.504471,0,0,207395,791700,230
1750770593.69746,0,0,211385,819105,205
1750770593.901846,0,0,245290,893425,215
1750770594.105302,0,0,238065,850895,160
1750770594.30411,0,0,228650,869490,200
1750770594.506572,0,0,249755,952300,215
1750770594.708782,0,0,240195,894905,140
1750770594.903835,0,0,223360,804055,200
1750770595.107428,0,0,223820,809700,250
1750770595.308375,0,0,211660,808375,205
1750770595.509632,0,0,222380,841380,145
1750770595.707123,0,0,230635,855820,205
1750770595.907985,0,0,233820,841605,160
1750770596.126983,0,0,234620,866650,150
1750770596.311312,0,0,221475,842280,150
1750770596.517574,0,0,216795,818645,175
1750770596.721758,0,0,218155,824010,215
1750770596.922265,0,0,217895,783125,150
1750770597.122162,0,0,210855,777895,125
1750770597.326268,0,0,208810,789720,185
1750770597.528913,0,0,217835,820035,205
1750770597.731727,0,0,220220,826300,165
1750770597.932995,0,0,225160,812640,270
1750770598.135035,0,0,224820,819880,140
1750770598.336597,0,0,216870,823415,250
1750770598.531098,0,0,217270,841565,150
1750770598.731372,0,0,220990,853225,145
1750770598.935245,0,0,220105,827550,255
1750770599.135098,0,0,219360,822865,155
1750770599.534911,0,0,225405,871500,210
1750770599.737074,0,0,232795,886930,145
1750770599.937278,0,0,238145,863140,130
1750770600.138036,0,0,241195,885885,170
1750770600.339749,0,0,225040,852240,155
1750770600.544001,0,0,230990,886275,145
1750770600.745146,0,0,231150,880545,180
1750770600.945906,0,0,234245,849790,160
1750770601.145624,0,0,238315,870275,210
1750770601.346438,0,0,233760,872365,215
1750770601.54585,0,0,223275,845350,200
1750770601.749878,0,0,224460,841105,185
1750770601.94633,0,0,240115,869660,250
1750770602.148119,0,0,224150,808220,170
1750770602.350104,0,0,220575,818560,170
1750770602.54905,0,0,212275,805305,200
1750770602.749088,0,0,209435,795250,180
1750770602.950083,0,0,221400,798025,195
1750770603.155713,0,0,225260,822475,180
1750770603.35469,0,0,223480,844580,150
1750770603.554008,0,0,217165,826265,180
1750770603.758556,0,0,222120,824415,150
1750770603.956611,0,0,224400,806070,220
1750770604.155529,0,0,213035,771995,155
1750770604.362073,0,0,223365,836040,195
1750770604.560663,0,0,220410,835350,150
1750770604.761491,0,0,221175,821685,135
1750770604.962103,0,0,236480,836470,175
1750770605.16439,0,0,229115,821695,180
1750770605.36366,0,0,221995,834385,145
1750770605.569123,0,0,226840,849815,165
1750770605.766341,0,0,233755,862570,170
1750770605.965865,0,0,232890,829605,180
1750770606.167114,0,0,240275,862775,215
1750770606.369112,0,0,225905,845250,130
1750770606.568602,0,0,224160,846975,150
1750770606.771084,0,0,228045,850440,175
1750770606.972003,0,0,241585,862795,115
1750770607.172439,0,0,231425,852610,165
1750770607.374999,0,0,227565,866820,270
1750770607.576088,0,0,223555,877670,195
1750770607.77606,0,0,234880,886690,140
1750770607.99171,0,0,243660,894530,130
1750770608.181247,0,0,236170,869965,205
1750770608.379432,0,0,232215,884980,215
1750770608.580486,0,0,224445,855295,155
1750770608.786094,0,0,229915,860225,205
1750770608.983113,0,0,236595,849955,110
1750770609.184944,0,0,238410,868360,185
1750770609.383405,0,0,225775,849670,145
1750770609.584866,0,0,221740,850610,165
1750770609.786326,0,0,218560,834710,175
1750770609.985792,0,0,227855,829705,195
1750770610.188251,0,0,232360,841230,155
1750770610.390711,0,0,210900,818995,185
1750770610.590176,0,0,213380,827580,190
1750770610.792634,0,0,211805,804580,160
1750770610.997087,0,0,224305,820965,185
1750770611.195647,0,0,226445,831750,175
1750770611.397249,0,0,224805,848095,230
1750770611.599127,0,0,221860,849225,200
1750770611.803951,0,0,226805,862115,195
1750770612.001256,0,0,254180,926360,215
1750770612.205708,0,0,268065,993645,215
1750770612.405175,0,0,230625,889710,145
1750770612.603645,0,0,250995,966485,170
1750770612.808542,0,0,243825,912740,200
1750770613.012508,0,0,256065,936190,185
1750770613.208209,0,0,234120,875795,110
1750770613.406622,0,0,220300,843425,180
1750770613.609712,0,0,231810,890305,215
1750770613.814194,0,0,234690,870875,160
1750770614.011097,0,0,235935,848715,165
1750770614.214912,0,0,230545,842375,205
1750770614.414575,0,0,217390,825435,170
1750770614.615033,0,0,220385,834735,175
1750770614.814951,0,0,228785,858885,220
1750770615.016685,0,0,242685,875740,215
1750770615.226313,0,0,240660,881470,195
1750770615.418742,0,0,227605,878615,120
1750770615.641965,0,0,224100,867950,145
1750770615.825461,0,0,228895,856940,210
1750770616.026582,0,0,229060,835270,190
1750770616.227703,0,0,232195,867840,150
1750770616.433104,0,0,222075,841675,155
1750770616.630819,0,0,228995,872245,180
1750770616.832775,0,0,232450,864510,155
1750770617.037281,0,0,237490,852065,180
1750770617.434939,0,0,212695,820270,190
1750770617.637382,0,0,225400,862320,170
1750770617.637382,0,0,225400,862320,170
1750770617.841444,0,0,234565,872845,160
1750770618.0418,0,0,238685,866300,120
1750770618.440769,0,0,225035,864540,160
1750770618.641126,0,0,232635,877195,200
1750770618.843158,0,0,230765,858140,215
1750770619.045811,0,0,237655,890695,125
1750770619.251826,0,0,233585,895345,165
1750770619.446141,0,0,230050,890315,120
1750770619.643468,0,0,218290,842345,195
1750770619.849661,0,0,231450,853135,230
1750770620.047776,0,0,232110,846385,165
1750770620.248816,0,0,228135,854015,205
1750770620.452095,0,0,223855,867540,185
1750770620.650112,0,0,218665,850600,175
1750770620.850469,0,0,220250,826895,155
1750770621.05401,0,0,235110,852020,140
1750770621.256722,0,0,235850,878300,185
1750770621.454919,0,0,223460,863595,220
1750770621.659619,0,0,227575,872455,160
1750770621.859553,0,0,224590,841600,175
1750770622.057744,0,0,229740,839535,160
1750770622.261467,0,0,218290,814655,210
1750770622.463491,0,0,219380,846220,150
1750770622.667147,0,0,218190,838170,165
1750770622.872278,0,0,225735,848495,130
1750770623.063472,0,0,187650,687320,125
1750770623.26308,0,0,166285,629895,200
1750770623.467323,0,0,211310,810610,165
1750770623.700199,0,0,224175,856745,205
1750770623.880546,0,0,235895,881355,160
1750770624.083154,0,0,243325,886820,175
1750770624.287502,0,0,234510,879010,200
1750770624.484824,0,0,228740,875540,215
1750770624.68601,0,0,207605,794625,175
1750770624.88692,0,0,219665,815180,155
1750770625.087895,0,0,231740,838135,175
1750770625.291343,0,0,240545,892645,210
1750770625.495653,0,0,227790,861720,225
1750770625.693496,0,0,223625,852455,125
1750770625.894959,0,0,234390,879090,240
1750770626.098413,0,0,248810,907145,195
1750770626.29788,0,0,238810,901205,150
1750770626.499439,0,0,228795,895190,190
1750770626.70271,0,0,234920,914340,130
1750770626.902985,0,0,234190,888575,175
1750770627.101838,0,0,229080,835750,285
1750770627.295986,0,0,75315,279940,170
1750770627.498478,0,0,105940,413515,170
1750770627.703012,0,0,190635,734155,130
1750770627.910109,0,0,244880,916585,225
1750770628.109732,0,0,260855,968910,185
1750770628.307237,0,0,232020,888305,160
1750770628.509863,0,0,225810,879100,195
1750770628.711941,0,0,224570,861340,135
1750770628.908367,0,0,242215,882395,180
1750770629.116641,0,0,227530,836205,170
1750770629.313841,0,0,223600,843745,250
1750770629.514079,0,0,219185,853745,195
1750770629.714778,0,0,216755,825390,235
1750770629.91769,0,0,230585,833170,150
1750770630.115217,0,0,237710,867815,200
1750770630.319816,0,0,228050,862155,140
1750770630.518116,0,0,214840,813190,205
1750770630.718608,0,0,222795,841520,205
1750770630.919634,0,0,241470,880100,145
1750770631.120532,0,0,249400,912660,245
1750770631.322293,0,0,235650,912340,165
1750770631.525035,0,0,229795,903390,215
1750770631.722745,0,0,223720,857855,165
1750770631.923264,0,0,231445,845800,190
1750770632.126331,0,0,239840,876825,130
1750770632.32552,0,0,236965,896245,185
1750770632.526074,0,0,222110,855755,185
1750770632.732544,0,0,231300,895785,165
1750770632.93208,0,0,251730,937460,175
1750770633.12931,0,0,243680,909260,140
1750770633.329118,0,0,235670,895750,130
1750770633.53109,0,0,232775,901045,195
1750770633.734067,0,0,228070,879970,145
1750770633.932527,0,0,219290,818660,125
1750770634.133493,0,0,117505,426600,125
1750770634.333125,0,0,155140,591870,165
1750770634.53659,0,0,199505,776240,215
1750770634.740178,0,0,224535,874215,210
1750770634.939968,0,0,234865,875640,140
1750770635.150053,0,0,234580,862975,175
1750770635.346811,0,0,230955,885625,210
1750770635.550431,0,0,226790,889255,135
1750770635.754834,0,0,228355,867970,175
1750770635.95491,0,0,242495,898080,205
1750770636.153669,0,0,237505,871145,150
1750770636.355476,0,0,228545,868405,160
1750770636.550206,0,0,230055,904450,125
1750770636.754988,0,0,235135,905465,180
1750770636.951537,0,0,251970,935310,240
1750770637.353364,0,0,238520,909445,190
1750770637.353364,0,0,238520,909445,190
1750770637.555206,0,0,231790,903265,190
1750770637.951051,0,0,134580,493700,205
1750770638.151008,0,0,102190,371190,125
1750770638.348012,0,0,58840,218370,105
1750770638.553695,0,0,100890,388370,235
1750770638.760033,0,0,214720,834905,135
1750770638.960381,0,0,240085,885140,180
1750770639.165106,0,0,240320,881805,205
1750770639.361406,0,0,231660,875705,200
1750770639.562011,0,0,225650,872520,175
1750770639.765889,0,0,233320,890080,160
1750770639.968938,0,0,241080,879855,165
1750770640.17824,0,0,240770,883830,190
1750770640.37255,0,0,222705,856375,195
1750770640.569057,0,0,218305,847845,215
1750770640.769096,0,0,226920,863260,170
1750770640.971517,0,0,241265,890735,170
1750770641.178098,0,0,236140,860770,205
1750770641.374564,0,0,236045,900835,205
1750770641.571966,0,0,207085,806215,175
1750770641.769438,0,0,130860,501105,210
1750770641.974394,0,0,208275,767460,225
1750770642.179844,0,0,228150,841090,195
1750770642.378397,0,0,222220,841520,165
1750770642.579862,0,0,217335,845130,210
1750770642.783011,0,0,213515,819450,190
1750770642.984472,0,0,215675,797050,135
1750770643.184624,0,0,228795,836175,160
1750770643.387092,0,0,224630,847085,185
1750770643.588659,0,0,224110,856765,250
1750770643.785783,0,0,233135,892130,140
1750770643.994758,0,0,238560,882360,180
1750770644.193228,0,0,243120,890665,225
1750770644.392694,0,0,230205,872895,165
1750770644.592163,0,0,222180,858740,205
1750770644.792662,0,0,221595,847705,140
1750770644.994625,0,0,230980,847485,200
1750770645.198295,0,0,239245,867530,175
1750770645.396519,0,0,213570,810155,205
1750770645.598206,0,0,224700,869185,155
1750770645.799408,0,0,236820,907480,170
1750770645.999122,0,0,235490,876180,205
1750770646.202177,0,0,245055,899315,95
1750770646.408322,0,0,257065,969040,155
1750770646.606668,0,0,257970,996975,215
1750770646.808639,0,0,252015,954390,175
1750770647.005562,0,0,245050,886340,165
1750770647.207733,0,0,241835,888325,160
1750770647.409694,0,0,227540,874955,155
1750770647.609039,0,0,233040,902620,195
1750770647.81338,0,0,234680,894915,115
1750770648.012856,0,0,249060,906940,155
1750770648.214833,0,0,250445,930175,135
1750770648.413534,0,0,229060,893120,150
1750770648.614694,0,0,226360,865615,215
1750770648.818231,0,0,225990,851235,210
1750770649.022695,0,0,233820,842185,200
1750770649.221387,0,0,230615,835525,225
1750770649.420811,0,0,228575,875705,215
1750770649.623913,0,0,220785,841730,155
1750770649.82033,0,0,187385,700485,145
1750770650.020059,0,0,202335,729870,90
1750770650.22464,0,0,238775,866780,170
1750770650.425491,0,0,230405,874500,205
1750770650.625738,0,0,224000,859955,240
1750770650.827552,0,0,234075,883190,145
1750770651.026717,0,0,240430,862685,150
1750770651.227611,0,0,241795,895745,165
1750770651.431209,0,0,224235,884940,240
1750770651.629545,0,0,228165,889045,195
1750770651.831716,0,0,233605,878150,120
1750770652.0316,0,0,233335,855620,165
1750770652.233767,0,0,235650,861855,225
1750770652.43645,0,0,224010,861840,195
1750770652.636215,0,0,218860,840505,230
1750770652.839201,0,0,227170,844535,195
1750770653.039773,0,0,236720,847935,160
1750770653.238786,0,0,237015,870350,205
1750770653.439566,0,0,223990,867365,225
1750770653.639068,0,0,213200,831450,185
1750770653.842012,0,0,219650,823200,145
1750770654.045596,0,0,226895,799970,140
1750770654.242902,0,0,229635,816860,190
1750770654.450853,0,0,225670,849120,180
1750770654.646364,0,0,222690,835505,175
1750770654.847941,0,0,224870,849280,210
1750770655.052069,0,0,230920,827880,185
1750770655.256739,0,0,231565,831580,145
1750770655.456727,0,0,224145,843935,125
1750770655.657088,0,0,214685,828155,155
1750770655.860048,0,0,218660,841985,185
1750770656.060103,0,0,226805,832000,180
1750770656.260147,0,0,225395,829070,215
1750770656.47026,0,0,213110,814410,95
1750770656.662368,0,0,211320,816145,155
1750770656.863123,0,0,209900,795970,225
1750770657.065096,0,0,198475,715840,145
1750770657.268021,0,0,218765,825260,200
1750770657.477576,0,0,218205,839995,165
1750770657.673149,0,0,214335,826055,145
1750770658.070176,0,0,230540,860185,240
1750770658.268993,0,0,220960,826840,115
1750770658.470101,0,0,213455,823235,150
1750770658.669915,0,0,212425,815670,140
1750770658.874011,0,0,221920,843660,170
1750770659.073072,0,0,232100,845160,175
1750770659.274865,0,0,237795,877570,200
1750770659.474759,0,0,217540,836940,195
1750770659.676041,0,0,220240,861970,145
1750770659.875743,0,0,217995,832200,180
1750770660.077223,0,0,232165,846310,190
1750770660.279657,0,0,232020,860000,175
1750770660.478207,0,0,214840,833495,190
1750770660.681403,0,0,219200,854310,235
1750770660.885645,0,0,221415,843535,185
1750770661.082885,0,0,231435,845230,155
1750770661.291328,0,0,230490,853495,215
1750770661.494974,0,0,223400,866140,190
1750770661.689625,0,0,215905,832440,185
1750770661.887557,0,0,216915,816680,175
1750770662.095488,0,0,218195,793300,135
1750770662.29404,0,0,219605,813325,225
1750770662.491715,0,0,208450,802990,185
1750770662.692757,0,0,205935,796900,185
1750770662.893922,0,0,213530,811425,205
1750770663.103968,0,0,219255,802105,110
1750770663.302685,0,0,216745,794145,125
1750770663.505772,0,0,210330,806000,215
1750770663.699114,0,0,206260,799035,185
1750770663.896733,0,0,211865,802075,150
1750770664.098151,0,0,227575,815850,185
1750770664.299624,0,0,218010,798350,190
1750770664.500988,0,0,218460,840355,165
1750770664.708922,0,0,222310,864240,110
1750770664.905761,0,0,250095,950720,230
1750770665.104994,0,0,262930,982210,180
1750770665.308322,0,0,245745,946540,150
1750770665.507774,0,0,234230,926045,180
1750770665.708779,0,0,225675,875565,175
1750770665.91419,0,0,237705,882035,130
1750770666.111762,0,0,250355,903175,165
1750770666.309719,0,0,235880,883825,165
1750770666.511319,0,0,224520,869920,215
1750770666.711883,0,0,225640,870075,165
1750770666.913227,0,0,237180,875775,150
1750770667.115932,0,0,243270,880785,120
1750770667.315264,0,0,229570,869260,130
1750770667.515402,0,0,219275,861080,155
1750770667.717834,0,0,227580,871785,205
1750770667.920072,0,0,230950,843260,150
1750770668.123512,0,0,229790,830250,175
1750770668.324881,0,0,229365,861445,155
1750770668.52452,0,0,225290,874075,210
1750770668.722689,0,0,232495,887845,140
1750770668.924106,0,0,245570,900595,150
1750770669.12567,0,0,249205,906165,170
1750770669.327733,0,0,236465,891190,210
1750770669.528626,0,0,237035,909760,135
1750770669.731274,0,0,228565,868385,160
1750770669.928932,0,0,227305,837650,180
1750770670.13229,0,0,243630,886515,180
1750770670.330848,0,0,231120,881855,130
1750770670.53248,0,0,221655,866045,190
1750770670.733252,0,0,228960,871080,145
1750770670.936323,0,0,230965,856765,160
1750770671.134578,0,0,230350,846325,145
1750770671.335044,0,0,224555,842255,170
1750770671.536178,0,0,217340,849470,170
1750770671.737873,0,0,217810,836110,140
1750770671.941416,0,0,229105,854265,215
1750770672.143041,0,0,236095,866965,205
1750770672.341731,0,0,232590,877895,160
1750770672.542983,0,0,218200,854150,165
1750770672.744087,0,0,214165,821885,175
1750770672.944686,0,0,235455,870760,125
1750770673.14699,0,0,249790,908650,175
1750770673.34874,0,0,239195,902635,180
1750770673.546193,0,0,227185,877055,255
1750770673.749139,0,0,227590,865025,190
1750770673.948117,0,0,229405,840540,110
1750770674.153567,0,0,237755,855505,165
1750770674.359017,0,0,235110,879080,145
1750770674.559481,0,0,229515,890240,115
1750770674.758948,0,0,231730,891100,110
1750770674.972377,0,0,241975,898000,190
1750770675.165274,0,0,240710,873495,130
1750770675.369034,0,0,234960,875480,205
1750770675.561951,0,0,226420,864995,165
1750770675.966858,0,0,229455,840425,175
1750770676.164481,0,0,238905,862375,140
1750770676.366939,0,0,225705,836815,155
1750770676.564381,0,0,218190,831405,165
1750770676.564381,0,0,218190,831405,165
1750770676.967684,0,0,228315,851385,195
1750770677.168819,0,0,242525,873425,230
1750770677.370072,0,0,238165,888325,145
1750770677.569986,0,0,232235,896635,225
1750770677.770344,0,0,236555,912040,175
1750770677.975953,0,0,243540,903830,175
1750770678.175962,0,0,243915,891855,90
1750770678.378036,0,0,231060,867080,205
1750770678.574926,0,0,225535,866490,165
1750770678.777877,0,0,232285,880050,155
1750770678.978159,0,0,242905,876195,155
1750770679.181946,0,0,244670,866440,150
1750770679.381142,0,0,231285,865120,95
1750770679.582771,0,0,232715,893110,190
1750770679.782985,0,0,228055,892240,190
1750770679.985476,0,0,240005,914750,170
1750770680.186058,0,0,240605,869200,225
1750770680.387436,0,0,235045,890235,125
1750770680.58836,0,0,223205,870605,225
1750770680.792583,0,0,228635,867680,185
1750770680.991112,0,0,231270,848430,195
1750770681.190279,0,0,239205,866330,190
1750770681.393415,0,0,232210,874490,255
1750770681.593926,0,0,229145,878205,215
1750770681.797127,0,0,224925,863430,150
1750770682.000907,0,0,242035,893050,160
1750770682.19728,0,0,250185,904520,220
1750770682.401358,0,0,244860,921575,175
1750770682.602781,0,0,238075,928375,155
1750770682.801081,0,0,223630,851205,140
1750770683.003497,0,0,233625,870065,190
1750770683.208052,0,0,248700,906015,210
1750770683.404268,0,0,244540,937865,190
1750770683.607389,0,0,233115,901355,160
1750770683.80935,0,0,246835,958275,240
1750770684.010065,0,0,286615,1063040,215
1750770684.214651,0,0,275655,1029135,185
1750770684.410811,0,0,228770,892785,160
1750770684.610387,0,0,227635,882825,185
1750770684.811942,0,0,224250,864700,170
1750770685.012464,0,0,249035,894685,130
1750770685.213103,0,0,243225,897940,230
1750770685.416074,0,0,241505,913885,150
1750770685.616192,0,0,233735,889665,160
1750770685.81617,0,0,237695,902905,180
1750770686.019625,0,0,246715,906790,185
1750770686.256991,0,0,242845,907550,225
1750770686.427029,0,0,238645,908120,165
1750770686.626495,0,0,224725,867325,145
1750770686.829954,0,0,231435,882635,265
1750770687.032412,0,0,246285,895530,190
1750770687.232387,0,0,240575,879740,170
1750770687.435843,0,0,235520,909395,170
1750770687.632316,0,0,233055,899530,200
1750770687.840775,0,0,248755,945945,200
1750770688.039261,0,0,249015,916745,230
1750770688.2367,0,0,250675,917020,145
1750770688.440159,0,0,231570,880770,150
1750770688.638633,0,0,225320,863620,180
1750770688.842087,0,0,233810,876045,175
1750770689.039144,0,0,240805,880135,155
1750770689.24153,0,0,231050,843775,150
1750770689.442671,0,0,220480,854330,165
1750770689.643118,0,0,223000,866600,135
1750770689.844493,0,0,226835,857760,215
1750770690.046012,0,0,243345,881850,210
1750770690.247427,0,0,237505,881615,135
1750770690.45111,0,0,219065,842850,145
1750770690.649385,0,0,220190,853975,195
1750770690.850088,0,0,234170,887975,180
1750770691.051412,0,0,237585,871025,190
1750770691.253102,0,0,231675,848010,210
1750770691.451222,0,0,220630,849885,155
1750770691.658599,0,0,224485,868185,140
1750770691.856541,0,0,232655,884575,175
1750770692.054859,0,0,236185,861360,185
1750770692.258621,0,0,239775,876260,145
1750770692.45777,0,0,227620,868720,160
1750770692.657823,0,0,228695,876885,145
1750770692.86151,0,0,221000,838365,230
1750770693.062749,0,0,242795,877505,185
1750770693.263603,0,0,249120,916095,165
1750770693.465368,0,0,238335,909020,190
1750770693.662478,0,0,230870,891245,215
1750770693.869133,0,0,239475,912205,165
1750770694.070029,0,0,243425,891015,190
1750770694.266333,0,0,242605,887570,150
1750770694.47283,0,0,232670,892550,185
1750770694.678339,0,0,235165,901170,140
1750770694.876051,0,0,239265,911145,205
1750770695.074004,0,0,245180,894185,185
1750770695.282191,0,0,240845,888080,170
1750770695.483531,0,0,234875,897110,185
1750770695.680923,0,0,235110,905540,130
1750770695.879396,0,0,240020,906760,145
1750770696.083531,0,0,248275,901530,200
1750770696.283121,0,0,238055,885320,185
1750770696.687219,0,0,238645,909320,195
1750770696.885632,0,0,239405,906705,200
1750770697.087168,0,0,252010,912565,190
1750770697.087168,0,0,252010,912565,190
1750770697.289682,0,0,246825,910985,190
1750770697.490082,0,0,243675,926465,160
1750770697.889486,0,0,237005,899310,155
1750770698.092944,0,0,246970,896130,140
1750770698.291841,0,0,249255,915920,205
1750770698.492613,0,0,236535,903450,180
1750770698.696789,0,0,231530,888825,130
1750770698.893963,0,0,238735,909220,200
1750770699.097872,0,0,245945,890405,125
1750770699.295789,0,0,241055,878680,135
1750770699.499058,0,0,232675,887625,185
1750770699.69854,0,0,231440,892525,210
1750770699.899717,0,0,229500,879110,185
1750770700.102414,0,0,246985,900365,195
1750770700.303628,0,0,251690,931365,160
1750770700.500301,0,0,239245,906855,215
1750770700.701418,0,0,232405,893475,140
1750770700.902537,0,0,231260,885985,160
1750770701.104052,0,0,247005,905215,245
1750770701.305445,0,0,265605,975260,155
1750770701.512222,0,0,297100,1149105,215
1750770701.701418,0,0,175455,682915,135
1750770701.905495,0,0,246665,938210,180
1750770702.108218,0,0,272635,997050,240
1750770702.312534,0,0,262915,967450,200
1750770702.513994,0,0,237110,914490,245
1750770702.713579,0,0,238505,912505,225
1750770702.911386,0,0,235785,883380,90
1750770703.112578,0,0,251100,912235,195
1750770703.313584,0,0,240260,894765,220
1750770703.51645,0,0,230890,893755,145
1750770703.715968,0,0,227825,872845,135
1750770703.917005,0,0,227290,844470,140
1750770704.116774,0,0,244565,885620,135
1750770704.317564,0,0,235700,893800,210
1750770704.517119,0,0,217155,851515,155
1750770704.717707,0,0,220300,855695,210
1750770704.920475,0,0,227445,856630,125
1750770705.122749,0,0,236625,862785,160
1750770705.323185,0,0,232230,880120,140
1750770705.521165,0,0,216720,836545,185
1750770705.723623,0,0,220955,853220,185
1750770705.92309,0,0,229780,857830,280
1750770706.124798,0,0,244300,893205,195
1750770706.325263,0,0,235735,886410,185
1750770706.52615,0,0,230965,904115,165
1750770706.724641,0,0,221550,853235,190
1750770706.927079,0,0,227805,850090,155
1750770707.134525,0,0,240425,875565,185
1750770707.32812,0,0,234335,876745,180
1750770707.529727,0,0,221810,862865,140
1750770707.730543,0,0,238540,912470,225
1750770707.933337,0,0,244365,918405,150
1750770708.131886,0,0,253820,921840,170
1750770708.338334,0,0,245590,920325,80
1750770708.534922,0,0,236935,912295,160
1750770708.737115,0,0,238655,911805,160
1750770708.93829,0,0,235405,871985,180
1750770709.138417,0,0,239880,872470,135
1750770709.340609,0,0,245640,918370,140
1750770709.541892,0,0,240220,913870,220
1750770709.743323,0,0,234650,897990,145
1750770709.949713,0,0,238425,883085,205
1750770710.143818,0,0,239735,863370,155
1750770710.34536,0,0,233240,856955,155
1750770710.544132,0,0,216295,825270,200
1750770710.747766,0,0,214835,825525,175
1750770710.945435,0,0,221170,826555,190
1750770711.152994,0,0,234810,845525,170
1750770711.349779,0,0,209955,778145,160
1750770711.551956,0,0,210945,801190,110
1750770711.752435,0,0,209500,803150,210
1750770711.951896,0,0,216390,806750,175
1750770712.158136,0,0,227125,818170,155
1750770712.361093,0,0,220975,820025,150
1750770712.560981,0,0,210515,819995,185
1750770712.777001,0,0,217700,831880,180
1750770712.961943,0,0,228655,845500,205
1750770713.160065,0,0,229675,839635,125
1750770713.367145,0,0,233600,865825,150
1750770713.567359,0,0,228415,881455,160
1750770713.765072,0,0,220090,838190,90
1750770713.972379,0,0,223170,823940,190
1750770714.172824,0,0,229275,834385,240
1750770714.372247,0,0,218460,808975,185
1750770714.577986,0,0,211765,815615,240
1750770714.778893,0,0,210840,809860,155
1750770714.98686,0,0,221650,836590,125
1750770715.17946,0,0,199230,717535,155
1750770715.378116,0,0,200160,747325,185
1750770715.588497,0,0,208005,808985,175
1750770715.784516,0,0,206745,794295,135
1750770715.985533,0,0,223800,834960,220
1750770716.185438,0,0,233630,841825,135
1750770716.388557,0,0,227015,848395,180
1750770716.58914,0,0,219110,837885,145
1750770716.989073,0,0,232250,862240,160
1750770717.192536,0,0,230305,834640,190
1750770717.38901,0,0,237185,880680,160
1750770717.591195,0,0,215780,825775,210
1750770717.79065,0,0,205775,800155,165
1750770717.995828,0,0,214185,797235,205
1750770718.191256,0,0,196005,710925,150
1750770718.393959,0,0,196520,724515,190
1750770718.598691,0,0,192190,728250,170
1750770718.797181,0,0,212160,807925,155
1750770718.998828,0,0,217790,823825,145
1750770719.197162,0,0,199020,716480,190
1750770719.400618,0,0,214265,797185,180
1750770719.602079,0,0,221620,855640,175
1750770719.809539,0,0,239650,910145,205
1750770720.003712,0,0,236895,871125,165
1750770720.204391,0,0,252315,904870,195
1750770720.408033,0,0,247480,933700,185
1750770720.607063,0,0,226545,872180,230
1750770720.809146,0,0,231955,888905,235
1750770721.013414,0,0,244985,894950,225
1750770721.212977,0,0,225695,822085,135
1750770721.409984,0,0,221280,843655,195
1750770721.612209,0,0,227870,894265,195
1750770721.815233,0,0,230070,883375,275
1750770722.014109,0,0,237445,861975,155
1750770722.219217,0,0,235310,850585,150
1750770722.418993,0,0,230525,868885,160
1750770722.620137,0,0,226460,864910,210
1750770722.821133,0,0,231315,872360,205
1750770723.020834,0,0,235985,848045,170
1750770723.222582,0,0,231075,849820,230
1750770723.425364,0,0,232390,888505,200
1750770723.623926,0,0,227765,872860,180
1750770723.822376,0,0,229785,881320,155
1750770724.026791,0,0,229375,842975,165
1750770724.229089,0,0,238760,879110,155
1750770724.428123,0,0,223130,847320,215
1750770724.630442,0,0,223130,868275,175
1750770724.833394,0,0,231415,887100,125
1750770725.032653,0,0,240245,876355,195
1750770725.229536,0,0,223355,813945,160
1750770725.430674,0,0,222755,845280,170
1750770725.631388,0,0,214020,815865,195
1750770725.835092,0,0,215780,820255,195
1750770726.034166,0,0,231895,839805,200
1750770726.244077,0,0,222835,821240,150
1750770726.436279,0,0,216280,841310,160
1750770726.636667,0,0,210885,822110,160
1750770726.837929,0,0,214010,826360,165
1750770727.03815,0,0,232265,848640,220
1750770727.242912,0,0,230510,843060,170
1750770727.439239,0,0,211600,810270,215
1750770727.641166,0,0,200880,775505,190
1750770727.840544,0,0,191065,734905,175
1750770728.041887,0,0,218505,811390,185
1750770728.245002,0,0,227900,834610,160
1750770728.446344,0,0,223150,845575,100
1750770728.647022,0,0,223385,858825,145
1750770728.849702,0,0,223975,850255,130
1750770729.046806,0,0,239380,875415,155
1750770729.24843,0,0,235785,866705,155
1750770729.45102,0,0,225090,852810,150
1750770729.649063,0,0,220965,857520,180
1750770729.849526,0,0,228445,870370,145
1750770730.050936,0,0,231800,845470,165
1750770730.253204,0,0,236335,875375,160
1750770730.453184,0,0,217180,828635,255
1750770730.654802,0,0,215205,828280,125
1750770730.854464,0,0,216805,829715,165
1750770731.059271,0,0,225900,819380,175
1750770731.257744,0,0,230505,851685,160
1750770731.45867,0,0,220545,847495,170
1750770731.660576,0,0,224845,869030,165
1750770731.859941,0,0,201020,766150,180
1750770732.059235,0,0,214315,781185,140
1750770732.260471,0,0,226555,818705,190
1750770732.462845,0,0,215655,822240,180
1750770732.661419,0,0,213025,821180,180
1750770732.862869,0,0,226930,860745,215
1750770733.065883,0,0,236230,855790,175
1750770733.272255,0,0,239445,872880,160
1750770733.47207,0,0,226110,857905,185
1750770733.66912,0,0,220265,854540,170
1750770733.879465,0,0,225060,867545,205
1750770734.072486,0,0,230985,844420,185
1750770734.272692,0,0,238365,862285,150
1750770734.479026,0,0,227750,868575,175
1750770734.677483,0,0,227050,868675,160
1750770734.880968,0,0,224580,860690,160
1750770735.082693,0,0,222620,812840,155
1750770735.479462,0,0,220710,838160,115
1750770735.680215,0,0,220980,852615,150
1750770735.680215,0,0,220980,852615,150
1750770735.882052,0,0,226035,858665,115
1750770736.280215,0,0,223940,813335,180
1750770736.481764,0,0,218185,820880,240
1750770736.683048,0,0,219210,843290,175
1750770736.885643,0,0,229035,877120,185
1750770737.086018,0,0,238520,876245,185
1750770737.288794,0,0,238005,875520,190
1750770737.485267,0,0,231200,883585,165
1750770737.685242,0,0,223250,867515,200
1750770737.887154,0,0,221330,852215,200
1750770738.088614,0,0,218165,800665,180
1750770738.288585,0,0,221980,822125,115
1750770738.494038,0,0,218730,833930,175
1750770738.690513,0,0,215790,832615,125
1750770738.893486,0,0,214505,821550,175
1750770739.095944,0,0,224590,818795,220
1750770739.296232,0,0,218220,796275,210
1750770739.495684,0,0,220825,844165,145
1750770739.698271,0,0,211955,821675,140
1750770739.898142,0,0,222435,849270,195
1750770740.099577,0,0,242465,876015,155
1750770740.297555,0,0,238415,867795,130
1750770740.503006,0,0,233160,884730,135
1750770740.700356,0,0,225070,870665,150
1750770740.90212,0,0,223685,867685,210
1750770741.110142,0,0,234565,863585,190
1750770741.304635,0,0,236280,853910,160
1750770741.506201,0,0,252285,973170,190
1750770741.706263,0,0,241830,929435,255
1750770741.910779,0,0,225805,857565,215
1750770742.109781,0,0,262455,936520,220
1750770742.31131,0,0,234600,875880,165
1750770742.512164,0,0,215945,823160,195
1750770742.712293,0,0,221775,845000,205
1750770742.914165,0,0,226280,838055,185
1750770743.118993,0,0,228080,817200,175
1750770743.313603,0,0,233325,859920,180
1750770743.515711,0,0,223040,860405,135
1750770743.718573,0,0,226885,866405,135
1750770743.918357,0,0,237220,872020,175
1750770744.118766,0,0,232285,848680,160
1750770744.322087,0,0,220670,812925,175
1750770744.521266,0,0,215330,820120,160
1750770744.723104,0,0,213140,820465,165
1750770744.927403,0,0,222775,833010,125
1750770745.127537,0,0,225630,829510,155
1750770745.334072,0,0,226125,838835,175
1750770745.5266,0,0,217855,826840,140
1750770745.728892,0,0,214530,827045,190
1750770745.930521,0,0,223720,829535,195
1750770746.129871,0,0,223125,801910,125
1750770746.335714,0,0,222820,820640,150
1750770746.53602,0,0,215400,827370,220
1750770746.732849,0,0,219485,844175,245
1750770746.934046,0,0,224420,847350,130
1750770747.134058,0,0,236045,848590,180
1750770747.338328,0,0,221460,817095,135
1750770747.536139,0,0,222720,856945,225
1750770747.74328,0,0,229695,878935,170
1750770747.940262,0,0,232305,870155,190
1750770748.145115,0,0,244590,885560,175
1750770748.361323,0,0,234090,864735,135
1750770748.551862,0,0,220430,856275,110
1750770748.756372,0,0,224040,858220,95
1750770748.957431,0,0,238640,905080,135
1750770749.159033,0,0,244660,886115,165
1750770749.356241,0,0,223490,833515,135
1750770749.557749,0,0,218105,837580,220
1750770749.757474,0,0,218890,846075,170
1750770749.959615,0,0,231740,864015,130
1750770750.168846,0,0,243915,871530,120
1750770750.372294,0,0,235210,859925,130
1750770750.563782,0,0,223265,850925,170
1750770750.763248,0,0,220180,836185,160
1750770750.963305,0,0,226880,844795,225
1750770751.173957,0,0,233215,833610,155
1750770751.370308,0,0,226315,839890,155
1750770751.567866,0,0,213280,817280,135
1750770751.769951,0,0,221545,851430,155
1750770751.972846,0,0,228530,846280,165
1750770752.370785,0,0,226630,838920,195
1750770752.572094,0,0,219630,856445,130
1750770752.572094,0,0,219630,856445,130
1750770752.974043,0,0,219830,834725,125
1750770753.174808,0,0,228895,832370,180
1750770753.377308,0,0,219575,834940,160
1750770753.575911,0,0,212675,827015,230
1750770753.77813,0,0,216575,845310,175
1750770753.980873,0,0,228790,850905,200
1750770754.180008,0,0,244285,860680,145
1750770754.380974,0,0,205025,755420,135
1750770754.578389,0,0,210530,808245,235
1750770754.783592,0,0,214940,819260,185
1750770754.981778,0,0,221895,816610,185
1750770755.18222,0,0,231905,846630,130
1750770755.387481,0,0,225920,830965,250
1750770755.58886,0,0,224805,861660,195
1750770755.802353,0,0,218835,842415,195
1750770755.999248,0,0,233080,863800,235
1750770756.198149,0,0,231185,831315,175
1750770756.399973,0,0,231685,851115,165
1750770756.601683,0,0,214440,825290,190
1750770756.801362,0,0,209640,806135,160
1750770757.002823,0,0,221850,815470,140
1750770757.204428,0,0,220705,803060,165
1750770757.397416,0,0,118295,418565,540
1750770757.590315,0,0,4850,215,865
1750770757.792773,0,0,5045,190,1290
1750770757.992131,0,0,4790,335,1195
1750770758.193122,0,0,4920,235,1060
1750770758.394478,0,0,4880,190,1040
1750770758.596057,0,0,5065,230,1040
1750770758.802436,0,0,5320,275,1170
1750770759.003104,0,0,4895,260,1160
1750770759.204781,0,0,4895,205,1160
1750770759.400163,0,0,4815,200,1105
1750770759.601413,0,0,5010,230,1275
1750770759.802218,0,0,5065,225,1285
1750770760.00441,0,0,4645,280,1120
1750770760.206292,0,0,4755,245,1225
1750770760.416702,0,0,4875,290,1180
1750770760.608164,0,0,4970,280,1340
1750770760.808188,0,0,4830,305,1035
1750770761.009732,0,0,4835,240,1190
1750770761.211058,0,0,4720,285,1220
1750770761.409629,0,0,4765,275,1175
1750770761.615765,0,0,5460,225,1090
1750770761.812156,0,0,5090,320,1135
1750770762.014472,0,0,5160,255,1280
1750770762.216446,0,0,5285,275,1210
1750770762.417564,0,0,5225,290,1065
1750770762.616742,0,0,5230,325,1150
1750770762.822116,0,0,4970,285,1305
1750770763.01963,0,0,3400,270,1070
1750770763.220867,0,0,1785,235,1190
1750770763.4234,0,0,2340,300,1155
1750770763.623152,0,0,4765,300,1065
1750770763.824004,0,0,5175,275,1235
1750770764.028205,0,0,5525,280,1080
1750770764.22571,0,0,5175,180,1145
1750770764.428724,0,0,5295,210,1210
1750770764.627898,0,0,5650,275,1415
1750770764.83007,0,0,5170,255,1080
1750770765.030029,0,0,5365,325,1130
1750770765.232107,0,0,5675,275,1155
1750770765.435191,0,0,5440,340,1225
1750770765.631693,0,0,5215,340,1095
1750770765.834166,0,0,5260,340,1220
1750770766.035023,0,0,5335,320,1035
1750770766.236815,0,0,5330,330,1090
1750770766.438714,0,0,5585,305,1160
1750770766.638672,0,0,5220,285,1170
1750770766.838291,0,0,5400,325,1190
1750770767.042149,0,0,5605,315,1135
1750770767.24124,0,0,5610,270,1160
1750770767.443058,0,0,5300,285,1085
1750770767.643206,0,0,5575,260,1290
1750770767.845583,0,0,5440,310,1290
1750770768.044698,0,0,5485,335,1125
1750770768.243789,0,0,5190,335,1105
1750770768.447596,0,0,5425,330,1250
1750770768.648587,0,0,5520,355,1040
1750770768.85504,0,0,5440,290,1310
1750770769.051076,0,0,5195,275,1140
1750770769.252858,0,0,5145,275,1125
1750770769.452832,0,0,5510,240,1155
1750770769.652812,0,0,5140,285,1295
1750770769.857266,0,0,5580,355,1080
1750770770.069697,0,0,5400,300,1345
1750770770.260172,0,0,5740,290,1315
1750770770.459637,0,0,5225,290,1215
1750770770.66409,0,0,4970,250,1245
1750770770.865552,0,0,4720,260,1270
1750770771.064532,0,0,2925,305,1125
1750770771.272968,0,0,2165,215,1280
1750770771.471637,0,0,3205,255,1140
1750770771.679139,0,0,3740,240,1175
1750770771.871782,0,0,3280,260,1195
1750770772.075875,0,0,4500,250,1230
1750770772.276848,0,0,4975,170,1295
1750770772.478817,0,0,4540,200,1115
1750770772.675718,0,0,4310,205,1100
1750770773.079097,0,0,4610,230,1110
1750770773.278037,0,0,4600,210,1190
1750770773.479892,0,0,4505,205,1230
1750770773.676211,0,0,4630,185,1245
1750770773.879674,0,0,4690,235,1310
1750770774.079248,0,0,4620,220,1120
1750770774.279712,0,0,4895,200,1165
1750770774.480176,0,0,4850,245,1225
1750770774.680656,0,0,4650,235,1150
1750770774.882635,0,0,4735,275,1120
1750770775.086107,0,0,4610,255,1035
1750770775.285231,0,0,4460,250,1130
1750770775.487333,0,0,4720,245,1070
1750770775.687795,0,0,4935,265,1120
1750770775.891011,0,0,5215,335,1155
1750770776.090412,0,0,4850,270,1125
1750770776.292754,0,0,4605,160,1220
1750770776.491308,0,0,4950,205,1065
1750770776.692465,0,0,4680,170,1095
1750770776.894911,0,0,4410,170,1165
1750770777.093138,0,0,4390,195,1215
1750770777.298634,0,0,4570,255,1100
1750770777.496987,0,0,4500,215,1195
1750770777.697972,0,0,4850,220,1120
1750770777.898456,0,0,4640,245,1280
1750770778.09967,0,0,4350,160,1245
1750770778.301217,0,0,4690,215,1130
1750770778.50148,0,0,4790,215,1165
1750770778.704258,0,0,4555,265,1225
1750770778.905091,0,0,4605,170,1205
1750770779.106255,0,0,4635,200,1265
1750770779.305899,0,0,4695,220,1260
1750770779.508999,0,0,4595,240,1140
1750770779.708053,0,0,4850,155,1085
1750770779.90902,0,0,4855,160,1185
1750770780.113678,0,0,4615,185,1140
1750770780.311001,0,0,4635,200,1235
1750770780.511952,0,0,4715,225,1095
1750770780.713543,0,0,4730,205,1100
1750770780.913249,0,0,4820,255,1230
1750770781.113086,0,0,4695,285,1120
1750770781.315648,0,0,4965,250,1205
1750770781.516022,0,0,5005,225,1205
1750770781.715214,0,0,4295,165,1170
1750770781.916538,0,0,2800,235,1095
1750770782.118799,0,0,3290,250,1305
1750770782.31853,0,0,4510,225,1220
1750770782.523079,0,0,4810,200,1195
1750770782.720679,0,0,2365,220,1220
1750770782.921076,0,0,1310,230,1400
1750770783.122123,0,0,1610,230,1190
1750770783.322764,0,0,2060,255,1125
1750770783.522457,0,0,4135,250,1145
1750770783.728015,0,0,5190,275,1095
1750770783.925397,0,0,5340,285,1115
1750770784.124608,0,0,5180,315,1100
1750770784.32571,0,0,5270,230,1130
1750770784.528401,0,0,5740,295,1130
1750770784.728091,0,0,5655,255,1135
1750770784.932901,0,0,5475,265,1095
1750770785.130911,0,0,5055,305,1120
1750770785.333467,0,0,5285,330,1255
1750770785.532331,0,0,5215,355,1235
1750770785.736212,0,0,5725,350,1075
1750770785.938798,0,0,5695,365,1235
1750770786.138508,0,0,5535,250,1270
1750770786.336804,0,0,5400,295,1325
1750770786.536768,0,0,5415,235,1150
1750770786.737053,0,0,5290,360,1140
1750770786.937819,0,0,5490,295,1085
1750770787.139565,0,0,5680,335,1225
1750770787.342297,0,0,5675,265,1060
1750770787.545415,0,0,5225,240,1145
1750770787.744099,0,0,5520,320,1125
1750770787.945885,0,0,5510,325,1150
1750770788.146185,0,0,5240,360,1240
1750770788.347538,0,0,5255,275,1100
1750770788.550609,0,0,5635,250,1015
1750770788.752353,0,0,5695,275,1240
1750770788.951555,0,0,5385,305,1275
1750770789.152883,0,0,5155,235,1105
1750770789.354581,0,0,5275,225,1350
1750770789.554427,0,0,4840,215,1100
1750770789.761365,0,0,5250,310,1185
1750770789.964149,0,0,5590,225,1180
1750770790.162132,0,0,5245,350,1250
1750770790.360406,0,0,5490,245,1150
1750770790.562425,0,0,5540,250,1155
1750770790.764701,0,0,5100,225,1300
1750770790.969803,0,0,5425,255,1020
1750770791.173678,0,0,5690,355,1325
1750770791.371593,0,0,5275,295,1055
1750770791.57672,0,0,5400,335,1195
1750770791.776274,0,0,5025,255,1195
1750770791.97849,0,0,5290,290,1100
1750770792.179497,0,0,5220,210,1155
1750770792.575164,0,0,5400,225,1285
1750770792.774716,0,0,5345,325,1205
1750770792.974118,0,0,5160,310,1095
1750770793.176957,0,0,5250,250,1230
1750770793.378085,0,0,5255,305,1230
1750770793.581869,0,0,5770,355,1200
1750770793.780661,0,0,5455,235,1025
1750770793.981493,0,0,5455,210,1280
1750770794.181278,0,0,5240,260,1160
1750770794.383245,0,0,5345,240,1160
1750770794.583375,0,0,5465,250,1290
1750770794.785586,0,0,5675,300,1290
1750770794.986809,0,0,5365,265,1165
1750770795.185778,0,0,5495,350,1280
1750770795.389001,0,0,5275,255,1180
1750770795.588133,0,0,5340,230,1230
1750770795.789789,0,0,5950,295,1245
1750770795.991058,0,0,5195,355,1175
1750770796.193714,0,0,5290,240,1290
1750770796.394765,0,0,5395,335,1240
1750770796.595588,0,0,5240,265,1060
1750770796.797653,0,0,5330,310,1100
1750770796.996669,0,0,5280,180,1215
1750770797.197485,0,0,5545,255,1060
1750770797.402214,0,0,5895,265,1165
1750770797.603204,0,0,5395,270,1065
1750770797.804996,0,0,5545,325,1120
1750770798.00393,0,0,5335,265,1225
1750770798.206204,0,0,5600,275,1165
1750770798.406453,0,0,5310,235,1255
1750770798.611483,0,0,5785,345,1190
1750770798.809113,0,0,5360,250,1290
1750770799.011318,0,0,5110,295,1240
1750770799.211499,0,0,5315,275,1110
1750770799.413362,0,0,5395,250,1205
1750770799.614396,0,0,5260,305,1285
1750770799.816054,0,0,5085,240,1125
1750770800.019984,0,0,5020,250,1085
1750770800.228153,0,0,5105,275,1190
1750770800.419318,0,0,5215,300,1210
1750770800.620798,0,0,5685,310,1180
1750770800.82025,0,0,5190,315,995
1750770801.020395,0,0,5355,295,1180
1750770801.222442,0,0,5100,340,1100
1750770801.421946,0,0,4855,290,1105
1750770801.623407,0,0,4955,325,1080
1750770801.824664,0,0,5180,220,1130
1750770802.026123,0,0,5135,270,1150
1750770802.229091,0,0,4965,195,1205
1750770802.432547,0,0,5225,270,1155
1750770802.629022,0,0,4995,280,1155
1750770802.829575,0,0,5010,240,1120
1750770803.030809,0,0,4980,285,1125
1750770803.233795,0,0,4865,310,1095
1750770803.434064,0,0,4675,330,1210
1750770803.636082,0,0,4395,280,1145
1750770803.835085,0,0,3210,270,1065
1750770804.038135,0,0,1515,285,1055
1750770804.237602,0,0,1625,260,1100
1750770804.437068,0,0,1380,260,1140
1750770804.642361,0,0,1275,220,1155
1750770804.8414,0,0,780,225,1185
1750770805.043725,0,0,770,175,1145
1750770805.24465,0,0,825,215,1135
1750770805.446226,0,0,1130,215,1160
1750770805.645461,0,0,1275,220,1095
1750770805.845414,0,0,1500,225,1220
1750770806.049,0,0,1265,160,1095
1750770806.252813,0,0,4310,295,1170
1750770806.451074,0,0,5015,255,1155
1750770806.651006,0,0,4775,240,1230
1750770806.850135,0,0,4790,225,1170
1750770807.050989,0,0,5210,260,1045
1750770807.251696,0,0,5095,260,1080
1750770807.456812,0,0,4690,275,1075
1750770807.654897,0,0,4190,300,1115
1750770807.854154,0,0,4170,285,1300
1750770808.055686,0,0,4370,235,1045
1750770808.256814,0,0,4660,315,1125
1750770808.462834,0,0,4635,330,1140
1750770808.662271,0,0,5405,275,1240
1750770808.864025,0,0,4575,275,1145
1750770809.063099,0,0,2665,340,1105
1750770809.26566,0,0,1305,305,1190
1750770809.470768,0,0,1220,265,1115
1750770809.670794,0,0,1855,255,1105
1750770809.866907,0,0,4170,190,985
1750770810.07412,0,0,4660,200,1235
1750770810.276843,0,0,4830,300,1165
1750770810.471549,0,0,2580,270,1030
1750770810.870715,0,0,1170,230,1145
1750770810.870715,0,0,1170,230,1145
1750770811.272192,0,0,3705,215,1215
1750770811.473404,0,0,4270,155,1145
1750770811.67358,0,0,4510,255,1080
1750770811.874044,0,0,4370,235,1210
1750770812.07553,0,0,4505,190,1060
1750770812.276636,0,0,4735,265,1175
1750770812.477068,0,0,4630,250,1140
1750770812.676271,0,0,4855,210,990
1750770812.878623,0,0,38420,138710,640
1750770813.084987,0,0,125810,452980,1110
1750770813.287269,0,0,146275,539370,1265
1750770813.490156,0,0,138665,536750,1040
1750770813.689563,0,0,137005,537640,1195
1750770813.89131,0,0,157145,587645,1155
1750770814.090839,0,0,154700,561795,1165
1750770814.293023,0,0,175790,647740,1140
1750770814.496077,0,0,161450,624550,1155
1750770814.69724,0,0,159515,620245,1245
1750770814.899275,0,0,155810,590835,1145
1750770815.094797,0,0,125980,473600,1230
1750770815.29704,0,0,124865,474725,1220
1750770815.502286,0,0,202795,787465,1075
1750770815.702933,0,0,168985,667520,1080
1750770815.903669,0,0,184940,717355,1090
1750770816.106708,0,0,182000,671545,1260
1750770816.302823,0,0,149200,553130,1180
1750770816.506401,0,0,189350,734775,1395
1750770816.702992,0,0,118690,463445,1445
1750770816.900268,0,0,55725,198210,1245
1750770817.112241,0,0,164775,600805,1280
1750770817.310661,0,0,172760,648890,1170
1750770817.513251,0,0,193825,743485,1135
1750770817.711657,0,0,126135,489510,1155
1750770817.91156,0,0,129345,478210,1250
1750770818.117851,0,0,138195,512565,1095
1750770818.318942,0,0,125250,479320,1155
1750770818.515151,0,0,122450,480270,1165
1750770818.71649,0,0,126335,483115,1200
1750770818.916091,0,0,120525,447230,1075
1750770819.119948,0,0,136285,499610,1200
1750770819.318779,0,0,144390,542525,1220
1750770819.522706,0,0,140860,546150,1130
1750770819.721013,0,0,137555,534835,990
1750770819.92321,0,0,154600,572980,1150
1750770820.122641,0,0,154460,563290,1140
1750770820.324675,0,0,174480,657040,1140
1750770820.526775,0,0,161335,629715,1025
1750770820.728386,0,0,148990,580485,1100
1750770820.925938,0,0,162015,608540,1225
1750770821.128001,0,0,168860,616540,1140
1750770821.330083,0,0,156690,590010,1090
1750770821.528497,0,0,143885,548745,1045
1750770821.732088,0,0,140700,546255,1185
1750770821.93864,0,0,147680,554765,1070
1750770822.133426,0,0,171590,634035,1210
1750770822.332132,0,0,143850,546830,1145
1750770822.534572,0,0,144145,572400,1115
1750770822.737753,0,0,148070,582000,1120
1750770822.937056,0,0,145465,543310,1210
1750770823.138543,0,0,141750,519350,1205
1750770823.338827,0,0,131480,499510,1185
1750770823.53733,0,0,136030,526360,1150
1750770823.73722,0,0,121905,468525,1155
1750770823.939279,0,0,136780,496660,1195
1750770824.141224,0,0,138575,498490,1255
1750770824.343943,0,0,135710,506390,1145
1750770824.542759,0,0,129580,502010,1200
1750770824.745664,0,0,128755,499730,1230
1750770824.944107,0,0,140035,518215,985
1750770825.146576,0,0,148550,545725,1240
1750770825.345318,0,0,139140,524455,1175
1750770825.552055,0,0,131155,511440,1265
1750770825.749846,0,0,150265,583325,1290
1750770825.950871,0,0,144605,541170,1135
1750770826.151613,0,0,151615,561890,1075
1750770826.351151,0,0,138425,525310,1035
1750770826.556097,0,0,159035,624620,1040
1750770826.75435,0,0,154190,597290,1235
1750770826.953702,0,0,145035,531535,1115
1750770827.156164,0,0,142880,522505,1225
1750770827.358297,0,0,129635,500775,1150
1750770827.558995,0,0,130865,519705,1285
1750770827.76678,0,0,134140,519000,1175
1750770827.961923,0,0,140720,524600,1295
1750770828.162078,0,0,141225,512495,1205
1750770828.364358,0,0,137425,520680,1130
1750770828.564868,0,0,137325,539825,1150
1750770828.767306,0,0,137985,531105,1215
1750770828.976159,0,0,162390,608905,1100
1750770829.171921,0,0,158740,577580,1015
1750770829.373343,0,0,143505,535445,1195
1750770829.573854,0,0,156475,602990,1245
1750770829.775084,0,0,161380,615885,1280
1750770830.177201,0,0,169780,611975,1090
1750770830.177201,0,0,169780,611975,1090
1750770830.577878,0,0,153665,594370,990
1750770830.778114,0,0,153725,594635,1280
1750770830.978776,0,0,160255,591300,1160
1750770831.180296,0,0,184905,671710,1260
1750770831.381174,0,0,163420,624280,1300
1750770831.587072,0,0,173860,670480,1240
1750770831.789115,0,0,165385,635000,1530
1750770831.986061,0,0,174970,637105,1525
1750770832.186097,0,0,157615,567860,16165
1750770832.383158,0,0,104640,384630,18675
1750770832.587837,0,0,120500,463775,18380
1750770832.788265,0,0,137695,530100,17885
1750770832.993016,0,0,154075,566800,18310
1750770833.1902,0,0,154975,567105,18330
1750770833.391818,0,0,143425,539605,18640
1750770833.591058,0,0,135260,524555,18485
1750770833.791821,0,0,135200,515180,17465
1750770833.99517,0,0,140765,511900,18255
1750770834.193297,0,0,151725,547560,18370
1750770834.39479,0,0,146170,553425,18065
1750770834.596305,0,0,143870,549840,19030
1750770834.799496,0,0,188580,717405,18315
1750770835.000966,0,0,199560,721980,18130
1750770835.203368,0,0,197180,711520,18060
1750770835.403821,0,0,185075,697105,17520
1750770835.603185,0,0,184125,718015,19700
1750770835.805788,0,0,195245,748160,18410
1750770836.007129,0,0,228580,840095,19210
1750770836.212813,0,0,259075,941285,20360
1750770836.417977,0,0,252565,964450,21540
1750770836.613105,0,0,218250,854485,19460
1750770836.813755,0,0,233780,882020,20670
1750770837.013157,0,0,224865,805295,18985
1750770837.215761,0,0,225260,825470,19325
1750770837.416314,0,0,218405,832330,17470
1750770837.619668,0,0,218950,838340,17685
1750770837.818038,0,0,222015,835310,17650
1750770838.018873,0,0,228770,823295,17375
1750770838.221282,0,0,223320,816515,19765
1750770838.419855,0,0,216940,829675,16670
1750770838.622309,0,0,222250,848710,18160
1750770838.825942,0,0,220600,823680,17780
1750770839.02848,0,0,236070,834755,17065
1750770839.225468,0,0,224550,825895,17765
1750770839.428599,0,0,212675,816425,21270
1750770839.626872,0,0,196260,756200,18580
1750770839.830553,0,0,206175,779945,18130
1750770840.032669,0,0,227570,826375,17955
1750770840.235016,0,0,228375,835895,18700
1750770840.435285,0,0,218400,831305,18500
1750770840.636467,0,0,216390,832760,18445
1750770840.837448,0,0,216315,807760,18920
1750770841.03714,0,0,231090,828435,11760
1750770841.241936,0,0,229475,836850,30790
1750770841.469846,0,0,220890,839595,34780
1750770841.640606,0,0,218885,847075,33615
1750770841.843921,0,0,224820,836635,33815
1750770842.04363,0,0,231435,835015,33125
1750770842.24569,0,0,227515,839590,34930
1750770842.444377,0,0,196710,753580,34275
1750770842.643646,0,0,203190,776725,33560
1750770842.848777,0,0,201010,755640,34685
1750770843.049318,0,0,217145,776575,35130
1750770843.250844,0,0,204425,749415,34420
1750770843.448316,0,0,202870,776990,34225
1750770843.648779,0,0,199650,772095,33120
1750770843.848245,0,0,192100,726085,34405
1750770844.058684,0,0,223815,811540,34085
1750770844.254099,0,0,222025,816840,33650
1750770844.456044,0,0,213300,816285,34315
1750770844.655878,0,0,212415,811405,33935
1750770844.858473,0,0,229820,849585,34315
1750770845.059466,0,0,229650,823320,33690
1750770845.25809,0,0,189160,706300,33145
1750770845.459079,0,0,213280,821085,33840
1750770845.662766,0,0,215700,821145,33825
1750770845.863884,0,0,232665,855845,28285
1750770846.06332,0,0,238290,853425,1095
1750770846.269242,0,0,234660,857045,1105
1750770846.464619,0,0,221955,835280,1130
1750770846.664818,0,0,212915,818510,1115
1750770846.865466,0,0,200020,751555,1015
1750770847.06664,0,0,215240,767670,1045
1750770847.270267,0,0,216900,785050,1065
1750770847.475062,0,0,205045,776570,1110
1750770847.675709,0,0,205430,792715,1185
1750770847.872195,0,0,198740,756530,1010
1750770848.070665,0,0,208690,769290,1055
1750770848.276115,0,0,206765,765475,1255
1750770848.479571,0,0,196100,753030,1000
1750770848.67804,0,0,192470,745415,1175
1750770848.873028,0,0,193470,734700,1050
1750770849.079475,0,0,209805,768645,1200
1750770849.475025,0,0,172450,651535,1300
1750770849.475025,0,0,172450,651535,1300
1750770849.676928,0,0,143490,549140,1045
1750770849.880994,0,0,194795,735155,1115
1750770850.281646,0,0,193690,734335,1190
1750770850.481827,0,0,200695,783375,1115
1750770850.686279,0,0,206485,800935,1135
1750770850.887741,0,0,215395,813575,1110
1750770851.088889,0,0,219905,796195,1065
1750770851.290055,0,0,220800,807060,985
1750770851.488049,0,0,203205,767475,975
1750770851.689557,0,0,215280,817315,1175
1750770851.891832,0,0,218450,806790,1150
1750770852.09313,0,0,225130,805035,1145
1750770852.291222,0,0,228095,825925,1270
1750770852.495097,0,0,222885,830095,1085
1750770852.69227,0,0,222870,845365,1205
1750770852.896354,0,0,224565,841190,1225
1750770853.095039,0,0,237445,852380,1140
1750770853.297682,0,0,234940,861610,1175
1750770853.499058,0,0,223675,853830,1160
1750770853.701204,0,0,216270,826160,1180
1750770853.901418,0,0,224715,846695,1105
1750770854.100215,0,0,240810,866255,1120
1750770854.300512,0,0,233700,851810,1145
1750770854.501767,0,0,227560,868915,1255
1750770854.701709,0,0,220705,847610,1125
1750770854.907075,0,0,219760,825170,1140
1750770855.10267,0,0,226645,820740,1145
1750770855.304867,0,0,215355,801770,1265
1750770855.504512,0,0,205960,786530,1305
1750770855.705606,0,0,193140,756420,1185
1750770855.911384,0,0,222715,830710,1250
1750770856.106149,0,0,209830,756355,1165
1750770856.311092,0,0,225350,825635,1225
1750770856.511496,0,0,225615,867755,1280
1750770856.715314,0,0,236805,894185,1175
1750770856.915072,0,0,242280,873340,1170
1750770857.116779,0,0,246240,880425,1200
1750770857.316462,0,0,226285,848815,1105
1750770857.519583,0,0,216780,813365,1165
1750770857.719115,0,0,222260,834910,1195
1750770857.919049,0,0,215190,783520,1235
1750770858.12022,0,0,216575,788320,1200
1750770858.319018,0,0,216740,815115,1300
1750770858.519842,0,0,199910,772980,1225
1750770858.72512,0,0,216105,840100,930
1750770858.923132,0,0,230125,837625,1075
1750770859.122351,0,0,220935,809845,1145
1750770859.324314,0,0,189875,728995,1125
1750770859.524839,0,0,162325,634155,1125
1750770859.722884,0,0,148920,571330,1100
1750770859.925498,0,0,157155,562510,1070
1750770860.12768,0,0,173350,612715,1090
1750770860.330881,0,0,192135,717540,1095
1750770860.530961,0,0,171790,648715,1085
1750770860.743441,0,0,212925,810485,1135
1750770860.9346,0,0,223350,809910,1125
1750770861.140567,0,0,205025,740370,1045
1750770861.339599,0,0,173645,646315,1020
1750770861.535572,0,0,156290,594645,1160
1750770861.740203,0,0,191070,722215,1175
1750770861.945293,0,0,216110,786330,1195
1750770862.143374,0,0,221250,794085,1215
1750770862.34676,0,0,211400,777565,1140
1750770862.547392,0,0,203185,773355,1260
1750770862.746148,0,0,190510,717265,1150
1750770862.945979,0,0,196435,718360,895
1750770863.146124,0,0,181140,652285,1085
1750770863.348143,0,0,202000,751310,1125
1750770863.551604,0,0,202415,776095,1135
1750770863.75337,0,0,207805,782315,1215
1750770863.955084,0,0,216125,787065,1060
1750770864.153136,0,0,213375,771280,1145
1750770864.35364,0,0,215835,801855,1320
1750770864.555014,0,0,215480,819070,1060
1750770864.757815,0,0,219975,842730,1200
1750770864.961624,0,0,236550,864875,1225
1750770865.158049,0,0,233445,834840,1155
1750770865.358046,0,0,195975,743715,1215
1750770865.560479,0,0,204020,780655,1120
1750770865.759002,0,0,188405,713815,1170
1750770865.962095,0,0,195720,710835,1140
1750770866.162051,0,0,189790,676810,1120
1750770866.361867,0,0,178695,673700,1180
1750770866.561334,0,0,155470,591105,1215
1750770866.760554,0,0,158240,606230,1160
1750770866.963615,0,0,182045,659225,1235
1750770867.170423,0,0,191960,704130,1150
1750770867.372294,0,0,198895,772690,1300
1750770867.568101,0,0,209310,816515,1175
1750770867.773313,0,0,208345,799675,1150
1750770867.977116,0,0,222115,811165,1105
1750770868.176682,0,0,228440,815215,1185
1750770868.376093,0,0,218035,817685,1125
1750770868.572552,0,0,209015,808680,1310
1750770868.775126,0,0,211115,803110,1095
1750770869.177196,0,0,223390,806750,1170
1750770869.377145,0,0,206905,781450,1135
1750770869.57726,0,0,180480,690430,1110
1750770869.780482,0,0,191155,738195,1100
1750770869.985922,0,0,218655,799240,1115
1750770870.180979,0,0,223585,804495,1385
1750770870.379756,0,0,207350,771800,1115
1750770870.581223,0,0,178085,686655,1130
1750770870.781097,0,0,188985,723680,1180
1750770870.984961,0,0,208335,754715,1225
1750770871.184372,0,0,229155,826250,1120
1750770871.386904,0,0,224220,842895,1090
1750770871.587939,0,0,213750,826840,1175
1750770871.790964,0,0,213560,814155,1135
1750770871.987128,0,0,200670,734780,1150
1750770872.187908,0,0,186850,684005,1170
1750770872.398865,0,0,152980,583230,1125
1750770872.596633,0,0,171295,666355,1165
1750770872.797587,0,0,185665,705405,1250
1750770872.997168,0,0,188170,678330,1220
1750770873.199238,0,0,180160,648900,1145
1750770873.400277,0,0,168410,632335,1165
1750770873.60111,0,0,162755,636840,1090
1750770873.80127,0,0,164000,632005,990
1750770874.001857,0,0,186055,684805,1165
1750770874.203667,0,0,185080,677800,1150
1750770874.402469,0,0,169910,629705,1065
1750770874.605635,0,0,187765,720695,1080
1750770874.811513,0,0,216885,826630,1315
1750770875.010155,0,0,235150,847815,1225
1750770875.212427,0,0,196315,730430,1240
1750770875.413904,0,0,188350,721275,1145
1750770875.617225,0,0,182635,696815,1185
1750770875.816603,0,0,198785,731120,1155
1750770876.018149,0,0,190510,675420,1175
1750770876.216751,0,0,180135,648995,1075
1750770876.417801,0,0,189045,719990,1120
1750770876.616067,0,0,166295,630105,1210
1750770876.815359,0,0,155575,584485,965
1750770877.019005,0,0,156125,581230,1215
1750770877.222063,0,0,171360,645975,1185
1750770877.420438,0,0,165590,641340,1135
1750770877.62143,0,0,168065,656130,1090
1750770877.824402,0,0,186130,703315,1025
1750770878.027677,0,0,209490,765825,1260
1750770878.225636,0,0,199930,738680,1065
1750770878.430867,0,0,182685,694265,1225
1750770878.628682,0,0,182800,701270,1485
1750770878.826945,0,0,180895,689040,1470
1750770879.032919,0,0,192715,685500,1805
1750770879.227393,0,0,165000,590665,6275
1750770879.432066,0,0,121265,455520,9265
1750770879.632483,0,0,190495,749135,9270
1750770879.83229,0,0,203835,776175,8860
1750770880.033832,0,0,206205,742875,9045
1750770880.234296,0,0,185605,679750,9130
1750770880.43429,0,0,177340,670895,9030
1750770880.636748,0,0,190835,732890,9185
1750770880.842199,0,0,198855,738430,9150
1750770881.040668,0,0,209185,748340,9210
1750770881.246118,0,0,213370,777880,8695
1750770881.442294,0,0,203215,776415,9245
1750770881.646174,0,0,204770,782695,8790
1750770881.843432,0,0,196960,730145,8875
1750770882.046973,0,0,217110,768100,9200
1750770882.245621,0,0,208705,756520,8890
1750770882.445087,0,0,189650,720725,9005
1750770882.645959,0,0,189650,729975,8980
1750770882.846423,0,0,197145,738425,9635
1750770883.049421,0,0,202005,730745,9385
1750770883.254129,0,0,222250,816365,8685
1750770883.449996,0,0,208315,787600,8950
1750770883.65263,0,0,207770,792260,8520
1750770883.851698,0,0,188805,703670,9070
1750770884.054087,0,0,196705,709820,9165
1750770884.254378,0,0,187490,682990,8925
1750770884.46072,0,0,171590,656845,9150
1750770884.658073,0,0,188560,722190,9240
1750770884.85884,0,0,203445,757440,8925
1750770885.05936,0,0,207670,737205,9560
1750770885.261056,0,0,208630,765215,8880
1750770885.464596,0,0,210600,795080,8410
1750770885.668201,0,0,207100,795090,8820
1750770885.862026,0,0,201495,740410,8840
1750770886.064183,0,0,210460,747580,9310
1750770886.265435,0,0,208110,761175,9135
1750770886.46877,0,0,198215,758225,9065
1750770886.667155,0,0,189710,729280,8995
1750770886.869286,0,0,188410,702165,9125
1750770887.068375,0,0,186365,666890,8930
1750770887.277552,0,0,184855,686675,9105
1750770887.476562,0,0,195210,745705,8600
1750770887.677569,0,0,203355,777445,9300
1750770887.878467,0,0,220890,826805,8830
1750770888.079445,0,0,219795,784735,9560
1750770888.276548,0,0,219790,804240,9125
1750770888.477448,0,0,203480,784875,9130
1750770888.876872,0,0,183555,692395,9605
1750770889.079878,0,0,190610,681440,9200
1750770889.283862,0,0,193545,702975,9330
1750770889.483556,0,0,194415,745160,8710
1750770889.679756,0,0,164400,629200,9540
1750770889.881183,0,0,188520,712035,8985
1750770890.083408,0,0,204710,740400,9325
1750770890.284595,0,0,194570,717900,9370
1750770890.486266,0,0,194200,750345,9275
1750770890.689316,0,0,183390,703425,9190
1750770890.886577,0,0,175880,650645,9215
1750770891.086997,0,0,189505,671895,9395
1750770891.286852,0,0,200565,733655,9145
1750770891.490092,0,0,189350,727505,9290
1750770891.6899,0,0,176645,681180,9275
1750770891.894025,0,0,199035,738090,9315
1750770892.092691,0,0,204755,741300,8995
1750770892.29627,0,0,203675,763535,8750
1750770892.497878,0,0,175240,684235,9475
1750770892.697957,0,0,145495,566440,9410
1750770892.900869,0,0,167350,621330,8930
1750770893.102094,0,0,174730,632700,9245
1750770893.298357,0,0,176955,662560,9140
1750770893.500639,0,0,182530,713110,8980
1750770893.702077,0,0,177690,686770,9405
1750770893.904478,0,0,196605,743205,9090
1750770894.103785,0,0,195805,717970,8680
1750770894.307979,0,0,180715,676930,8845
1750770894.507415,0,0,178570,696655,9100
1750770894.707131,0,0,192665,759200,9330
1750770894.90877,0,0,219105,812235,9805
1750770895.112281,0,0,221185,800480,10250
1750770895.311306,0,0,211575,799595,9680
1750770895.511815,0,0,197080,770545,9565
1750770895.71613,0,0,205170,784535,9620
1750770895.915111,0,0,219170,802535,9600
1750770896.114958,0,0,215900,798920,9110
1750770896.314578,0,0,199110,755760,8790
1750770896.515316,0,0,194655,739840,8870
1750770896.7161,0,0,192475,726885,9245
1750770896.917963,0,0,185220,669765,9040
1750770897.11546,0,0,171050,627015,9385
1750770897.318088,0,0,181880,697290,8845
1750770897.520137,0,0,178030,686070,9155
1750770897.72026,0,0,183350,692590,9000
1750770897.920919,0,0,184420,674445,8850
1750770898.125738,0,0,167840,625125,8950
1750770898.324235,0,0,178805,678540,9145
1750770898.525229,0,0,178340,687110,8420
1750770898.725703,0,0,194450,747565,9345
1750770898.925124,0,0,171335,625850,9030
1750770899.12658,0,0,184020,668790,8760
1750770899.329931,0,0,182865,685165,8915
1750770899.530175,0,0,191225,736780,8595
1750770899.732114,0,0,192235,722510,8940
1750770899.931067,0,0,193560,698035,9330
1750770900.131918,0,0,182395,663330,8465
1750770900.334987,0,0,166815,631080,8940
1750770900.531187,0,0,149190,577235,9070
1750770900.735101,0,0,170365,640540,9460
1750770900.935515,0,0,168640,611290,9065
1750770901.136107,0,0,188840,681680,9500
1750770901.339561,0,0,182860,693235,8845
1750770901.541581,0,0,194835,753580,9095
1750770901.743803,0,0,171715,644350,9220
1750770901.94192,0,0,182915,667000,9190
1750770902.144145,0,0,186660,669460,9140
1750770902.343513,0,0,175220,654785,9425
1750770902.545362,0,0,178315,683840,9255
1750770902.747827,0,0,194900,746920,8925
1750770902.951759,0,0,205825,738455,9535
1750770903.155237,0,0,200615,728640,8575
1750770903.349918,0,0,198160,739280,9000
1750770903.555536,0,0,205020,798585,9255
1750770903.754356,0,0,210160,793350,9350
1750770903.953246,0,0,200095,728780,8950
1750770904.155888,0,0,195525,707445,9030
1750770904.359733,0,0,202005,763500,9225
1750770904.556433,0,0,207450,795625,9170
1750770904.759101,0,0,209925,792375,9330
1750770904.96117,0,0,223215,800325,8995
1750770905.158532,0,0,216840,775335,9000
1750770905.368986,0,0,211455,798945,8610
1750770905.5689,0,0,207655,788670,9155
1750770905.762544,0,0,209755,800340,8915
1750770905.967994,0,0,218970,795165,8560
1750770906.169727,0,0,229860,830885,8695
1750770906.367718,0,0,199965,759335,9280
1750770906.571896,0,0,202640,783595,9405
1750770906.77747,0,0,215545,813725,9420
1750770906.97779,0,0,225575,811705,8785
1750770907.173822,0,0,220675,801125,8895
1750770907.37793,0,0,213245,796855,8910
1750770907.577422,0,0,203115,770915,8695
1750770907.77789,0,0,205715,779790,8900
1750770907.982532,0,0,227855,826985,9065
1750770908.38025,0,0,217420,803000,9045
1750770908.582963,0,0,209750,809400,9085
1750770908.781295,0,0,207730,797165,9190
1750770908.984187,0,0,224695,813050,8940
1750770909.185625,0,0,215125,778790,9105
1750770909.383993,0,0,199795,753565,9070
1750770909.584966,0,0,207685,791100,9155
1750770909.786858,0,0,219515,820035,8975
1750770909.987002,0,0,230105,829030,9075
1750770910.189238,0,0,227355,827260,9290
1750770910.392219,0,0,211270,792930,8660
1750770910.590545,0,0,193965,739030,9140
1750770910.791966,0,0,190445,719945,8985
1750770910.992975,0,0,209710,758765,8715
1750770911.193062,0,0,205530,741335,8800
1750770911.396555,0,0,194730,722780,9250
1750770911.594277,0,0,206720,797050,9090
1750770911.80272,0,0,210710,798235,8830
1750770911.997706,0,0,216255,782555,9130
1750770912.199167,0,0,208020,744125,9055
1750770912.402023,0,0,200370,748525,9230
1750770912.601491,0,0,205045,780290,8460
1750770912.804946,0,0,196805,747230,9165
1750770913.007405,0,0,223785,804015,9045
1750770913.209863,0,0,218405,787475,9440
1750770913.409527,0,0,214420,804925,9500
1750770913.611535,0,0,219290,837410,10275
1750770913.810134,0,0,206085,775095,9540
1750770914.0142,0,0,239690,855130,10280
1750770914.214012,0,0,216355,792610,8815
1750770914.413986,0,0,212280,805115,10830
1750770914.615447,0,0,172665,655650,9270
1750770914.814914,0,0,175435,645640,9130
1750770915.017455,0,0,172595,627590,9110
1750770915.21873,0,0,170615,627205,9625
1750770915.415836,0,0,174325,663605,9495
1750770915.622719,0,0,187695,720565,9275
1750770915.820252,0,0,208555,777160,9310
1750770916.023365,0,0,223760,807350,9425
1750770916.22129,0,0,210570,775930,9135
1750770916.425942,0,0,212450,812280,9655
1750770916.62422,0,0,189220,730030,9355
1750770916.825011,0,0,179400,657395,9400
1750770917.026448,0,0,191650,691455,8600
1750770917.224065,0,0,170355,633535,9090
1750770917.427199,0,0,180030,692125,9710
1750770917.628804,0,0,180920,697280,9200
1750770917.82871,0,0,185750,684495,9775
1750770918.036888,0,0,185060,670580,9620
1750770918.233205,0,0,201225,736785,9040
1750770918.431584,0,0,174965,667075,9075
1750770918.631569,0,0,170185,650860,9160
1750770918.83415,0,0,175495,657265,9130
1750770919.037891,0,0,172980,623005,9005
1750770919.242376,0,0,192095,705765,9215
1750770919.440755,0,0,185715,719670,9690
1750770919.640759,0,0,193730,739345,9675
1750770919.842379,0,0,212875,787440,9470
1750770920.045948,0,0,214290,760390,9270
1750770920.245844,0,0,207475,766475,9390
1750770920.452104,0,0,192460,739195,9250
1750770920.645477,0,0,192310,727290,9005
1750770920.849203,0,0,192215,703425,9595
1750770921.049872,0,0,201400,724960,9005
1750770921.250333,0,0,208005,772915,9185
1750770921.453544,0,0,204345,787230,8985
1750770921.656814,0,0,196665,753470,9220
1750770921.855161,0,0,220935,817045,9320
1750770922.056654,0,0,228795,813720,9085
1750770922.259273,0,0,229315,835800,9245
1750770922.461147,0,0,216440,819080,9320
1750770922.668972,0,0,208795,806140,8995
1750770922.869747,0,0,228600,842670,9240
1750770923.07053,0,0,240065,866715,6320
1750770923.270001,0,0,229685,853105,7560
1750770923.47137,0,0,219695,856000,9120
1750770923.667421,0,0,204115,784800,9185
1750770923.870818,0,0,207880,765735,8495
1750770924.070845,0,0,206500,749675,8710
1750770924.273335,0,0,189865,698465,9525
1750770924.474235,0,0,184410,697965,8715
1750770924.674571,0,0,163655,628230,8800
1750770924.875801,0,0,164070,601190,9595
1750770925.077021,0,0,160885,573445,9155
1750770925.281282,0,0,159895,580105,9640
1750770925.487024,0,0,175995,681850,9260
1750770925.685627,0,0,182960,702650,9170
1750770925.889566,0,0,196660,725845,9175
1750770926.089252,0,0,200740,736940,8755
1750770926.295294,0,0,200085,750265,9005
1750770926.504207,0,0,190705,743070,8975
1750770926.700484,0,0,183200,712330,9090
1750770926.901896,0,0,169555,633615,9200
1750770927.100358,0,0,190970,690600,8900
1750770927.30011,0,0,197145,725015,8905
1750770927.500011,0,0,203945,771570,9055
1750770927.70361,0,0,190155,732810,9330
1750770927.902813,0,0,195990,723380,9235
1750770928.103114,0,0,205440,735445,8625
1750770928.504001,0,0,221950,847025,9075
1750770928.702109,0,0,150685,572445,9290
1750770928.907074,0,0,224930,822250,8730
1750770929.108891,0,0,243835,868645,9230
1750770929.312747,0,0,221610,817935,8985
1750770929.509241,0,0,213635,828250,9105
1750770929.714172,0,0,258990,991425,10280
1750770929.914122,0,0,246580,897435,9065
1750770930.112666,0,0,247615,884120,9655
1750770930.313241,0,0,219475,816755,9220
1750770930.520784,0,0,246590,937615,10075
1750770930.714466,0,0,215325,802300,9380
1750770930.915313,0,0,237360,846960,9715
1750770931.11763,0,0,211775,765365,8660
1750770931.315768,0,0,218175,823875,8935
1750770931.51678,0,0,193640,736625,9410
1750770931.715841,0,0,163585,604600,9130
1750770931.920127,0,0,192645,688345,9485
1750770932.120861,0,0,193250,698905,8775
1750770932.322517,0,0,206430,782635,9030
1750770932.523713,0,0,177200,684200,8780
1750770932.722106,0,0,164940,631340,9325
1750770932.922806,0,0,179795,646375,8955
1750770933.126492,0,0,197720,722250,9250
1750770933.326728,0,0,180655,690800,9175
1750770933.52801,0,0,174980,670730,9095
1750770933.72998,0,0,166065,630785,9370
1750770933.931947,0,0,177230,641435,9080
1750770934.130087,0,0,166615,612825,8945
1750770934.377562,0,0,160685,621875,8895
1750770934.537133,0,0,191060,744700,8835
1750770934.739006,0,0,184010,689535,8935
1750770934.938625,0,0,182340,660010,9380
1750770935.142052,0,0,203395,747240,8720
1750770935.342692,0,0,188320,715605,9300
1750770935.548386,0,0,196890,751580,9040
1750770935.746801,0,0,222465,841325,9340
1750770935.948155,0,0,216140,774150,9040
1750770936.147115,0,0,203390,728055,9460
1750770936.346446,0,0,214040,799155,8885
1750770936.547908,0,0,215045,815840,9035
1750770936.750366,0,0,214735,816340,8845
1750770936.952824,0,0,204525,742515,8625
1750770937.152797,0,0,200745,730850,8695
1750770937.351161,0,0,165635,638790,9170
1750770937.553788,0,0,169880,652660,9510
1750770937.755558,0,0,185635,695280,9560
1750770937.958366,0,0,181380,648735,8700
1750770938.155719,0,0,193770,700035,9585
1750770938.358735,0,0,182680,690205,8360
1750770938.558308,0,0,192570,736320,8940
1750770938.759561,0,0,195870,734460,9345
1750770938.962057,0,0,211465,766400,9165
1750770939.161643,0,0,215975,769540,8895
1750770939.366518,0,0,211450,793400,9235
1750770939.565435,0,0,216175,818545,8890
1750770939.765827,0,0,213120,794060,9370
1750770939.966124,0,0,206905,746865,8660
1750770940.168808,0,0,212820,784415,8860
1750770940.370591,0,0,200795,763425,8660
1750770940.576051,0,0,211920,816770,8770
1750770940.774744,0,0,220060,825420,8585
1750770940.973921,0,0,233970,834980,9100
1750770941.176213,0,0,234540,836880,9090
1750770941.373659,0,0,225025,831325,8780
1750770941.574606,0,0,215850,828495,9105
1750770941.780794,0,0,211930,803275,9340
1750770941.975988,0,0,209735,766730,9335
1750770942.178118,0,0,207415,762255,8750
1750770942.379607,0,0,218800,833540,9100
1750770942.580158,0,0,219650,832540,9255
1750770942.782445,0,0,212455,800460,9170
1750770942.983178,0,0,220675,790915,9265
1750770943.183152,0,0,232360,837110,9195
1750770943.38385,0,0,222315,830545,9195
1750770943.582744,0,0,224935,857030,9000
1750770943.784205,0,0,218785,826065,8600
1750770943.984669,0,0,205415,742910,8570
1750770944.189632,0,0,218950,795515,8845
1750770944.390096,0,0,216925,816110,9345
1750770944.587568,0,0,201515,781865,9185
1750770944.789029,0,0,208350,781960,8405
1750770944.99049,0,0,219895,787945,8710
1750770945.193901,0,0,220695,805495,8805
1750770945.398015,0,0,216005,820995,9070
1750770945.598563,0,0,196055,751270,8955
1750770945.795954,0,0,174545,652820,8990
1750770945.998966,0,0,206740,734370,9020
1750770946.202202,0,0,219475,793570,9035
1750770946.402806,0,0,210080,783645,9295
1750770946.602272,0,0,200720,762345,9205
1750770946.813707,0,0,199165,749185,9160
1750770947.008066,0,0,206925,737635,9260
1750770947.211842,0,0,201575,733375,9025
1750770947.409313,0,0,205365,771095,8725
1750770947.61189,0,0,209850,799565,8980
1750770947.808587,0,0,199875,757800,9060
1750770948.012337,0,0,234975,836910,10460
1750770948.216075,0,0,217125,796875,11155
1750770948.415095,0,0,187310,723950,11185
1750770948.814179,0,0,201110,741010,9240
1750770949.019345,0,0,200985,713690,9010
1750770949.216162,0,0,166695,610090,9140
1750770949.418472,0,0,173205,672465,9135
1750770949.619122,0,0,177455,680425,9220
1750770949.817089,0,0,173005,635440,8845
1750770950.020427,0,0,175270,628900,8815
1750770950.222326,0,0,177465,657155,9115
1750770950.423668,0,0,192510,738680,9100
1750770950.625539,0,0,189645,730445,9125
1750770950.824911,0,0,197290,732430,8725
1750770951.029443,0,0,194690,706000,8850
1750770951.227123,0,0,194820,730985,8950
1750770951.428885,0,0,183915,707140,9260
1750770951.629727,0,0,190255,728185,8930
1750770951.831163,0,0,214300,794000,8865
1750770952.03352,0,0,211795,760015,9070
1750770952.234171,0,0,206435,780310,8895
1750770952.436643,0,0,211900,833830,8950
1750770952.636298,0,0,197910,769970,9305
1750770952.840227,0,0,205350,769255,9350
1750770953.038145,0,0,212950,769245,9140
1750770953.242266,0,0,220800,821245,9560
1750770953.442762,0,0,213285,816595,9425
1750770953.64087,0,0,203365,781230,8580
1750770953.841327,0,0,205640,763650,9130
1750770954.044903,0,0,209620,766365,9200
1750770954.242316,0,0,214785,802340,9265
1750770954.446101,0,0,201815,781885,9480
1750770954.649146,0,0,210030,812940,8950
1750770954.846937,0,0,210310,773825,9045
1750770955.048789,0,0,224115,807385,9035
1750770955.653649,0,0,217485,837855,8565
1750770955.856613,0,0,227635,843990,8885
1750770956.052519,0,0,218805,784665,9390
1750770956.25094,0,0,195615,737090,8815
1750770956.459742,0,0,206895,803525,8585
1750770956.659115,0,0,208190,798765,8980
1750770956.860157,0,0,217920,821690,8920
1750770957.062374,0,0,211300,769520,9285
1750770957.263091,0,0,201290,760920,8830
1750770957.465587,0,0,206420,778745,8625
1750770957.668076,0,0,200120,774400,8820
1750770957.869682,0,0,226880,833015,8930
1750770958.06793,0,0,223755,802635,9225
1750770958.268129,0,0,209460,775975,8975
1750770958.469113,0,0,203845,792120,8895
1750770958.671569,0,0,208280,801145,8970
1750770958.870935,0,0,210520,773525,8520
1750770959.075193,0,0,235135,847110,8720
1750770959.273117,0,0,224615,831360,9160
1750770959.475424,0,0,219290,842285,9090
1750770959.676731,0,0,221855,848380,9045
1750770959.877526,0,0,227110,834825,8735
1750770960.079667,0,0,245740,880025,8865
1750770960.28209,0,0,216360,797570,8770
1750770960.479627,0,0,214325,807285,8465
1750770960.680677,0,0,209715,790555,8285
1750770960.881725,0,0,215350,787515,8765
1750770961.084866,0,0,230025,820915,9275
1750770961.285996,0,0,225455,819665,8945
1750770961.489164,0,0,200945,749005,8785
1750770961.685255,0,0,196860,740345,8620
1750770961.885655,0,0,209715,756695,8320
1750770962.087908,0,0,220790,790520,8930
1750770962.290757,0,0,227385,841835,8830
1750770962.489878,0,0,211865,814580,8550
1750770962.69304,0,0,190365,737660,8575
1750770962.899859,0,0,191825,705135,9505
1750770963.092959,0,0,180025,645355,9130
1750770963.296879,0,0,172510,647380,9085
1750770963.498815,0,0,185175,699900,9085
1750770963.698022,0,0,177280,676205,8700
1750770963.900142,0,0,190565,696240,9205
1750770964.103656,0,0,208760,743970,9085
1750770964.305202,0,0,208605,773200,8915
1750770964.505076,0,0,220795,839380,9260
1750770964.707581,0,0,216290,814035,8980
1750770964.914123,0,0,210510,757675,9005
1750770965.114726,0,0,215465,765980,9275
1750770965.31336,0,0,216215,792755,8810
1750770965.511578,0,0,212290,809645,8755
1750770965.711344,0,0,219610,827415,9495
1750770965.912199,0,0,232915,845050,9920
1750770966.11973,0,0,280900,1011520,11935
1750770966.316023,0,0,204860,784500,9355
1750770966.519334,0,0,193015,743370,9440
1750770966.726606,0,0,193570,725065,8740
1750770967.119812,0,0,209260,766210,9100
1750770967.320093,0,0,199510,756895,9100
1750770967.523029,0,0,196005,747505,9080
1750770967.523029,0,0,196005,747505,9080
1750770967.924868,0,0,202195,715160,8790
1750770967.924868,0,0,202195,715160,8790
1750770968.328792,0,0,212580,805800,9240
1750770968.531901,0,0,213575,812025,8785
1750770968.730227,0,0,199805,746635,9220
1750770968.931018,0,0,189555,681905,8560
1750770969.135065,0,0,184310,671245,9090
1750770969.333163,0,0,181040,687945,9190
1750770969.531731,0,0,163415,619400,9260
1750770969.734206,0,0,191370,710775,9235
1750770969.936737,0,0,218735,787670,8915
1750770970.139368,0,0,227290,819030,8975
1750770970.340113,0,0,193065,734245,9290
1750770970.540113,0,0,206780,787290,8950
1750770970.743625,0,0,214000,802670,9100
1750770970.940514,0,0,216925,786345,8975
1750770971.143979,0,0,191440,706155,9485
1750770971.343862,0,0,191960,736760,9110
1750770971.546661,0,0,209720,796550,9050
1750770971.74583,0,0,213535,789965,8740
1750770971.946978,0,0,210520,751040,9480
1750770972.149139,0,0,233485,830935,8710
1750770972.349583,0,0,216125,814900,8895
1750770972.552669,0,0,213480,809195,8635
1750770972.754257,0,0,201715,750890,8590
1750770972.95604,0,0,216190,767210,8550
1750770973.158243,0,0,214050,773255,8950
1750770973.353814,0,0,172250,658570,9225
1750770973.556323,0,0,176405,675145,8790
1750770973.755759,0,0,188570,711905,9060
1750770973.962034,0,0,214500,771085,8825
1750770974.160144,0,0,225800,811020,8635
1750770974.361292,0,0,210240,794140,8480
1750770974.562191,0,0,202450,776790,8405
1750770974.761479,0,0,214685,809160,9305
1750770974.965933,0,0,217850,788500,8970
1750770975.166397,0,0,170145,624550,9065
1750770975.364866,0,0,156370,597570,9230
1750770975.565329,0,0,178620,673255,9080
1750770975.76679,0,0,203740,755255,8965
1750770975.96817,0,0,212150,763185,9235
1750770976.168634,0,0,202205,731590,8955
1750770976.368101,0,0,191775,727325,8890
1750770976.567566,0,0,202400,775385,9245
1750770976.770025,0,0,209665,779585,8845
1750770976.971001,0,0,224310,804365,8785
1750770977.170467,0,0,201455,732090,9205
1750770977.371927,0,0,199405,779350,8890
1750770977.571901,0,0,197130,760725,8880
1750770977.777093,0,0,198240,751205,9290
1750770977.975214,0,0,219640,784830,9005
1750770978.175678,0,0,202885,733350,8975
1750770978.376013,0,0,186330,700050,9015
1750770978.578471,0,0,188105,712825,9225
1750770978.781927,0,0,210975,798820,9210
1750770978.982391,0,0,231925,819835,9070
1750770979.183361,0,0,226875,830255,9235
1750770979.381939,0,0,217945,823445,8985
1750770979.583401,0,0,228675,868730,8930
1750770979.784861,0,0,226955,851685,9250
1750770979.989797,0,0,238550,848760,9190
1750770980.187269,0,0,215970,787085,9190
1750770980.387733,0,0,215150,820820,9485
1750770980.591188,0,0,217470,836495,8705
1750770980.791652,0,0,216160,810415,9040
1750770980.991482,0,0,220310,782970,8965
1750770981.196414,0,0,235465,854735,9375
1750770981.392887,0,0,219040,836120,8745
1750770981.59692,0,0,212510,817485,8690
1750770981.796421,0,0,220310,826640,8960
1750770981.995888,0,0,230795,824395,8715
1750770982.199414,0,0,221785,810635,9345
1750770982.400873,0,0,201930,777155,8560
1750770982.59695,0,0,187345,732330,8925
1750770982.799264,0,0,203205,754565,8965
1750770983.001522,0,0,209150,749990,8825
1750770983.203068,0,0,194395,711085,8980
1750770983.407792,0,0,182900,712630,8475
1750770983.60963,0,0,163865,637830,9440
1750770983.805098,0,0,159600,610525,9035
1750770984.00924,0,0,173590,628710,8840
1750770984.212567,0,0,174735,658130,8410
1750770984.413397,0,0,178870,692590,9175
1750770984.61394,0,0,176045,682500,9170
1750770984.810983,0,0,195230,741270,9935
1750770985.015274,0,0,215085,779480,10295
1750770985.214472,0,0,201455,747960,9930
1750770985.613303,0,0,171020,656760,9190
1750770985.817664,0,0,197340,721750,8900
1750770986.015981,0,0,216825,780065,8585
1750770986.220341,0,0,205965,768135,9240
1750770986.421753,0,0,200010,775780,8780
1750770986.62092,0,0,188970,721020,8775
1750770986.818996,0,0,173610,628690,8225
1750770987.024057,0,0,208750,754435,8465
1750770987.221749,0,0,195180,726285,8985
1750770987.423007,0,0,187915,714925,9160
1750770987.623801,0,0,188470,716700,8675
1750770987.824597,0,0,205140,742805,8950
1750770988.025061,0,0,211005,757695,9100
1750770988.227598,0,0,205790,775395,9535
1750770988.430056,0,0,214225,828395,8985
1750770988.630254,0,0,200015,757265,9455
1750770988.833222,0,0,201570,739765,8795
1750770989.033018,0,0,217705,784620,8685
1750770989.233541,0,0,199375,752380,9445
1750770989.436589,0,0,204305,784910,8885
1750770989.638029,0,0,199960,764115,9425
1750770989.841568,0,0,217480,796840,8995
1750770990.041303,0,0,221165,801555,8585
1750770990.241229,0,0,212380,796770,9245
1750770990.44204,0,0,217620,833485,9110
1750770990.642876,0,0,210020,795410,8660
1750770990.842623,0,0,217275,798430,9455
1750770991.046771,0,0,215675,779100,9470
1750770991.24743,0,0,213605,795570,9835
1750770991.448603,0,0,232205,887510,8765
1750770991.648248,0,0,216925,818670,9245
1750770991.84973,0,0,227570,831155,8865
1750770992.049133,0,0,208730,753230,9080
1750770992.253282,0,0,215990,802175,8840
1750770992.450441,0,0,213355,821210,9045
1750770992.65409,0,0,219045,832755,9030
1750770992.855764,0,0,230575,828965,8665
1750770993.055986,0,0,221505,793520,8905
1750770993.254569,0,0,223200,832920,9015
1750770993.459593,0,0,208635,804295,9155
1750770993.656223,0,0,199595,763960,8715
1750770993.859318,0,0,215810,785165,8805
1750770994.059009,0,0,196145,711075,9085
1750770994.26021,0,0,209470,772870,8995
1750770994.459556,0,0,195325,758295,8810
1750770994.669885,0,0,192360,730995,8940
1750770994.862822,0,0,194975,714610,9175
1750770995.065047,0,0,201185,732260,8690
1750770995.264665,0,0,203760,758870,9025
1750770995.465655,0,0,186360,715615,9410
1750770995.665698,0,0,197565,751530,9030
1750770995.871026,0,0,227435,819630,8840
1750770996.072036,0,0,215610,758910,9435
1750770996.272178,0,0,205155,759960,9000
1750770996.472539,0,0,199760,764980,9375
1750770996.677683,0,0,214260,804800,9175
1750770996.877155,0,0,228015,818390,8885
1750770997.08109,0,0,219555,786650,9115
1750770997.282134,0,0,224160,843255,8790
1750770997.482139,0,0,194600,753855,9055
1750770997.684289,0,0,189510,726025,9380
1750770997.883597,0,0,203560,756065,8950
1750770998.085446,0,0,223270,816710,9165
1750770998.287501,0,0,221115,827540,9100
1750770998.487253,0,0,207140,810500,8750
1750770998.687602,0,0,209625,801715,9515
1750770998.888398,0,0,206460,757525,8895
1750770999.091716,0,0,210035,754385,9080
1750770999.290486,0,0,208000,767175,8780
1750770999.492567,0,0,197525,765030,9100
1750770999.695753,0,0,203580,771405,8970
1750770999.893715,0,0,210775,762390,8940
1750771000.094324,0,0,198290,708675,8725
1750771000.294665,0,0,195830,727710,8755
1750771000.497778,0,0,190970,735505,9510
1750771000.695843,0,0,195985,740160,9065
1750771000.895957,0,0,158925,568820,8975
1750771001.100175,0,0,222450,812105,9055
1750771001.297527,0,0,207185,777980,8630
1750771001.500416,0,0,193910,750885,9025
1750771001.707647,0,0,215970,812995,9110
1750771001.90676,0,0,212160,772290,9340
1750771002.108145,0,0,191650,687110,9255
1750771002.306703,0,0,189900,704125,8750
1750771002.506014,0,0,192970,734425,9205
1750771002.710128,0,0,190600,718830,8720
1750771002.909132,0,0,216930,785135,8945
1750771003.116492,0,0,212475,761190,9055
1750771003.317724,0,0,204605,777380,9960
1750771003.514315,0,0,212340,813075,10195
1750771003.720164,0,0,205365,767640,9715
1750771003.921097,0,0,241370,856280,10530
1750771004.122646,0,0,199170,724630,9105
1750771004.323105,0,0,191860,733660,9235
1750771004.529001,0,0,195800,747010,9165
1750771004.726041,0,0,209550,777890,9430
1750771004.933273,0,0,212335,752330,9450
1750771005.130696,0,0,190085,692790,8825
1750771005.333258,0,0,201755,766375,9060
1750771005.530774,0,0,223260,847640,8995
1750771005.743825,0,0,229540,843085,9115
1750771006.132613,0,0,220060,802565,8680
1750771006.335095,0,0,204095,774180,9370
1750771006.532988,0,0,199860,769415,9145
1750771006.731934,0,0,205395,761195,8755
1750771006.731934,0,0,205395,761195,8755
1750771007.145694,0,0,211400,768985,9100
1750771007.335124,0,0,173915,662320,8730
1750771007.534993,0,0,179620,687235,8860
1750771007.737451,0,0,197295,731100,8820
1750771007.937915,0,0,216450,779875,9155
1750771008.142368,0,0,222055,814225,8555
1750771008.344828,0,0,197490,748880,8680
1750771008.542298,0,0,195265,745945,8920
1750771008.744256,0,0,200405,743240,8945
1750771008.945716,0,0,214160,757475,8630
1750771009.145183,0,0,182455,665265,8925
1750771009.347641,0,0,178765,679945,9010
1750771009.54741,0,0,170645,653055,8965
1750771009.748752,0,0,160600,600800,9150
1750771009.951153,0,0,206935,738985,9130
1750771010.152492,0,0,183555,671440,9030
1750771010.354741,0,0,190605,721660,8960
1750771010.559194,0,0,208385,792945,9070
1750771010.761654,0,0,216205,800850,8720
1750771010.964669,0,0,197930,707240,8675
1750771011.164126,0,0,189375,694690,8865
1750771011.363171,0,0,192370,729725,8970
1750771011.564692,0,0,183215,708270,8830
1750771011.767072,0,0,172665,648570,8970
1750771011.966295,0,0,178505,642980,9335
1750771012.169113,0,0,195020,714900,8840
1750771012.369607,0,0,201910,768485,9255
1750771012.570006,0,0,186725,717190,9315
1750771012.772879,0,0,208145,779295,8815
1750771012.974329,0,0,234265,838250,9225
1750771013.173231,0,0,210720,764975,9485
1750771013.378849,0,0,197295,750100,8885
1750771013.577672,0,0,197450,746445,8695
1750771013.780643,0,0,203900,763315,8745
1750771013.979117,0,0,205810,735275,9045
1750771014.180298,0,0,221870,808320,9110
1750771014.380312,0,0,203575,770780,8985
1750771014.580022,0,0,193675,734370,9170
1750771014.781817,0,0,201935,736300,8820
1750771014.984357,0,0,218980,786360,9365
1750771015.185605,0,0,219260,807225,9125
1750771015.386086,0,0,208760,802590,8890
1750771015.587868,0,0,211110,808305,8820
1750771015.793145,0,0,216555,803240,9055
1750771015.9909,0,0,223530,794730,9355
1750771016.193082,0,0,227045,825510,8890
1750771016.39361,0,0,211795,800200,8860
1750771016.594186,0,0,206270,791690,8750
1750771016.797468,0,0,223345,827745,9125
1750771016.999149,0,0,238325,848615,8940
1750771017.19458,0,0,230940,849260,8305
1750771017.397979,0,0,212070,807140,9025
1750771017.597409,0,0,215215,823225,8860
1750771017.798283,0,0,211375,799235,8400
1750771018.006979,0,0,230480,819400,9100
1750771018.202456,0,0,218705,803795,8810
1750771018.404389,0,0,210155,798230,8780
1750771018.606513,0,0,221070,845955,9180
1750771018.813094,0,0,217125,803315,9025
1750771019.008152,0,0,219410,786885,9020
1750771019.208475,0,0,202865,742010,8945
1750771019.410469,0,0,197640,760840,8870
1750771019.612315,0,0,193440,742215,8940
1750771019.814506,0,0,223530,836650,10480
1750771020.014633,0,0,233115,840920,9550
1750771020.216335,0,0,223840,838445,10220
1750771020.419999,0,0,223165,852120,10135
1750771020.616857,0,0,189725,727635,8785
1750771020.817965,0,0,220010,784475,8990
1750771021.017807,0,0,204445,731890,8875
1750771021.218342,0,0,189660,702010,9260
1750771021.418484,0,0,179990,691870,8770
1750771021.622041,0,0,178010,677845,9405
1750771021.823328,0,0,187885,681690,9215
1750771022.025258,0,0,190405,692270,9030
1750771022.225823,0,0,191925,722285,8860
1750771022.427789,0,0,207375,789590,9125
1750771022.631498,0,0,208565,796885,9255
1750771022.832217,0,0,220495,805055,9450
1750771023.039793,0,0,215205,775365,9375
1750771023.239686,0,0,193055,728025,8755
1750771023.436193,0,0,191195,734000,8940
1750771023.644208,0,0,198635,759840,8875
1750771023.840942,0,0,222065,794560,9150
1750771024.041229,0,0,211950,759155,9775
1750771024.24373,0,0,205050,770335,8570
1750771024.448013,0,0,213550,821635,9035
1750771024.64632,0,0,219230,831000,8755
1750771024.853677,0,0,236995,852255,9095
1750771025.053997,0,0,226545,821970,9240
1750771025.254101,0,0,214390,799150,9160
1750771025.451988,0,0,206290,794535,8955
1750771025.652348,0,0,211375,806250,8765
1750771025.853732,0,0,227270,820790,9080
1750771026.055557,0,0,225235,809810,9180
1750771026.457723,0,0,197160,764335,8925
1750771026.657508,0,0,209045,796105,8940
1750771026.859145,0,0,224940,814920,9285
1750771027.061572,0,0,225900,819325,9455
1750771027.260744,0,0,210025,790110,9650
1750771027.462298,0,0,196100,756470,9855
1750771027.662099,0,0,190590,734545,9005
1750771027.863099,0,0,193855,703305,9305
1750771028.063134,0,0,202750,731565,8435
1750771028.265723,0,0,186780,703200,9100
1750771028.467221,0,0,188400,722300,9295
1750771028.666871,0,0,200310,765610,8810
1750771028.868116,0,0,174310,628895,9165
1750771029.068181,0,0,199400,726020,9335
1750771029.270971,0,0,206420,780980,8850
1750771029.470474,0,0,198085,753920,9195
1750771029.670834,0,0,184645,710170,8575
1750771029.870363,0,0,160045,581830,8995
1750771030.073595,0,0,181100,654960,8905
1750771030.273289,0,0,173240,648345,9230
1750771030.476752,0,0,180070,682185,9155
1750771030.679342,0,0,185770,702640,8830
1750771030.875815,0,0,170675,611385,8785
1750771031.077264,0,0,175625,633550,9345
1750771031.277609,0,0,175890,662100,8815
1750771031.478165,0,0,160515,617435,8590
1750771031.682118,0,0,195855,741880,9320
1750771031.884128,0,0,202700,728005,8970
1750771032.086913,0,0,208425,747325,9140
1750771032.285141,0,0,181865,677000,8850
1750771032.485828,0,0,197395,762880,8920
1750771032.687799,0,0,205815,783425,8860
1750771032.890854,0,0,228200,811760,8570
1750771033.09558,0,0,222845,807170,9290
1750771033.292142,0,0,223815,833555,8375
1750771033.492672,0,0,217275,825195,9135
1750771033.693034,0,0,225760,859330,8950
1750771033.894732,0,0,231995,839475,8425
1750771034.094754,0,0,229195,827125,8815
1750771034.298612,0,0,224330,840410,9000
1750771034.494831,0,0,179770,699090,9155
1750771034.696127,0,0,187870,713215,9070
1750771034.900115,0,0,216710,779585,8570
1750771035.099329,0,0,224400,812515,5465
1750771035.301194,0,0,214640,802825,8920
1750771035.499946,0,0,204205,786465,9275
1750771035.701821,0,0,211465,799865,8910
1750771035.904168,0,0,204890,746195,8885
1750771036.105834,0,0,226655,812280,8980
1750771036.307335,0,0,213005,796070,9315
1750771036.510091,0,0,218150,829535,8840
1750771036.710136,0,0,219695,826960,9255
1750771036.915676,0,0,206045,752990,9545
1750771037.11097,0,0,203210,732870,9130
1750771037.312992,0,0,204935,773750,9570
1750771037.512636,0,0,188395,717370,11145
1750771037.714897,0,0,196150,731270,8565
1750771037.919963,0,0,257305,927345,10240
1750771038.11794,0,0,229595,831005,9455
1750771038.31889,0,0,195815,746165,9375
1750771038.517202,0,0,194200,740155,9010
1750771038.718343,0,0,223500,820990,8955
1750771038.918132,0,0,215030,769505,8645
1750771039.123074,0,0,222675,808690,8555
1750771039.321163,0,0,199215,758530,8990
1750771039.521581,0,0,188335,725680,9055
1750771039.718591,0,0,183185,681700,8980
1750771039.92105,0,0,200950,728105,8775
1750771040.130232,0,0,210825,780225,8895
1750771040.330696,0,0,211140,806465,8785
1750771040.52717,0,0,210290,805395,8855
1750771040.730626,0,0,221500,818410,8620
1750771040.936076,0,0,226840,817190,8805
1750771041.135523,0,0,209495,768455,9080
1750771041.337982,0,0,218420,839700,8860
1750771041.530903,0,0,184640,703035,8945
1750771041.738424,0,0,216800,808625,8960
1750771041.943821,0,0,227640,807975,8610
1750771042.146131,0,0,198900,737805,9120
1750771042.340339,0,0,204170,778480,8685
1750771042.537811,0,0,181140,699115,8370
1750771042.938738,0,0,197110,716295,9050
1750771043.140495,0,0,200860,732855,8420
1750771043.343759,0,0,210985,803500,8830
1750771043.545854,0,0,215655,812565,9235
1750771043.747497,0,0,217925,802355,8570
1750771043.945499,0,0,221325,795415,9035
1750771044.147346,0,0,212210,775795,8865
1750771044.345479,0,0,179165,686015,8690
1750771044.548205,0,0,184915,696600,8955
1750771044.748002,0,0,197885,732750,9040
1750771044.951236,0,0,183485,662650,9285
1750771045.152387,0,0,194020,714215,9300
1750771045.35526,0,0,169430,644650,8745
1750771045.555629,0,0,180300,697190,9290
1750771045.757167,0,0,197905,733495,9505
1750771045.958219,0,0,206515,737070,9005
1750771046.159711,0,0,213605,788190,9220
1750771046.360741,0,0,205850,773500,8910
1750771046.562583,0,0,203335,773310,9150
1750771046.763623,0,0,211660,781760,8985
1750771046.965569,0,0,212970,768155,8980
1750771047.166084,0,0,204315,753770,9265
1750771047.368256,0,0,190625,734595,8920
1750771047.568757,0,0,188485,721970,8920
1750771047.768553,0,0,192620,714855,8830
1750771047.967598,0,0,184875,662425,8735
1750771048.169581,0,0,204420,748505,9505
1750771048.372175,0,0,183545,699385,8775
1750771048.571127,0,0,196170,759975,8740
1750771048.775098,0,0,204520,755395,8665
1750771048.975783,0,0,212055,763150,8750
1750771049.177191,0,0,199040,730405,9615
1750771049.375532,0,0,195105,758255,9070
1750771049.578791,0,0,205425,795210,9145
1750771049.780995,0,0,214205,798170,8480
1750771049.989977,0,0,206705,744435,8830
1750771050.182745,0,0,200375,738975,8935
1750771050.381076,0,0,179390,691200,9430
1750771050.580188,0,0,177040,676320,8820
1750771050.783644,0,0,205810,766110,8960
1750771050.983111,0,0,196705,705490,9190
1750771051.188283,0,0,178320,668410,8690
1750771051.386695,0,0,178335,682385,8845
1750771051.587332,0,0,177390,679060,8805
1750771051.786185,0,0,183595,680560,8485
1750771051.990855,0,0,204035,736440,9040
1750771052.190871,0,0,191555,704325,9355
1750771052.391512,0,0,168145,648445,8690
1750771052.594424,0,0,201020,771970,9735
1750771052.793953,0,0,197705,722600,8915
1750771052.99875,0,0,196045,693080,8730
1750771053.194124,0,0,185570,689305,8835
1750771053.39794,0,0,196460,747335,9405
1750771053.600499,0,0,189835,721605,9170
1750771053.797662,0,0,183390,680475,8775
1750771054.000735,0,0,205135,731895,8795
1750771054.201035,0,0,188275,687200,8235
1750771054.40216,0,0,188110,720005,8185
1750771054.604031,0,0,191490,730145,8815
1750771054.808887,0,0,202090,742680,8435
1750771055.003431,0,0,167715,602010,8820
1750771055.20548,0,0,171685,635100,9275
1750771055.407759,0,0,180555,689650,9195
1750771055.608413,0,0,181180,703370,9000
1750771055.809807,0,0,208825,774045,9080
1750771056.014009,0,0,192905,692260,9000
1750771056.211058,0,0,185460,684650,8680
1750771056.41032,0,0,185080,714065,8545
1750771056.612888,0,0,206560,791335,9430
1750771056.814957,0,0,222425,812605,9805
1750771057.018172,0,0,235415,843385,10925
1750771057.221712,0,0,223740,832105,10510
1750771057.420948,0,0,194665,747070,9010
1750771057.619821,0,0,191685,721500,8655
1750771057.819086,0,0,194490,696280,8925
1750771058.022861,0,0,201145,723185,9195
1750771058.2222,0,0,177125,668500,9180
1750771058.430074,0,0,188385,724710,8745
1750771058.635098,0,0,196955,748725,8755
1750771058.826747,0,0,213255,768370,9090
1750771059.027059,0,0,208070,747615,8590
1750771059.227491,0,0,206705,772775,9395
1750771059.435441,0,0,187770,715715,9130
1750771059.634297,0,0,188515,711910,8500
1750771059.839959,0,0,218590,787690,9035
1750771060.035136,0,0,204390,744075,9045
1750771060.434246,0,0,184570,710890,9160
1750771060.634237,0,0,181955,686340,9265
1750771060.634237,0,0,181955,686340,9265
1750771060.838622,0,0,198175,715370,8905
1750771061.239584,0,0,210070,795920,8715
1750771061.239584,0,0,210070,795920,8715
1750771061.442347,0,0,194365,752625,8060
1750771061.841765,0,0,171205,614550,8775
1750771062.044891,0,0,193480,700395,8900
1750771062.246358,0,0,190630,718035,8870
1750771062.450211,0,0,204225,787585,8750
1750771062.648316,0,0,198195,754660,8960
1750771062.84951,0,0,200140,726290,8935
1750771063.050543,0,0,198505,720955,9145
1750771063.253558,0,0,210045,792345,8625
1750771063.453114,0,0,207350,790995,8980
1750771063.65739,0,0,205405,767400,9305
1750771063.853548,0,0,200770,716715,8655
1750771064.054928,0,0,214940,774335,8825
1750771064.256641,0,0,214545,803365,8480
1750771064.457766,0,0,214595,827285,9110
1750771064.657401,0,0,210275,799310,8805
1750771064.867092,0,0,227585,808445,8810
1750771065.061472,0,0,232210,838890,8795
1750771065.262306,0,0,230030,863925,8695
1750771065.462839,0,0,211925,816310,9225
1750771065.661944,0,0,204665,772895,8850
1750771065.867256,0,0,217110,769600,8930
1750771066.065095,0,0,196165,712185,8570
1750771066.267307,0,0,214860,806515,8705
1750771066.466246,0,0,203990,791540,8720
1750771066.668524,0,0,214185,794685,8905
1750771066.869716,0,0,218055,779975,8680
1750771067.077551,0,0,212690,767535,9265
1750771067.274958,0,0,216735,820005,8715
1750771067.476836,0,0,225835,865055,8685
1750771067.676183,0,0,225065,853410,8795
1750771067.87424,0,0,236685,845030,8635
1750771068.07871,0,0,232430,837560,9290
1750771068.279147,0,0,223995,839810,8710
1750771068.480908,0,0,201365,775410,9025
1750771068.681821,0,0,214600,809005,8930
1750771068.883842,0,0,238190,853885,8730
1750771069.084214,0,0,236180,849135,8725
1750771069.284776,0,0,236420,881110,8490
1750771069.485222,0,0,226590,870790,8960
1750771069.693341,0,0,233980,875045,8995
1750771069.886956,0,0,216615,768020,9160
1750771070.088091,0,0,211695,762995,8650
1750771070.2876,0,0,203120,771295,8925
1750771070.49396,0,0,215070,816275,9190
1750771070.690558,0,0,203720,771730,9115
1750771070.893663,0,0,183070,659675,8985
1750771071.090517,0,0,205390,746015,8565
1750771071.29493,0,0,211175,788855,9140
1750771071.492297,0,0,196090,740665,9070
1750771071.693386,0,0,180840,677400,8860
1750771071.892877,0,0,180955,645285,8885
1750771072.099624,0,0,213210,769070,9055
1750771072.297519,0,0,215505,809745,9135
1750771072.497739,0,0,203775,775405,9080
1750771072.699659,0,0,212600,800855,9240
1750771072.901794,0,0,229480,817600,9445
1750771073.100263,0,0,211675,764900,8610
1750771073.305764,0,0,197345,745980,9265
1750771073.508239,0,0,193765,745945,9190
1750771073.706228,0,0,203880,770915,9155
1750771073.908042,0,0,242385,866370,8655
1750771074.110136,0,0,233775,852245,8635
1750771074.308593,0,0,206370,782525,8590
1750771074.518942,0,0,189905,731440,8490
1750771074.709727,0,0,170930,649750,8905
1750771074.90999,0,0,196935,712955,9490
1750771075.109247,0,0,203935,745415,9390
1750771075.312135,0,0,175045,668670,8630
1750771075.513515,0,0,187765,718425,8885
1750771075.712334,0,0,187980,716200,9045
1750771075.914318,0,0,220105,782620,10130
1750771076.116754,0,0,230990,857030,10930
1750771076.315668,0,0,206465,791660,9195
1750771076.520029,0,0,233310,896160,10075
1750771076.721561,0,0,224215,823455,10085
1750771076.927701,0,0,233450,838000,9055
1750771077.123974,0,0,228245,851225,9035
1750771077.323092,0,0,219120,842020,8915
1750771077.523965,0,0,208670,800420,9305
1750771077.722712,0,0,208165,763440,8660
1750771077.929816,0,0,225505,811980,9195
1750771078.134832,0,0,215215,798400,9700
1750771078.341952,0,0,216785,832085,8885
1750771078.533244,0,0,195555,736080,9270
1750771078.737362,0,0,216295,792540,8945
1750771078.935265,0,0,216325,785215,8855
1750771079.140327,0,0,201780,749995,8810
1750771079.341694,0,0,189370,734840,9315
1750771079.543155,0,0,222630,854370,8430
1750771079.942594,0,0,234370,850965,9315
1750771080.145053,0,0,222460,834735,9170
1750771080.346024,0,0,206140,802620,9020
1750771080.547235,0,0,201770,776435,8825
1750771080.751307,0,0,219935,807750,9160
1750771080.950326,0,0,217945,786000,8910
1750771081.149709,0,0,211500,786820,9005
1750771081.353085,0,0,210745,808695,9410
1750771081.54956,0,0,211545,805975,8870
1750771081.753015,0,0,230435,846815,8795
1750771081.958466,0,0,233675,847445,8610
1750771082.154015,0,0,212660,790945,8640
1750771082.356474,0,0,204215,785795,8705
1750771082.556086,0,0,187825,719040,8825
1750771082.757614,0,0,195500,712485,8935
1750771082.956886,0,0,210855,751445,8735
1750771083.173876,0,0,205030,755035,9130
1750771083.359502,0,0,182680,702370,9115
1750771083.559253,0,0,168860,649560,9325
1750771083.762624,0,0,219765,804045,9345
1750771083.966056,0,0,232775,826955,9090
1750771084.164635,0,0,211610,781245,8320
1750771084.366587,0,0,230010,864610,8645
1750771084.568137,0,0,236670,893565,8700
1750771084.779326,0,0,247180,912665,8610
1750771084.970682,0,0,250615,896120,8800
1750771085.170955,0,0,239870,883770,9145
1750771085.377541,0,0,226170,867845,9250
1750771085.571095,0,0,226770,864850,9185
1750771085.773268,0,0,221630,813410,9185
1750771085.97824,0,0,218455,779470,8780
1750771086.174505,0,0,225010,829885,9010
1750771086.377065,0,0,213815,815535,9340
1750771086.577201,0,0,205895,769400,8660
1750771086.823315,0,0,209935,764320,9085
1750771087.005827,0,0,193540,692235,8385
1750771087.207795,0,0,213860,779615,8930
1750771087.404536,0,0,189540,728740,9095
1750771087.600097,0,0,184010,699860,9065
1750771087.797893,0,0,197955,713410,9245
1750771088.009829,0,0,198315,722905,9225
1750771088.203171,0,0,200235,741995,9130
1750771088.411951,0,0,197620,751295,8595
1750771088.606452,0,0,218245,831435,8690
1750771088.808693,0,0,216510,778570,9165
1750771089.013604,0,0,246690,886490,8830
1750771089.216163,0,0,222885,826095,8775
1750771089.409326,0,0,221960,845225,9020
1750771089.610789,0,0,220845,838455,8910
1750771089.816401,0,0,236835,861845,8885
1750771090.012938,0,0,237755,862505,8540
1750771090.211591,0,0,217240,808095,9050
1750771090.411791,0,0,191425,742830,8495
1750771090.616839,0,0,197185,764675,9175
1750771090.818202,0,0,221905,823455,9930
1750771091.014619,0,0,219240,805905,9850
1750771091.217199,0,0,168715,657530,9490
1750771091.418082,0,0,183850,728325,10275
1750771091.620923,0,0,182360,696680,9585
1750771091.821242,0,0,201355,740550,8840
1750771092.020314,0,0,218085,810560,8815
1750771092.236313,0,0,210885,808585,8760
1750771092.420455,0,0,174175,687600,9020
1750771092.636877,0,0,189820,721165,9010
1750771092.830814,0,0,195220,717650,8970
1750771093.030069,0,0,216725,801625,9270
1750771093.226973,0,0,205995,789575,8675
1750771093.429595,0,0,184620,723475,8825
1750771093.627508,0,0,187285,715245,8855
1750771093.829794,0,0,199675,736595,8940
1750771094.027786,0,0,170775,635785,8885
1750771094.23286,0,0,193175,740080,9490
1750771094.432605,0,0,183505,723800,9000
1750771094.632117,0,0,190990,727660,8725
1750771094.835778,0,0,204850,743565,9095
1750771095.035952,0,0,203555,747905,9125
1750771095.234663,0,0,195045,749620,9150
1750771095.438978,0,0,171135,670275,9090
1750771095.639843,0,0,193835,730235,8840
1750771095.839764,0,0,224340,808300,8510
1750771096.039902,0,0,214950,787115,8950
1750771096.24609,0,0,207735,791300,8900
1750771096.443025,0,0,215445,828035,9355
1750771096.648117,0,0,226375,852960,9170
1750771096.852434,0,0,233355,843760,8930
1750771097.048638,0,0,221040,811090,9020
1750771097.252276,0,0,202410,780380,8540
1750771097.477181,0,0,203525,793575,8995
1750771097.654601,0,0,180810,702335,9175
1750771097.861895,0,0,196185,717190,9080
1750771098.060822,0,0,188895,697590,8910
1750771098.264166,0,0,174175,672735,8505
1750771098.491854,0,0,158375,627540,9235
1750771098.68884,0,0,180120,691860,9270
1750771098.917251,0,0,194535,722310,9300
1750771099.099787,0,0,200830,752630,8355
1750771099.298142,0,0,198190,779370,8850
1750771099.491624,0,0,185490,726690,9045
1750771099.691245,0,0,206000,788650,8985
1750771099.892172,0,0,218200,800350,9070
1750771100.093568,0,0,212300,789120,8365
1750771100.291078,0,0,169395,660405,9010
1750771100.50333,0,0,195835,761280,9005
1750771100.70305,0,0,213480,822570,8790
1750771100.904642,0,0,206865,749735,8905
1750771101.103539,0,0,190720,700600,8990
1750771101.306492,0,0,203690,785750,8660
1750771101.737542,0,0,299220,1118280,13535
1750771101.737542,0,0,299220,1118280,13535
1750771101.946981,0,0,195365,724125,9115
1750771102.153636,0,0,198685,763745,8610
1750771102.349275,0,0,190745,750770,9230
1750771102.552049,0,0,199370,773360,8760
1750771102.751078,0,0,191365,707050,9280
1750771102.953238,0,0,197905,724290,8870
1750771103.154849,0,0,213375,807195,8895
1750771103.35473,0,0,190750,749590,8560
1750771103.559103,0,0,197765,758150,8970
1750771103.755306,0,0,206410,766665,9035
1750771103.958874,0,0,202355,745775,8765
1750771104.157823,0,0,191540,732765,8605
1750771104.360846,0,0,185875,745665,8750
1750771104.564531,0,0,182570,724385,8730
1750771104.76901,0,0,195125,739410,8830
1750771104.968232,0,0,198610,724135,8935
1750771105.16603,0,0,180425,680920,8835
1750771105.367011,0,0,189130,743605,8785
1750771105.568219,0,0,196845,771435,8905
1750771105.798119,0,0,197650,742835,8415
1750771106.014577,0,0,208750,771730,9010
1750771106.199084,0,0,210910,790790,8085
1750771106.391002,0,0,199120,773250,9125
1750771106.597087,0,0,206560,788110,8960
1750771106.79476,0,0,217490,775190,8495
1750771106.994317,0,0,230090,827900,7760
1750771107.204625,0,0,231765,856775,9190
1750771107.398418,0,0,225690,865305,9195
1750771107.608591,0,0,220790,840350,8910
1750771107.805066,0,0,221635,799455,8990
1750771108.003717,0,0,204370,725315,9375
1750771108.207877,0,0,197695,729790,9115
1750771108.408317,0,0,199620,754650,9390
1750771108.828599,0,0,190245,681875,9130
1750771108.828599,0,0,190245,681875,9130
1750771109.017095,0,0,146650,519155,7585
1750771109.220153,0,0,207980,768890,8930
1750771109.417896,0,0,209290,802040,10130
1750771109.6178,0,0,160260,606100,7270
1750771109.816638,0,0,183860,674820,9040
1750771110.022937,0,0,183265,657055,8950
1750771110.221669,0,0,246105,913090,9865
1750771110.46951,0,0,252350,959005,11205
1750771110.626748,0,0,230220,852450,8910
1750771110.829081,0,0,242955,865615,8840
1750771111.031732,0,0,234570,856285,8715
1750771111.427776,0,0,208390,787040,8820
1750771111.427776,0,0,208390,787040,8820
1750771111.830976,0,0,202070,724745,8555
1750771112.035696,0,0,203605,741645,8565
1750771112.23512,0,0,213420,813015,9180
1750771112.43557,0,0,212965,818840,9345
1750771112.635037,0,0,215695,797285,9105
1750771112.837005,0,0,221795,782630,8430
1750771113.033479,0,0,225445,818590,8800
1750771113.237903,0,0,215495,820585,8760
1750771113.439099,0,0,201145,763400,8955
1750771113.638564,0,0,199040,739360,8655
1750771113.838023,0,0,226005,804550,8745
1750771114.038132,0,0,177940,643520,8745
1750771114.243495,0,0,195195,755595,8565
1750771114.442185,0,0,193885,754810,8815
1750771114.644145,0,0,211095,807490,9035
1750771114.845101,0,0,202105,739320,8700
1750771115.045887,0,0,194375,724520,8480
1750771115.257044,0,0,193520,760525,9000
1750771115.450449,0,0,213845,843350,9170
1750771115.649794,0,0,206215,787675,9130
1750771115.851704,0,0,204415,740945,9070
1750771116.052832,0,0,200325,760405,9080
1750771116.24971,0,0,182250,722740,8855
1750771116.452906,0,0,183825,728360,9040
1750771116.656634,0,0,194860,740840,8895
1750771116.857445,0,0,193930,705110,9265
1750771117.056802,0,0,199165,736405,9640
1750771117.254439,0,0,182690,699750,8650
1750771117.453557,0,0,183580,702640,9175
1750771117.65705,0,0,211150,781620,9020
1750771117.862476,0,0,229410,819135,9205
1750771118.062626,0,0,219675,818895,9345
1750771118.260939,0,0,203090,796190,9275
1750771118.463115,0,0,215500,837210,9350
1750771118.662236,0,0,221530,834825,9395
1750771118.864195,0,0,218400,800240,8975
1750771119.06708,0,0,206200,760965,8795
1750771119.266534,0,0,203255,775450,8940
1750771119.471876,0,0,205470,794700,9000
1750771119.66621,0,0,211230,790225,8945
1750771119.870953,0,0,218375,786510,9815
1750771120.071402,0,0,203690,754520,9140
1750771120.276006,0,0,193110,750140,8725
1750771120.48158,0,0,193690,754055,9150
1750771120.676026,0,0,197330,749515,8820
1750771120.876915,0,0,211340,776660,9480
1750771121.07876,0,0,208490,778475,9290
1750771121.279714,0,0,190205,741865,8835
1750771121.481645,0,0,200180,775240,9150
1750771121.688118,0,0,228690,849710,8875
1750771121.885211,0,0,229415,828560,9000
1750771122.085922,0,0,221940,823965,8775
1750771122.286535,0,0,214165,825705,8660
1750771122.488711,0,0,216855,846295,8750
1750771122.689611,0,0,226430,851035,8580
1750771122.896935,0,0,235685,847780,9340
1750771123.090173,0,0,220905,808290,8880
1750771123.291295,0,0,210735,815395,8870
1750771123.495336,0,0,213810,845470,8930
1750771123.695237,0,0,228660,868085,8365
1750771123.89636,0,0,224445,817040,9500
1750771124.096524,0,0,197255,749250,9160
1750771124.299503,0,0,204790,789650,8580
1750771124.498969,0,0,216420,830115,8760
1750771124.70109,0,0,221105,822820,8905
1750771124.903108,0,0,209340,751785,9300
1750771125.101128,0,0,198145,734755,9235
1750771125.304009,0,0,205620,799620,8850
1750771125.502342,0,0,211435,818860,9010
1750771125.706881,0,0,228620,850225,9040
1750771125.905956,0,0,233210,838610,8690
1750771126.107267,0,0,220030,813180,9170
1750771126.31489,0,0,223280,856250,8975
1750771126.511045,0,0,222825,852965,9640
1750771126.714186,0,0,225750,847980,9235
1750771126.911973,0,0,220045,799010,9180
1750771127.112757,0,0,220295,816265,8895
1750771127.315535,0,0,201835,779875,9625
1750771127.513598,0,0,192705,756260,9160
1750771127.714561,0,0,212910,799000,8940
1750771127.919303,0,0,225185,806380,10195
1750771128.116136,0,0,207500,762585,9560
1750771128.315826,0,0,204975,790675,9830
1750771128.523103,0,0,226390,864810,9595
1750771128.721049,0,0,225980,819990,9935
1750771128.93007,0,0,206405,748150,9105
1750771129.127814,0,0,182735,708965,9225
1750771129.329693,0,0,178145,711715,9225
1750771129.52815,0,0,197730,764925,9000
1750771129.732904,0,0,209230,769210,9205
1750771129.934968,0,0,211035,780040,8870
1750771130.126425,0,0,198615,758095,9405
1750771130.330897,0,0,201375,785870,9010
1750771130.53167,0,0,209910,805395,9240
1750771130.73077,0,0,196420,724285,9130
1750771130.933314,0,0,202355,739520,8870
1750771131.33272,0,0,176150,682465,9105
1750771131.534689,0,0,194690,749405,9110
1750771131.737754,0,0,209000,774820,8745
1750771131.935951,0,0,200615,742240,9120
1750771132.135852,0,0,191355,737870,9215
1750771132.337514,0,0,193120,757945,9520
1750771132.533869,0,0,174385,677865,9320
1750771132.740394,0,0,201035,735720,9070
1750771132.939492,0,0,213785,778515,8875
1750771133.142009,0,0,206350,792385,9200
1750771133.341232,0,0,192515,761235,8680
1750771133.541068,0,0,199350,782675,9310
1750771133.744717,0,0,217200,807635,8935
1750771133.947465,0,0,214835,798665,9200
1750771134.144324,0,0,209705,803485,8890
1750771134.348259,0,0,210330,815460,8595
1750771134.551507,0,0,219670,851550,9290
1750771134.749726,0,0,231875,847860,8770
1750771134.951797,0,0,225870,818120,8845
1750771135.151668,0,0,221825,848620,9445
1750771135.352634,0,0,216015,850830,8745
1750771135.556707,0,0,219830,837250,9285
1750771135.754151,0,0,225300,809480,9445
1750771135.955757,0,0,234850,832980,8990
1750771136.160678,0,0,216255,818970,8995
1750771136.359594,0,0,204335,802630,8970
1750771136.55858,0,0,213910,833585,9030
1750771136.75798,0,0,203235,744035,9010
1750771136.958152,0,0,196235,716725,8875
1750771137.16149,0,0,213670,817790,8460
1750771137.361809,0,0,196815,765820,9020
1750771137.563944,0,0,124295,482785,9105
1750771137.76139,0,0,155760,560255,9025
1750771137.964684,0,0,241705,870235,8540
1750771138.166859,0,0,231660,873145,8915
1750771138.370001,0,0,217870,847355,9135
1750771138.569623,0,0,219070,845825,8850
1750771138.773059,0,0,238605,860155,9425
1750771138.972792,0,0,243095,876960,9035
1750771139.172971,0,0,235985,887760,9040
1750771139.372107,0,0,213785,824010,8890
1750771139.579654,0,0,217490,827490,9085
1750771139.777278,0,0,234885,843635,8755
1750771139.97912,0,0,227315,821960,9090
1750771140.176995,0,0,214580,817045,8910
1750771140.379037,0,0,211560,813545,9280
1750771140.581632,0,0,210080,799200,9115
1750771140.782804,0,0,219485,798575,8945
1750771140.983626,0,0,235900,852720,9105
1750771141.182462,0,0,187090,696485,8745
1750771141.429998,0,0,141130,549675,9020
1750771141.593824,0,0,130565,492150,8845
1750771141.790716,0,0,209905,768100,9640
1750771141.989285,0,0,199970,731470,8845
1750771142.19019,0,0,190980,723875,8830
1750771142.390981,0,0,188295,737680,8780
1750771142.595074,0,0,195200,748100,9290
1750771142.799014,0,0,213490,780195,9335
1750771143.001474,0,0,215065,781495,8915
1750771143.198616,0,0,209770,801275,9195
1750771143.394609,0,0,213910,827710,8755
1750771143.618012,0,0,223895,860490,9040
1750771143.827958,0,0,228090,832030,9320
1750771144.051381,0,0,330445,1228315,13110
1750771144.244863,0,0,179565,698480,8125
1750771144.452814,0,0,189985,734340,7965
1750771144.638216,0,0,221090,816660,8935
1750771144.841788,0,0,232465,839140,8905
1750771145.040215,0,0,222760,832720,9040
1750771145.245334,0,0,205330,802470,8750
1750771145.441421,0,0,211415,812015,9105
1750771145.668499,0,0,214440,808040,9445
1750771145.881438,0,0,207240,763925,9100
1750771146.064947,0,0,191920,729835,9310
1750771146.264413,0,0,176170,682415,9135
1750771146.45408,0,0,185890,716475,9015
1750771146.659135,0,0,177085,656650,9385
1750771146.85532,0,0,190750,686570,8850
1750771147.060133,0,0,198725,742365,9040
1750771147.260489,0,0,192855,741555,8955
1750771147.463127,0,0,197415,759195,9505
1750771147.659135,0,0,227625,834935,8725
1750771147.862475,0,0,203995,742455,9215
1750771148.064748,0,0,212310,797605,8480
1750771148.261398,0,0,194070,764035,9245
1750771148.463716,0,0,196575,755615,9005
1750771148.666105,0,0,230760,846670,8615
1750771148.868652,0,0,234210,852220,8840
1750771149.071222,0,0,237505,882450,9140
1750771149.272305,0,0,228005,872770,8635
1750771149.468968,0,0,224765,863150,8585
1750771149.669472,0,0,235390,871735,9055
1750771149.873536,0,0,230205,830945,8905
1750771150.077184,0,0,232520,860825,9305
1750771150.279596,0,0,227695,877050,8970
1750771150.482606,0,0,220235,842885,8780
1750771150.674376,0,0,212020,777525,8555
1750771150.87588,0,0,201620,723175,9345
1750771151.079181,0,0,200485,745875,9305
1750771151.285007,0,0,200825,778475,8955
1750771151.487414,0,0,189800,725815,8685
1750771151.700773,0,0,189045,696990,8745
1750771151.91298,0,0,186050,661765,8835
1750771152.12242,0,0,174130,645985,8865
1750771152.314905,0,0,158230,615965,8040
1750771152.509549,0,0,186810,712680,8820
1750771152.711428,0,0,182800,685295,8850
1750771152.919412,0,0,202980,727080,9000
1750771153.120945,0,0,179045,663580,9715
1750771153.319494,0,0,183180,706500,10015
1750771153.521209,0,0,225635,866525,11705
1750771153.724723,0,0,200910,734050,9020
1750771153.926172,0,0,223850,829160,9660
1750771154.124952,0,0,202865,776645,8750
1750771154.333303,0,0,196215,755625,9360
1750771154.534693,0,0,203550,779515,8885
1750771154.731132,0,0,235115,853940,8670
1750771154.932023,0,0,229650,838080,9090
1750771155.133739,0,0,213390,813345,8880
1750771155.340685,0,0,216270,833235,8865
1750771155.545135,0,0,218540,830140,8460
1750771155.74579,0,0,236435,845675,9465
1750771155.945954,0,0,231620,847520,8750
1750771156.14509,0,0,216220,814505,8580
1750771156.349658,0,0,203365,794215,9130
1750771156.545247,0,0,181260,699980,9235
1750771156.751644,0,0,186545,680320,8845
1750771156.957057,0,0,184035,676990,9155
1750771157.347973,0,0,179680,715385,8940
1750771157.55459,0,0,173700,662185,9080
1750771157.753104,0,0,186050,671130,9305
1750771157.949535,0,0,118270,426090,9095
1750771158.153803,0,0,150680,576980,9065
1750771158.362063,0,0,203150,775485,9010
1750771158.557063,0,0,199220,780490,9165
1750771158.75854,0,0,193110,711170,8945
1750771158.960087,0,0,193375,707530,9250
1750771159.160841,0,0,192535,734875,9190
1750771159.363702,0,0,196340,782800,9120
1750771159.568125,0,0,208305,809170,8915
1750771159.763415,0,0,191980,692465,9100
1750771159.963517,0,0,201430,728575,9055
1750771160.168248,0,0,214960,810220,8590
1750771160.364453,0,0,142045,551365,8875
1750771160.567045,0,0,196575,745125,9655
1750771160.768092,0,0,232345,836145,8945
1750771160.970162,0,0,225825,820540,8930
1750771161.17116,0,0,214650,820660,8915
1750771161.374095,0,0,201650,786940,8895
1750771161.573684,0,0,200750,762610,8905
1750771161.777829,0,0,205360,734435,9105
1750771161.977571,0,0,217975,791055,8750
1750771162.179045,0,0,214575,814365,9135
1750771162.378149,0,0,206635,813770,9060
1750771162.58161,0,0,200800,783745,8630
1750771162.780396,0,0,213735,793585,7385
1750771162.978257,0,0,214490,795390,7900
1750771163.179929,0,0,169075,657630,9035
1750771163.386077,0,0,173220,667460,9205
1750771163.586026,0,0,196975,755795,9040
1750771163.787616,0,0,216905,797275,9135
1750771163.98911,0,0,224315,828435,9310
1750771164.184353,0,0,205040,792015,8425
1750771164.38756,0,0,217105,847045,8980
1750771164.589361,0,0,215875,840695,9175
1750771164.795415,0,0,221285,811575,8905
1750771164.990971,0,0,208620,779295,8955
1750771165.188668,0,0,184095,730145,8830
1750771165.390058,0,0,182910,723725,9670
1750771165.592644,0,0,202430,782560,8800
1750771165.795097,0,0,235455,859215,8595
1750771165.994972,0,0,234230,868210,8820
1750771166.197469,0,0,223675,875480,9030
1750771166.39456,0,0,222480,888330,9060
1750771166.598915,0,0,220795,857900,9190
1750771166.79815,0,0,233555,872000,8780
1750771167.001056,0,0,230685,854205,9150
1750771167.201125,0,0,211610,827145,9160
1750771167.403803,0,0,211560,840040,9230
1750771167.603106,0,0,216695,841865,9030
1750771167.807625,0,0,221565,810190,9395
1750771168.004918,0,0,224215,829565,8895
1750771168.212799,0,0,205990,801395,9165
1750771168.410757,0,0,207215,816795,9145
1750771168.60712,0,0,212440,813365,8575
1750771168.812962,0,0,227710,829900,8755
1750771169.015067,0,0,194755,730290,9095
1750771169.213349,0,0,191945,743725,8925
1750771169.420926,0,0,177155,700910,9335
1750771169.614038,0,0,201945,776500,8580
1750771169.813161,0,0,207065,764715,8485
1750771170.016479,0,0,209890,790810,8470
1750771170.218671,0,0,201550,788545,8620
1750771170.415827,0,0,193305,756070,8750
1750771170.616075,0,0,185825,703080,9560
1750771170.817217,0,0,200330,734795,8855
1750771171.018888,0,0,206600,783595,9130
1750771171.218859,0,0,198170,780785,9300
1750771171.428017,0,0,226180,894485,10880
1750771171.628812,0,0,224155,828080,9205
1750771171.831081,0,0,207180,764410,9290
1750771172.032232,0,0,201820,764760,8760
1750771172.231417,0,0,204205,804855,8720
1750771172.442379,0,0,203485,802045,9175
1750771172.639911,0,0,222215,834255,9280
1750771172.84689,0,0,227625,843160,9105
1750771173.047818,0,0,232835,893130,9280
1750771173.250096,0,0,218115,865965,9345
1750771173.450754,0,0,225430,887240,9045
1750771173.655871,0,0,235715,881830,9090
1750771173.860082,0,0,238530,874680,9115
1750771174.058831,0,0,231415,879085,8755
1750771174.253102,0,0,215215,840570,8735
1750771174.453159,0,0,221660,853160,9380
1750771174.656126,0,0,227975,845045,9335
1750771175.055566,0,0,228825,861575,9175
1750771175.258117,0,0,210895,829490,9375
1750771175.258117,0,0,210895,829490,9375
1750771175.463342,0,0,214500,839340,8835
1750771175.86111,0,0,212465,766725,9065
1750771176.063709,0,0,208815,793005,8580
1750771176.261981,0,0,209470,819470,9135
1750771176.465458,0,0,216635,851230,8955
1750771176.668828,0,0,215230,807770,8925
1750771176.868557,0,0,225310,829635,8955
1750771177.071438,0,0,224075,852735,9235
1750771177.269069,0,0,217675,862150,9295
1750771177.469112,0,0,210405,830770,8585
1750771177.672565,0,0,223110,841950,8685
1750771177.877929,0,0,221530,820310,9145
1750771178.099675,0,0,217920,839905,9155
1750771178.276002,0,0,214730,859180,9675
1750771178.473009,0,0,216140,850195,8640
1750771178.677886,0,0,229895,856265,9110
1750771178.877493,0,0,231915,857215,8595
1750771179.080054,0,0,224350,847880,8895
1750771179.28406,0,0,211540,833195,9330
1750771179.478004,0,0,206525,794640,9235
1750771179.67939,0,0,225480,828970,8840
1750771179.880033,0,0,209730,769615,8910
1750771180.08278,0,0,201195,769575,8880
1750771180.285974,0,0,212425,835745,8355
1750771180.485262,0,0,200070,787270,8915
1750771180.685979,0,0,216535,810245,8835
1750771180.887851,0,0,213660,787550,9185
1750771181.089099,0,0,205460,782840,9185
1750771181.291454,0,0,207585,816825,8745
1750771181.49119,0,0,202040,795475,9195
1750771181.696613,0,0,216570,809220,8595
1750771181.891811,0,0,233970,857520,9310
1750771182.091845,0,0,222225,851605,8525
1750771182.295427,0,0,222985,873230,8895
1750771182.49837,0,0,229885,897140,8835
1750771182.695722,0,0,230625,854110,8690
1750771182.896384,0,0,221550,820980,8455
1750771183.097882,0,0,228290,875280,8920
1750771183.300081,0,0,234795,921620,8965
1750771183.501995,0,0,242830,943005,9065
1750771183.703533,0,0,243365,889445,9200
1750771183.905289,0,0,243050,891495,9305
1750771184.103012,0,0,235845,909545,8920
1750771184.302112,0,0,226470,883925,8860
1750771184.505575,0,0,230260,895460,8910
1750771184.708931,0,0,246380,909165,8600
1750771184.906253,0,0,243425,894535,8970
1750771185.108093,0,0,222170,850640,8930
1750771185.308067,0,0,221570,872025,9055
1750771185.506967,0,0,209810,818595,9055
1750771185.710822,0,0,218680,814805,8890
1750771185.910084,0,0,222385,814660,9025
1750771186.109965,0,0,220445,841525,9315
1750771186.313346,0,0,212200,836380,9175
1750771186.51619,0,0,217095,835270,9080
1750771186.716929,0,0,224355,819590,8885
1750771186.918959,0,0,208720,758750,9105
1750771187.116616,0,0,217615,828065,9000
1750771187.318852,0,0,220350,856155,8925
1750771187.520889,0,0,222575,877085,2370
1750771187.722141,0,0,219970,816970,1135
1750771187.92766,0,0,269150,997250,1675
1750771188.120112,0,0,208720,815550,2120
1750771188.321146,0,0,224690,889030,8600
1750771188.521609,0,0,196295,762190,9475
1750771188.719946,0,0,178155,670385,8730
1750771188.927619,0,0,221570,825775,9790
1750771189.125986,0,0,191500,758485,9365
1750771189.324098,0,0,194315,773210,9050
1750771189.527041,0,0,211045,798045,8690
1750771189.731165,0,0,235370,858975,8920
1750771189.93563,0,0,247600,909730,8665
1750771190.134809,0,0,218690,858675,9290
1750771190.33257,0,0,213365,849675,8860
1750771190.53947,0,0,226035,863375,8320
1750771190.736883,0,0,179225,668035,9390
1750771190.939845,0,0,225695,851875,9090
1750771191.140073,0,0,220860,858940,8700
1750771191.345217,0,0,191465,759410,9095
1750771191.546622,0,0,215375,826125,8875
1750771191.745883,0,0,213670,785980,8905
1750771191.946147,0,0,201570,762085,8615
1750771192.151696,0,0,205855,808810,9260
1750771192.356075,0,0,223185,881765,9385
1750771192.553473,0,0,223945,859120,8515
1750771192.749848,0,0,247325,888075,9070
1750771192.951001,0,0,248360,917525,8720
1750771193.352109,0,0,220220,866515,8535
1750771193.551353,0,0,212035,809270,8775
1750771193.751248,0,0,224670,817230,8475
1750771193.955767,0,0,207740,773160,9205
1750771194.153435,0,0,195875,766240,8920
1750771194.353532,0,0,201595,803695,8800
1750771194.554531,0,0,206930,779470,8625
1750771194.758481,0,0,220650,802510,8765
1750771194.959112,0,0,217580,805380,8965
1750771195.17221,0,0,209425,815095,9245
1750771195.360468,0,0,188360,735660,9505
1750771195.559251,0,0,168700,652155,8735
1750771195.763977,0,0,204865,747450,8885
1750771195.964027,0,0,195455,729190,9495
1750771196.160872,0,0,164170,643785,8715
1750771196.366688,0,0,154855,625500,8645
1750771196.565036,0,0,184480,701200,9100
1750771196.767292,0,0,202590,747320,8830
1750771196.969164,0,0,199345,758070,9315
1750771197.168898,0,0,191120,752385,9085
1750771197.370768,0,0,192710,752325,8785
1750771197.572857,0,0,230085,868180,9305
1750771197.785618,0,0,231245,835540,8805
1750771197.975072,0,0,227700,847270,9225
1750771198.176847,0,0,225305,870920,8885
1750771198.378653,0,0,203600,793560,8935
1750771198.578694,0,0,212790,790910,9160
1750771198.777922,0,0,230340,832195,8750
1750771198.985097,0,0,212065,779700,9405
1750771199.182082,0,0,198250,763530,8645
1750771199.381877,0,0,190220,735295,9240
1750771199.579459,0,0,186580,702880,9010
1750771199.781296,0,0,208010,749880,9460
1750771199.983824,0,0,198670,746335,8810
1750771200.184672,0,0,196945,763675,8575
1750771200.387547,0,0,206415,798005,9055
1750771200.589075,0,0,213805,803245,9340
1750771200.79129,0,0,216730,789185,8790
1750771200.991031,0,0,207340,780525,9000
1750771201.189575,0,0,187315,726460,8680
1750771201.396893,0,0,169000,661885,9775
1750771201.592658,0,0,173425,643485,8990
1750771201.792772,0,0,180450,641490,9495
1750771201.993127,0,0,193335,712635,9100
1750771202.195898,0,0,187835,717245,8765
1750771202.398979,0,0,183065,714145,9255
1750771202.602983,0,0,188020,694880,8805
1750771202.798966,0,0,199860,712380,8985
1750771203.000718,0,0,188505,694130,8450
1750771203.201414,0,0,181180,698425,9025
1750771203.433071,0,0,175240,678435,9125
1750771203.604614,0,0,198895,743140,8710
1750771203.806588,0,0,202285,741200,9105
1750771204.007383,0,0,196555,734640,9090
1750771204.206851,0,0,193205,743950,9285
1750771204.40944,0,0,191740,741315,9080
1750771204.609104,0,0,184250,689165,9065
1750771204.812678,0,0,199690,718855,8830
1750771205.017676,0,0,202390,751165,8870
1750771205.218141,0,0,190715,735880,8775
1750771205.411785,0,0,192335,745800,8920
1750771205.617236,0,0,204280,759285,8705
1750771205.81371,0,0,209660,757350,9565
1750771206.016169,0,0,215875,801350,9160
1750771206.216821,0,0,209100,813735,9090
1750771206.423113,0,0,210825,820700,9010
1750771206.617695,0,0,222820,828115,8665
1750771206.82023,0,0,232140,837905,8620
1750771207.021114,0,0,228970,847925,9145
1750771207.221734,0,0,214605,843630,8740
1750771207.423674,0,0,228720,878125,9945
1750771207.620324,0,0,199615,737750,9070
1750771207.824164,0,0,240295,874015,10475
1750771208.026366,0,0,221860,841715,9550
1750771208.225074,0,0,217510,841180,8905
1750771208.428109,0,0,209630,804580,9100
1750771208.623025,0,0,206130,754340,8725
1750771208.826481,0,0,207570,753655,8585
1750771209.034924,0,0,187785,710275,9020
1750771209.237383,0,0,197530,759765,8820
1750771209.436572,0,0,201730,770310,8840
1750771209.635042,0,0,209330,764775,9235
1750771209.839494,0,0,192745,705100,8620
1750771210.039958,0,0,201370,776250,8795
1750771210.244411,0,0,198835,764110,8705
1750771210.448864,0,0,197875,753370,9340
1750771210.656372,0,0,214780,770145,8870
1750771210.849662,0,0,217660,784645,9325
1750771211.050332,0,0,210605,803690,9020
1750771211.249632,0,0,211645,811980,8910
1750771211.452169,0,0,213575,816130,8985
1750771211.647646,0,0,213355,768855,8510
1750771212.052236,0,0,214460,813730,9270
1750771212.256383,0,0,203385,787135,8805
1750771212.457564,0,0,217260,833705,8635
1750771212.658786,0,0,223320,810865,8810
1750771212.855061,0,0,196140,719530,9245
1750771213.056133,0,0,195610,754460,8670
1750771213.258529,0,0,193080,754000,9195
1750771213.459642,0,0,204740,778005,9205
1750771213.659983,0,0,207510,755245,8900
1750771213.864102,0,0,215045,787555,8415
1750771214.063,0,0,205765,788550,8705
1750771214.263465,0,0,188740,731525,8950
1750771214.464914,0,0,194455,753230,9210
1750771214.664219,0,0,213080,774325,9465
1750771214.867399,0,0,202675,740375,8925
1750771215.073495,0,0,207985,781755,8975
1750771215.26938,0,0,188575,720200,9370
1750771215.468296,0,0,190370,723145,8940
1750771215.669884,0,0,190615,682965,8900
1750771215.87298,0,0,199145,733200,9175
1750771216.073357,0,0,195620,750520,8910
1750771216.274372,0,0,183510,710935,8940
1750771216.476863,0,0,189110,717380,8585
1750771216.67723,0,0,189885,694050,9000
1750771216.877049,0,0,189580,694995,8975
1750771217.077975,0,0,169920,648175,9035
1750771217.279026,0,0,164325,638620,8805
1750771217.478659,0,0,159645,612630,9345
1750771217.683645,0,0,196415,706550,9035
1750771217.883359,0,0,207540,754515,8985
1750771218.085533,0,0,200140,750510,8705
1750771218.285381,0,0,196740,751345,8805
1750771218.487093,0,0,204250,780850,8695
1750771218.68898,0,0,226285,811690,8710
1750771218.889953,0,0,210115,773210,8625
1750771219.090219,0,0,198630,750080,8800
1750771219.292152,0,0,187915,729515,8710
1750771219.493788,0,0,188340,718410,8940
1750771219.692881,0,0,189300,681635,9085
1750771219.894447,0,0,184025,674725,8970
1750771220.097047,0,0,158125,604075,8965
1750771220.297453,0,0,156025,608035,8945
1750771220.497607,0,0,174855,677875,8840
1750771220.697102,0,0,173585,640350,8890
1750771220.899793,0,0,167635,636815,9150
1750771221.103219,0,0,176840,682280,9825
1750771221.306864,0,0,198185,767930,8615
1750771221.506303,0,0,212430,798660,8535
1750771221.706285,0,0,218005,788215,9100
1750771221.907829,0,0,210625,769545,9320
1750771222.111223,0,0,218475,822405,8260
1750771222.311321,0,0,190445,731710,8910
1750771222.514706,0,0,184860,694310,8845
1750771222.709034,0,0,176700,637220,8905
1750771222.910107,0,0,187640,679645,9045
1750771223.110894,0,0,190475,715510,9085
1750771223.309781,0,0,170220,647465,8830
1750771223.512434,0,0,203050,769515,8930
1750771223.718405,0,0,217445,782600,8510
1750771223.917987,0,0,212095,760090,8695
1750771224.117328,0,0,174840,669240,8875
1750771224.317149,0,0,162865,628505,9930
1750771224.519048,0,0,206865,783830,8630
1750771224.722108,0,0,235450,847495,9865
1750771224.92546,0,0,248675,910920,10695
1750771225.124842,0,0,201950,778265,8045
1750771225.325529,0,0,251830,973520,10745
1750771225.525031,0,0,220425,817415,9455
1750771225.727434,0,0,205435,743855,8835
1750771225.9265,0,0,197645,737725,9225
1750771226.128676,0,0,193505,754725,9280
1750771226.330857,0,0,197030,758970,8890
1750771226.529976,0,0,201055,749620,8675
1750771226.730805,0,0,207660,760195,9335
1750771226.93279,0,0,178405,665570,8985
1750771227.132465,0,0,183300,716065,9560
1750771227.337008,0,0,187105,718570,9400
1750771227.539706,0,0,202920,748675,8985
1750771227.738536,0,0,194620,700090,8680
1750771227.939509,0,0,203820,760995,8685
1750771228.141821,0,0,214225,831830,9240
1750771228.344381,0,0,210425,817385,9035
1750771228.548756,0,0,224475,820570,9015
1750771228.749655,0,0,230210,836025,8740
1750771228.948638,0,0,226160,841955,8705
1750771229.147743,0,0,223450,864265,8785
1750771229.348592,0,0,216590,845005,8460
1750771229.555804,0,0,220490,811640,9015
1750771229.758897,0,0,223585,809915,8880
1750771229.956393,0,0,213540,798120,8580
1750771230.155685,0,0,202545,784265,8830
1750771230.355847,0,0,205645,798005,8595
1750771230.557668,0,0,217850,799505,9030
1750771230.762458,0,0,222015,795790,8585
1750771230.964094,0,0,205645,757780,8845
1750771231.158739,0,0,188920,729800,8655
1750771231.367278,0,0,194555,739655,9155
1750771231.562147,0,0,197405,723015,8795
1750771231.763317,0,0,217990,775015,8785
1750771231.963989,0,0,204095,757130,9200
1750771232.167651,0,0,176980,674375,8985
1750771232.366452,0,0,198195,744120,7815
1750771232.765848,0,0,189180,672480,9135
1750771232.966167,0,0,187635,693365,8860
1750771233.16876,0,0,189185,713770,9045
1750771233.370518,0,0,196550,742950,8780
1750771233.573366,0,0,206965,749165,9375
1750771233.775112,0,0,210695,760435,9135
1750771233.973741,0,0,204445,757310,9285
1750771234.173613,0,0,173565,668140,8795
1750771234.401533,0,0,210940,806190,8640
1750771234.586543,0,0,222290,811775,8930
1750771234.780089,0,0,216130,779280,8840
1750771234.984464,0,0,210130,797990,9045
1750771235.182195,0,0,207005,805050,8800
1750771235.387177,0,0,209270,798220,9055
1750771235.583239,0,0,213765,777735,9060
1750771235.786499,0,0,213805,767030,8655
1750771235.985013,0,0,219125,811080,9100
1750771236.188967,0,0,223460,858760,8745
1750771236.388021,0,0,240325,910765,8750
1750771236.587487,0,0,241295,875160,8950
1750771236.786954,0,0,223030,793790,9570
1750771236.987001,0,0,213285,792880,8540
1750771237.189795,0,0,204645,782020,8975
1750771237.392582,0,0,198005,757265,9000
1750771237.590865,0,0,216625,782705,9225
1750771237.793946,0,0,208350,751045,9185
1750771237.991894,0,0,184000,686900,9120
1750771238.19669,0,0,190975,734750,9030
1750771238.39811,0,0,169620,650615,8735
1750771238.597798,0,0,207165,748970,9370
1750771238.802514,0,0,227910,816985,8555
1750771239.001021,0,0,216030,802040,8935
1750771239.200958,0,0,199480,763010,8550
1750771239.402931,0,0,189680,730950,9200
1750771239.603411,0,0,221285,801135,8890
1750771239.811587,0,0,220405,794555,8355
1750771240.005535,0,0,202745,765930,9130
1750771240.206786,0,0,200055,772785,8655
1750771240.407665,0,0,207665,796655,9150
1750771240.61012,0,0,219510,809850,8715
1750771240.810311,0,0,233195,849965,9035
1750771241.015105,0,0,217920,830685,9150
1750771241.213203,0,0,208440,815015,9085
1750771241.41144,0,0,203580,787260,9100
1750771241.610828,0,0,209205,776325,9495
1750771241.81271,0,0,204195,749785,9065
1750771242.013466,0,0,192710,738255,8710
1750771242.215499,0,0,197685,766770,9045
1750771242.420774,0,0,200795,774445,8710
1750771242.620967,0,0,211830,782205,8985
1750771242.819933,0,0,223440,800725,8990
1750771243.020504,0,0,225810,834085,8925
1750771243.221109,0,0,239640,939305,9800
1750771243.426941,0,0,236810,904515,10515
1750771243.623416,0,0,226030,813465,9645
1750771243.826545,0,0,223195,823340,9985
1750771244.025664,0,0,179475,682950,9600
1750771244.226627,0,0,183115,705960,9395
1750771244.430284,0,0,206070,761745,8760
1750771244.631029,0,0,213070,761545,8725
1750771244.830611,0,0,207535,749055,9525
1750771245.031279,0,0,189905,724820,8960
1750771245.230663,0,0,175655,680710,8895
1750771245.43222,0,0,178490,669600,9175
1750771245.63521,0,0,183245,656565,8840
1750771245.833545,0,0,179505,648325,9755
1750771246.036924,0,0,178165,681065,8490
1750771246.23368,0,0,183095,706495,8880
1750771246.437542,0,0,193670,729625,9000
1750771246.636206,0,0,195905,699575,9135
1750771246.839905,0,0,211080,775105,8840
1750771247.038425,0,0,195955,751520,8805
1750771247.243979,0,0,185250,712125,9090
1750771247.439786,0,0,180350,670765,8610
1750771247.641142,0,0,185860,661170,8385
1750771247.84274,0,0,191995,697890,9200
1750771248.050033,0,0,195095,744455,8735
1750771248.248977,0,0,199900,763050,8705
1750771248.452053,0,0,200625,752885,8920
1750771248.648137,0,0,198490,716400,8790
1750771248.847637,0,0,210140,777775,8955
1750771249.053096,0,0,209380,797765,8790
1750771249.253278,0,0,200410,767645,9135
1750771249.463411,0,0,203250,762145,8720
1750771249.662381,0,0,207600,738175,8655
1750771249.859044,0,0,204875,749555,8615
1750771250.062029,0,0,210910,795550,8860
1750771250.267945,0,0,200460,767445,8670
1750771250.468571,0,0,203515,775445,9300
1750771250.670179,0,0,214155,760960,8835
1750771250.878802,0,0,210480,771465,8775
1750771251.07651,0,0,205060,788920,9040
1750771251.275796,0,0,202015,777410,8835
1750771251.48014,0,0,201340,760010,9075
1750771251.680983,0,0,209885,759400,9130
1750771251.889653,0,0,199970,741935,8840
1750771252.09012,0,0,187200,724180,8615
1750771252.294968,0,0,166640,639480,8710
1750771252.491878,0,0,180265,675780,9215
1750771252.6942,0,0,197480,694795,9265
1750771252.901406,0,0,210465,771585,8670
1750771253.103117,0,0,192960,735955,8915
1750771253.302825,0,0,166590,652615,9155
1750771253.696794,0,0,190845,685320,8770
1750771253.696794,0,0,190845,685320,8770
1750771253.898356,0,0,180545,664645,9000
1750771254.09833,0,0,160040,621230,8960
1750771254.302109,0,0,159580,620620,8800
1750771254.706296,0,0,197685,712780,8910
1750771254.911989,0,0,197700,732815,8545
1750771255.10507,0,0,197605,753600,9380
1750771255.306513,0,0,199040,770155,9225
1750771255.506465,0,0,196185,731790,8625
1750771255.708307,0,0,199985,711275,9345
1750771255.910853,0,0,184480,674970,8885
1750771256.114298,0,0,184010,706725,8965
1750771256.3133,0,0,200865,777385,9395
1750771256.514246,0,0,205695,775625,9400
1750771256.71484,0,0,218745,785520,9205
1750771256.915298,0,0,214165,788435,9030
1750771257.117045,0,0,205205,785365,8760
1750771257.323551,0,0,244030,943755,10795
1750771257.51796,0,0,192005,718030,7505
1750771257.723795,0,0,263585,948535,10445
1750771257.92172,0,0,221870,831255,9550
1750771258.124961,0,0,236475,913400,9960
1750771258.328755,0,0,225980,864315,9890
1750771258.528121,0,0,221375,806560,8910
1750771258.728565,0,0,216120,792615,9045
1750771258.928008,0,0,199285,766800,8640
1750771259.129194,0,0,209200,822560,9390
1750771259.330323,0,0,206920,802760,8715
1750771259.530629,0,0,217125,791390,9265
1750771259.732158,0,0,215375,770905,9360
1750771259.937013,0,0,198325,737435,8830
1750771260.132872,0,0,190085,720580,8715
1750771260.333903,0,0,181210,697870,8935
1750771260.535891,0,0,198715,722885,8850
1750771260.736045,0,0,213695,772015,8700
1750771260.935827,0,0,199230,749715,9175
1750771261.138152,0,0,184140,716645,8755
1750771261.340556,0,0,192895,749755,8710
1750771261.539781,0,0,197500,712360,9520
1750771261.742425,0,0,211440,745250,8815
1750771261.954101,0,0,196405,735850,9260
1750771262.14679,0,0,205295,789490,8850
1750771262.351573,0,0,204540,786240,8550
1750771262.548884,0,0,220855,801120,8720
1750771262.749355,0,0,214860,790625,9220
1750771262.952891,0,0,214590,817235,8705
1750771263.15006,0,0,204140,797780,9095
1750771263.351384,0,0,197950,759385,9400
1750771263.558377,0,0,209095,758400,9080
1750771263.752794,0,0,191785,689275,8800
1750771263.954186,0,0,197585,743630,9525
1750771264.154093,0,0,201785,785980,9105
1750771264.356936,0,0,208305,801330,8760
1750771264.561809,0,0,210920,773445,8815
1750771264.758921,0,0,209375,754375,8520
1750771264.961399,0,0,221535,825465,8905
1750771265.160909,0,0,205335,795780,8670
1750771265.365884,0,0,203020,782760,9245
1750771265.567345,0,0,207430,748385,9075
1750771265.766789,0,0,209860,759415,9145
1750771265.968096,0,0,190765,716820,9330
1750771266.167535,0,0,189735,748390,8930
1750771266.370089,0,0,210840,807265,8900
1750771266.569282,0,0,210875,762370,8865
1750771266.771155,0,0,207110,757580,8810
1750771266.971279,0,0,206985,786965,9065
1750771267.173964,0,0,201085,786000,9170
1750771267.376643,0,0,213915,819630,8835
1750771267.57447,0,0,229645,832980,8660
1750771267.775931,0,0,213195,784905,9225
1750771267.972965,0,0,191210,723335,9135
1750771268.17941,0,0,175610,685640,8930
1750771268.380025,0,0,190615,731260,9190
1750771268.587255,0,0,201985,739935,8825
1750771268.783338,0,0,192005,694595,8795
1750771268.98591,0,0,182740,690120,9000
1750771269.382007,0,0,185160,701360,8875
1750771269.382007,0,0,185160,701360,8875
1750771269.786715,0,0,175660,637155,8775
1750771269.985934,0,0,195530,744175,8580
1750771270.189562,0,0,197160,769465,8720
1750771270.388551,0,0,196095,754655,8605
1750771270.590291,0,0,201130,726075,9395
1750771270.79163,0,0,202940,729955,9235
1750771270.995117,0,0,185515,701580,8915
1750771271.192288,0,0,173465,669610,9270
1750771271.393538,0,0,191215,731465,8385
1750771271.595493,0,0,198480,726790,8870
1750771271.796597,0,0,205540,742110,8625
1750771272.000069,0,0,207535,779545,8560
1750771272.202947,0,0,193725,750725,8755
1750771272.399295,0,0,186710,712350,8635
1750771272.600655,0,0,217445,783335,9005
1750771272.803422,0,0,211055,763425,8855
1750771273.004727,0,0,200700,767465,8410
1750771273.207546,0,0,209595,816130,8660
1750771273.42243,0,0,202420,772765,8770
1750771273.607077,0,0,204555,738435,8985
1750771273.816553,0,0,194785,712450,9065
1750771274.009106,0,0,185035,699445,9070
1750771274.212201,0,0,188020,724555,9265
1750771274.412925,0,0,196985,754775,8825
1750771274.61437,0,0,206670,750005,9445
1750771274.815015,0,0,206710,755110,9215
1750771275.013525,0,0,212190,812450,9130
1750771275.216899,0,0,202340,791030,9035
1750771275.416005,0,0,196075,766815,8765
1750771275.618043,0,0,205330,750735,8825
1750771275.820776,0,0,212040,773675,9305
1750771276.019245,0,0,201995,767780,8645
1750771276.218068,0,0,200870,779355,9265
1750771276.418532,0,0,214310,827945,9350
1750771276.620898,0,0,240785,862495,9815
1750771276.821362,0,0,227010,814845,10360
1750771277.025332,0,0,220950,844280,10355
1750771277.223801,0,0,212345,814490,10000
1750771277.424265,0,0,196700,717175,8580
1750771277.625726,0,0,199575,712430,9220
1750771277.827119,0,0,187950,688755,8850
1750771278.0286,0,0,166485,644330,8935
1750771278.229782,0,0,160950,617870,8945
1750771278.432971,0,0,167735,614355,9370
1750771278.630538,0,0,180935,655780,8865
1750771278.832995,0,0,187985,696435,8515
1750771279.03297,0,0,181165,701095,8830
1750771279.233434,0,0,177165,678660,8815
1750771279.435206,0,0,200335,743230,8410
1750771279.641111,0,0,198260,714340,9240
1750771279.838723,0,0,208100,770390,8540
1750771280.040571,0,0,200200,766250,9510
1750771280.242088,0,0,194615,746200,8695
1750771280.438075,0,0,201680,735300,8845
1750771280.640498,0,0,199045,708890,8985
1750771280.843524,0,0,190695,701710,9140
1750771281.042792,0,0,198475,755145,8810
1750771281.244417,0,0,195055,731545,8765
1750771281.445922,0,0,196925,727710,8890
1750771281.647866,0,0,201560,722090,8645
1750771281.849617,0,0,197565,728815,8375
1750771282.051127,0,0,193950,750595,8655
1750771282.25011,0,0,192490,730755,8435
1750771282.44947,0,0,187600,693435,8825
1750771282.653686,0,0,209850,749915,8815
1750771282.850822,0,0,210240,761690,8950
1750771283.050275,0,0,120735,448400,8300
1750771283.251071,0,0,115860,436650,8325
1750771283.453198,0,0,79450,286145,8895
1750771283.656727,0,0,213485,762730,8970
1750771283.859293,0,0,228195,831865,9380
1750771284.062027,0,0,210745,809600,8500
1750771284.262951,0,0,214385,816880,9270
1750771284.462717,0,0,196905,742720,8660
1750771284.66908,0,0,207085,748670,9135
1750771284.86421,0,0,216120,798935,8875
1750771285.067252,0,0,214580,827455,8950
1750771285.266816,0,0,206205,773260,8795
1750771285.471181,0,0,199080,738660,8700
1750771285.672257,0,0,209355,752080,8990
1750771285.873206,0,0,201045,743675,9100
1750771286.072591,0,0,194255,741970,8980
1750771286.274458,0,0,196610,755140,8835
1750771286.477393,0,0,213465,779460,9480
1750771286.679438,0,0,215995,771035,8610
1750771286.887607,0,0,217850,797100,8980
1750771287.086185,0,0,209345,796850,9120
1750771287.281917,0,0,210525,800940,8775
1750771287.48384,0,0,218600,810205,9270
1750771287.692399,0,0,219870,801370,9455
1750771287.892066,0,0,214020,782525,8935
1750771288.092677,0,0,207770,798930,8615
1750771288.287843,0,0,204605,791080,9180
1750771288.489996,0,0,215030,789935,8510
1750771288.691179,0,0,221800,789565,8875
1750771288.895288,0,0,227280,833300,8860
1750771289.28968,0,0,205985,785045,8915
1750771289.28968,0,0,205985,785045,8915
1750771289.689955,0,0,194065,702130,9040
1750771289.896843,0,0,203105,756050,8810
1750771290.092717,0,0,175665,689210,9605
1750771290.289363,0,0,94245,361440,9210
1750771290.497889,0,0,204800,752435,8885
1750771290.697115,0,0,195260,703425,9010
1750771290.899904,0,0,203165,742375,8895
1750771291.10012,0,0,198985,762590,8845
1750771291.301123,0,0,212300,812750,8720
1750771291.50363,0,0,198240,724450,8990
1750771291.701684,0,0,148875,525635,8710
1750771291.913298,0,0,201450,748215,9075
1750771292.108247,0,0,205425,792040,9240
1750771292.307566,0,0,194375,748415,9185
1750771292.510707,0,0,203235,743575,8855
1750771292.709753,0,0,211640,767080,8925
1750771292.912342,0,0,196115,734805,8755
1750771293.119015,0,0,203615,787125,9200
1750771293.310898,0,0,167835,650495,8800
1750771293.510672,0,0,173000,643225,9060
1750771293.713103,0,0,177480,637610,8965
1750771293.913702,0,0,178570,662165,8530
1750771294.114583,0,0,189900,730085,8620
1750771294.321619,0,0,194340,750985,9110
1750771294.51661,0,0,201115,745950,9215
1750771294.719245,0,0,202185,722540,9415
1750771294.919995,0,0,191170,714595,8690
1750771295.119341,0,0,175985,669310,8895
1750771295.320298,0,0,210005,798620,9770
1750771295.528186,0,0,226625,826620,9425
1750771295.72593,0,0,254285,918625,10295
1750771295.931947,0,0,224620,836920,9735
1750771296.128993,0,0,220640,839165,9020
1750771296.32979,0,0,231715,876235,10070
1750771296.545311,0,0,224455,796520,9105
1750771296.729808,0,0,219030,794755,8915
1750771296.928437,0,0,204115,771640,8815
1750771297.131091,0,0,188695,719635,9205
1750771297.330829,0,0,188040,706155,9190
1750771297.533992,0,0,200760,719055,8790
1750771297.734,0,0,214005,775415,9295
1750771297.937695,0,0,202970,773390,8825
1750771298.134871,0,0,191790,739525,8975
1750771298.336327,0,0,190020,719475,9265
1750771298.53769,0,0,202375,727960,8725
1750771298.740146,0,0,209205,756650,8875
1750771298.938616,0,0,194200,742155,8240
1750771299.144146,0,0,202755,782500,8540
1750771299.341006,0,0,189485,705890,9240
1750771299.545538,0,0,202505,719070,8875
1750771299.744799,0,0,195960,721525,9275
1750771299.946351,0,0,200230,761650,9160
1750771300.146254,0,0,202865,791950,8820
1750771300.351071,0,0,204205,779475,8880
1750771300.548559,0,0,202565,739640,8540
1750771300.749022,0,0,205980,754770,9060
1750771300.950663,0,0,200145,768130,8915
1750771301.150996,0,0,195885,752680,8945
1750771301.35106,0,0,190265,713015,8715
1750771301.554796,0,0,198745,713200,8665
1750771301.756381,0,0,198095,726260,9170
1750771301.955623,0,0,195310,742510,8620
1750771302.161266,0,0,202410,792800,9040
1750771302.359624,0,0,208490,784105,8575
1750771302.560576,0,0,208915,748515,8690
1750771302.761583,0,0,205095,749005,8945
1750771302.962965,0,0,194285,727725,9055
1750771303.16111,0,0,174960,666010,8915
1750771303.364741,0,0,200195,743625,8765
1750771303.566442,0,0,209145,743190,8865
1750771303.768116,0,0,211970,760295,9230
1750771303.969028,0,0,205695,769620,9255
1750771304.169744,0,0,187430,707550,9025
1750771304.372147,0,0,208855,779745,8880
1750771304.574834,0,0,220975,782970,8915
1750771304.774118,0,0,204225,731120,8635
1750771304.97481,0,0,192745,727485,9605
1750771305.177087,0,0,194675,753180,9040
1750771305.37965,0,0,198255,753880,9675
1750771305.575996,0,0,206405,745340,8840
1750771305.776949,0,0,207065,752165,8735
1750771305.978596,0,0,200935,767090,8550
1750771306.179887,0,0,213670,810095,8770
1750771306.38467,0,0,211940,800830,8700
1750771306.59067,0,0,227465,814220,8690
1750771306.784646,0,0,226570,809150,8505
1750771306.99005,0,0,218860,817970,8625
1750771307.191107,0,0,222050,848305,9535
1750771307.391086,0,0,221915,830740,8790
1750771307.593959,0,0,222255,791480,8965
1750771307.792882,0,0,211490,764620,8460
1750771307.990087,0,0,200085,750505,9380
1750771308.189796,0,0,195920,748550,8115
1750771308.39537,0,0,198095,738635,9095
1750771308.592842,0,0,207840,747495,8940
1750771308.798802,0,0,210875,768545,8840
1750771308.998779,0,0,201590,777035,9020
1750771309.198366,0,0,204225,776425,8835
1750771309.398338,0,0,203220,750420,8790
1750771309.799266,0,0,192210,692985,5895
1750771309.99679,0,0,183340,696905,3465
1750771310.200891,0,0,177440,668305,8440
1750771310.40138,0,0,175165,654265,8770
1750771310.602728,0,0,191020,688235,8760
1750771310.80398,0,0,195945,715000,9050
1750771311.003446,0,0,185930,720275,8870
1750771311.20391,0,0,195775,754980,8595
1750771311.407879,0,0,180015,683830,8795
1750771311.611424,0,0,210395,756600,8965
1750771311.811603,0,0,209235,772045,8825
1750771312.011083,0,0,210485,814965,8935
1750771312.212133,0,0,208745,813600,8960
1750771312.412827,0,0,204955,783120,9410
1750771312.61245,0,0,209690,760365,8980
1750771312.815721,0,0,193710,704050,8705
1750771313.013729,0,0,191345,720025,9240
1750771313.217125,0,0,193775,739160,8580
1750771313.414871,0,0,202040,754515,8950
1750771313.6181,0,0,186300,667855,8645
1750771313.817138,0,0,163515,598915,8735
1750771314.021014,0,0,190115,734080,8715
1750771314.220034,0,0,184680,709025,9065
1750771314.423105,0,0,200370,740400,9965
1750771314.623443,0,0,198135,728115,10345
1750771314.825498,0,0,206475,772945,10060
1750771315.02553,0,0,143020,566920,8950
1750771315.224385,0,0,161040,630315,8715
1750771315.433501,0,0,174780,647595,9060
1750771315.626233,0,0,184680,675745,8520
1750771315.829788,0,0,189025,707685,9140
1750771316.030932,0,0,184630,716785,8740
1750771316.232939,0,0,200425,788605,9685
1750771316.434451,0,0,212400,775945,9140
1750771316.640341,0,0,202105,729525,9270
1750771316.833276,0,0,199855,742130,8760
1750771317.035569,0,0,191940,741345,8850
1750771317.236346,0,0,186390,709400,8830
1750771317.436689,0,0,190030,689190,8795
1750771317.639857,0,0,191345,684905,8685
1750771317.846176,0,0,197795,718140,8365
1750771318.041516,0,0,193245,738710,8950
1750771318.243194,0,0,184130,701170,8865
1750771318.443968,0,0,200325,725210,8600
1750771318.646803,0,0,207455,749475,9190
1750771318.845786,0,0,193660,722375,8880
1750771319.050887,0,0,182275,704590,8530
1750771319.248953,0,0,191100,726485,8560
1750771319.44874,0,0,200740,725005,9005
1750771319.651791,0,0,209100,748785,9465
1750771319.852898,0,0,206575,764480,9210
1750771320.052071,0,0,200665,756195,8645
1750771320.253871,0,0,195205,737365,8950
1750771320.457012,0,0,210950,779205,9170
1750771320.659107,0,0,215105,788455,9300
1750771320.85958,0,0,197830,746445,8930
1750771321.059142,0,0,203420,782430,8560
1750771321.256937,0,0,185040,701190,9165
1750771321.458817,0,0,195225,695340,8515
1750771321.659069,0,0,188410,676455,9005
1750771321.859714,0,0,194645,713680,8595
1750771322.060841,0,0,189660,718550,8710
1750771322.264403,0,0,186125,711135,9205
1750771322.464625,0,0,190600,693295,9035
1750771322.665266,0,0,203730,731630,9235
1750771322.866607,0,0,194780,733615,8820
1750771323.065351,0,0,177750,690720,9090
1750771323.268119,0,0,189885,731350,9215
1750771323.471023,0,0,192120,705300,8425
1750771323.668371,0,0,188435,691730,9080
1750771323.872064,0,0,166985,628155,9235
1750771324.083027,0,0,196030,760565,8910
1750771324.275124,0,0,199050,772270,9560
1750771324.475798,0,0,211865,789685,8845
1750771324.675189,0,0,215035,798015,9035
1750771324.874576,0,0,215000,817325,8825
1750771325.076038,0,0,207595,797030,8850
1750771325.281951,0,0,200885,765520,8940
1750771325.478511,0,0,215855,777445,8485
1750771325.680307,0,0,206645,746220,8950
1750771325.883371,0,0,209085,777750,8805
1750771326.083398,0,0,200855,771895,9360
1750771326.288094,0,0,208665,785625,8730
1750771326.489216,0,0,223985,807460,9085
1750771326.686167,0,0,227340,816085,8795
1750771326.887998,0,0,210850,784565,8835
1750771327.286986,0,0,213685,808665,8960
1750771327.516498,0,0,210280,762710,8500
1750771327.516498,0,0,210280,762710,8500
1750771327.695322,0,0,235570,855845,8775
1750771328.095404,0,0,196165,764640,8390
1750771328.295199,0,0,194905,750390,9140
1750771328.497929,0,0,211630,774205,9185
1750771328.696942,0,0,203725,734110,8605
1750771328.900937,0,0,191755,731630,8910
1750771329.098401,0,0,191950,758290,9115
1750771329.301915,0,0,197705,761440,8820
1750771329.500502,0,0,217310,801360,8945
1750771329.699968,0,0,210785,767875,8985
1750771329.901429,0,0,187270,709265,8700
1750771330.102894,0,0,197505,769825,9245
1750771330.30607,0,0,200355,765925,9060
1750771330.504099,0,0,195785,715360,8850
1750771330.709272,0,0,201580,741600,8795
1750771330.904276,0,0,189800,725550,8950
1750771331.108071,0,0,192290,743865,8440
1750771331.309586,0,0,199780,772340,8755
1750771331.509087,0,0,197535,733505,8635
1750771331.710135,0,0,197630,724635,8800
1750771331.910442,0,0,179770,686105,8610
1750771332.111908,0,0,164180,642025,9240
1750771332.314476,0,0,157335,613210,8610
1750771332.513413,0,0,186545,692950,8520
1750771332.715025,0,0,192190,699520,8605
1750771332.918848,0,0,199560,750175,9005
1750771333.119546,0,0,208670,812245,8550
1750771333.320052,0,0,203010,782995,9015
1750771333.52515,0,0,233525,859550,8960
1750771333.7279,0,0,251820,922480,10750
1750771333.923542,0,0,224120,852460,10075
1750771334.126863,0,0,213090,822355,9390
1750771334.326116,0,0,206665,775960,9935
1750771334.524503,0,0,182545,655735,9145
1750771334.72864,0,0,182275,665375,8380
1750771334.928899,0,0,184695,716685,8775
1750771335.130881,0,0,168315,657355,8840
1750771335.333467,0,0,175825,670895,8700
1750771335.533667,0,0,191955,703440,8610
1750771335.73369,0,0,201715,755585,8815
1750771335.934946,0,0,201420,778940,9130
1750771336.14096,0,0,185705,722420,8795
1750771336.338453,0,0,204850,769710,8780
1750771336.5411,0,0,205840,740335,8875
1750771336.740822,0,0,225175,822230,9115
1750771336.941236,0,0,213465,825720,8730
1750771337.14587,0,0,227595,873440,8995
1750771337.34682,0,0,226940,852825,8740
1750771337.545916,0,0,237235,853875,8465
1750771337.746514,0,0,234355,862380,8985
1750771337.945878,0,0,222410,851730,8830
1750771338.145503,0,0,193645,747465,9020
1750771338.346779,0,0,221695,833690,8520
1750771338.550703,0,0,219665,781820,8915
1750771338.751085,0,0,189345,693850,9120
1750771338.950884,0,0,194685,741125,8785
1750771339.152739,0,0,191240,736540,8820
1750771339.351819,0,0,201955,753920,9015
1750771339.553982,0,0,233945,846365,8810
1750771339.758089,0,0,228435,832500,9115
1750771339.956136,0,0,197080,772300,9040
1750771340.153944,0,0,191150,730415,8270
1750771340.354408,0,0,208425,778575,9255
1750771340.556867,0,0,213790,768280,8650
1750771340.756333,0,0,206180,753700,8695
1750771340.960499,0,0,195180,739205,8980
1750771341.159965,0,0,185370,716290,8495
1750771341.362424,0,0,221510,836420,8435
1750771341.56189,0,0,217075,793860,9305
1750771341.760928,0,0,207540,779275,8820
1750771341.967374,0,0,189580,740775,8705
1750771342.167675,0,0,178460,695235,8785
1750771342.369279,0,0,194545,723695,9135
1750771342.566061,0,0,220225,786330,8760
1750771342.768148,0,0,219805,813785,9405
1750771342.968455,0,0,199225,773300,8970
1750771343.170913,0,0,194500,747600,8645
1750771343.373372,0,0,225320,836535,8815
1750771343.575617,0,0,240725,855625,8755
1750771343.774025,0,0,204175,755025,8765
1750771343.974692,0,0,202715,777075,9085
1750771344.173544,0,0,180710,703950,8275
1750771344.378118,0,0,206535,770885,8995
1750771344.580763,0,0,193090,697130,8860
1750771344.785013,0,0,182135,675980,8990
1750771344.986185,0,0,172555,666880,8605
1750771345.184696,0,0,160485,622800,8790
1750771345.385721,0,0,124020,472675,9035
1750771345.589175,0,0,149740,563195,9025
1750771345.794116,0,0,197885,755325,8605
1750771346.000459,0,0,210125,836315,8855
1750771346.195695,0,0,208670,817615,8715
1750771346.402482,0,0,219600,823840,8780
1750771346.604248,0,0,232930,835905,8595
1750771346.805935,0,0,193300,719600,8940
1750771347.001862,0,0,191880,740065,8345
1750771347.208504,0,0,160080,621860,8905
1750771347.406146,0,0,186700,701720,8820
1750771347.605412,0,0,202195,716980,8810
1750771348.010927,0,0,191155,751635,8570
1750771348.206601,0,0,153705,614655,8955
1750771348.405033,0,0,160530,614030,8905
1750771348.611724,0,0,214430,782740,8920
1750771348.811846,0,0,223475,834140,8750
1750771349.013996,0,0,217260,836015,8785
1750771349.213136,0,0,197160,753335,8860
1750771349.410976,0,0,170340,628080,9030
1750771349.611972,0,0,188640,666930,9070
1750771349.817891,0,0,220495,807625,8725
1750771350.018934,0,0,207625,788745,8495
1750771350.217028,0,0,201320,766670,9200
1750771350.419656,0,0,216285,806045,8980
1750771350.625098,0,0,214260,764445,8320
1750771350.824249,0,0,218920,807590,9105
1750771351.025321,0,0,204340,786805,11250
1750771351.218125,0,0,106010,407275,8805
1750771351.422232,0,0,168395,612330,9500
1750771351.626112,0,0,192545,689535,9620
1750771351.827679,0,0,224850,844585,9840
1750771352.030204,0,0,195235,760010,9030
1750771352.229247,0,0,209995,812295,9630
1750771352.42841,0,0,211945,773875,9205
1750771352.62873,0,0,207600,774690,8430
1750771352.82976,0,0,212740,816475,8860
1750771353.031019,0,0,171045,671550,9130
1750771353.230088,0,0,166805,644605,8955
1750771353.431991,0,0,197865,721785,9570
1750771353.63776,0,0,218245,798825,8705
1750771353.837403,0,0,218680,838760,8920
1750771354.039113,0,0,204630,809120,8950
1750771354.237617,0,0,214935,831235,9125
1750771354.439031,0,0,230780,846515,8750
1750771354.640134,0,0,226215,825710,8905
1750771354.842234,0,0,197855,754860,9095
1750771355.04047,0,0,172885,679205,8865
1750771355.241739,0,0,163155,629720,9040
1750771355.441796,0,0,167510,613275,8830
1750771355.644058,0,0,183800,681890,8795
1750771355.846428,0,0,162650,625630,8710
1750771356.047502,0,0,189080,740740,8625
1750771356.246336,0,0,195775,767635,8860
1750771356.44975,0,0,205835,766730,8930
1750771356.650569,0,0,200390,739600,8910
1750771356.850055,0,0,204815,796025,8940
1750771357.05577,0,0,199350,776830,9005
1750771357.253777,0,0,194145,753665,9085
1750771357.456236,0,0,200910,738380,8995
1750771357.658886,0,0,220790,800010,8665
1750771357.857018,0,0,200855,761005,9175
1750771358.055927,0,0,196430,771770,8990
1750771358.260146,0,0,193840,747740,9165
1750771358.507549,0,0,194735,701375,9125
1750771358.661159,0,0,218730,803725,8855
1750771358.862881,0,0,189595,734840,9085
1750771359.065927,0,0,207885,798020,8800
1750771359.267755,0,0,200900,767470,8820
1750771359.469538,0,0,226965,813445,8735
1750771359.671406,0,0,204540,748825,9065
1750771359.869125,0,0,191595,730630,8835
1750771360.069866,0,0,180285,695075,8965
1750771360.272128,0,0,190485,725530,8900
1750771360.471273,0,0,214730,778020,9040
1750771360.672734,0,0,212045,775475,9350
1750771360.877066,0,0,201250,775300,8630
1750771361.072543,0,0,192185,744000,9025
1750771361.274107,0,0,204365,784445,9290
1750771361.479512,0,0,212030,767375,8855
1750771361.676634,0,0,192145,694445,8805
1750771361.876676,0,0,170225,649585,9160
1750771362.084373,0,0,168045,657980,9100
1750771362.2798,0,0,188500,731115,8990
1750771362.480127,0,0,201650,741030,8680
1750771362.681424,0,0,190535,697180,8910
1750771362.882674,0,0,190570,724840,9500
1750771363.086649,0,0,194960,751880,8825
1750771363.287117,0,0,198570,764755,8945
1750771363.486689,0,0,218400,785845,9230
1750771363.68614,0,0,199260,729990,9195
1750771363.886832,0,0,173290,657880,9485
1750771364.084922,0,0,112620,428375,8770
1750771364.287701,0,0,174095,664530,8800
1750771364.498516,0,0,194090,718350,8785
1750771364.693505,0,0,188325,693820,8945
1750771364.896713,0,0,174660,676310,9365
1750771365.096453,0,0,188030,735705,8560
1750771365.296904,0,0,192215,728555,9065
1750771365.506461,0,0,218515,801035,8685
1750771365.709417,0,0,220975,804475,8930
1750771365.906524,0,0,200900,774455,9215
1750771366.10881,0,0,181675,697815,9140
1750771366.307569,0,0,154480,590270,8580
1750771366.51096,0,0,194110,710740,8995
1750771366.711729,0,0,188320,682540,9155
1750771366.921412,0,0,196860,765370,8810
1750771367.116796,0,0,193845,765115,9005
1750771367.316181,0,0,162285,619940,8620
1750771367.518135,0,0,195960,714100,8705
1750771367.719271,0,0,224590,809435,8350
1750771367.922606,0,0,208310,798825,8800
1750771368.123695,0,0,196645,779525,9015
1750771368.319915,0,0,135975,528270,9135
1750771368.514388,0,0,69575,250875,8530
1750771368.918558,0,0,124805,480070,9465
1750771369.123454,0,0,169685,652880,10705
1750771369.323917,0,0,205545,772250,11070
1750771369.524749,0,0,194600,711660,8815
1750771369.726444,0,0,194835,736640,9425
1750771369.926445,0,0,179725,704845,8980
1750771370.128039,0,0,169245,674850,8860
1750771370.328677,0,0,181530,680895,8985
1750771370.530817,0,0,187675,691950,9005
1750771370.732077,0,0,193490,731885,8765
1750771370.935362,0,0,191690,745660,9090
1750771371.135784,0,0,184885,706905,8520
1750771371.332647,0,0,169905,628225,8705
1750771371.534647,0,0,177890,643565,8750
1750771371.737942,0,0,165285,607530,8805
1750771371.936393,0,0,172975,667395,8900
1750771372.141437,0,0,195315,757020,8860
1750771372.342401,0,0,205405,761460,8480
1750771372.540869,0,0,204485,744725,8915
1750771372.741332,0,0,192725,714400,8565
1750771372.940799,0,0,203605,797355,8825
1750771373.141263,0,0,187090,724460,8440
1750771373.344718,0,0,201365,752330,9350
1750771373.544693,0,0,198910,729575,8730
1750771373.746154,0,0,182970,688585,9080
1750771373.944623,0,0,194615,759105,8710
1750771374.145126,0,0,177345,698265,9325
1750771374.347497,0,0,191995,727390,9220
1750771374.551969,0,0,191415,697550,8890
1750771374.750538,0,0,193210,726085,8695
1750771374.9497,0,0,195970,768800,8730
1750771375.154153,0,0,202430,785495,8940
1750771375.353622,0,0,204925,767155,8800
1750771375.554083,0,0,182300,667140,9055
1750771375.759708,0,0,185555,698190,8575
1750771375.958387,0,0,180185,701090,8585
1750771376.159724,0,0,189840,740945,8885
1750771376.361048,0,0,209950,785890,9025
1750771376.564623,0,0,209780,768190,9060
1750771376.764265,0,0,212025,796195,8945
1750771376.965531,0,0,197430,763530,8850
1750771377.167591,0,0,203565,786970,8790
1750771377.366631,0,0,218245,814200,9320
1750771377.56732,0,0,219150,798195,9045
1750771377.768873,0,0,216180,796715,8575
1750771377.969046,0,0,215155,830300,9220
1750771378.170588,0,0,201650,777410,9200
1750771378.373856,0,0,215255,796860,9355
1750771378.575631,0,0,227865,826185,9240
1750771378.772474,0,0,213940,791745,9020
1750771378.97258,0,0,185980,732460,8930
1750771379.177432,0,0,187545,728710,9275
1750771379.375656,0,0,184590,693655,9155
1750771379.575817,0,0,193050,702615,8955
1750771379.779393,0,0,208595,780095,8795
1750771379.980096,0,0,226505,876520,8845
1750771380.179598,0,0,184570,719605,8440
1750771380.374679,0,0,100810,384870,8120
1750771380.584101,0,0,162415,594940,8890
1750771380.788029,0,0,217985,813945,8605
1750771380.988993,0,0,196815,760520,8780
1750771381.188686,0,0,203270,771570,9115
1750771381.389705,0,0,201705,746570,8620
1750771381.588099,0,0,200305,713910,8855
1750771381.788111,0,0,190280,704025,9085
1750771381.992142,0,0,180305,688665,9200
1750771382.19525,0,0,182990,705070,9180
1750771382.392678,0,0,160455,601020,9075
1750771382.590425,0,0,132285,478435,9155
1750771382.795719,0,0,215385,805215,8865
1750771382.997241,0,0,196420,753815,9115
1750771383.201563,0,0,186505,724045,8830
1750771383.401462,0,0,204080,760295,9125
1750771383.594307,0,0,103400,376605,9490
1750771383.801292,0,0,170165,643985,8675
1750771384.005531,0,0,211935,819540,8440
1750771384.203297,0,0,175080,660385,8885
1750771384.405717,0,0,201580,759570,8660
1750771384.609677,0,0,213530,770245,9405
1750771384.807062,0,0,210720,793520,9235
1750771385.009261,0,0,213655,826170,8700
1750771385.212106,0,0,227140,867315,9425
1750771385.411642,0,0,223930,825715,9340
1750771385.62301,0,0,238245,864490,9140
1750771385.822914,0,0,227635,853950,8765
1750771386.019491,0,0,219615,853655,9080
1750771386.221183,0,0,215920,835435,8860
1750771386.428934,0,0,256975,958745,9925
1750771386.62142,0,0,203280,729280,7735
1750771386.826048,0,0,223820,836510,9105
1750771387.039042,0,0,276215,1069595,12050
1750771387.22338,0,0,144540,548515,6780
1750771387.432631,0,0,253685,925410,10870
1750771387.63516,0,0,231700,836160,9570
1750771387.832815,0,0,213695,815155,9225
1750771388.035407,0,0,213960,829995,8880
1750771388.236193,0,0,206555,776895,9115
1750771388.43645,0,0,202170,742380,9265
1750771388.636567,0,0,214000,777960,8600
1750771388.840512,0,0,211120,803295,8900
1750771389.237996,0,0,198735,742020,9375
1750771389.459093,0,0,203615,719150,8910
1750771389.643109,0,0,176050,640415,8820
1750771389.839168,0,0,154125,582145,9065
1750771390.043067,0,0,187495,720365,9060
1750771390.244451,0,0,191880,728365,8970
1750771390.443552,0,0,198730,704905,8365
1750771390.644884,0,0,179935,658570,8920
1750771390.850058,0,0,183380,695675,8960
1750771391.050322,0,0,184725,716530,8900
1750771391.250008,0,0,199190,758955,9200
1750771391.44987,0,0,190215,693730,8990
1750771391.651325,0,0,198935,731455,8670
1750771391.848569,0,0,175975,679080,9590
1750771392.055017,0,0,191965,751385,9240
1750771392.252245,0,0,173930,666585,8750
1750771392.455185,0,0,189065,685465,9180
1750771392.655747,0,0,177690,652200,8925
1750771392.856016,0,0,177735,676840,8840
1750771393.058298,0,0,172345,665480,8985
1750771393.260143,0,0,179925,683185,8910
1750771393.461801,0,0,208090,752070,9035
1750771393.662258,0,0,218725,802150,8590
1750771393.863518,0,0,218580,831865,9155
1750771394.065029,0,0,203255,788325,8365
1750771394.277919,0,0,223200,837850,9000
1750771394.469945,0,0,233370,833560,8660
1750771394.673196,0,0,225295,814760,9090
1750771394.869992,0,0,213420,811855,9110
1750771395.071362,0,0,207855,811435,9560
1750771395.271352,0,0,190225,726015,8670
1750771395.472651,0,0,212760,779450,8965
1750771395.673803,0,0,208830,756245,9040
1750771395.878676,0,0,187850,717865,8745
1750771396.077205,0,0,205835,782620,9030
1750771396.278868,0,0,203675,774900,9065
1750771396.479537,0,0,216525,787645,8690
1750771396.682647,0,0,232250,864140,9335
1750771396.881107,0,0,225385,863220,8510
1750771397.086129,0,0,224280,858345,8955
1750771397.28296,0,0,225140,853690,9055
1750771397.482705,0,0,219080,793670,8720
1750771397.683932,0,0,224260,820485,8705
1750771397.885305,0,0,209995,802475,9000
1750771398.087429,0,0,192010,746230,8815
1750771398.286534,0,0,194245,737615,9040
1750771398.491055,0,0,200130,713705,9235
1750771398.687735,0,0,200705,727615,8895
1750771398.889088,0,0,186305,714545,8690
1750771399.091655,0,0,182845,710745,9185
1750771399.289062,0,0,185540,690625,8770
1750771399.493055,0,0,194795,692920,8910
1750771399.697986,0,0,199095,718710,8955
1750771399.891582,0,0,181280,681360,8770
1750771400.095488,0,0,196455,756595,8765
1750771400.293691,0,0,191435,724930,8545
1750771400.49691,0,0,211915,767990,9585
1750771400.694635,0,0,194420,708780,8800
1750771400.896092,0,0,191130,730150,9170
1750771401.097477,0,0,186085,722700,8750
1750771401.298305,0,0,178465,677275,8900
1750771401.499481,0,0,199710,717845,8590
1750771401.697924,0,0,176060,661215,8920
1750771401.901124,0,0,169045,645850,8545
1750771402.104951,0,0,181355,689900,8760
1750771402.303622,0,0,192245,717690,9445
1750771402.505699,0,0,215690,774685,8955
1750771402.711139,0,0,217275,793100,8635
1750771402.906275,0,0,192595,728160,9080
1750771403.118426,0,0,188790,723320,8495
1750771403.312732,0,0,204475,760025,9000
1750771403.511613,0,0,218665,777265,8935
1750771403.713618,0,0,221370,794950,8840
1750771403.915158,0,0,200875,756715,8530
1750771404.113354,0,0,189215,728640,9515
1750771404.313919,0,0,185665,698375,8895
1750771404.51538,0,0,194415,696350,8935
1750771404.913316,0,0,177920,692250,9235
1750771404.913316,0,0,177920,692250,9235
1750771405.114777,0,0,163630,649045,8915
1750771405.315241,0,0,172215,657060,8925
1750771405.721159,0,0,209760,764265,8700
1750771405.919628,0,0,184115,699720,9100
1750771406.123244,0,0,184560,702395,9050
1750771406.324015,0,0,212935,801075,9305
1750771406.526022,0,0,220780,801665,9475
1750771406.729104,0,0,251290,932830,10155
1750771406.934362,0,0,241260,925580,10835
1750771407.130861,0,0,229390,881855,9235
1750771407.330299,0,0,213285,792345,9075
1750771407.53176,0,0,216330,782945,9275
1750771407.731169,0,0,204420,762980,9175
1750771407.934278,0,0,184665,714415,9230
1750771408.1375,0,0,197530,767185,8785
1750771408.338063,0,0,221250,817205,8845
1750771408.533645,0,0,215120,772955,8790
1750771408.737079,0,0,212995,786915,8645
1750771408.937714,0,0,201860,776575,9210
1750771409.139995,0,0,205275,774985,8615
1750771409.342794,0,0,210710,767145,9175
1750771409.542234,0,0,203310,729060,9145
1750771409.742016,0,0,193710,715880,8560
1750771409.943547,0,0,192350,727835,9035
1750771410.147295,0,0,180045,684500,9325
1750771410.346082,0,0,205660,746810,9345
1750771410.548869,0,0,202055,720495,8510
1750771410.748359,0,0,205165,744320,8640
1750771410.949707,0,0,205395,772205,8815
1750771411.153014,0,0,210110,783645,9265
1750771411.351785,0,0,221410,801595,8920
1750771411.551722,0,0,219270,787425,9235
1750771411.751628,0,0,203810,745435,8880
1750771411.960058,0,0,216140,808425,8590
1750771412.155253,0,0,211525,788300,8730
1750771412.353387,0,0,216750,778575,8310
1750771412.554127,0,0,217835,776695,8485
1750771412.754573,0,0,214135,792035,8535
1750771412.959033,0,0,214075,821050,8485
1750771413.160705,0,0,207025,788645,9195
1750771413.35896,0,0,231430,832270,8815
1750771413.559349,0,0,229720,810375,9045
1750771413.759627,0,0,213785,786130,8025
1750771413.960006,0,0,203100,775650,8895
1750771414.167262,0,0,198185,752665,9120
1750771414.363716,0,0,200590,722380,8705
1750771414.565237,0,0,218345,774900,9160
1750771414.765944,0,0,208415,757755,8560
1750771414.967098,0,0,204690,779445,9045
1750771415.17011,0,0,196225,758065,8755
1750771415.368034,0,0,189510,686980,9060
1750771415.568659,0,0,184040,657125,8720
1750771415.770575,0,0,207440,765935,8735
1750771415.972272,0,0,189315,731265,8640
1750771416.173371,0,0,190820,721185,9220
1750771416.374637,0,0,196690,713445,8625
1750771416.579345,0,0,192360,682180,9170
1750771416.782248,0,0,194690,719595,8785
1750771416.978664,0,0,222105,842455,9185
1750771417.18112,0,0,225175,848395,8785
1750771417.379693,0,0,221320,788890,8180
1750771417.581123,0,0,218645,773210,9320
1750771417.782375,0,0,223490,812485,9480
1750771417.986221,0,0,217555,817285,8770
1750771418.188263,0,0,222305,836885,9020
1750771418.385239,0,0,225045,801040,8910
1750771418.586125,0,0,228735,811720,9305
1750771418.787329,0,0,224025,827370,9435
1750771418.987157,0,0,200675,766315,8970
1750771419.191759,0,0,221190,825415,8690
1750771419.39203,0,0,237005,853100,8850
1750771419.593946,0,0,235515,840575,9340
1750771419.793104,0,0,236990,863465,8960
1750771419.996436,0,0,227490,852625,9005
1750771420.194832,0,0,218605,826235,9225
1750771420.396712,0,0,230280,833115,9115
1750771420.601597,0,0,230895,825295,8945
1750771420.800093,0,0,205615,768245,8865
1750771421.000773,0,0,214510,817005,9020
1750771421.202703,0,0,221185,829600,8815
1750771421.40804,0,0,237150,845280,9145
1750771421.610954,0,0,230505,818320,9545
1750771421.804313,0,0,224445,830800,8660
1750771422.005228,0,0,216380,821950,8970
1750771422.206098,0,0,216020,802900,8700
1750771422.408369,0,0,221320,795160,9290
1750771422.610684,0,0,231950,820660,8835
1750771422.81341,0,0,225895,826650,8900
1750771423.020075,0,0,215405,807885,9250
1750771423.214045,0,0,223215,834785,8980
1750771423.419754,0,0,228645,811855,8640
1750771423.621532,0,0,231135,821240,9070
1750771423.822055,0,0,210300,769585,8990
1750771424.019988,0,0,203220,778840,9275
1750771424.220855,0,0,195590,738550,9225
1750771424.420113,0,0,217705,773685,9165
1750771424.8221,0,0,209575,771310,9220
1750771424.8221,0,0,209575,771310,9220
1750771425.024138,0,0,199480,757405,9235
1750771425.425024,0,0,208350,742595,8410
1750771425.625743,0,0,202800,724000,9185
1750771425.827668,0,0,216730,802765,9965
1750771426.025049,0,0,196650,752765,8710
1750771426.228696,0,0,234340,880050,11005
1750771426.436047,0,0,279440,992345,11050
1750771426.631987,0,0,222470,807420,8795
1750771426.830937,0,0,200630,749600,9125
1750771427.033477,0,0,200720,772020,9370
1750771427.233482,0,0,210680,772670,9215
1750771427.433213,0,0,206640,737065,8885
1750771427.635693,0,0,212740,765930,8970
1750771427.837819,0,0,216870,815255,9025
1750771428.037033,0,0,213170,814845,9445
1750771428.238187,0,0,213320,799360,8790
1750771428.441595,0,0,239340,865895,9100
1750771428.641416,0,0,231020,844600,9190
1750771428.84005,0,0,209675,798190,9300
1750771429.044098,0,0,210300,804475,8540
1750771429.242985,0,0,213675,788195,8530
1750771429.443858,0,0,218075,783100,9225
1750771429.646316,0,0,219820,802780,8705
1750771429.846989,0,0,198680,763965,9010
1750771430.051051,0,0,211240,798470,9300
1750771430.251166,0,0,198850,742205,9075
1750771430.450031,0,0,205625,739595,8600
1750771430.651171,0,0,210535,765250,8780
1750771430.854185,0,0,190125,724600,8960
1750771431.052966,0,0,188265,719865,8790
1750771431.259344,0,0,199690,741225,9215
1750771431.45356,0,0,198285,701230,8795
1750771431.657319,0,0,208980,748120,8400
1750771431.855157,0,0,186410,704540,8750
1750771432.056393,0,0,189330,715440,9075
1750771432.258127,0,0,203640,747570,8760
1750771432.471174,0,0,222285,781740,8835
1750771432.664831,0,0,214230,770910,9265
1750771432.865987,0,0,206540,780160,8940
1750771433.066583,0,0,200375,761135,8915
1750771433.266456,0,0,195690,715545,8760
1750771433.467196,0,0,201000,716330,8815
1750771433.668422,0,0,201395,736195,8845
1750771433.872021,0,0,193060,724985,8715
1750771434.069717,0,0,198885,754175,8755
1750771434.271851,0,0,220700,804785,8900
1750771434.47376,0,0,222630,786575,9190
1750771434.67537,0,0,231710,835100,9390
1750771434.876357,0,0,219140,827000,9155
1750771435.078444,0,0,222110,831950,8615
1750771435.276001,0,0,220340,806935,8955
1750771435.475044,0,0,213440,763960,9015
1750771435.67925,0,0,203670,748750,8775
1750771435.878387,0,0,189565,717680,9060
1750771436.081835,0,0,198090,747010,8720
1750771436.283922,0,0,206355,764755,8540
1750771436.482094,0,0,218885,780905,8765
1750771436.68435,0,0,217810,778285,8765
1750771436.885583,0,0,215410,808330,9415
1750771437.087426,0,0,213535,803425,9430
1750771437.28762,0,0,214805,792130,9000
1750771437.49264,0,0,246495,865630,8360
1750771437.689916,0,0,229775,827745,8840
1750771437.889511,0,0,214790,814640,8645
1750771438.094091,0,0,214110,817465,8960
1750771438.292891,0,0,222480,819200,9310
1750771438.495064,0,0,229690,818420,9025
1750771438.703213,0,0,213285,783290,8905
1750771438.903601,0,0,180960,689675,8770
1750771439.101203,0,0,207455,788770,8640
1750771439.299864,0,0,185970,672890,8860
1750771439.50094,0,0,197390,698215,8395
1750771439.702827,0,0,192655,691860,8420
1750771439.910457,0,0,206375,788775,9100
1750771440.11116,0,0,212370,814710,9150
1750771440.313738,0,0,221740,808510,9055
1750771440.517007,0,0,218095,774075,9000
1750771440.716718,0,0,216750,783200,8605
1750771440.919823,0,0,205970,789685,8595
1750771441.117341,0,0,200620,765645,9080
1750771441.314526,0,0,206635,767770,8935
1750771441.515403,0,0,214835,766910,8970
1750771441.71679,0,0,215455,780195,9215
1750771441.915035,0,0,211425,811600,8900
1750771442.316984,0,0,204930,761870,8545
1750771442.316984,0,0,204930,761870,8545
1750771442.719227,0,0,217160,805380,8770
1750771442.919023,0,0,209795,804270,9250
1750771443.122277,0,0,227870,874940,9065
1750771443.321596,0,0,223930,835520,8760
1750771443.523079,0,0,225910,806015,9220
1750771443.723728,0,0,224320,824360,8460
1750771443.930821,0,0,220165,848725,9160
1750771444.129024,0,0,242770,930040,10395
1750771444.331004,0,0,246080,895295,10470
1750771444.531145,0,0,257650,923590,9965
1750771444.731885,0,0,242975,902055,9275
1750771444.93408,0,0,218755,832530,8925
1750771445.134858,0,0,220415,827130,8365
1750771445.334725,0,0,218635,774985,8785
1750771445.537668,0,0,209155,745970,9150
1750771445.736085,0,0,209705,772700,8930
1750771445.93743,0,0,218740,830520,9105
1750771446.138706,0,0,215350,807325,9250
1750771446.344086,0,0,236300,850340,9245
1750771446.539491,0,0,228580,816015,9470
1750771446.739872,0,0,215670,804245,8935
1750771446.940614,0,0,214725,818345,9305
1750771447.142864,0,0,211995,793075,9020
1750771447.344074,0,0,229655,824860,9390
1750771447.546545,0,0,238530,849585,9000
1750771447.742216,0,0,226770,851895,9225
1750771447.94268,0,0,202310,789600,9260
1750771448.14414,0,0,215260,800740,8545
1750771448.346599,0,0,231385,826320,8660
1750771448.549058,0,0,235020,850485,9150
1750771448.75351,0,0,226735,845740,9265
1750771448.950982,0,0,223365,849370,9000
1750771449.155159,0,0,229615,863000,8805
1750771449.355623,0,0,235880,844365,8875
1750771449.558081,0,0,238495,865765,8845
1750771449.756662,0,0,214765,807165,8150
1750771449.962597,0,0,218000,839590,9385
1750771450.162036,0,0,227605,863125,8845
1750771450.36255,0,0,228470,822455,8675
1750771450.561036,0,0,230565,821535,8730
1750771450.760503,0,0,216245,809270,8865
1750771450.966951,0,0,214445,817255,8835
1750771451.206311,0,0,198975,758000,9145
1750771451.382838,0,0,215185,775925,8835
1750771451.568157,0,0,182005,648465,9575
1750771451.767635,0,0,173195,655230,9155
1750771451.969877,0,0,195785,746525,9050
1750771452.168082,0,0,183445,693020,9090
1750771452.368427,0,0,190645,668245,8830
1750771452.571759,0,0,196245,694410,9045
1750771452.772625,0,0,184725,685110,8950
1750771452.972107,0,0,189975,716470,8630
1750771453.17523,0,0,193390,724945,8425
1750771453.372524,0,0,203150,726225,9070
1750771453.572989,0,0,201480,719955,9015
1750771453.774449,0,0,182485,681255,8895
1750771453.977067,0,0,201675,773740,9155
1750771454.178914,0,0,210335,791950,8730
1750771454.37936,0,0,221165,787370,9245
1750771454.581479,0,0,212115,768925,8450
1750771454.781498,0,0,200555,753545,8940
1750771454.98864,0,0,188520,714835,8645
1750771455.187337,0,0,196490,724615,9345
1750771455.387124,0,0,205215,737965,8795
1750771455.590008,0,0,202915,725165,9135
1750771455.789112,0,0,190260,709960,8700
1750771455.994934,0,0,186105,714520,8915
1750771456.191144,0,0,195170,734380,8895
1750771456.393578,0,0,219355,780555,8645
1750771456.595092,0,0,214395,770130,8655
1750771456.795726,0,0,212950,781720,8345
1750771456.995921,0,0,212860,799455,9155
1750771457.197118,0,0,219330,811900,8690
1750771457.400247,0,0,218675,781435,9060
1750771457.599554,0,0,217385,786830,8645
1750771457.807614,0,0,198665,750490,8965
1750771458.000645,0,0,201195,774620,8755
1750771458.204312,0,0,215285,806465,9560
1750771458.405032,0,0,222050,792795,9085
1750771458.605556,0,0,225645,804265,8780
1750771458.811912,0,0,218125,796685,9115
1750771459.004317,0,0,208205,785745,9070
1750771459.205831,0,0,207970,784490,8715
1750771459.407991,0,0,226620,798020,8515
1750771459.607963,0,0,222560,796655,9020
1750771459.812952,0,0,214210,799565,9535
1750771460.015738,0,0,211590,796730,10075
1750771460.218931,0,0,212335,796460,8370
1750771460.415698,0,0,221685,787280,8815
1750771460.610177,0,0,220370,784330,8775
1750771460.812636,0,0,214915,799910,9100
1750771461.212566,0,0,212700,783715,9065
1750771461.414028,0,0,223595,795035,8990
1750771461.414028,0,0,223595,795035,8990
1750771461.615219,0,0,219225,782500,8675
1750771462.018674,0,0,205055,775980,9070
1750771462.220134,0,0,225975,837610,8930
1750771462.220134,0,0,225975,837610,8930
1750771462.623572,0,0,211820,745120,8560
1750771462.825033,0,0,206550,776245,8540
1750771463.029486,0,0,243610,905135,10480
1750771463.226591,0,0,237375,864835,9655
1750771463.433388,0,0,250535,877660,10120
1750771463.632201,0,0,220055,796640,9075
1750771463.830114,0,0,203275,764205,9095
1750771464.030539,0,0,200145,755670,8455
1750771464.233995,0,0,206060,747750,8620
1750771464.434195,0,0,204500,734045,9125
1750771464.633833,0,0,203740,746980,9250
1750771464.835628,0,0,189200,712140,8815
1750771465.036188,0,0,187480,720405,9030
1750771465.237147,0,0,218355,794130,8985
1750771465.442973,0,0,210395,754975,9360
1750771465.640639,0,0,195160,708375,8465
1750771465.842105,0,0,199455,751280,9235
1750771466.046643,0,0,223240,745745,8815
1750771466.246777,0,0,224900,726355,8715
1750771466.44386,0,0,210145,673985,8805
1750771466.647119,0,0,193100,706840,8985
1750771466.84986,0,0,196620,750410,8635
1750771467.051823,0,0,199850,758760,9350
1750771467.250111,0,0,195145,716320,8530
1750771467.455171,0,0,183485,656750,9035
1750771467.650586,0,0,191090,702630,9055
1750771467.852199,0,0,186410,725480,8720
1750771468.052907,0,0,180360,699860,9020
1750771468.253218,0,0,198550,725105,9255
1750771468.456063,0,0,190880,690310,8670
1750771468.658158,0,0,180785,676840,8865
1750771468.858147,0,0,173890,680125,8785
1750771469.059747,0,0,174365,677685,8900
1750771469.260147,0,0,196820,722335,8835
1750771469.461523,0,0,209905,761235,9125
1750771469.662461,0,0,198630,740335,8705
1750771469.862916,0,0,189275,728595,8890
1750771470.065439,0,0,189910,736165,9290
1750771470.265999,0,0,207195,761695,8915
1750771470.470154,0,0,227230,811955,8730
1750771470.669244,0,0,218135,800640,9460
1750771470.869506,0,0,204870,791625,8985
1750771471.072091,0,0,221475,843110,9155
1750771471.273736,0,0,223145,803945,8525
1750771471.473196,0,0,226130,807860,9005
1750771471.673085,0,0,212695,780155,8940
1750771471.875341,0,0,207155,791260,8910
1750771472.075923,0,0,210665,800880,9305
1750771472.277866,0,0,227625,816780,8430
1750771472.480195,0,0,231690,814520,9085
1750771472.679403,0,0,228345,836200,9200
1750771472.879817,0,0,211895,800525,9050
1750771473.08229,0,0,209005,800400,8985
1750771473.283651,0,0,216130,802185,8690
1750771473.48536,0,0,222615,805830,9015
1750771473.68942,0,0,222830,832960,8730
1750771473.885719,0,0,205385,788035,9600
1750771474.089883,0,0,213995,824145,9155
1750771474.290412,0,0,224405,833455,9120
1750771474.4905,0,0,227800,814935,8870
1750771474.693148,0,0,233370,857645,9175
1750771474.897936,0,0,223875,848435,8810
1750771475.094489,0,0,220180,832990,8890
1750771475.296417,0,0,225655,822590,9510
1750771475.496598,0,0,228835,825660,8795
1750771475.696279,0,0,209965,775725,8720
1750771475.897985,0,0,203960,772650,9185
1750771476.10004,0,0,206775,779640,9225
1750771476.302624,0,0,226530,826260,8655
1750771476.500218,0,0,215045,782735,8930
1750771476.702001,0,0,201815,759805,8805
1750771476.906281,0,0,207660,789110,9320
1750771477.102966,0,0,197535,746240,8815
1750771477.307647,0,0,204540,742280,8845
1750771477.505927,0,0,194385,702890,8575
1750771477.707844,0,0,208315,761100,8390
1750771477.907451,0,0,185790,706190,9560
1750771478.110056,0,0,184390,700390,8770
1750771478.318971,0,0,202420,726435,8975
1750771478.525441,0,0,197460,712290,9015
1750771478.721741,0,0,205305,742865,8725
1750771478.928065,0,0,209475,789080,8765
1750771479.133148,0,0,250395,938990,11040
1750771479.330811,0,0,211455,763360,8520
1750771479.532077,0,0,238425,856500,9570
1750771479.731711,0,0,227090,850520,10270
1750771479.934678,0,0,188440,715630,8545
1750771480.134144,0,0,198375,745435,8780
1750771480.339594,0,0,215230,779830,8570
1750771480.539274,0,0,208955,769880,8810
1750771480.745722,0,0,210360,790930,8495
1750771480.947183,0,0,201675,765425,8860
1750771481.147647,0,0,213785,801155,8990
1750771481.351812,0,0,227665,807700,8855
1750771481.554268,0,0,227650,821335,8770
1750771481.753787,0,0,215195,801605,8975
1750771481.955538,0,0,216760,826950,9125
1750771482.179362,0,0,225625,844710,8945
1750771482.55545,0,0,215500,775925,8520
1750771482.753908,0,0,205030,773485,8515
1750771482.954372,0,0,196560,758680,9035
1750771483.155187,0,0,209520,778125,9225
1750771483.358414,0,0,198955,720915,8730
1750771483.560712,0,0,207155,745915,8745
1750771483.759872,0,0,198010,737060,8910
1750771483.957932,0,0,187445,717465,8935
1750771484.15783,0,0,208770,769420,8840
1750771484.360406,0,0,210490,754925,9310
1750771484.56087,0,0,206320,742095,9095
1750771484.76233,0,0,203130,765380,8680
1750771484.961809,0,0,193145,743775,8905
1750771485.161556,0,0,198790,743110,8845
1750771485.36313,0,0,215725,769795,8885
1750771485.563634,0,0,220995,800095,9605
1750771485.769821,0,0,216230,829245,9205
1750771485.966682,0,0,205185,789930,8520
1750771486.166835,0,0,202700,758430,8680
1750771486.369511,0,0,215835,766050,8830
1750771486.570785,0,0,215105,768490,8970
1750771486.772541,0,0,194980,735420,9275
1750771486.971782,0,0,187475,707025,8890
1750771487.173337,0,0,198255,740675,8735
1750771487.374137,0,0,212470,772290,9035
1750771487.577594,0,0,212030,764995,8775
1750771487.776959,0,0,202440,761765,8680
1750771487.977892,0,0,198265,742720,9145
1750771488.178854,0,0,223355,826285,8725
1750771488.380629,0,0,221620,788120,9270
1750771488.577973,0,0,203655,738965,9355
1750771488.786901,0,0,207935,796160,8765
1750771488.982477,0,0,210235,811345,9115
1750771489.182176,0,0,216945,817175,8870
1750771489.383535,0,0,230710,834540,8495
1750771489.586751,0,0,229845,842290,8990
1750771489.78478,0,0,214680,822750,9255
1750771489.989615,0,0,204345,780515,8320
1750771490.191448,0,0,213785,806720,8955
1750771490.389426,0,0,232080,827780,8965
1750771490.59157,0,0,231210,839030,9040
1750771490.793905,0,0,210525,784965,8760
1750771490.993728,0,0,202205,773100,9265
1750771491.192208,0,0,197595,738200,8795
1750771491.394075,0,0,198125,713210,8660
1750771491.595823,0,0,192560,695990,9305
1750771491.797171,0,0,185310,699150,9090
1750771491.996826,0,0,193735,739300,9100
1750771492.195233,0,0,179120,673805,8640
1750771492.398725,0,0,190085,701340,8890
1750771492.601146,0,0,195570,720960,9000
1750771492.799229,0,0,186540,708750,9330
1750771493.000451,0,0,181225,703910,9030
1750771493.204997,0,0,208035,787235,8975
1750771493.406798,0,0,222380,811445,9170
1750771493.608245,0,0,223670,814830,9415
1750771493.810943,0,0,202935,777380,8560
1750771494.006197,0,0,204275,784450,9375
1750771494.209205,0,0,210165,783155,9080
1750771494.409523,0,0,211425,751525,8705
1750771494.612744,0,0,211945,759270,9050
1750771494.813918,0,0,213985,801360,9200
1750771495.017411,0,0,213240,799145,9085
1750771495.216551,0,0,213360,795405,9010
1750771495.41488,0,0,217730,788625,8965
1750771495.616763,0,0,215810,776125,8625
1750771495.81401,0,0,187600,716065,8950
1750771496.016502,0,0,201200,757140,9010
1750771496.219924,0,0,206910,768385,9270
1750771496.422751,0,0,225990,806165,8995
1750771496.622234,0,0,219860,792430,9180
1750771496.823842,0,0,221085,836315,8965
1750771497.026615,0,0,218995,836230,9295
1750771497.229044,0,0,213945,799745,9005
1750771497.435851,0,0,228325,827300,8895
1750771497.638279,0,0,283520,1041735,11695
1750771497.834158,0,0,247805,946725,10815
1750771498.033086,0,0,180095,685890,9115
1750771498.233074,0,0,156990,584125,9140
1750771498.436939,0,0,190985,686275,8905
1750771498.64105,0,0,184640,688495,8730
1750771498.839927,0,0,182320,710845,8995
1750771499.043883,0,0,191085,726055,9005
1750771499.243346,0,0,199605,726330,8820
1750771499.445967,0,0,192880,700700,9190
1750771499.646979,0,0,189725,725695,8880
1750771499.843719,0,0,180955,716090,8805
1750771500.24149,0,0,182580,687670,9155
1750771500.24149,0,0,182580,687670,9155
1750771500.645292,0,0,223400,828750,9295
1750771500.645292,0,0,223400,828750,9295
1750771501.05242,0,0,218790,845065,9275
1750771501.255071,0,0,221670,822875,8905
1750771501.452339,0,0,231455,845025,8945
1750771501.652841,0,0,217655,812755,9510
1750771501.853893,0,0,211680,810475,8540
1750771502.05323,0,0,203475,784835,9175
1750771502.255003,0,0,204865,758455,8335
1750771502.458881,0,0,209985,759865,8565
1750771502.657964,0,0,202085,762845,9185
1750771502.858778,0,0,201950,772105,9285
1750771503.059334,0,0,197795,757070,8795
1750771503.261134,0,0,205560,741210,8895
1750771503.461256,0,0,211460,753380,8655
1750771503.665429,0,0,210270,786605,8605
1750771503.862879,0,0,183400,692710,8215
1750771504.06502,0,0,191350,724405,9160
1750771504.264879,0,0,197900,721165,8925
1750771504.465886,0,0,206940,747945,9385
1750771504.669108,0,0,203115,760130,9025
1750771504.873625,0,0,198675,754920,9450
1750771505.073198,0,0,211505,810920,8885
1750771505.27111,0,0,220720,815890,8845
1750771505.472453,0,0,220750,803300,9100
1750771505.676324,0,0,209370,788550,9405
1750771505.874951,0,0,207150,794125,8510
1750771506.077625,0,0,193520,741635,8825
1750771506.281839,0,0,197225,722055,9325
1750771506.476325,0,0,203670,737420,9035
1750771506.678882,0,0,202210,757620,8750
1750771506.876979,0,0,195770,758740,8535
1750771507.079665,0,0,191810,739040,8825
1750771507.277024,0,0,193505,708905,8975
1750771507.483233,0,0,185875,688240,8975
1750771507.678795,0,0,183000,697610,8635
1750771507.883117,0,0,163790,633150,9280
1750771508.085059,0,0,187410,727255,9020
1750771508.285708,0,0,203045,754020,9055
1750771508.484561,0,0,197315,723275,9240
1750771508.691504,0,0,190465,709175,8670
1750771508.887141,0,0,176445,674910,8985
1750771509.087057,0,0,189550,710485,8890
1750771509.288266,0,0,196455,710390,9460
1750771509.490687,0,0,211160,751030,8845
1750771509.69123,0,0,209270,783500,9020
1750771509.893397,0,0,209170,807840,9380
1750771510.089775,0,0,217795,823885,9310
1750771510.293792,0,0,217495,790475,8580
1750771510.496067,0,0,225495,820265,8915
1750771510.69682,0,0,216530,818805,9505
1750771510.894126,0,0,152965,589420,9100
1750771511.10413,0,0,218140,827250,8675
1750771511.305537,0,0,224175,829380,9115
1750771511.501772,0,0,222245,800520,9160
1750771511.702218,0,0,207135,762910,8990
1750771511.902825,0,0,206155,784060,9115
1750771512.10329,0,0,213730,802620,8810
1750771512.306747,0,0,222790,798390,8895
1750771512.508209,0,0,210690,749860,9260
1750771512.70568,0,0,203950,766850,8850
1750771512.90415,0,0,200140,778850,8655
1750771513.106608,0,0,203805,783895,8555
1750771513.309066,0,0,207030,750715,8985
1750771513.514516,0,0,207745,746230,8455
1750771513.723467,0,0,212845,776390,8865
1750771513.913467,0,0,201520,776895,8615
1750771514.116919,0,0,196460,755965,9390
1750771514.315898,0,0,209665,771795,8640
1750771514.51991,0,0,217220,789770,8945
1750771514.716922,0,0,198250,735005,9495
1750771514.919395,0,0,213505,797965,8770
1750771515.123848,0,0,223570,831955,8995
1750771515.32221,0,0,220110,784175,8570
1750771515.526054,0,0,205125,743000,9385
1750771515.721531,0,0,209175,775120,8885
1750771515.922992,0,0,190695,732225,9375
1750771516.124705,0,0,200425,750095,8835
1750771516.326652,0,0,229320,825505,10300
1750771516.532597,0,0,241940,869125,10030
1750771516.727773,0,0,197010,739625,9190
1750771516.93362,0,0,201200,776510,9930
1750771517.140569,0,0,245070,918020,10275
1750771517.33277,0,0,202825,727845,8390
1750771517.533192,0,0,219970,800875,9235
1750771517.733906,0,0,205895,793550,9105
1750771517.933882,0,0,182325,709945,9275
1750771518.141857,0,0,198475,746645,9315
1750771518.343934,0,0,208785,753615,9255
1750771518.546654,0,0,208430,764440,8625
1750771518.745211,0,0,199505,760620,8450
1750771518.947963,0,0,201410,776840,8780
1750771519.152637,0,0,199850,751110,9010
1750771519.356429,0,0,211490,755255,9215
1750771519.556995,0,0,207555,761285,8965
1750771519.757559,0,0,197045,763295,8850
1750771519.955215,0,0,196390,762560,9015
1750771520.15418,0,0,203745,763480,8735
1750771520.356495,0,0,201530,723770,8840
1750771520.555932,0,0,208920,763515,9060
1750771520.958465,0,0,196160,757755,9130
1750771521.155956,0,0,219885,816140,8815
1750771521.35793,0,0,211345,754580,8805
1750771521.559347,0,0,212465,773925,8635
1750771521.758193,0,0,213850,803430,9105
1750771521.959841,0,0,208645,788365,9085
1750771522.167869,0,0,209040,768475,8900
1750771522.362976,0,0,216050,768355,8775
1750771522.564045,0,0,224525,821400,8750
1750771522.764807,0,0,203100,779155,8465
1750771522.966653,0,0,210760,804990,8795
1750771523.167437,0,0,223600,828055,9175
1750771523.368909,0,0,228785,821380,8820
1750771523.569516,0,0,216805,797595,8910
1750771523.770416,0,0,209865,794375,9850
1750771523.97332,0,0,209985,816055,8345
1750771524.174142,0,0,215885,814895,8525
1750771524.372244,0,0,209505,741510,8955
1750771524.572476,0,0,205695,744710,8945
1750771524.773228,0,0,196275,735025,8990
1750771524.973321,0,0,191025,728895,9300
1750771525.174379,0,0,173970,646745,8875
1750771525.375867,0,0,186280,669020,9345
1750771525.578596,0,0,188835,695325,8770
1750771525.780664,0,0,197235,760445,9055
1750771525.985087,0,0,194325,746900,8905
1750771526.18154,0,0,203610,763360,8990
1750771526.382071,0,0,214570,772870,8815
1750771526.585077,0,0,218225,807540,9230
1750771526.783167,0,0,203725,763570,9280
1750771526.987059,0,0,195960,743270,9055
1750771527.191447,0,0,217920,795155,9010
1750771527.390697,0,0,223305,806865,9135
1750771527.590814,0,0,226980,822700,8685
1750771527.793042,0,0,223000,842560,8800
1750771527.994114,0,0,224145,842795,8650
1750771528.193725,0,0,231750,846925,8600
1750771528.401028,0,0,234775,832895,9150
1750771528.598333,0,0,224590,810890,9355
1750771528.798581,0,0,223895,850670,9020
1750771529.000395,0,0,214470,815770,9065
1750771529.1985,0,0,211820,770320,9195
1750771529.399641,0,0,217955,776810,8870
1750771529.603599,0,0,211410,773255,9125
1750771529.802656,0,0,200215,758185,8950
1750771530.000953,0,0,199490,751670,8810
1750771530.203898,0,0,202500,738345,9285
1750771530.403001,0,0,195175,694100,9195
1750771530.604659,0,0,198540,718970,9245
1750771530.807555,0,0,194740,734105,8985
1750771531.008879,0,0,198505,749825,9180
1750771531.208222,0,0,165255,607735,9245
1750771531.411671,0,0,202780,723335,9255
1750771531.613791,0,0,233065,845880,8940
1750771531.816126,0,0,222800,846355,8895
1750771532.015296,0,0,208545,793325,9145
1750771532.220589,0,0,212895,780030,8865
1750771532.414127,0,0,223250,794770,8985
1750771532.616541,0,0,223575,818350,9060
1750771532.818226,0,0,221580,837360,8655
1750771533.020578,0,0,206045,782300,8525
1750771533.219026,0,0,218810,800230,8580
1750771533.420971,0,0,222825,791825,9280
1750771533.622109,0,0,207705,752815,8670
1750771533.822143,0,0,201145,756995,9210
1750771534.023471,0,0,208690,795805,8980
1750771534.225098,0,0,219485,812625,9040
1750771534.42675,0,0,231530,834585,8860
1750771534.631029,0,0,214450,772885,8915
1750771534.832,0,0,196565,752445,9115
1750771535.026415,0,0,200770,759330,9095
1750771535.228953,0,0,234535,846955,8855
1750771535.430939,0,0,241660,870255,9185
1750771535.632048,0,0,232770,850025,9395
1750771535.838061,0,0,269860,1020985,12280
1750771536.030028,0,0,185025,691230,8075
1750771536.235304,0,0,237630,865920,10775
1750771536.432912,0,0,195630,708590,9010
1750771536.632566,0,0,190690,715715,9285
1750771536.837478,0,0,162995,620045,9030
1750771537.042769,0,0,189905,716065,9105
1750771537.239656,0,0,233935,834100,8785
1750771537.443626,0,0,216170,771490,9210
1750771537.641632,0,0,218615,812105,9200
1750771537.845646,0,0,206275,789160,8810
1750771538.049191,0,0,202400,772395,9160
1750771538.2514,0,0,224460,808020,8670
1750771538.455343,0,0,243290,883240,8715
1750771538.652172,0,0,234555,879215,9175
1750771538.853783,0,0,223665,849985,8700
1750771539.057647,0,0,213960,807265,8855
1750771539.257288,0,0,215715,782215,8780
1750771539.465143,0,0,226335,807750,9525
1750771539.857454,0,0,223050,841355,8720
1750771539.857454,0,0,223050,841355,8720
1750771540.260116,0,0,240510,865130,9310
1750771540.260116,0,0,240510,865130,9310
1750771540.659332,0,0,199340,744595,8655
1750771540.859673,0,0,202345,775590,9090
1750771541.060389,0,0,192645,738255,8775
1750771541.263299,0,0,228365,835330,8820
1750771541.46853,0,0,219630,789760,8390
1750771541.666061,0,0,222720,851450,8800
1750771541.871014,0,0,215065,849325,8735
1750771542.066565,0,0,214915,825315,8915
1750771542.268203,0,0,213475,785670,8795
1750771542.469549,0,0,215095,779085,8840
1750771542.666869,0,0,209835,791055,8895
1750771542.869625,0,0,205390,797825,9025
1750771543.068798,0,0,178585,685355,8700
1750771543.273142,0,0,196410,721585,8765
1750771543.480381,0,0,212445,772515,8835
1750771543.672556,0,0,202715,766995,8710
1750771543.872065,0,0,188880,725185,9000
1750771544.076208,0,0,216775,801385,8845
1750771544.277668,0,0,234040,840550,8995
1750771544.479132,0,0,224485,797870,8955
1750771544.677599,0,0,216150,804690,8625
1750771544.87906,0,0,203855,772945,8995
1750771545.082515,0,0,206950,771325,8755
1750771545.281982,0,0,232555,819960,8930
1750771545.486435,0,0,237025,848675,8955
1750771545.692883,0,0,222780,833210,9145
1750771545.883373,0,0,215890,815715,9540
1750771546.086829,0,0,209305,785295,8420
1750771546.285711,0,0,206215,747865,8965
1750771546.489295,0,0,220070,790820,8735
1750771546.689524,0,0,219185,822690,9115
1750771546.894537,0,0,213745,811035,8370
1750771547.093081,0,0,215140,804645,9065
1750771547.292549,0,0,226685,816000,8920
1750771547.495006,0,0,217200,788820,9300
1750771547.694981,0,0,218825,814290,9260
1750771547.895444,0,0,215710,813955,9025
1750771548.098408,0,0,218805,810360,8910
1750771548.294969,0,0,222965,795825,9445
1750771548.498804,0,0,234440,831450,8470
1750771548.701805,0,0,218000,814625,9135
1750771548.900244,0,0,218890,827575,8830
1750771549.100301,0,0,216940,808705,8740
1750771549.306747,0,0,230195,811070,9110
1750771549.505121,0,0,224500,795635,8715
1750771549.703268,0,0,218355,804370,9195
1750771549.904555,0,0,212685,805915,9020
1750771550.103452,0,0,206320,770880,8600
1750771550.305508,0,0,203035,725915,8880
1750771550.503767,0,0,162205,576015,8345
1750771550.708031,0,0,164985,610420,8670
1750771550.906139,0,0,111460,414655,8890
1750771551.10756,0,0,151335,554055,8580
1750771551.311187,0,0,211210,750520,8695
1750771551.511866,0,0,211795,750840,9020
1750771551.716187,0,0,212775,777910,8640
1750771551.915713,0,0,214475,806755,8850
1750771552.118952,0,0,231020,851070,8875
1750771552.318894,0,0,230425,812915,8880
1750771552.519523,0,0,236535,835230,9360
1750771552.72992,0,0,221495,830995,8950
1750771552.918668,0,0,223615,856105,8785
1750771553.122625,0,0,177870,669510,9270
1750771553.317934,0,0,146170,516155,8595
1750771553.523222,0,0,221810,798470,9185
1750771553.727035,0,0,213035,795075,9050
1750771553.926012,0,0,203145,768635,9100
1750771554.129598,0,0,211590,784700,9800
1750771554.332476,0,0,227810,820700,10465
1750771554.532832,0,0,216930,787025,10130
1750771554.735962,0,0,216345,812380,9960
1750771554.935038,0,0,189050,714245,9320
1750771555.135655,0,0,219040,802860,8790
1750771555.337968,0,0,215210,778755,9055
1750771555.54726,0,0,227190,819810,8910
1750771555.748074,0,0,227955,851655,8895
1750771555.941664,0,0,224770,845380,9130
1750771556.143367,0,0,228200,827680,8635
1750771556.352005,0,0,241405,868145,9090
1750771556.549897,0,0,232760,850780,8655
1750771556.758036,0,0,219145,826845,9305
1750771556.96069,0,0,216115,810545,8955
1750771557.157928,0,0,210805,755510,9025
1750771557.35809,0,0,212240,750975,9055
1750771557.562881,0,0,200125,740550,8840
1750771557.766062,0,0,201765,783955,8690
1750771557.967201,0,0,195010,742130,9300
1750771558.162384,0,0,193895,701965,8755
1750771558.362973,0,0,211155,751460,9655
1750771558.761757,0,0,211135,804095,8700
1750771558.964122,0,0,204500,781470,9050
1750771559.161892,0,0,190170,706300,8765
1750771559.161892,0,0,190170,706300,8765
1750771559.562171,0,0,206105,758620,8775
1750771559.764388,0,0,199335,759225,9405
1750771559.967862,0,0,206360,789245,8640
1750771560.169175,0,0,218180,785830,8235
1750771560.371692,0,0,222135,792170,9010
1750771560.574852,0,0,206100,748295,9265
1750771560.773003,0,0,213400,807700,8980
1750771560.971774,0,0,200450,750565,8950
1750771561.174401,0,0,222100,799685,9525
1750771561.374543,0,0,200905,731165,8835
1750771561.577933,0,0,203615,750630,8800
1750771561.777504,0,0,191015,734790,8950
1750771561.981872,0,0,191275,726670,8810
1750771562.183699,0,0,213300,774830,9355
1750771562.383487,0,0,213335,754180,9060
1750771562.585672,0,0,217340,788670,8695
1750771562.785975,0,0,206170,772910,9180
1750771562.987396,0,0,206290,773515,9065
1750771563.189768,0,0,203785,733790,9480
1750771563.390513,0,0,232100,808470,8575
1750771563.590536,0,0,219440,807580,9210
1750771563.787936,0,0,142225,547240,9130
1750771563.986931,0,0,95705,362190,8840
1750771564.19627,0,0,240070,869230,8725
1750771564.398136,0,0,204050,734475,8530
1750771564.596096,0,0,228385,830745,8465
1750771564.798228,0,0,219560,835555,8790
1750771564.999907,0,0,223465,842035,8855
1750771565.201,0,0,239355,862830,8460
1750771565.401815,0,0,239795,853390,8850
1750771565.604075,0,0,225640,834695,9105
1750771565.805675,0,0,220040,838925,8630
1750771566.002782,0,0,207705,787180,8745
1750771566.203818,0,0,209240,761555,8855
1750771566.40594,0,0,224340,801325,8720
1750771566.605746,0,0,202050,746785,9290
1750771566.80956,0,0,200650,759705,8840
1750771567.012054,0,0,196980,748545,8905
1750771567.20759,0,0,204750,741705,8595
1750771567.407986,0,0,210370,754335,8795
1750771567.612495,0,0,217085,800995,8925
1750771567.813698,0,0,218190,827330,8545
1750771568.015235,0,0,224865,858465,8860
1750771568.221612,0,0,235585,860160,8750
1750771568.416103,0,0,228595,826415,8895
1750771568.617393,0,0,213000,790955,8905
1750771568.818738,0,0,217415,831285,8440
1750771569.018052,0,0,216520,821055,9105
1750771569.220329,0,0,232195,840360,9185
1750771569.42107,0,0,225080,810150,8995
1750771569.622824,0,0,228965,844900,9105
1750771569.822578,0,0,224495,850095,8995
1750771570.026048,0,0,231735,882525,9295
1750771570.22969,0,0,253735,918115,8905
1750771570.428563,0,0,242685,875280,8670
1750771570.630389,0,0,234110,870300,9310
1750771570.829797,0,0,227190,856880,8740
1750771571.030157,0,0,215260,804745,8840
1750771571.231277,0,0,239830,852565,9635
1750771571.431169,0,0,230200,818575,8980
1750771571.632548,0,0,219935,811485,9110
1750771571.833963,0,0,178800,672575,8350
1750771572.033905,0,0,239100,890440,10615
1750771572.235233,0,0,241560,856985,10860
1750771572.436289,0,0,206945,741510,9055
1750771572.636071,0,0,207740,764060,9080
1750771572.839367,0,0,213105,809780,9040
1750771573.04423,0,0,176065,651915,7155
1750771573.244112,0,0,265965,953780,10810
1750771573.443128,0,0,226440,824965,8810
1750771573.642415,0,0,230785,855420,9065
1750771573.842143,0,0,219360,827850,8700
1750771574.044759,0,0,231605,855800,8480
1750771574.245238,0,0,242935,862340,9055
1750771574.451106,0,0,234790,850270,8980
1750771574.647,0,0,228580,852295,8860
1750771574.848011,0,0,226100,856630,8850
1750771575.05159,0,0,233530,864025,8785
1750771575.251027,0,0,242375,854655,9305
1750771575.452985,0,0,235565,842060,9035
1750771575.656725,0,0,225310,846320,8880
1750771575.853914,0,0,224745,861840,8685
1750771576.055926,0,0,234870,869665,9185
1750771576.254714,0,0,244055,873600,8975
1750771576.454956,0,0,236945,854190,9055
1750771576.660534,0,0,217955,814095,9100
1750771576.856902,0,0,227440,846860,8670
1750771577.057966,0,0,224030,815270,9230
1750771577.264413,0,0,243570,858820,8865
1750771577.666845,0,0,222790,842525,9045
1750771577.666845,0,0,222790,842525,9045
1750771577.871298,0,0,221200,846960,8660
1750771578.068771,0,0,234885,861790,9050
1750771578.269739,0,0,241735,868305,9210
1750771578.47071,0,0,222120,799975,9215
1750771578.669179,0,0,208565,788280,8635
1750771578.873442,0,0,191800,733470,8870
1750771579.076427,0,0,206810,767875,8655
1750771579.475359,0,0,201650,732170,8930
1750771579.676821,0,0,205270,772240,8905
1750771579.876306,0,0,182455,695015,8700
1750771580.080759,0,0,211525,780725,8925
1750771580.27823,0,0,213105,755740,8340
1750771580.486186,0,0,219280,794100,8705
1750771580.679668,0,0,211120,797080,8965
1750771580.880723,0,0,218645,826285,9135
1750771581.090754,0,0,218115,803160,8805
1750771581.28756,0,0,222285,790790,9005
1750771581.485002,0,0,217405,783440,8940
1750771581.688125,0,0,220135,828175,8830
1750771581.891311,0,0,220165,824535,9365
1750771582.090097,0,0,220255,813190,8935
1750771582.287398,0,0,230525,811855,9220
1750771582.491745,0,0,230185,830280,8975
1750771582.692227,0,0,222945,835495,8540
1750771582.892594,0,0,214895,822375,9415
1750771583.098348,0,0,217485,804515,9310
1750771583.292624,0,0,219385,791255,8980
1750771583.493478,0,0,220705,799895,8865
1750771583.694822,0,0,210820,801315,8720
1750771583.898466,0,0,200155,755300,8820
1750771584.097609,0,0,206680,756050,8920
1750771584.300745,0,0,221285,800310,9100
1750771584.502166,0,0,205660,760280,8790
1750771584.710218,0,0,195610,758190,8630
1750771584.904041,0,0,196060,760330,9115
1750771585.104512,0,0,196240,737145,8745
1750771585.30549,0,0,192545,695255,8825
1750771585.505103,0,0,186065,676865,9095
1750771585.706804,0,0,191910,733100,9130
1750771585.907486,0,0,189045,719165,9325
1750771586.107443,0,0,191765,703770,9080
1750771586.308295,0,0,210535,749305,9355
1750771586.508907,0,0,201200,727390,8625
1750771586.712111,0,0,186880,702585,9005
1750771586.9122,0,0,201700,759685,9040
1750771587.114265,0,0,213435,780730,8850
1750771587.315706,0,0,218705,773560,8295
1750771587.516208,0,0,210810,758640,8970
1750771587.717205,0,0,213810,806895,8760
1750771587.917674,0,0,208115,782410,9420
1750771588.123193,0,0,219450,791595,8575
1750771588.321386,0,0,232975,823965,8810
1750771588.523553,0,0,229565,824520,9205
1750771588.722451,0,0,213415,807665,9000
1750771588.922362,0,0,213565,809550,9425
1750771589.12809,0,0,237720,856825,9330
1750771589.325291,0,0,234795,831775,9020
1750771589.525896,0,0,231155,836445,8605
1750771589.726093,0,0,207105,775495,8735
1750771589.927888,0,0,219665,832615,9165
1750771590.129888,0,0,236315,859255,8920
1750771590.332086,0,0,257040,909115,9675
1750771590.531228,0,0,227060,824335,8820
1750771590.733855,0,0,246885,934160,10155
1750771590.936542,0,0,255790,969675,10630
1750771591.135365,0,0,225810,815515,9050
1750771591.334704,0,0,223480,803190,9560
1750771591.539577,0,0,212280,795180,9085
1750771591.738865,0,0,205900,784510,8920
1750771591.941239,0,0,210700,800930,9225
1750771592.141155,0,0,218255,789975,8935
1750771592.34427,0,0,226280,806920,9180
1750771592.544006,0,0,217325,798625,8590
1750771592.748108,0,0,197430,747580,8810
1750771592.948735,0,0,200900,745175,8975
1750771593.148109,0,0,224990,806585,8345
1750771593.348355,0,0,210790,753130,8350
1750771593.548851,0,0,208250,779890,8725
1750771593.748153,0,0,203975,775180,9105
1750771593.950105,0,0,204415,769335,8975
1750771594.153605,0,0,224110,783365,9075
1750771594.353531,0,0,215700,764585,8590
1750771594.554444,0,0,217240,798985,8930
1750771594.754578,0,0,216415,821500,8770
1750771594.955705,0,0,214580,810040,9150
1750771595.157461,0,0,240195,852205,9020
1750771595.360293,0,0,225800,808815,8990
1750771595.55691,0,0,222145,821125,8950
1750771595.756694,0,0,195880,732915,9035
1750771595.95737,0,0,189460,698300,8865
1750771596.152233,0,0,97395,341600,8680
1750771596.361413,0,0,156135,555820,9390
1750771596.568492,0,0,189315,703560,8670
1750771596.763404,0,0,192035,739465,3870
1750771596.971378,0,0,198260,748500,8905
1750771597.17197,0,0,200845,722830,9235
1750771597.369441,0,0,200875,730855,9170
1750771597.572869,0,0,206870,784460,9230
1750771597.770742,0,0,222210,853580,9025
1750771597.975097,0,0,235215,896355,9210
1750771598.180381,0,0,245545,875560,9220
1750771598.575332,0,0,203815,772780,9205
1750771598.575332,0,0,203815,772780,9205
1750771598.778716,0,0,212670,820800,8910
1750771598.978722,0,0,207610,780365,8895
1750771599.182468,0,0,236580,850070,9235
1750771599.582119,0,0,238995,899610,8940
1750771599.784098,0,0,229810,881490,8570
1750771599.983088,0,0,217040,809440,9135
1750771600.183343,0,0,228725,816010,8715
1750771600.389037,0,0,219780,784200,8875
1750771600.589211,0,0,223870,826350,8765
1750771600.78727,0,0,194065,730555,9520
1750771600.988144,0,0,194940,724820,8845
1750771601.192347,0,0,216765,764015,9325
1750771601.38903,0,0,206760,736575,8635
1750771601.591399,0,0,201120,739115,9280
1750771601.792056,0,0,203590,765970,8860
1750771601.992145,0,0,200410,746585,8670
1750771602.193244,0,0,223685,781425,8365
1750771602.398674,0,0,230980,820710,9135
1750771602.598333,0,0,219065,810325,9300
1750771602.795671,0,0,228585,856435,9020
1750771602.995738,0,0,232355,861435,8860
1750771603.198428,0,0,239245,843625,9325
1750771603.399116,0,0,238615,848920,8960
1750771603.602436,0,0,229715,851530,9105
1750771603.804941,0,0,234480,886370,8860
1750771604.004073,0,0,230080,859795,9085
1750771604.202943,0,0,193005,683100,8835
1750771604.403446,0,0,193550,692320,8905
1750771604.602136,0,0,112630,408220,8620
1750771604.8034,0,0,131305,494190,8525
1750771605.004739,0,0,143250,528270,9240
1750771605.210975,0,0,192190,680010,8435
1750771605.409147,0,0,209510,755115,8870
1750771605.616275,0,0,205470,762835,8885
1750771605.812009,0,0,211345,797925,9125
1750771606.015235,0,0,225725,833665,8820
1750771606.217977,0,0,240940,852425,8670
1750771606.42191,0,0,249145,880895,8890
1750771606.61909,0,0,229720,858350,9045
1750771606.819241,0,0,208255,793645,9115
1750771607.022588,0,0,219160,818790,9350
1750771607.223704,0,0,237525,834705,8275
1750771607.424985,0,0,228720,809115,8850
1750771607.626448,0,0,195315,728035,8945
1750771607.827111,0,0,204020,772790,8990
1750771608.029498,0,0,217200,809110,8690
1750771608.22688,0,0,204990,732855,9205
1750771608.450815,0,0,199655,714280,9135
1750771608.633325,0,0,228940,850690,10710
1750771608.83722,0,0,245250,910610,11965
1750771609.032787,0,0,174240,635850,9045
1750771609.235317,0,0,190885,677120,8940
1750771609.436778,0,0,180985,662745,9230
1750771609.636244,0,0,184140,688845,8875
1750771609.841554,0,0,192460,723665,8790
1750771610.040999,0,0,210020,758420,8750
1750771610.24246,0,0,212380,754010,8955
1750771610.443437,0,0,209730,758540,8920
1750771610.642918,0,0,209775,789255,9520
1750771610.846374,0,0,204955,785535,9455
1750771611.047835,0,0,220570,796050,9155
1750771611.248151,0,0,215045,762990,8995
1750771611.447693,0,0,218775,786470,8845
1750771611.651258,0,0,201020,745825,8815
1750771611.851793,0,0,207195,772440,8625
1750771612.053254,0,0,222630,803455,8915
1750771612.254813,0,0,224115,807965,8455
1750771612.457271,0,0,218930,811490,8885
1750771612.657214,0,0,209275,803660,8530
1750771612.857258,0,0,211745,800260,8850
1750771613.061246,0,0,226715,818415,8320
1750771613.262702,0,0,221465,802045,9030
1750771613.465023,0,0,229860,859130,8740
1750771613.661991,0,0,222440,840795,9275
1750771613.861104,0,0,216275,816980,8510
1750771614.062969,0,0,212035,773345,9030
1750771614.262547,0,0,204415,736805,8910
1750771614.463609,0,0,188660,698830,9135
1750771614.67073,0,0,190445,728320,8605
1750771614.865329,0,0,196915,755260,9025
1750771615.065537,0,0,197485,728975,8910
1750771615.266004,0,0,193615,702320,8685
1750771615.469518,0,0,195110,718910,9050
1750771615.669505,0,0,197475,750790,8625
1750771615.875174,0,0,187600,715770,9245
1750771616.069808,0,0,211710,774015,8685
1750771616.273566,0,0,186345,675150,8685
1750771616.47052,0,0,180790,665765,8865
1750771616.673109,0,0,175685,670165,9565
1750771616.876305,0,0,185505,702725,9010
1750771617.084806,0,0,200625,735345,9240
1750771617.284074,0,0,212985,775020,8865
1750771617.484069,0,0,209460,779755,8885
1750771617.686843,0,0,188480,718740,9080
1750771617.891844,0,0,199915,751865,8805
1750771618.092021,0,0,204645,735445,8810
1750771618.29705,0,0,221285,785375,9275
1750771618.494366,0,0,207665,757325,9125
1750771618.696161,0,0,205260,765015,8755
1750771618.899886,0,0,222160,824040,9095
1750771619.101277,0,0,209385,762025,8855
1750771619.306373,0,0,228180,811970,8995
1750771619.505615,0,0,208645,768055,9095
1750771619.907639,0,0,199620,753400,8795
1750771620.111107,0,0,227690,820950,8500
1750771620.312804,0,0,219005,774895,9120
1750771620.513073,0,0,218415,805870,8865
1750771620.714722,0,0,219050,818325,8695
1750771620.918767,0,0,209970,786985,8525
1750771621.113148,0,0,216580,792900,8915
1750771621.314217,0,0,196370,699925,8940
1750771621.515813,0,0,210500,773655,9020
1750771621.71528,0,0,202680,760430,9160
1750771621.918041,0,0,203670,758795,8575
1750771622.124387,0,0,230410,827850,8720
1750771622.321351,0,0,241515,856145,9295
1750771622.520496,0,0,210825,769525,9135
1750771622.722961,0,0,199115,747940,8610
1750771622.924032,0,0,205310,778775,9095
1750771623.126039,0,0,237950,858995,8780
1750771623.332087,0,0,246530,872005,8715
1750771623.527499,0,0,230135,837995,8685
1750771623.728473,0,0,212175,797720,8500
1750771623.929551,0,0,225775,847860,8720
1750771624.130934,0,0,248340,888425,8935
1750771624.332149,0,0,236480,835715,8930
1750771624.535329,0,0,242795,887650,9100
1750771624.733028,0,0,225545,846125,9455
1750771624.93451,0,0,244555,910060,9530
1750771625.136628,0,0,268910,960285,9980
1750771625.334966,0,0,241490,860815,10175
1750771625.53785,0,0,235645,871180,10580
1750771625.739258,0,0,216140,814295,8870
1750771625.938001,0,0,207615,767960,8990
1750771626.140245,0,0,247245,877810,8960
1750771626.340728,0,0,243090,869475,8535
1750771626.543928,0,0,249680,928905,8320
1750771626.743976,0,0,246055,923560,8680
1750771626.944441,0,0,231765,858745,9060
1750771627.143769,0,0,220620,791765,9085
1750771627.345913,0,0,215870,777035,8885
1750771627.546206,0,0,200570,751835,8795
1750771627.748145,0,0,195320,737850,8965
1750771627.947757,0,0,193885,726625,9320
1750771628.150098,0,0,213140,755475,8575
1750771628.349936,0,0,226915,817605,8930
1750771628.55214,0,0,231740,867385,8445
1750771628.750964,0,0,211935,797675,8785
1750771628.954587,0,0,208705,764800,8600
1750771629.154153,0,0,203180,730075,8880
1750771629.354657,0,0,213370,760985,8985
1750771629.558303,0,0,216420,803665,8765
1750771629.758372,0,0,206245,770620,8935
1750771629.958856,0,0,201585,740130,9640
1750771630.161096,0,0,199320,710020,8810
1750771630.360323,0,0,194075,690470,9005
1750771630.563245,0,0,225780,838265,9085
1750771630.766624,0,0,223860,846145,8660
1750771630.971398,0,0,214510,792940,9095
1750771631.167457,0,0,221010,790470,8760
1750771631.371533,0,0,222005,799725,8965
1750771631.571737,0,0,216405,814955,9175
1750771631.771703,0,0,213905,793570,8455
1750771631.975435,0,0,224685,817275,9030
1750771632.173937,0,0,237655,842375,9090
1750771632.373865,0,0,196455,699815,8965
1750771632.573825,0,0,203280,764675,9235
1750771632.777019,0,0,198595,741605,8695
1750771632.979762,0,0,195110,710425,8925
1750771633.180772,0,0,227160,802545,8985
1750771633.378304,0,0,218830,784550,8865
1750771633.577666,0,0,211255,785105,7890
1750771633.784162,0,0,228420,857550,9295
1750771633.980904,0,0,196740,727125,9045
1750771634.185605,0,0,220820,780395,9185
1750771634.385552,0,0,218585,785680,9210
1750771634.588971,0,0,221755,829155,8690
1750771634.789128,0,0,217090,820635,8340
1750771634.991104,0,0,214520,787000,8880
1750771635.19195,0,0,218510,776305,8820
1750771635.392519,0,0,223110,800870,9175
1750771635.601157,0,0,212545,793535,9240
1750771635.798399,0,0,215145,807310,8850
1750771635.995736,0,0,228175,830435,8985
1750771636.19577,0,0,223735,785765,8895
1750771636.405923,0,0,223675,796140,9035
1750771636.602902,0,0,219685,811250,8985
1750771636.802135,0,0,219525,824520,8785
1750771637.004781,0,0,220155,806300,9160
1750771637.405203,0,0,231605,828730,9105
1750771637.405203,0,0,231605,828730,9105
1750771637.610388,0,0,226980,855460,9140
1750771637.809984,0,0,223590,841725,9040
1750771638.207756,0,0,219180,778645,8885
1750771638.410427,0,0,232905,826395,8910
1750771638.610371,0,0,222335,831320,9020
1750771638.8132,0,0,231925,869780,8935
1750771639.015693,0,0,234980,855155,8825
1750771639.213737,0,0,234820,838890,8645
1750771639.45872,0,0,238600,860675,9525
1750771639.620735,0,0,236390,902595,8560
1750771639.819205,0,0,219125,838620,9230
1750771640.020137,0,0,231675,852250,8885
1750771640.218311,0,0,241330,858150,8705
1750771640.42489,0,0,234335,843110,9215
1750771640.621809,0,0,228215,848280,8935
1750771640.822957,0,0,231700,861795,8535
1750771641.025013,0,0,232020,834125,8830
1750771641.225459,0,0,239615,838135,8910
1750771641.423879,0,0,224245,808795,8725
1750771641.623523,0,0,212485,790230,8915
1750771641.823987,0,0,200470,757390,9485
1750771642.02445,0,0,214160,783815,8735
1750771642.225912,0,0,223435,793375,8965
1750771642.427373,0,0,217915,776210,8895
1750771642.628833,0,0,196625,727580,8705
1750771642.827303,0,0,203620,758395,8405
1750771643.031406,0,0,207500,757810,9420
1750771643.233149,0,0,219120,779865,8955
1750771643.431728,0,0,226755,817710,8985
1750771643.631211,0,0,211800,793460,9440
1750771643.839818,0,0,239790,901750,10915
1750771644.037309,0,0,241035,864985,10155
1750771644.236755,0,0,223460,804660,9330
1750771644.436729,0,0,196315,719715,8885
1750771644.640912,0,0,207125,782045,8930
1750771644.841965,0,0,208225,777855,8945
1750771645.043759,0,0,225445,809145,8400
1750771645.246565,0,0,228200,812685,8875
1750771645.443293,0,0,220125,806930,8560
1750771645.645647,0,0,217455,818195,8575
1750771645.846709,0,0,223985,834970,8640
1750771646.061622,0,0,233690,833650,8860
1750771646.251805,0,0,255370,904900,8800
1750771646.453581,0,0,221215,820725,9050
1750771646.655255,0,0,223800,839845,8870
1750771646.852084,0,0,229515,855310,9215
1750771647.055039,0,0,242410,858835,8780
1750771647.254732,0,0,227065,809350,9040
1750771647.455296,0,0,218725,805880,9165
1750771647.658882,0,0,218140,819765,9395
1750771647.858921,0,0,218225,800375,9020
1750771648.060578,0,0,236520,833690,8450
1750771648.258997,0,0,222360,788720,8545
1750771648.461617,0,0,225120,832370,8875
1750771648.660587,0,0,208290,780355,8840
1750771648.864704,0,0,210825,782220,9360
1750771649.062335,0,0,221225,786630,8690
1750771649.263808,0,0,227850,808040,8950
1750771649.46708,0,0,218550,810250,8660
1750771649.666516,0,0,209190,804630,9495
1750771649.867125,0,0,210295,784960,8380
1750771650.067378,0,0,209005,746970,8295
1750771650.268731,0,0,207920,729620,8900
1750771650.471405,0,0,220175,803210,9155
1750771650.67282,0,0,221275,825970,9280
1750771650.878272,0,0,224790,828870,8400
1750771651.064986,0,0,76600,260130,8235
1750771651.272886,0,0,102155,356420,8780
1750771651.479125,0,0,109490,408845,9290
1750771651.678288,0,0,191760,730725,9195
1750771651.876889,0,0,208695,778475,9085
1750771652.079125,0,0,223045,812575,8600
1750771652.280883,0,0,216285,778915,9050
1750771652.483478,0,0,204885,761210,9250
1750771652.685316,0,0,214465,811365,9170
1750771652.885619,0,0,214485,807880,8945
1750771653.087616,0,0,228605,821125,8635
1750771653.287869,0,0,230690,830855,8510
1750771653.489976,0,0,238230,878585,9205
1750771653.687924,0,0,229340,868570,9045
1750771653.892047,0,0,226050,843840,9390
1750771654.090805,0,0,231115,847855,9530
1750771654.292983,0,0,223260,814895,9145
1750771654.492861,0,0,204250,782075,8700
1750771654.693141,0,0,204265,785335,9730
1750771654.901348,0,0,212125,805785,9095
1750771655.099363,0,0,224840,816550,8980
1750771655.306995,0,0,215450,788745,8665
1750771655.501289,0,0,193845,743305,8675
1750771655.706953,0,0,211715,805145,8915
1750771655.904349,0,0,200840,765735,8765
1750771656.106281,0,0,215015,772440,8800
1750771656.306114,0,0,214890,777610,8675
1750771656.515503,0,0,212235,783125,8890
1750771656.714701,0,0,212575,801495,9245
1750771656.918942,0,0,211720,775130,8785
1750771657.114,0,0,219950,778510,8865
1750771657.314032,0,0,228075,798850,8690
1750771657.515728,0,0,217755,800915,8950
1750771657.914672,0,0,211985,776295,9200
1750771658.114965,0,0,227725,803225,8355
1750771658.314724,0,0,213750,755850,8820
1750771658.517697,0,0,214775,792205,8955
1750771658.720139,0,0,218825,828995,9320
1750771658.926046,0,0,220855,827820,8460
1750771659.119726,0,0,226935,815280,8775
1750771659.319116,0,0,218845,785480,9150
1750771659.515913,0,0,139875,532790,9325
1750771659.718491,0,0,121415,465225,9250
1750771659.922006,0,0,228790,855930,9315
1750771660.124228,0,0,212080,751570,8620
1750771660.327083,0,0,234865,841815,8750
1750771660.524724,0,0,199565,741545,9020
1750771660.728594,0,0,216795,816970,8615
1750771660.926436,0,0,214845,801080,8615
1750771661.130111,0,0,221890,787620,8885
1750771661.335204,0,0,243030,872240,9515
1750771661.531549,0,0,207755,761135,8305
1750771661.741792,0,0,230050,864790,9035
1750771661.93442,0,0,254280,936875,9890
1750771662.137027,0,0,241380,860745,9135
1750771662.338122,0,0,241580,867320,8505
1750771662.535546,0,0,235810,885290,9220
1750771662.740554,0,0,242730,916705,10245
1750771662.938263,0,0,224345,823285,8890
1750771663.13956,0,0,245825,879895,9525
1750771663.339807,0,0,246210,899700,9010
1750771663.537684,0,0,226990,861385,9355
1750771663.742472,0,0,214595,810230,9560
1750771663.948483,0,0,159385,584545,6340
1750771664.147077,0,0,302335,1075760,11130
1750771664.342521,0,0,224910,815140,9090
1750771664.543839,0,0,220475,842880,9160
1750771664.745801,0,0,217470,849780,8955
1750771664.948146,0,0,232400,849480,8470
1750771665.151156,0,0,225735,819740,9205
1750771665.350114,0,0,230315,841470,8720
1750771665.550236,0,0,206250,782195,9040
1750771665.751921,0,0,199015,748690,9190
1750771665.950626,0,0,201100,732050,8370
1750771666.150876,0,0,200975,722050,8655
1750771666.35253,0,0,199760,722740,9175
1750771666.554374,0,0,196955,740320,9165
1750771666.753464,0,0,186125,694630,9105
1750771666.957121,0,0,211190,760985,8705
1750771667.155223,0,0,207410,740115,8755
1750771667.363263,0,0,221220,800600,8870
1750771667.562718,0,0,218575,803265,8855
1750771667.76361,0,0,212100,788400,8670
1750771667.961681,0,0,225245,806515,8775
1750771668.160691,0,0,203750,719395,9145
1750771668.366683,0,0,224945,799510,9315
1750771668.561809,0,0,207715,768135,8720
1750771668.765036,0,0,218915,805640,8600
1750771668.967212,0,0,223165,791080,9070
1750771669.166204,0,0,224325,795720,8800
1750771669.367851,0,0,226710,826635,8715
1750771669.568646,0,0,215165,810350,8870
1750771669.770574,0,0,224675,841450,8850
1750771669.97419,0,0,216195,769270,8945
1750771670.174331,0,0,223115,784020,8795
1750771670.396086,0,0,221190,806595,9060
1750771670.571916,0,0,196590,732870,8985
1750771670.775434,0,0,197745,738915,8550
1750771670.980198,0,0,217960,789710,8880
1750771671.182953,0,0,226700,805825,9235
1750771671.3858,0,0,225260,827790,9010
1750771671.583079,0,0,214865,816285,8770
1750771671.783278,0,0,215280,808310,9565
1750771671.986745,0,0,228120,831860,8845
1750771672.184668,0,0,228065,821490,8810
1750771672.388,0,0,217415,806865,8875
1750771672.585471,0,0,220330,840905,8820
1750771672.785456,0,0,217795,822275,8460
1750771672.988998,0,0,231340,844525,8950
1750771673.189793,0,0,225740,805535,9255
1750771673.390497,0,0,216050,799205,9290
1750771673.597739,0,0,212640,812220,8295
1750771673.795187,0,0,208740,803375,8740
1750771673.997156,0,0,205395,750405,9090
1750771674.198617,0,0,225555,800035,8790
1750771674.400078,0,0,229790,848820,9280
1750771674.603534,0,0,214735,817995,9035
1750771674.810488,0,0,202875,772045,9035
1750771675.011711,0,0,199425,734755,9185
1750771675.210467,0,0,194795,710995,8665
1750771675.409002,0,0,206770,771295,8965
1750771675.611554,0,0,197090,759555,8860
1750771675.81051,0,0,177565,677230,9235
1750771676.010947,0,0,196140,717330,8985
1750771676.213405,0,0,200835,719415,8965
1750771676.610645,0,0,189270,720615,8880
1750771676.81488,0,0,203655,777600,8850
1750771677.019039,0,0,222560,814715,8795
1750771677.220926,0,0,210855,766300,8640
1750771677.42527,0,0,217295,806650,8595
1750771677.623789,0,0,217960,835070,9030
1750771677.820095,0,0,212800,821305,8890
1750771678.02178,0,0,217905,798365,8890
1750771678.223234,0,0,213525,769020,8785
1750771678.423996,0,0,203370,753595,8540
1750771678.625225,0,0,204980,788405,9020
1750771678.825539,0,0,211450,805255,9070
1750771679.025682,0,0,218160,801505,9185
1750771679.226377,0,0,223865,812285,8685
1750771679.430077,0,0,219895,817295,8880
1750771679.628068,0,0,222130,857610,8765
1750771679.831635,0,0,218190,847975,8810
1750771680.035271,0,0,232930,837460,8885
1750771680.233045,0,0,235335,843635,8920
1750771680.433173,0,0,235395,875410,9065
1750771680.63484,0,0,240145,911330,10205
1750771680.838906,0,0,250785,955795,9840
1750771681.040322,0,0,271805,972030,9485
1750771681.241719,0,0,244585,884465,9880
1750771681.439125,0,0,224600,841420,8950
1750771681.639708,0,0,217595,831340,8820
1750771681.842679,0,0,229200,852860,8905
1750771682.040833,0,0,221505,799730,8845
1750771682.24505,0,0,229950,829970,8905
1750771682.444942,0,0,220055,839395,8755
1750771682.647965,0,0,224515,865095,8735
1750771682.845501,0,0,199195,757945,8980
1750771683.046022,0,0,187535,672210,8590
1750771683.25003,0,0,232775,830960,9395
1750771683.448502,0,0,227780,850000,8875
1750771683.652953,0,0,206155,774275,9060
1750771683.848429,0,0,198265,730700,8865
1750771684.049841,0,0,215485,761995,8935
1750771684.254727,0,0,224305,791935,8920
1750771684.458923,0,0,225805,837435,8655
1750771684.654575,0,0,221120,823870,9075
1750771684.858143,0,0,235295,866030,9320
1750771685.062057,0,0,236350,843060,9095
1750771685.258662,0,0,232250,839780,9095
1750771685.460705,0,0,230020,867215,8485
1750771685.66207,0,0,227900,855010,8670
1750771685.860559,0,0,218610,808275,8730
1750771686.06202,0,0,228845,817965,9100
1750771686.267557,0,0,237290,850850,8975
1750771686.469782,0,0,226630,841320,8865
1750771686.668655,0,0,222845,838415,8795
1750771686.869306,0,0,232905,838965,8640
1750771687.069111,0,0,248900,869810,9155
1750771687.269905,0,0,225535,796860,8915
1750771687.472904,0,0,223990,832275,8865
1750771687.671722,0,0,225465,844820,8995
1750771687.873302,0,0,231255,849205,8660
1750771688.072579,0,0,247695,866040,8595
1750771688.277094,0,0,227625,806505,8865
1750771688.474169,0,0,232895,853065,8690
1750771688.678133,0,0,228145,848670,9230
1750771688.883647,0,0,235960,858435,8255
1750771689.078803,0,0,238330,845825,8655
1750771689.281989,0,0,243035,862045,8640
1750771689.483341,0,0,231890,850355,9330
1750771689.684604,0,0,232235,854340,9310
1750771689.884041,0,0,214100,778810,8880
1750771690.086354,0,0,215380,763550,8715
1750771690.285878,0,0,244285,863975,8535
1750771690.490005,0,0,237545,881280,9035
1750771690.68956,0,0,234530,875885,8840
1750771690.894639,0,0,240055,880390,9265
1750771691.093939,0,0,249500,875825,8690
1750771691.293723,0,0,242555,872735,8270
1750771691.494564,0,0,227520,859155,9205
1750771691.69141,0,0,199065,764245,8960
1750771691.895434,0,0,197990,724825,8865
1750771692.098879,0,0,216800,760845,9385
1750771692.300101,0,0,185245,660580,8975
1750771692.496164,0,0,155405,576960,9280
1750771692.700651,0,0,132265,502455,9140
1750771692.904487,0,0,128000,463805,9005
1750771693.102638,0,0,158850,563195,9145
1750771693.303387,0,0,191235,686555,8990
1750771693.502435,0,0,160805,600660,9085
1750771693.708063,0,0,187695,700395,9150
1750771693.904342,0,0,174550,632990,8520
1750771694.107746,0,0,192080,676670,9425
1750771694.309065,0,0,196695,699230,8690
1750771694.711136,0,0,230060,858780,8890
1750771694.913466,0,0,235865,850660,8745
1750771695.114463,0,0,237840,848045,9385
1750771695.311387,0,0,194440,707090,9235
1750771695.512025,0,0,181705,677240,8775
1750771695.716816,0,0,211025,791590,9015
1750771695.912842,0,0,139640,505050,9010
1750771696.117644,0,0,230160,809110,9260
1750771696.320359,0,0,243510,864970,8925
1750771696.519972,0,0,227000,840525,9295
1750771696.719605,0,0,230315,856510,9060
1750771696.920548,0,0,240415,875100,8660
1750771697.123048,0,0,214320,757665,8895
1750771697.323655,0,0,221615,802625,8910
1750771697.525943,0,0,238530,895330,8765
1750771697.729651,0,0,233585,874380,8830
1750771697.927489,0,0,225890,823395,9085
1750771698.127048,0,0,212945,755540,8705
1750771698.326186,0,0,187545,682455,8785
1750771698.527917,0,0,200555,763010,8705
1750771698.730976,0,0,198385,747650,9015
1750771698.932701,0,0,216525,796340,8605
1750771699.128785,0,0,175170,625310,8815
1750771699.338833,0,0,207960,756375,9160
1750771699.535343,0,0,226175,842710,9775
1750771699.735856,0,0,217635,823160,9580
1750771699.937195,0,0,225775,814795,10410
1750771700.136717,0,0,226995,811515,10010
1750771700.33925,0,0,187775,690830,9410
1750771700.540925,0,0,190180,712560,9260
1750771700.740918,0,0,216785,807515,8235
1750771700.94155,0,0,224295,797300,8485
1750771701.141858,0,0,235540,830245,8575
1750771701.359702,0,0,210340,777210,8705
1750771701.543239,0,0,211200,795525,8595
1750771701.755116,0,0,134510,496035,5335
1750771701.948588,0,0,213245,768965,7285
1750771702.151088,0,0,244875,871575,8340
1750771702.352374,0,0,231405,848340,9375
1750771702.555051,0,0,231550,870435,8660
1750771702.760665,0,0,236705,882050,8490
1750771702.957928,0,0,244725,874535,8605
1750771703.161191,0,0,241250,861800,8210
1750771703.357927,0,0,220810,804350,8610
1750771703.559388,0,0,210760,790335,8690
1750771703.759852,0,0,219305,811040,9570
1750771703.960315,0,0,239855,855655,8985
1750771704.160883,0,0,223085,796895,8870
1750771704.366776,0,0,222965,825980,8810
1750771704.566749,0,0,226605,853690,9435
1750771704.764973,0,0,234105,854465,9160
1750771704.966949,0,0,232005,821210,8845
1750771705.164987,0,0,229060,816960,9275
1750771705.367432,0,0,225680,825725,8810
1750771705.573484,0,0,218155,817195,8870
1750771705.769155,0,0,214355,794425,9000
1750771705.969527,0,0,215675,775025,8630
1750771706.17409,0,0,215515,762295,9220
1750771706.373684,0,0,220775,816185,9110
1750771706.57574,0,0,214810,801370,8975
1750771706.775696,0,0,202580,749085,8920
1750771706.979412,0,0,232110,817375,8885
1750771707.176848,0,0,231770,816405,8965
1750771707.376448,0,0,213125,772535,8750
1750771707.575914,0,0,203740,762735,8865
1750771707.778373,0,0,208585,768555,8660
1750771707.979834,0,0,221765,788885,8975
1750771708.183645,0,0,212755,755920,9130
1750771708.385258,0,0,208085,769005,8710
1750771708.586548,0,0,209035,784950,9030
1750771708.786917,0,0,213110,788315,8975
1750771708.988156,0,0,211700,746415,9235
1750771709.188477,0,0,203555,722415,8785
1750771709.390168,0,0,206395,758735,8985
1750771709.589154,0,0,200515,750645,8805
1750771709.790424,0,0,208375,779975,9135
1750771709.994745,0,0,232860,828770,9040
1750771710.191182,0,0,228755,811145,9245
1750771710.392927,0,0,186725,692405,8885
1750771710.595487,0,0,191345,719725,8920
1750771710.796576,0,0,215150,801685,8940
1750771710.996879,0,0,225015,805655,8635
1750771711.197109,0,0,231145,835245,9200
1750771711.398123,0,0,221670,826210,9260
1750771711.607598,0,0,215025,811035,8935
1750771711.810943,0,0,216825,809090,9085
1750771712.003857,0,0,220805,789885,8935
1750771712.202841,0,0,224360,816625,9390
1750771712.406177,0,0,214020,805710,9120
1750771712.605279,0,0,197375,750900,9230
1750771712.812567,0,0,215865,799400,8665
1750771713.017778,0,0,224315,798665,9560
1750771713.217243,0,0,218385,781920,8865
1750771713.417186,0,0,211220,786320,8555
1750771713.620411,0,0,210785,785845,9460
1750771713.821643,0,0,219680,806385,8935
1750771714.031178,0,0,226290,811005,8775
1750771714.231151,0,0,239530,854655,9080
1750771714.427625,0,0,221170,818760,9215
1750771714.631081,0,0,222535,839090,9040
1750771715.027021,0,0,226265,810805,9000
1750771715.027021,0,0,226265,810805,9000
1750771715.427333,0,0,225550,820990,8755
1750771715.427333,0,0,225550,820990,8755
1750771715.631786,0,0,207955,777635,9430
1750771716.033467,0,0,230730,816335,8845
1750771716.234831,0,0,235515,843200,9785
1750771716.438931,0,0,214305,794965,10345
1750771716.636609,0,0,205095,775525,9485
1750771716.844232,0,0,248800,911330,10770
1750771717.040707,0,0,220075,775300,8875
1750771717.245159,0,0,212885,778535,4220
1750771717.442631,0,0,197020,745570,8770
1750771717.64312,0,0,197770,743230,8515
1750771717.842255,0,0,194335,707060,8755
1750771718.042807,0,0,210800,764765,9005
1750771718.246123,0,0,204660,757755,9240
1750771718.443174,0,0,188920,730655,9030
1750771718.646044,0,0,196685,757270,9090
1750771718.844809,0,0,205140,759705,8650
1750771719.047091,0,0,187695,667960,8990
1750771719.247726,0,0,181535,675170,8555
1750771719.454,0,0,191085,738695,8665
1750771719.651323,0,0,204965,785410,8955
1750771719.853207,0,0,209045,775220,7065
1750771720.056414,0,0,219675,799400,6700
1750771720.256345,0,0,212550,779785,8840
1750771720.458631,0,0,213210,802805,8530
1750771720.670821,0,0,216100,805630,8965
1750771720.864159,0,0,218185,804280,8840
1750771721.064248,0,0,225335,802745,8765
1750771721.261403,0,0,219970,803815,8755
1750771721.464289,0,0,214505,817050,8980
1750771721.665785,0,0,220845,837900,8235
1750771721.869502,0,0,232220,838725,8945
1750771722.06683,0,0,243075,852600,8820
1750771722.267295,0,0,229650,831855,8550
1750771722.468975,0,0,221700,834730,8705
1750771722.668096,0,0,208765,782315,8250
1750771722.870185,0,0,214780,788430,8415
1750771723.071996,0,0,224235,781375,9095
1750771723.273386,0,0,200090,733070,8975
1750771723.47124,0,0,199545,751435,8990
1750771723.672734,0,0,178645,664200,8885
1750771723.877021,0,0,192415,688730,8710
1750771724.074715,0,0,201435,713635,8615
1750771724.276108,0,0,196480,725625,8345
1750771724.478039,0,0,199875,760640,8680
1750771724.677914,0,0,202315,770790,9005
1750771724.883417,0,0,214480,778475,8830
1750771725.085024,0,0,228095,821145,8515
1750771725.283796,0,0,220315,804030,8810
1750771725.48394,0,0,214555,799410,9350
1750771725.687734,0,0,181870,687900,9020
1750771725.898784,0,0,184490,671900,8250
1750771726.090777,0,0,205350,736425,8970
1750771726.291712,0,0,210675,776610,8970
1750771726.493918,0,0,216775,828030,8645
1750771726.693747,0,0,218540,832410,8650
1750771726.896067,0,0,214175,785445,8930
1750771727.097011,0,0,242445,853575,9090
1750771727.299112,0,0,231430,848950,8740
1750771727.498251,0,0,203950,770865,8525
1750771727.698486,0,0,208455,792370,8960
1750771727.90042,0,0,230085,835560,9325
1750771728.104115,0,0,244915,866275,8680
1750771728.302769,0,0,224855,830790,8875
1750771728.503677,0,0,222190,837960,8675
1750771728.703538,0,0,220500,825030,8530
1750771728.906825,0,0,205720,740800,9145
1750771729.104539,0,0,213775,751385,8955
1750771729.30934,0,0,225605,812460,8620
1750771729.512118,0,0,214615,812330,8670
1750771729.709119,0,0,216465,826690,9060
1750771729.908428,0,0,229380,833950,8570
1750771730.112433,0,0,250705,881200,8875
1750771730.31403,0,0,238305,886065,8415
1750771730.520492,0,0,224925,855725,8470
1750771730.723038,0,0,207455,773715,8930
1750771730.916581,0,0,224660,809975,8975
1750771731.121115,0,0,227270,807520,8820
1750771731.318617,0,0,212625,780655,8510
1750771731.520909,0,0,205710,787870,8825
1750771731.722255,0,0,220025,828170,8940
1750771731.923394,0,0,208270,753975,8795
1750771732.356326,0,0,211415,778425,8875
1750771732.356326,0,0,211415,778425,8875
1750771732.52297,0,0,202070,760680,8290
1750771732.925957,0,0,226300,818230,8920
1750771732.925957,0,0,226300,818230,8920
1750771733.328381,0,0,225815,830865,8455
1750771733.529854,0,0,222275,850095,8755
1750771733.729358,0,0,218935,821095,9110
1750771733.931152,0,0,222395,806015,8435
1750771734.131114,0,0,239790,854885,9205
1750771734.328703,0,0,233730,857820,8640
1750771734.532159,0,0,217465,828320,8895
1750771734.73362,0,0,228555,861730,8670
1750771734.935081,0,0,237120,861975,9090
1750771735.134988,0,0,237535,841255,9100
1750771735.337256,0,0,252100,919730,9535
1750771735.542046,0,0,262345,986395,10725
1750771735.74026,0,0,245690,918655,9640
1750771735.940651,0,0,259460,923500,10090
1750771736.138578,0,0,206445,748080,9130
1750771736.340656,0,0,180255,675465,8925
1750771736.541945,0,0,188135,710265,8680
1750771736.741666,0,0,191680,700780,9085
1750771736.942385,0,0,198675,708945,9300
1750771737.144175,0,0,226220,813280,9025
1750771737.344998,0,0,225595,844490,8580
1750771737.545352,0,0,207060,783670,9215
1750771737.745162,0,0,204470,757470,8485
1750771737.949105,0,0,228115,806295,9200
1750771738.151608,0,0,224450,808610,9315
1750771738.347958,0,0,191845,725210,8475
1750771738.549115,0,0,190220,725815,8880
1750771738.750253,0,0,217095,787485,8895
1750771738.95318,0,0,233400,824930,8650
1750771739.152026,0,0,229450,819145,8540
1750771739.353766,0,0,217975,814465,8710
1750771739.553043,0,0,216720,817795,9095
1750771739.756449,0,0,228250,842920,8725
1750771739.958386,0,0,241715,849435,9650
1750771740.15761,0,0,244190,875140,8535
1750771740.366384,0,0,228115,840310,8395
1750771740.559209,0,0,223065,833470,8600
1750771740.761389,0,0,236390,861745,8820
1750771740.964608,0,0,220605,781410,8995
1750771741.162769,0,0,221715,796600,8690
1750771741.364767,0,0,229020,846885,8910
1750771741.565063,0,0,211110,794380,8600
1750771741.767902,0,0,228515,830395,8685
1750771741.969477,0,0,221885,795870,8630
1750771742.169273,0,0,205370,754815,9010
1750771742.369952,0,0,187095,707220,8460
1750771742.571471,0,0,187730,720005,9185
1750771742.778066,0,0,227460,820470,9210
1750771742.981552,0,0,243950,860065,9085
1750771743.176337,0,0,243675,861310,8735
1750771743.378558,0,0,231565,853790,8685
1750771743.577122,0,0,209360,787320,9415
1750771743.780303,0,0,223295,816510,8725
1750771743.980073,0,0,239025,845285,9110
1750771744.181072,0,0,228565,808960,8545
1750771744.377734,0,0,178725,674060,9400
1750771744.580034,0,0,197070,740085,9285
1750771744.782463,0,0,206820,750885,9030
1750771744.98467,0,0,214550,758740,8815
1750771745.187812,0,0,233995,838725,9020
1750771745.389534,0,0,235930,873560,8535
1750771745.591337,0,0,231880,868220,9315
1750771745.790666,0,0,239305,869890,8830
1750771745.992197,0,0,223795,802905,8295
1750771746.191614,0,0,208340,751180,9060
1750771746.393274,0,0,185610,697510,8585
1750771746.597079,0,0,180160,685280,9045
1750771746.793351,0,0,175515,658880,8725
1750771746.992161,0,0,162670,588490,8930
1750771747.194015,0,0,158050,577540,9130
1750771747.397096,0,0,171345,647605,8795
1750771747.600971,0,0,184265,703240,8505
1750771747.8021,0,0,174080,647915,8825
1750771748.005221,0,0,177430,638410,9440
1750771748.204154,0,0,190135,691320,9020
1750771748.404429,0,0,177180,665570,8980
1750771748.610292,0,0,212710,814040,8865
1750771748.811435,0,0,213850,797995,9010
1750771749.017695,0,0,190660,685310,8965
1750771749.2157,0,0,216835,797220,9260
1750771749.422705,0,0,237980,904140,9115
1750771749.627225,0,0,230385,874705,8630
1750771749.824577,0,0,224405,834355,8220
1750771750.022682,0,0,219845,792825,9410
1750771750.231504,0,0,217850,790935,8995
1750771750.426052,0,0,215265,817995,9120
1750771750.630509,0,0,193620,738530,8755
1750771750.829842,0,0,210850,776305,9100
1750771751.227206,0,0,207435,764770,8675
1750771751.227206,0,0,207435,764770,8675
1750771751.43072,0,0,202040,775745,8630
1750771751.830234,0,0,208425,771210,9240
1750771752.032542,0,0,209655,758400,9130
1750771752.232507,0,0,217180,795675,8615
1750771752.434459,0,0,218240,833775,8815
1750771752.635417,0,0,227625,869290,8810
1750771752.839553,0,0,225005,840665,9300
1750771753.038652,0,0,238480,859395,9690
1750771753.2375,0,0,222690,818640,10270
1750771753.440212,0,0,227660,865685,9915
1750771753.643137,0,0,252190,949950,9970
1750771753.840771,0,0,241260,868795,9200
1750771754.042074,0,0,238300,848730,8855
1750771754.246044,0,0,228160,836130,8835
1750771754.444582,0,0,224890,852955,8815
1750771754.645482,0,0,229855,864180,9230
1750771754.846106,0,0,237555,859735,9050
1750771755.047954,0,0,228425,818415,8455
1750771755.248709,0,0,219085,816185,8950
1750771755.451884,0,0,217995,843135,8925
1750771755.650914,0,0,214890,817370,8890
1750771755.851675,0,0,220875,806510,8845
1750771756.051631,0,0,227895,820810,9050
1750771756.253766,0,0,224940,834680,9200
1750771756.454992,0,0,211095,802720,8270
1750771756.657477,0,0,203000,762365,8750
1750771756.856921,0,0,202265,733310,8405
1750771757.05742,0,0,215295,769590,8910
1750771757.258623,0,0,209860,779875,8360
1750771757.4621,0,0,217975,831680,8715
1750771757.662155,0,0,228275,841670,8720
1750771757.867434,0,0,233550,833115,8925
1750771758.06649,0,0,236610,854575,9005
1750771758.267918,0,0,234265,860710,8900
1750771758.467118,0,0,225245,853310,8720
1750771758.66997,0,0,212725,795785,8655
1750771758.868037,0,0,194955,700675,8990
1750771759.069249,0,0,186790,678295,8785
1750771759.273905,0,0,197440,744115,9185
1750771759.473753,0,0,187115,716760,8740
1750771759.674422,0,0,193950,740505,8910
1750771759.875521,0,0,216535,796900,9265
1750771760.077481,0,0,218685,800245,8690
1750771760.276352,0,0,197820,746665,8715
1750771760.475992,0,0,179735,697785,8650
1750771760.677925,0,0,196365,744480,9285
1750771760.87873,0,0,204495,750760,9020
1750771761.084708,0,0,209910,763145,9055
1750771761.280903,0,0,200770,760260,8775
1750771761.481617,0,0,195880,745905,8960
1750771761.684408,0,0,195890,739660,9045
1750771761.885999,0,0,196655,728625,8860
1750771762.086889,0,0,211735,771480,8735
1750771762.287754,0,0,204845,765410,8775
1750771762.491225,0,0,214275,818245,9245
1750771762.689101,0,0,206805,785280,9090
1750771762.893694,0,0,206920,755735,9000
1750771763.093303,0,0,200370,726755,8860
1750771763.298748,0,0,205090,765740,8815
1750771763.491293,0,0,212045,805045,8685
1750771763.694427,0,0,229245,866770,9095
1750771763.89626,0,0,217345,775880,8565
1750771764.099845,0,0,219965,779740,8850
1750771764.29858,0,0,199125,735630,9220
1750771764.498802,0,0,202200,771485,9040
1750771764.701027,0,0,219150,817000,8690
1750771764.902654,0,0,194740,693180,8705
1750771765.104033,0,0,199075,714640,8735
1750771765.306491,0,0,193200,721090,8780
1750771765.503963,0,0,202580,769525,8775
1750771765.703429,0,0,191865,722400,8805
1750771765.906745,0,0,193540,695040,8660
1750771766.111058,0,0,232205,827710,8905
1750771766.310388,0,0,227210,832375,8625
1750771766.513209,0,0,224450,855075,8980
1750771766.709276,0,0,207630,776125,8810
1750771766.911646,0,0,233030,834950,8840
1750771767.112638,0,0,216980,778610,8655
1750771767.313596,0,0,217840,790455,9485
1750771767.519618,0,0,214195,815310,9185
1750771767.721094,0,0,225245,843960,8230
1750771767.920113,0,0,226430,816065,8495
1750771768.122661,0,0,246465,880465,8925
1750771768.319943,0,0,213435,791205,8835
1750771768.522568,0,0,218675,841485,9280
1750771768.72801,0,0,208585,796895,8610
1750771768.927317,0,0,234805,844785,8300
1750771769.128065,0,0,228500,821895,8585
1750771769.32856,0,0,235605,870280,9065
1750771769.535008,0,0,229730,874715,8660
1750771769.735472,0,0,228555,860585,8590
1750771769.931947,0,0,219875,797270,8630
1750771770.142384,0,0,218710,787710,8895
1750771770.34185,0,0,227425,848695,9920
1750771770.540319,0,0,182700,694805,9280
1750771770.740825,0,0,168600,639940,9360
1750771770.943281,0,0,211130,770980,10450
1750771771.140584,0,0,167950,618640,8560
1750771771.54202,0,0,221270,864465,10755
1750771771.740785,0,0,203705,763690,9790
1750771771.942543,0,0,221510,800060,9125
1750771771.942543,0,0,221510,800060,9125
1750771772.343985,0,0,207010,791900,8415
1750771772.550834,0,0,216180,833775,9025
1750771772.749063,0,0,228580,845855,9150
1750771772.947747,0,0,210735,766110,8955
1750771773.146298,0,0,207750,769665,9000
1750771773.348989,0,0,216140,813400,9150
1750771773.551393,0,0,194090,742825,8905
1750771773.751384,0,0,210605,776150,8885
1750771773.95586,0,0,199900,733845,9005
1750771774.151166,0,0,199795,745115,8295
1750771774.349534,0,0,177005,675020,8930
1750771774.552635,0,0,178750,700630,8630
1750771774.75396,0,0,190510,727130,9120
1750771774.955604,0,0,198735,726170,9235
1750771775.160758,0,0,204300,772855,8645
1750771775.359581,0,0,200040,766610,9310
1750771775.557853,0,0,196665,752030,9425
1750771775.761912,0,0,208985,787450,9045
1750771775.963221,0,0,226700,828250,8955
1750771776.163915,0,0,234670,879610,8665
1750771776.370814,0,0,231010,886135,8870
1750771776.568058,0,0,230860,864760,8875
1750771776.766108,0,0,231490,847570,8830
1750771776.970199,0,0,233860,823570,9550
1750771777.168457,0,0,226735,810935,9015
1750771777.368787,0,0,210940,798375,9075
1750771777.570949,0,0,208325,791405,8825
1750771777.770932,0,0,207710,767960,8900
1750771777.971228,0,0,228855,821910,8835
1750771778.170718,0,0,223975,821955,8750
1750771778.37406,0,0,210470,797600,9090
1750771778.573538,0,0,196715,769795,8835
1750771778.77556,0,0,197170,736520,8445
1750771778.982198,0,0,226375,818835,8855
1750771779.177227,0,0,226640,819855,8800
1750771779.380444,0,0,230460,861845,9110
1750771779.579712,0,0,216990,820235,8845
1750771779.780717,0,0,214535,802910,8945
1750771779.982943,0,0,220350,794165,8800
1750771780.185443,0,0,221055,816160,8855
1750771780.383933,0,0,211705,791705,8830
1750771780.584081,0,0,209815,790485,8870
1750771780.787474,0,0,219110,804480,8950
1750771780.988117,0,0,224185,793825,8995
1750771781.192051,0,0,238870,873760,9085
1750771781.392852,0,0,233930,883870,8830
1750771781.592701,0,0,231230,881740,8745
1750771781.791546,0,0,234155,851955,9160
1750771781.993504,0,0,218575,789015,8960
1750771782.194219,0,0,221595,804025,8765
1750771782.392255,0,0,196265,731285,9045
1750771782.598469,0,0,204240,766720,9305
1750771782.795953,0,0,206010,756060,8970
1750771782.999476,0,0,222300,795535,9170
1750771783.197946,0,0,233620,842060,9135
1750771783.400959,0,0,231915,854275,9075
1750771783.600827,0,0,220825,825475,8995
1750771783.802884,0,0,227410,833095,8935
1750771784.00612,0,0,243115,853660,8950
1750771784.204744,0,0,240130,866170,9265
1750771784.403877,0,0,193075,724270,8795
1750771784.604102,0,0,189315,713885,8800
1750771784.805151,0,0,199050,735375,8940
1750771785.012665,0,0,220705,773835,9095
1750771785.208114,0,0,216515,775865,8795
1750771785.408974,0,0,216815,813155,8715
1750771785.612354,0,0,225280,853675,8935
1750771785.815589,0,0,226410,835640,9235
1750771786.019051,0,0,222225,795790,8990
1750771786.22247,0,0,214570,775180,9580
1750771786.424165,0,0,201650,769540,9070
1750771786.620301,0,0,225390,846765,8970
1750771786.827412,0,0,226205,839365,8790
1750771787.029088,0,0,224395,813370,8920
1750771787.229946,0,0,226675,845285,9165
1750771787.430785,0,0,238075,907030,8585
1750771787.624493,0,0,208270,796490,8715
1750771787.832392,0,0,236430,881220,8985
1750771788.22523,0,0,203890,749300,9240
1750771788.428119,0,0,188225,715765,8620
1750771788.628117,0,0,200120,758130,9100
1750771788.833547,0,0,220305,815830,8705
1750771789.030186,0,0,211965,767615,8680
1750771789.231289,0,0,214100,786270,8795
1750771789.43084,0,0,193455,733675,8855
1750771789.631495,0,0,188675,722625,8695
1750771789.835925,0,0,214445,789740,8675
1750771790.046214,0,0,272835,981045,9280
1750771790.235906,0,0,208300,758800,7630
1750771790.436752,0,0,230875,878130,9020
1750771790.641056,0,0,230525,876905,9970
1750771790.840343,0,0,224980,837145,10380
1750771791.044083,0,0,215860,793160,10600
1750771791.242551,0,0,190760,715295,9020
1750771791.445014,0,0,190280,722925,8635
1750771791.646837,0,0,217285,812595,8805
1750771791.847185,0,0,235015,855700,8860
1750771792.048941,0,0,225620,815885,8870
1750771792.250082,0,0,218715,812030,9175
1750771792.450223,0,0,200635,748395,9095
1750771792.654215,0,0,180740,672590,8850
1750771792.854788,0,0,204745,742915,8620
1750771793.052622,0,0,218435,781740,8995
1750771793.253379,0,0,220025,812825,8915
1750771793.457503,0,0,214365,809525,8650
1750771793.657003,0,0,226610,837320,9195
1750771793.861226,0,0,243365,864255,8560
1750771794.059965,0,0,255520,910200,8885
1750771794.259394,0,0,243455,894170,8690
1750771794.461245,0,0,236905,887100,8780
1750771794.691918,0,0,254225,941370,9140
1750771794.861867,0,0,251615,907900,8940
1750771795.065234,0,0,226185,820800,8925
1750771795.267805,0,0,201965,760445,8630
1750771795.466092,0,0,194430,739630,8690
1750771795.665843,0,0,206370,770640,8785
1750771795.868049,0,0,205810,742950,8750
1750771796.069119,0,0,194485,697545,8900
1750771796.270645,0,0,196515,733300,9245
1750771796.471082,0,0,214255,811610,9135
1750771796.669613,0,0,203905,771740,8920
1750771796.874066,0,0,210950,771505,8265
1750771797.071538,0,0,208430,769170,8815
1750771797.273996,0,0,206290,765315,8660
1750771797.47464,0,0,214135,814225,8485
1750771797.676423,0,0,239415,891450,8680
1750771797.877177,0,0,245310,876670,8960
1750771798.078084,0,0,241885,868895,9090
1750771798.282906,0,0,238385,869360,9050
1750771798.480362,0,0,227935,849010,8485
1750771798.680624,0,0,222625,833615,8890
1750771798.882978,0,0,205590,742890,8415
1750771799.0819,0,0,203015,734700,8725
1750771799.28412,0,0,211225,778515,8975
1750771799.483815,0,0,190640,712505,8855
1750771799.687746,0,0,222810,823025,9455
1750771799.889116,0,0,217100,769085,9455
1750771800.089805,0,0,203120,719900,8660
1750771800.291049,0,0,214200,784595,9145
1750771800.490184,0,0,201025,747995,8490
1750771800.695634,0,0,189820,705285,8895
1750771800.89058,0,0,205680,736855,8825
1750771801.09429,0,0,195335,697985,9455
1750771801.295536,0,0,181330,670505,9120
1750771801.494004,0,0,160625,602805,8960
1750771801.695466,0,0,167710,627895,8770
1750771801.893934,0,0,168785,611995,9450
1750771802.095396,0,0,176705,649470,8950
1750771802.296887,0,0,183890,686100,8800
1750771802.502307,0,0,198930,753330,8935
1750771802.703768,0,0,199820,742485,9055
1750771802.904748,0,0,218255,783225,8920
1750771803.10526,0,0,241765,857240,9180
1750771803.308833,0,0,228355,841435,8875
1750771803.504941,0,0,193595,734850,8765
1750771803.709617,0,0,209540,800565,8905
1750771803.907531,0,0,198745,720865,8995
1750771804.107999,0,0,223260,799625,9040
1750771804.310467,0,0,221015,819845,8900
1750771804.511928,0,0,202930,771395,9010
1750771804.715385,0,0,192600,717280,8885
1750771804.919983,0,0,211845,750160,9035
1750771805.117126,0,0,215630,753985,8805
1750771805.316159,0,0,201490,743135,9195
1750771805.520008,0,0,180010,677370,9105
1750771805.719867,0,0,176850,662085,9105
1750771805.922819,0,0,170230,615675,8630
1750771806.125404,0,0,177390,640925,8815
1750771806.332002,0,0,189535,705425,9045
1750771806.534028,0,0,202475,764750,9345
1750771806.732112,0,0,187375,698070,8105
1750771806.935604,0,0,209095,757025,9225
1750771807.139061,0,0,235760,846160,10270
1750771807.348151,0,0,249380,931900,12370
1750771807.555043,0,0,201305,768770,8345
1750771807.751173,0,0,211480,781605,8705
1750771807.946931,0,0,204355,736675,9095
1750771808.153926,0,0,206920,747955,8785
1750771808.35349,0,0,216110,815605,9435
1750771808.558002,0,0,201595,766210,8770
1750771808.758208,0,0,207390,767550,9630
1750771808.962438,0,0,233145,826300,8760
1750771809.160756,0,0,236255,858265,8745
1750771809.556024,0,0,171095,653905,5205
1750771809.756696,0,0,189505,700765,7585
1750771809.960103,0,0,219660,782780,8570
1750771809.960103,0,0,219660,782780,8570
1750771810.361734,0,0,212865,804210,8700
1750771810.561876,0,0,224795,849195,8980
1750771810.763092,0,0,226300,834010,9130
1750771810.964266,0,0,185685,663460,8730
1750771811.167094,0,0,199630,726310,9430
1750771811.37115,0,0,230170,862520,8730
1750771811.569356,0,0,227905,855720,8570
1750771811.770861,0,0,222255,811855,8885
1750771811.970176,0,0,208760,740560,8800
1750771812.171813,0,0,181355,658105,8580
1750771812.370932,0,0,184385,694295,9335
1750771812.573999,0,0,189600,712280,8890
1750771812.776153,0,0,176565,654895,8580
1750771812.978129,0,0,198845,716515,8940
1750771813.175993,0,0,177310,643925,8970
1750771813.376184,0,0,167950,633405,9170
1750771813.579677,0,0,174890,662195,8495
1750771813.778295,0,0,166895,620300,9180
1750771813.981272,0,0,192200,693005,8960
1750771814.182977,0,0,215170,775435,8725
1750771814.381874,0,0,190170,716505,8400
1750771814.583372,0,0,188315,710070,8695
1750771814.787517,0,0,210505,789380,9280
1750771814.9865,0,0,217200,784395,8805
1750771815.194382,0,0,222740,804435,9055
1750771815.39012,0,0,221375,832420,8265
1750771815.592733,0,0,204180,772985,8635
1750771815.792458,0,0,227150,830675,4230
1750771815.994476,0,0,230640,811635,6870
1750771816.19472,0,0,224410,810190,9010
1750771816.396072,0,0,221565,818895,5610
1750771816.604708,0,0,217105,829020,9170
1750771816.799357,0,0,236100,874870,8895
1750771817.000738,0,0,228935,825280,9075
1750771817.198656,0,0,215580,784595,8380
1750771817.402593,0,0,230760,861085,8960
1750771817.605401,0,0,217975,824720,9525
1750771817.807079,0,0,233070,854465,8960
1750771818.004114,0,0,210295,742165,8740
1750771818.210107,0,0,238305,863765,9190
1750771818.410547,0,0,226535,849320,5885
1750771818.608666,0,0,223975,835355,2115
1750771818.810505,0,0,228795,839470,8550
1750771819.017267,0,0,232275,830870,8755
1750771819.214562,0,0,215840,773310,8950
1750771819.410472,0,0,207070,765325,9100
1750771819.615597,0,0,204530,766945,8790
1750771819.81474,0,0,199905,736650,9265
1750771820.03766,0,0,208695,745070,8665
1750771820.232651,0,0,197850,708680,9160
1750771820.416664,0,0,179575,678000,8305
1750771820.615639,0,0,198815,740230,8625
1750771820.815744,0,0,198115,736550,8695
1750771821.02011,0,0,222150,797125,8960
1750771821.22202,0,0,218815,789620,9345
1750771821.433706,0,0,220905,831130,8795
1750771821.640769,0,0,227175,854510,8665
1750771821.826901,0,0,225365,821130,8795
1750771822.028744,0,0,234050,842905,8475
1750771822.227972,0,0,216410,780275,8795
1750771822.432651,0,0,199065,737835,8925
1750771822.633078,0,0,200445,755970,9090
1750771822.834062,0,0,197580,722125,8280
1750771823.055163,0,0,209980,746990,9150
1750771823.244655,0,0,217400,784855,9375
1750771823.44167,0,0,224845,845960,10315
1750771823.659088,0,0,288715,1084170,11415
1750771823.857294,0,0,230235,831575,8860
1750771824.057977,0,0,225625,805590,8705
1750771824.263427,0,0,213125,780385,8890
1750771824.460479,0,0,194670,731435,9265
1750771824.660767,0,0,210725,784390,9135
1750771824.861937,0,0,217930,781905,8720
1750771825.063628,0,0,239900,860040,8855
1750771825.265078,0,0,239935,870870,8450
1750771825.472678,0,0,224155,842695,8740
1750771825.671312,0,0,240135,893560,8930
1750771825.870708,0,0,247540,879680,8640
1750771826.075231,0,0,243715,859700,9070
1750771826.273084,0,0,237780,862960,8675
1750771826.474075,0,0,223300,823415,8580
1750771826.703969,0,0,205560,769410,8985
1750771826.877596,0,0,222660,798935,8485
1750771827.08029,0,0,231140,814175,8745
1750771827.280082,0,0,215190,788015,9040
1750771827.478219,0,0,186800,708570,9250
1750771827.680106,0,0,205795,766470,8615
1750771827.888772,0,0,215330,779990,8930
1750771828.083455,0,0,222140,797020,8455
1750771828.284961,0,0,220585,806460,8570
1750771828.483025,0,0,211850,793505,8735
1750771828.685483,0,0,224355,829015,9305
1750771828.888949,0,0,216000,768065,9115
1750771829.088912,0,0,240880,855460,9380
1750771829.290971,0,0,223790,816730,9240
1750771829.493327,0,0,214935,811230,8835
1750771829.695509,0,0,203320,761470,9325
1750771829.894845,0,0,222330,789960,8565
1750771830.097482,0,0,233475,825670,9060
1750771830.301149,0,0,202815,751765,9080
1750771830.508059,0,0,217410,828800,9085
1750771830.715263,0,0,224730,833690,8560
1750771830.911537,0,0,214140,770225,8815
1750771831.114909,0,0,215010,763100,8915
1750771831.310548,0,0,206460,749005,8810
1750771831.51045,0,0,212190,794665,8465
1750771831.720633,0,0,213285,792825,8595
1750771831.918216,0,0,212960,757635,8440
1750771832.33221,0,0,207825,757185,9720
1750771832.33221,0,0,207825,757185,9720
1750771832.782054,0,0,333820,1228400,12730
1750771832.782054,0,0,333820,1228400,12730
1750771832.963591,0,0,233940,835215,8895
1750771833.152949,0,0,205445,744005,8675
1750771833.356815,0,0,218935,821805,9020
1750771833.560058,0,0,214380,802625,8765
1750771833.7593,0,0,220245,806535,8835
1750771833.958425,0,0,220320,781050,9030
1750771834.15942,0,0,216110,781235,8750
1750771834.362493,0,0,200785,756530,8805
1750771834.56546,0,0,164440,616485,8685
1750771834.776406,0,0,207295,760250,9030
1750771834.976862,0,0,228560,815745,8530
1750771835.178322,0,0,218525,793125,8590
1750771835.379783,0,0,210310,788505,8510
1750771835.577787,0,0,190640,719130,8990
1750771835.781196,0,0,213950,779620,8835
1750771835.987583,0,0,234190,830785,8770
1750771836.191953,0,0,225350,811120,8985
1750771836.389822,0,0,207915,785440,9050
1750771836.594463,0,0,210600,792000,9025
1750771836.794961,0,0,225735,833080,8780
1750771836.995158,0,0,215635,773450,8400
1750771837.198062,0,0,206460,753065,9055
1750771837.394735,0,0,202785,757660,8745
1750771837.597091,0,0,200825,756285,9010
1750771837.996417,0,0,203855,721505,9395
1750771837.996417,0,0,203855,721505,9395
1750771838.201374,0,0,207005,752255,8090
1750771838.398756,0,0,186225,697205,8885
1750771838.800976,0,0,197470,719670,9005
1750771839.033225,0,0,201760,712535,8775
1750771839.033225,0,0,201760,712535,8775
1750771839.23269,0,0,150030,535150,6660
1750771839.446121,0,0,170410,640150,6730
1750771839.63661,0,0,197035,747670,9115
1750771839.841294,0,0,217310,790405,8835
1750771840.046745,0,0,229510,805775,8940
1750771840.242738,0,0,239135,857950,8640
1750771840.447747,0,0,227910,855410,8870
1750771840.653705,0,0,220675,832100,9285
1750771840.844194,0,0,225440,816690,9475
1750771841.042226,0,0,244765,866675,9655
1750771841.247009,0,0,250900,916130,9415
1750771841.649017,0,0,259210,978650,11150
1750771841.853927,0,0,247380,895440,9025
1750771842.04533,0,0,228585,810330,8385
1750771842.251285,0,0,227160,841740,8535
1750771842.452104,0,0,209710,789345,8885
1750771842.658797,0,0,214290,791245,8555
1750771842.855183,0,0,213890,761325,8735
1750771843.052104,0,0,222755,786520,8505
1750771843.252631,0,0,203075,744000,9205
1750771843.456972,0,0,190930,717425,8565
1750771843.655577,0,0,208475,780985,8640
1750771843.857373,0,0,226075,809180,8965
1750771844.060948,0,0,227410,818145,8510
1750771844.268392,0,0,207445,763060,8530
1750771844.464381,0,0,220810,838805,8595
1750771844.697271,0,0,232750,860760,9140
1750771844.874795,0,0,238425,851360,8555
1750771845.066407,0,0,237555,838760,8500
1750771845.270602,0,0,215620,788240,9000
1750771845.471276,0,0,230170,867955,8830
1750771845.671171,0,0,241105,886370,9000
1750771845.86948,0,0,219460,784820,8575
1750771846.067103,0,0,204330,725115,8385
1750771846.279056,0,0,210290,779815,8610
1750771846.47318,0,0,196405,741830,8820
1750771846.674917,0,0,211295,784535,9035
1750771846.869927,0,0,216785,771240,8840
1750771847.086952,0,0,214265,767080,9375
1750771847.27445,0,0,222250,828290,9060
1750771847.475853,0,0,226400,861340,8760
1750771847.676555,0,0,228500,870985,8700
1750771847.880716,0,0,240385,879110,8365
1750771848.078146,0,0,244340,862140,8470
1750771848.279778,0,0,219995,805515,8875
1750771848.48516,0,0,202345,770655,9110
1750771848.685892,0,0,195705,719405,8570
1750771848.888228,0,0,202700,722860,9195
1750771849.084297,0,0,201420,719805,9225
1750771849.285358,0,0,193125,712065,8655
1750771849.485888,0,0,186950,712540,8820
1750771849.688681,0,0,203085,761010,8785
1750771849.88751,0,0,219105,796470,8970
1750771850.096038,0,0,228085,818990,8835
1750771850.295346,0,0,218215,803395,9085
1750771850.494033,0,0,194320,733175,9105
1750771850.705945,0,0,179580,669330,8965
1750771850.909051,0,0,221215,791890,8980
1750771851.108138,0,0,216760,777595,9280
1750771851.319211,0,0,218395,805795,8965
1750771851.510551,0,0,226580,852445,8250
1750771851.716865,0,0,223055,823585,8650
1750771851.914426,0,0,231265,828845,8715
1750771852.1109,0,0,228245,809890,9165
1750771852.311398,0,0,207035,762785,9215
1750771852.514878,0,0,186540,704075,8470
1750771852.713346,0,0,216435,805475,8780
1750771852.914809,0,0,215745,770730,9165
1750771853.126351,0,0,213075,754675,8825
1750771853.317839,0,0,216235,792055,8875
1750771853.524287,0,0,204990,765690,8970
1750771853.72176,0,0,204265,749655,8505
1750771853.922727,0,0,209385,743510,8920
1750771854.12718,0,0,216555,773000,8545
1750771854.334012,0,0,196870,719055,8375
1750771854.53647,0,0,191570,726450,9355
1750771854.731498,0,0,217550,809830,8845
1750771854.933271,0,0,226780,820475,8655
1750771855.129445,0,0,234365,837525,8620
1750771855.332446,0,0,216900,804050,9130
1750771855.534763,0,0,213885,806735,8845
1750771855.740845,0,0,223515,843260,8810
1750771855.9443,0,0,223120,804590,9135
1750771856.137782,0,0,226995,812075,8845
1750771856.34423,0,0,208225,769995,9420
1750771856.544703,0,0,221925,841790,9410
1750771856.741399,0,0,225060,836730,9490
1750771856.950839,0,0,257325,925705,10020
1750771857.148561,0,0,255780,929900,9825
1750771857.363983,0,0,218870,828425,9230
1750771857.545998,0,0,204595,777900,8840
1750771857.755675,0,0,212180,766855,8610
1750771857.951657,0,0,228285,814325,8995
1750771858.155716,0,0,205160,750595,9130
1750771858.350199,0,0,185885,706785,8875
1750771858.567615,0,0,200405,753985,9270
1750771858.766084,0,0,203615,740485,8495
1750771858.964609,0,0,208100,750945,8920
1750771859.216585,0,0,201020,724755,8975
1750771859.360894,0,0,190125,713370,8505
1750771859.565536,0,0,201615,757635,8715
1750771859.772982,0,0,210730,774290,9390
1750771859.979936,0,0,210325,747555,8855
1750771860.176409,0,0,198145,722825,8860
1750771860.383863,0,0,193160,732580,9015
1750771860.577346,0,0,209085,797215,9020
1750771860.776812,0,0,219575,807485,9170
1750771860.975281,0,0,218715,791375,8915
1750771861.172753,0,0,190590,701115,9225
1750771861.38612,0,0,202985,762455,8675
1750771861.587688,0,0,211205,797540,9035
1750771861.79257,0,0,222280,813205,8740
1750771861.992425,0,0,234985,846040,8705
1750771862.19345,0,0,214805,784785,8965
1750771862.396416,0,0,218275,821420,8835
1750771862.59611,0,0,214105,812285,9225
1750771862.805055,0,0,234365,856385,8825
1750771863.006254,0,0,247310,887950,8590
1750771863.201922,0,0,237610,855555,8870
1750771863.401344,0,0,223360,842785,8830
1750771863.611205,0,0,211235,789135,8800
1750771863.809774,0,0,228810,828820,8735
1750771864.011006,0,0,235885,840955,9200
1750771864.214774,0,0,229500,827170,8465
1750771864.408738,0,0,209575,785435,8625
1750771864.606614,0,0,194980,727365,8720
1750771865.008114,0,0,212095,751135,8420
1750771865.008114,0,0,212095,751135,8420
1750771865.421421,0,0,187650,699955,7800
1750771865.612035,0,0,145185,534050,6455
1750771865.815143,0,0,217240,773650,9055
1750771866.017691,0,0,211760,747900,8915
1750771866.221054,0,0,203170,732815,8610
1750771866.418179,0,0,140855,534730,6415
1750771866.62305,0,0,194160,722335,8420
1750771866.827896,0,0,207810,763660,8795
1750771867.025628,0,0,196700,708030,8495
1750771867.226938,0,0,197345,717770,9185
1750771867.430854,0,0,214530,801085,8930
1750771867.629365,0,0,205575,775195,8720
1750771867.829379,0,0,205335,753555,9075
1750771868.035579,0,0,194245,697400,8665
1750771868.232381,0,0,201565,738165,8555
1750771868.433729,0,0,204110,765845,9080
1750771868.634192,0,0,212885,800240,8960
1750771868.838779,0,0,219685,787890,8975
1750771869.037791,0,0,224145,787710,8995
1750771869.242404,0,0,222690,799370,9250
1750771869.440129,0,0,205235,765200,9215
1750771869.640312,0,0,226740,848580,9490
1750771869.842902,0,0,242305,861910,10720
1750771870.043865,0,0,247750,878500,9610
1750771870.244099,0,0,213055,784675,8975
1750771870.445022,0,0,221390,840015,9260
1750771870.645334,0,0,203050,771685,9220
1750771870.845917,0,0,212145,765520,8750
1750771871.047121,0,0,215010,771685,8945
1750771871.248011,0,0,195010,734025,8795
1750771871.448332,0,0,211135,799295,9190
1750771871.649628,0,0,199275,744390,8925
1750771871.849912,0,0,206435,754600,8775
1750771872.050926,0,0,210390,764595,8970
1750771872.251828,0,0,192370,724895,8880
1750771872.455982,0,0,215685,830765,8840
1750771872.655956,0,0,220320,833720,9250
1750771872.857763,0,0,226925,813115,9105
1750771873.065955,0,0,206855,741950,8705
1750771873.259,0,0,204195,768830,9080
1750771873.458932,0,0,212305,808515,9260
1750771873.664375,0,0,235640,876525,8935
1750771873.862504,0,0,213530,772615,8880
1750771874.064054,0,0,215990,786275,8750
1750771874.271158,0,0,209075,800515,8800
1750771874.46767,0,0,216350,832685,8720
1750771874.664641,0,0,197865,739115,8845
1750771874.867679,0,0,208480,741905,8970
1750771875.066645,0,0,211470,759835,8960
1750771875.265718,0,0,205170,757175,8690
1750771875.475063,0,0,194750,742225,8850
1750771875.670541,0,0,187995,708580,9275
1750771875.86787,0,0,198070,701225,9015
1750771876.071168,0,0,197020,718245,9035
1750771876.28674,0,0,200745,741865,8745
1750771876.488201,0,0,217300,819840,8930
1750771876.691192,0,0,232235,865745,8975
1750771876.885672,0,0,230270,830680,9105
1750771877.082354,0,0,223785,805550,8740
1750771877.28643,0,0,217780,810485,9190
1750771877.487848,0,0,209380,795730,8980
1750771877.685412,0,0,202875,757905,9030
1750771877.889161,0,0,210455,745470,8965
1750771878.088583,0,0,218090,784085,8840
1750771878.286736,0,0,215690,805500,8885
1750771878.489999,0,0,200675,765215,8840
1750771878.747297,0,0,204480,762235,8630
1750771878.940656,0,0,203090,725835,8905
1750771879.137031,0,0,194530,696150,9020
1750771879.340327,0,0,179380,674965,9065
1750771879.544781,0,0,233730,886750,11675
1750771879.743485,0,0,168070,620220,8095
1750771879.941292,0,0,218160,779005,8930
1750771880.145721,0,0,225065,828370,9845
1750771880.345164,0,0,208305,785435,9890
1750771880.544032,0,0,196130,748650,9040
1750771880.747859,0,0,205115,745935,8915
1750771880.948182,0,0,207520,744270,8180
1750771881.152037,0,0,217290,797795,8845
1750771881.352243,0,0,209030,791610,8530
1750771881.552392,0,0,215795,815950,8790
1750771881.752887,0,0,210685,763640,9010
1750771881.954074,0,0,216435,774265,8630
1750771882.161045,0,0,214705,785025,8825
1750771882.357828,0,0,219145,825420,8885
1750771882.556638,0,0,220975,832615,9085
1750771882.761601,0,0,226760,820365,8780
1750771882.964268,0,0,230235,820540,8825
1750771883.163032,0,0,228545,824005,8895
1750771883.37108,0,0,209765,797060,9110
1750771883.567194,0,0,209565,801910,8765
1750771883.764006,0,0,217535,790735,8890
1750771883.965945,0,0,216075,775140,9345
1750771884.167378,0,0,207000,749230,8660
1750771884.370082,0,0,221475,832825,8375
1750771884.568086,0,0,209915,803445,9340
1750771884.76894,0,0,227750,828495,8885
1750771884.974524,0,0,230525,825870,8740
1750771885.172455,0,0,219540,814665,8790
1750771885.373176,0,0,184490,705715,8880
1750771885.571605,0,0,193295,730805,8805
1750771885.773704,0,0,213430,781230,8975
1750771885.973003,0,0,227270,817400,8780
1750771886.175163,0,0,221040,815475,8325
1750771886.378163,0,0,211840,805575,8975
1750771886.580261,0,0,210125,798210,8825
1750771886.782626,0,0,215320,787310,9000
1750771886.982969,0,0,230760,830500,8795
1750771887.181088,0,0,224955,825865,8780
1750771887.381802,0,0,204600,778450,8900
1750771887.58084,0,0,208815,785475,8725
1750771887.7849,0,0,210420,762300,8775
1750771887.988576,0,0,214120,758435,8940
1750771888.189098,0,0,218465,803735,8495
1750771888.391392,0,0,216770,824290,9315
1750771888.592582,0,0,207490,789800,8800
1750771888.798001,0,0,221875,805470,8885
1750771888.998742,0,0,222105,789165,8970
1750771889.196619,0,0,198260,724715,8705
1750771889.402009,0,0,187050,709265,8920
1750771889.617432,0,0,200935,768930,8555
1750771889.813424,0,0,204275,758165,8600
1750771890.015737,0,0,212970,769450,9530
1750771890.209904,0,0,228195,840345,8895
1750771890.415062,0,0,209785,793910,8550
1750771890.614743,0,0,194010,726305,8900
1750771890.81189,0,0,196370,706710,8920
1750771891.014603,0,0,201390,717825,8775
1750771891.215817,0,0,198795,733115,4075
1750771891.612895,0,0,176540,673500,1070
1750771891.814356,0,0,179135,649780,1290
1750771891.814356,0,0,179135,649780,1290
1750771892.2193,0,0,192530,709810,1050
1750771892.424435,0,0,201910,765495,1175
1750771892.625864,0,0,216555,829085,1040
1750771892.829347,0,0,231560,850275,1135
1750771893.026181,0,0,233415,841765,1025
1750771893.231243,0,0,224735,838695,1090
1750771893.428458,0,0,207995,801210,1195
1750771893.628578,0,0,211835,802290,1190
1750771893.829966,0,0,219720,798690,1215
1750771894.029675,0,0,205820,742530,1165
1750771894.230139,0,0,192340,706145,1215
1750771894.432685,0,0,175650,663920,1090
1750771894.631783,0,0,176495,671005,1150
1750771894.836307,0,0,189045,691745,1075
1750771895.034795,0,0,198340,720520,1135
1750771895.235844,0,0,188710,703725,1115
1750771895.438039,0,0,188965,729320,1095
1750771895.639276,0,0,203725,776065,1085
1750771895.844099,0,0,225195,828350,1135
1750771896.041728,0,0,231955,843065,1180
1750771896.241646,0,0,213655,809620,1260
1750771896.438865,0,0,142620,551995,910
1750771896.644651,0,0,244575,937415,1220
1750771896.846029,0,0,251320,918495,1095
1750771897.045871,0,0,230805,835045,1125
1750771897.247075,0,0,221975,829535,1320
1750771897.445817,0,0,201755,773575,1245
1750771897.651474,0,0,210645,798705,1050
1750771897.849655,0,0,227805,818270,1220
1750771898.052316,0,0,219685,794990,1260
1750771898.252767,0,0,204485,764810,1130
1750771898.453522,0,0,210705,799120,1190
1750771898.655147,0,0,209095,780405,1220
1750771898.85409,0,0,211185,759980,1100
1750771899.056461,0,0,207260,742980,1120
1750771899.255678,0,0,206485,761535,1175
1750771899.457685,0,0,217715,812450,1145
1750771899.659615,0,0,223400,822695,1205
1750771899.8597,0,0,230460,824815,1245
1750771900.061591,0,0,231685,829345,1030
1750771900.262968,0,0,212140,800270,1065
1750771900.463094,0,0,204635,778740,1195
1750771900.666706,0,0,203465,756600,1135
1750771900.865805,0,0,207600,748180,1110
1750771901.063718,0,0,211755,761255,1105
1750771901.267176,0,0,199895,751460,1235
1750771901.469237,0,0,204670,772655,1095
1750771901.670299,0,0,206850,768060,1050
1750771901.871168,0,0,225415,792435,1155
1750771902.074032,0,0,215225,769315,1260
1750771902.271565,0,0,207945,774840,1170
1750771902.473157,0,0,191010,722985,1080
1750771902.675227,0,0,201300,753250,1115
1750771902.876284,0,0,210495,752705,1070
1750771903.083421,0,0,216580,775510,1090
1750771903.283147,0,0,206185,773650,1045
1750771903.480415,0,0,182830,700990,1120
1750771903.68038,0,0,196055,733930,1080
1750771903.881362,0,0,204015,744875,1235
1750771904.083796,0,0,217620,791630,1150
1750771904.287022,0,0,214625,822270,1180
1750771904.487901,0,0,208370,804635,1085
1750771904.685611,0,0,213550,794500,1120
1750771904.886735,0,0,226365,813795,985
1750771905.089041,0,0,204865,750905,1125
1750771905.288006,0,0,210315,800245,1070
1750771905.494659,0,0,207255,788010,990
1750771905.691127,0,0,196010,742605,1060
1750771905.892687,0,0,200395,725770,1205
1750771906.090941,0,0,206140,745305,1145
1750771906.292459,0,0,196075,741050,1320
1750771906.49396,0,0,187180,721700,1275
1750771906.694999,0,0,192530,720910,1020
1750771906.893787,0,0,179720,655575,1055
1750771907.093657,0,0,171465,632350,1175
1750771907.292811,0,0,184570,697965,1175
1750771907.496265,0,0,188875,731210,1140
1750771907.699808,0,0,189905,711830,1040
1750771907.896282,0,0,157315,565900,1205
1750771908.099737,0,0,209485,761570,1215
1750771908.303193,0,0,196970,741540,1165
1750771908.507646,0,0,186240,704920,1160
1750771908.706115,0,0,209295,773565,1095
1750771908.903587,0,0,207285,737980,1170
1750771909.10804,0,0,199320,716420,1180
1750771909.511015,0,0,191585,730315,1170
1750771909.511015,0,0,191585,730315,1170
1750771909.909741,0,0,217540,788785,1000
1750771910.111633,0,0,213940,779980,1105
1750771910.310958,0,0,203115,774775,1145
1750771910.310958,0,0,203115,774775,1145
1750771910.715875,0,0,212040,789775,1200
1750771910.90902,0,0,195435,703735,1145
1750771911.114233,0,0,195525,713455,1175
1750771911.314969,0,0,195540,742815,1320
1750771911.519235,0,0,190155,718310,1075
1750771911.716715,0,0,181905,688950,1165
1750771911.915935,0,0,194175,711275,1015
1750771912.121266,0,0,194150,714910,1095
1750771912.320801,0,0,200190,746200,1280
1750771912.525427,0,0,194570,745190,1145
1750771912.724467,0,0,210770,781200,1205
1750771912.926253,0,0,220250,793275,1180
1750771913.125187,0,0,215805,777495,1110
1750771913.326342,0,0,196705,743055,1145
1750771913.530112,0,0,206220,782860,1025
1750771913.729104,0,0,207710,773805,1205
1750771913.930611,0,0,199305,723810,1185
1750771914.13098,0,0,187225,678110,1155
1750771914.335263,0,0,195000,735500,1180
1750771914.538595,0,0,198070,755820,1160
1750771914.734358,0,0,195880,726865,935
1750771914.935865,0,0,209410,762425,1050
1750771915.138323,0,0,211295,764920,975
1750771915.336531,0,0,192510,725200,1055
1750771915.539073,0,0,205585,780305,1135
1750771915.744738,0,0,239260,889175,1270
1750771915.94429,0,0,254450,911595,1175
1750771916.145228,0,0,259180,939435,1200
1750771916.345265,0,0,243735,933845,1320
1750771916.549318,0,0,223650,842580,1365
1750771916.746803,0,0,219360,797185,1235
1750771916.946661,0,0,207515,737805,1120
1750771917.149298,0,0,187915,698960,1135
1750771917.350313,0,0,188015,714920,1070
1750771917.551077,0,0,199460,766110,1165
1750771917.755303,0,0,205700,746985,1135
1750771917.952333,0,0,206495,743725,1140
1750771918.15402,0,0,199865,736885,1075
1750771918.355763,0,0,199980,752640,1200
1750771918.555025,0,0,201355,760525,1165
1750771918.762108,0,0,230250,839925,1110
1750771918.964688,0,0,236585,839115,1120
1750771919.159898,0,0,227610,838885,1095
1750771919.360533,0,0,214630,811175,1200
1750771919.563223,0,0,213985,802655,1140
1750771919.763392,0,0,221500,800550,1265
1750771919.964317,0,0,218605,791895,1130
1750771920.166724,0,0,225080,837695,1125
1750771920.405407,0,0,217135,827115,1205
1750771920.567971,0,0,194835,735740,1105
1750771920.767338,0,0,193675,698210,1050
1750771920.967958,0,0,188385,678150,1185
1750771921.169272,0,0,178940,666750,1115
1750771921.377246,0,0,193580,738170,1160
1750771921.575207,0,0,193250,744615,1195
1750771921.776018,0,0,212100,773140,1175
1750771921.977473,0,0,226680,800190,1360
1750771922.177886,0,0,202765,745225,910
1750771922.375798,0,0,196935,744090,1110
1750771922.577819,0,0,200325,746855,1105
1750771922.779994,0,0,223670,804800,995
1750771922.97946,0,0,221130,796205,1055
1750771923.182809,0,0,235120,863320,1135
1750771923.383978,0,0,229890,876040,1025
1750771923.583101,0,0,208675,794560,1015
1750771923.78673,0,0,235540,857845,1270
1750771923.985113,0,0,223810,812500,1145
1750771924.185838,0,0,211990,789355,1060
1750771924.385489,0,0,202155,761500,1235
1750771924.586778,0,0,185715,709825,1085
1750771924.789895,0,0,191855,714100,1125
1750771924.995201,0,0,196370,714430,1195
1750771925.191681,0,0,185605,688970,1140
1750771925.391224,0,0,185620,712195,1270
1750771925.592653,0,0,189565,723865,1030
1750771925.798564,0,0,181385,658175,1100
1750771925.999438,0,0,197615,709030,1045
1750771926.207033,0,0,214340,795020,1040
1750771926.401149,0,0,219105,832555,1175
1750771926.609159,0,0,216335,826110,1165
1750771926.806242,0,0,221280,792975,1065
1750771927.010049,0,0,241265,870625,1210
1750771927.207865,0,0,228255,846035,1300
1750771927.407199,0,0,227765,877495,1080
1750771927.805185,0,0,243140,870575,1235
1750771928.006173,0,0,231445,833025,1275
1750771928.20693,0,0,220365,805965,1290
1750771928.20693,0,0,220365,805965,1290
1750771928.610563,0,0,196390,749275,3235
1750771928.813969,0,0,168010,606110,9345
1750771929.007033,0,0,134340,473170,9285
1750771929.211725,0,0,180455,673740,8605
1750771929.412016,0,0,161325,609885,9180
1750771929.612957,0,0,170900,640390,9690
1750771929.815623,0,0,187695,682325,9385
1750771930.018946,0,0,208680,759300,9205
1750771930.218897,0,0,215230,804970,8650
1750771930.42185,0,0,202300,782225,8655
1750771930.621044,0,0,213885,826330,8930
1750771930.82191,0,0,221205,795620,8950
1750771931.023105,0,0,234280,842400,8745
1750771931.227475,0,0,235980,864175,9260
1750771931.433105,0,0,232435,880960,9550
1750771931.631683,0,0,229395,862175,9235
1750771931.832451,0,0,238235,857110,8535
1750771932.033742,0,0,245290,871795,9545
1750771932.232693,0,0,232455,865070,8815
1750771932.433157,0,0,220590,844695,9690
1750771932.632623,0,0,217975,822660,9125
1750771932.833804,0,0,225605,816075,9310
1750771933.034984,0,0,241215,856700,8420
1750771933.237314,0,0,209640,778385,9460
1750771933.437743,0,0,188485,708040,9325
1750771933.64212,0,0,211490,788225,8840
1750771933.839845,0,0,213490,772665,8865
1750771934.040016,0,0,208320,757495,8915
1750771934.243506,0,0,233755,874090,9560
1750771934.451278,0,0,247550,950330,10545
1750771934.6471,0,0,234365,884965,9760
1750771934.848944,0,0,246835,881490,9990
1750771935.049369,0,0,239040,862100,10115
1750771935.248105,0,0,225355,863885,9100
1750771935.447912,0,0,209140,794285,8820
1750771935.650941,0,0,230385,847720,9170
1750771935.850806,0,0,247345,884480,8955
1750771936.052459,0,0,233790,846620,6250
1750771936.261827,0,0,217685,825060,8855
1750771936.457114,0,0,218670,821500,8975
1750771936.654422,0,0,218495,804770,9275
1750771936.856856,0,0,240695,857910,8965
1750771937.057654,0,0,236225,861545,9185
1750771937.259057,0,0,225055,846820,8630
1750771937.460901,0,0,206940,793730,8500
1750771937.664924,0,0,219930,816025,8885
1750771937.863054,0,0,239130,861335,8950
1750771938.061933,0,0,237490,852975,9110
1750771938.262859,0,0,220315,845760,9510
1750771938.466693,0,0,222610,849450,9065
1750771938.663158,0,0,229555,847775,8715
1750771938.866475,0,0,230890,824810,8820
1750771939.066213,0,0,216160,783330,9065
1750771939.268937,0,0,209820,796535,8960
1750771939.470093,0,0,195605,750400,9045
1750771939.670414,0,0,211615,779400,8930
1750771939.871898,0,0,233455,833370,9380
1750771940.072885,0,0,220865,792385,8835
1750771940.270807,0,0,204440,768695,8970
1750771940.471271,0,0,215425,811725,9080
1750771940.673346,0,0,218780,796725,9040
1750771940.873809,0,0,211310,753015,9175
1750771941.072279,0,0,209580,750455,9160
1750771941.278726,0,0,197570,747790,9070
1750771941.475201,0,0,199320,757370,8815
1750771941.674667,0,0,210705,771895,8735
1750771941.877127,0,0,211500,759845,8920
1750771942.082576,0,0,201775,734870,9180
1750771942.28371,0,0,204100,775305,8850
1750771942.486816,0,0,211430,816670,9360
1750771942.684313,0,0,202785,747630,8940
1750771942.888037,0,0,225055,809975,9195
1750771943.085672,0,0,221235,810820,9095
1750771943.286136,0,0,204605,767890,8995
1750771943.49059,0,0,207255,774795,8670
1750771943.69205,0,0,219845,811415,9275
1750771943.896802,0,0,245540,882045,9505
1750771944.10327,0,0,230615,844200,9385
1750771944.297471,0,0,228820,867595,9305
1750771944.498495,0,0,217070,817660,9495
1750771944.704938,0,0,220610,820725,9040
1750771944.911312,0,0,244445,873545,9260
1750771945.113574,0,0,241085,875255,9060
1750771945.308583,0,0,208090,796640,9360
1750771945.5091,0,0,203015,785740,8730
1750771945.714876,0,0,203930,748945,8940
1750771945.91254,0,0,196325,706210,8850
1750771946.117431,0,0,202140,745660,9090
1750771946.509371,0,0,183580,702000,8585
1750771946.509371,0,0,183580,702000,8585
1750771946.715042,0,0,187185,698205,8775
1750771947.113697,0,0,195485,709960,9010
1750771947.314971,0,0,190345,718420,8770
1750771947.314971,0,0,190345,718420,8770
1750771947.7168,0,0,197035,724255,9160
1750771947.915778,0,0,187200,672650,8485
1750771948.122428,0,0,173075,623245,8665
1750771948.322735,0,0,201470,755985,8665
1750771948.52419,0,0,201300,755235,8970
1750771948.725321,0,0,204195,753060,8865
1750771948.924496,0,0,211695,774755,8575
1750771949.125502,0,0,206955,770525,8930
1750771949.326038,0,0,199050,774995,9295
1750771949.528209,0,0,199190,771575,8885
1750771949.728042,0,0,221735,827280,8740
1750771949.931658,0,0,208295,755755,8835
1750771950.131825,0,0,228970,844500,8880
1750771950.333626,0,0,214890,829830,8730
1750771950.537939,0,0,220145,844045,8940
1750771950.731822,0,0,215975,788350,9150
1750771950.938489,0,0,226020,805800,8715
1750771951.135801,0,0,215295,781815,8980
1750771951.380187,0,0,317855,1201260,13400
1750771951.550803,0,0,218440,819750,9105
1750771951.752123,0,0,226460,801020,8750
1750771951.951224,0,0,219400,781220,9165
1750771952.153821,0,0,207915,779245,8480
1750771952.354655,0,0,189665,729960,8365
1750771952.556383,0,0,210780,782575,9045
1750771952.758683,0,0,228505,815405,8925
1750771952.956706,0,0,230550,815640,9105
1750771953.162342,0,0,211835,786040,8835
1750771953.361324,0,0,202160,762520,9435
1750771953.560813,0,0,200755,745080,8595
1750771953.757288,0,0,210065,748380,8905
1750771953.958749,0,0,222590,789575,9305
1750771954.160612,0,0,211570,791005,9055
1750771954.361376,0,0,219580,835585,9355
1750771954.563555,0,0,208765,782750,9040
1750771954.76559,0,0,224050,804840,9185
1750771954.965523,0,0,222715,795575,8715
1750771955.165404,0,0,210785,779370,9175
1750771955.364939,0,0,185460,712200,8805
1750771955.566642,0,0,185415,700470,9505
1750771955.768123,0,0,203750,733130,8945
1750771955.967997,0,0,202875,739470,9630
1750771956.171595,0,0,211745,800615,8495
1750771956.368968,0,0,209275,799335,9170
1750771956.569254,0,0,203935,777690,9090
1750771956.773119,0,0,217625,787605,8860
1750771956.97442,0,0,220370,789280,8745
1750771957.173328,0,0,205510,764660,8865
1750771957.373615,0,0,212165,807255,8810
1750771957.577235,0,0,197930,745955,8705
1750771957.777916,0,0,222460,810310,8995
1750771957.978308,0,0,232105,841450,8800
1750771958.180093,0,0,231920,856980,8830
1750771958.381581,0,0,204200,787070,9285
1750771958.583852,0,0,214030,817230,9275
1750771958.783391,0,0,232735,831350,9045
1750771958.986113,0,0,221550,801395,8980
1750771959.184757,0,0,220715,830205,8680
1750771959.386393,0,0,207535,810375,9090
1750771959.585902,0,0,201215,772820,8690
1750771959.786708,0,0,223765,815865,8900
1750771959.995128,0,0,210885,760475,9520
1750771960.189629,0,0,206800,782735,8565
1750771960.390609,0,0,204730,794400,8805
1750771960.591133,0,0,187275,719775,9255
1750771960.79253,0,0,200780,731880,8860
1750771960.995469,0,0,203275,747745,8950
1750771961.195527,0,0,181975,707290,9205
1750771961.399097,0,0,189415,734675,8815
1750771961.596702,0,0,189920,716330,8825
1750771961.799708,0,0,214890,761670,8625
1750771962.001986,0,0,194755,697575,8600
1750771962.19695,0,0,175910,651435,9010
1750771962.400962,0,0,177145,674420,8770
1750771962.605309,0,0,198165,750450,8895
1750771962.803604,0,0,220545,785750,9025
1750771963.003292,0,0,235785,838790,9010
1750771963.206614,0,0,230805,865120,9185
1750771963.409201,0,0,225780,862090,9240
1750771963.612107,0,0,238080,892605,8865
1750771963.810907,0,0,227955,815740,8525
1750771964.011644,0,0,218930,785620,9540
1750771964.212431,0,0,221925,831305,8830
1750771964.411777,0,0,214885,817845,9030
1750771964.616567,0,0,216445,805760,9105
1750771964.818194,0,0,220825,795935,9015
1750771965.026711,0,0,223675,798600,9035
1750771965.220096,0,0,199690,741935,9120
1750771965.420709,0,0,201665,761265,8720
1750771965.626367,0,0,191935,717345,8870
1750771965.827456,0,0,189645,675385,8840
1750771966.026925,0,0,195560,701935,8970
1750771966.22565,0,0,188195,695060,8450
1750771966.429328,0,0,188715,714365,8915
1750771966.626483,0,0,188400,710635,8660
1750771966.830666,0,0,211355,764655,8560
1750771967.030176,0,0,216750,773695,8885
1750771967.233556,0,0,215485,805110,8870
1750771967.430818,0,0,214220,821050,8950
1750771967.835567,0,0,244605,875410,9080
1750771968.033708,0,0,225530,809370,8710
1750771968.236205,0,0,233720,871525,9090
1750771968.437387,0,0,219090,839955,9160
1750771968.638708,0,0,217915,822185,9045
1750771968.838978,0,0,236480,845380,9105
1750771969.041034,0,0,219155,784330,9375
1750771969.239244,0,0,211320,792440,9100
1750771969.442413,0,0,200840,765795,8705
1750771969.642039,0,0,225660,841105,8825
1750771969.842796,0,0,238220,853020,9565
1750771970.050275,0,0,246535,891990,9630
1750771970.245495,0,0,251805,949390,9685
1750771970.446915,0,0,247110,947505,10120
1750771970.646794,0,0,249210,928895,10020
1750771970.847599,0,0,219245,790605,8545
1750771971.050404,0,0,200275,730920,8480
1750771971.252685,0,0,209355,794485,9020
1750771971.451649,0,0,209535,798480,8535
1750771971.650055,0,0,201735,743510,9185
1750771971.851455,0,0,203555,749365,8895
1750771972.049432,0,0,202405,749950,8845
1750771972.253046,0,0,204655,789175,9190
1750771972.455215,0,0,194990,745290,8620
1750771972.65805,0,0,208005,774450,8875
1750771972.855507,0,0,199530,715560,9210
1750771973.056679,0,0,186220,682955,9615
1750771973.260004,0,0,207880,784580,8715
1750771973.457981,0,0,188250,714580,9170
1750771973.664941,0,0,203330,733590,9515
1750771973.859928,0,0,195310,695295,9095
1750771974.060391,0,0,189930,702295,8705
1750771974.263847,0,0,193220,735235,8760
1750771974.464311,0,0,179940,675740,8965
1750771974.663778,0,0,189530,704515,8725
1750771974.86823,0,0,199985,718235,9155
1750771975.074679,0,0,199285,731160,9230
1750771975.269855,0,0,188355,716430,9060
1750771975.470918,0,0,178645,688165,8905
1750771975.670259,0,0,194775,704645,8885
1750771975.870182,0,0,204580,726375,9335
1750771976.07737,0,0,201235,739735,9160
1750771976.272846,0,0,189210,720760,8795
1750771976.474799,0,0,188395,716675,8775
1750771976.673268,0,0,174650,641075,8940
1750771976.879096,0,0,214905,759515,8920
1750771977.079174,0,0,188235,677595,8655
1750771977.280433,0,0,118170,447145,9050
1750771977.482105,0,0,167750,632840,8705
1750771977.682087,0,0,172110,634680,9265
1750771977.882108,0,0,189635,685740,8950
1750771978.083004,0,0,202325,749250,9010
1750771978.285245,0,0,204815,783045,8395
1750771978.489657,0,0,216870,829535,8890
1750771978.689219,0,0,215795,797925,8975
1750771978.889112,0,0,217995,801875,8980
1750771979.088981,0,0,205055,759355,9090
1750771979.291135,0,0,212870,826325,8720
1750771979.4949,0,0,217770,849510,8310
1750771979.696435,0,0,233975,865505,8700
1750771979.894263,0,0,240235,858265,9070
1750771980.097144,0,0,232470,840220,9050
1750771980.298056,0,0,195370,740120,9105
1750771980.487921,0,0,27935,88810,8670
1750771980.690346,0,0,60870,217355,8930
1750771980.887705,0,0,43275,145930,9395
1750771981.098925,0,0,119845,445415,9105
1750771981.297118,0,0,164430,631500,9060
1750771981.499917,0,0,190180,722005,9035
1750771981.704628,0,0,217785,791965,8645
1750771981.904781,0,0,220410,784900,8780
1750771982.11022,0,0,198395,724160,8510
1750771982.304211,0,0,157145,608755,8955
1750771982.502581,0,0,163515,616150,8715
1750771982.703254,0,0,157605,557930,8275
1750771982.907056,0,0,231390,839640,8865
1750771983.111811,0,0,213310,783315,8855
1750771983.313757,0,0,207610,782345,8760
1750771983.519253,0,0,196385,739940,8880
1750771983.714104,0,0,202250,737205,8830
1750771983.916707,0,0,218695,776415,9140
1750771984.118466,0,0,207680,769475,8645
1750771984.316935,0,0,195705,745595,8830
1750771984.521388,0,0,204705,776110,8670
1750771984.728083,0,0,233140,841355,9090
1750771984.932747,0,0,236355,840375,9315
1750771985.126405,0,0,222155,823015,8895
1750771985.32724,0,0,207855,790370,9100
1750771985.531173,0,0,188270,710475,8945
1750771985.730998,0,0,176610,648525,9375
1750771985.94161,0,0,224700,802535,8995
1750771986.137066,0,0,225310,825670,9235
1750771986.334219,0,0,209370,786895,9215
1750771986.538232,0,0,210105,796240,9585
1750771986.736623,0,0,203715,751000,8945
1750771986.940489,0,0,205380,746970,8850
1750771987.146395,0,0,196445,729310,9000
1750771987.340298,0,0,190950,724715,9250
1750771987.547613,0,0,204840,769420,8460
1750771987.743433,0,0,213900,778535,8740
1750771988.142618,0,0,207195,754030,9200
1750771988.346063,0,0,223455,842340,10400
1750771988.552109,0,0,214890,803725,9000
1750771988.744845,0,0,232370,824295,9695
1750771988.945771,0,0,215700,773745,9880
1750771989.147981,0,0,204920,765045,9065
1750771989.346276,0,0,197820,753425,8730
1750771989.550636,0,0,241895,908915,9645
1750771989.75195,0,0,227425,828980,9345
1750771989.951736,0,0,238010,863720,8910
1750771990.153016,0,0,239555,907320,9280
1750771990.355056,0,0,230045,873175,8655
1750771990.557574,0,0,238750,883130,9675
1750771990.755326,0,0,229730,815920,9030
1750771990.961108,0,0,242180,853335,8975
1750771991.156848,0,0,219320,810925,9060
1750771991.357517,0,0,207425,784755,8995
1750771991.560105,0,0,191945,704975,8930
1750771991.758369,0,0,215785,767925,8855
1750771991.958644,0,0,212245,768630,8610
1750771992.165834,0,0,206710,775880,8745
1750771992.366919,0,0,212645,809840,8825
1750771992.564838,0,0,209990,782340,8845
1750771992.766768,0,0,220905,786145,8885
1750771992.965561,0,0,186845,676895,9510
1750771993.16349,0,0,178795,673725,9050
1750771993.368088,0,0,154685,587400,8785
1750771993.576047,0,0,167640,621820,8765
1750771993.766681,0,0,194450,703300,9325
1750771993.97462,0,0,163055,591860,8870
1750771994.166394,0,0,169530,645040,8870
1750771994.369082,0,0,191375,727760,8855
1750771994.575221,0,0,209290,775890,8615
1750771994.774861,0,0,213925,754710,9165
1750771994.979589,0,0,223980,798870,9075
1750771995.179727,0,0,227030,849045,8740
1750771995.380037,0,0,212905,816350,8820
1750771995.581717,0,0,198280,740340,9050
1750771995.78485,0,0,207660,742800,9505
1750771995.98146,0,0,193070,699640,8835
1750771996.18206,0,0,176130,666825,9390
1750771996.382049,0,0,180640,688900,9250
1750771996.587176,0,0,197530,743815,8785
1750771996.786101,0,0,215935,768440,8800
1750771996.991632,0,0,219130,789895,9370
1750771997.187749,0,0,206680,778640,9090
1750771997.38802,0,0,201640,765375,8945
1750771997.59269,0,0,227075,851185,9015
1750771997.789378,0,0,214870,765990,8625
1750771997.992473,0,0,206555,732365,9365
1750771998.197497,0,0,183205,688830,8600
1750771998.389888,0,0,153100,590425,9190
1750771998.596179,0,0,204800,764065,8940
1750771998.800086,0,0,222660,802690,9030
1750771998.999114,0,0,211905,766375,8750
1750771999.194934,0,0,185925,690640,8990
1750771999.400121,0,0,201405,780080,9235
1750771999.600563,0,0,217780,817315,9130
1750771999.803253,0,0,220350,786515,9065
1750772000.004251,0,0,218070,784820,8740
1750772000.203026,0,0,194375,732995,8615
1750772000.404996,0,0,190545,714775,8525
1750772000.604193,0,0,176815,667890,8255
1750772000.806123,0,0,191005,689530,8705
1750772001.010681,0,0,215565,776785,8825
1750772001.210258,0,0,205000,773355,9290
1750772001.413974,0,0,187970,712050,8905
1750772001.612053,0,0,175275,659480,8980
1750772001.81155,0,0,196235,710050,8785
1750772002.017633,0,0,210185,739945,8610
1750772002.214744,0,0,213600,802720,8840
1750772002.407584,0,0,110605,416395,8620
1750772002.609451,0,0,76310,276605,8660
1750772002.807846,0,0,56675,195115,9535
1750772003.019784,0,0,145605,537500,8725
1750772003.220609,0,0,189975,719670,9120
1750772003.428324,0,0,200210,757250,9275
1750772003.627621,0,0,215895,804830,8740
1750772003.826851,0,0,212020,765180,9210
1750772004.027727,0,0,185300,664985,9440
1750772004.233184,0,0,193100,723710,8720
1750772004.430999,0,0,158250,605035,9110
1750772004.636382,0,0,194140,724430,8805
1750772004.838716,0,0,223975,803590,8660
1750772005.047548,0,0,213930,777625,9005
1750772005.247113,0,0,202425,758000,8770
1750772005.446022,0,0,195850,742990,8830
1750772005.652369,0,0,201220,745545,9510
1750772006.050053,0,0,236535,865000,9720
1750772006.050053,0,0,236535,865000,9720
1750772006.247292,0,0,186365,706145,8420
1750772006.449184,0,0,225090,855350,9290
1750772006.850055,0,0,229790,825520,9210
1750772007.058483,0,0,212040,779450,9065
1750772007.253687,0,0,205615,785335,8995
1750772007.453909,0,0,209285,797825,8825
1750772007.65495,0,0,213540,784330,8840
1750772007.857428,0,0,225495,809680,9050
1750772008.057289,0,0,209220,769845,9190
1750772008.258039,0,0,192390,731215,8690
1750772008.464293,0,0,197705,752670,8980
1750772008.66101,0,0,198915,722710,8825
1750772008.863412,0,0,213880,762480,9440
1750772009.063571,0,0,197235,724430,8780
1750772009.262801,0,0,183480,695890,8030
1750772009.466512,0,0,175605,661940,8650
1750772009.67111,0,0,197860,722995,8980
1750772009.866327,0,0,183880,658315,9535
1750772010.069458,0,0,202330,745100,8845
1750772010.26971,0,0,208105,781720,8890
1750772010.471058,0,0,195535,745145,8835
1750772010.674344,0,0,212665,775840,8980
1750772010.875477,0,0,210235,766940,8625
1750772011.072024,0,0,187915,692645,8680
1750772011.275882,0,0,182480,698360,9020
1750772011.476561,0,0,200840,759060,9295
1750772011.677051,0,0,208460,763680,8740
1750772011.878715,0,0,199980,718660,8735
1750772012.083106,0,0,202775,737975,8760
1750772012.27881,0,0,188555,719650,9330
1750772012.479076,0,0,176880,667145,8935
1750772012.679953,0,0,178500,652040,8890
1750772012.880146,0,0,179135,647975,9245
1750772013.083054,0,0,171630,632870,9095
1750772013.278714,0,0,142980,545650,9350
1750772013.480979,0,0,95135,350595,9325
1750772013.698399,0,0,208345,759450,8780
1750772013.887396,0,0,156430,559735,9490
1750772014.093552,0,0,236650,860590,9095
1750772014.290711,0,0,212135,792550,8790
1750772014.490839,0,0,193450,734305,8230
1750772014.691966,0,0,204795,742805,9295
1750772014.892266,0,0,241960,860440,8860
1750772015.092197,0,0,204600,754495,8865
1750772015.295334,0,0,199660,763200,8795
1750772015.500122,0,0,211275,796975,8915
1750772015.700586,0,0,221825,797790,9235
1750772015.898472,0,0,208830,744650,8950
1750772016.098935,0,0,216005,791950,9205
1750772016.301488,0,0,209565,790365,8625
1750772016.50295,0,0,213435,814355,9055
1750772016.705787,0,0,230935,834890,8535
1750772016.910591,0,0,226900,816850,9085
1750772017.10855,0,0,219000,802335,8740
1750772017.308117,0,0,201705,762105,9075
1750772017.507039,0,0,208095,787695,9075
1750772017.71373,0,0,198625,725575,8710
1750772017.908178,0,0,216975,775425,8770
1750772018.11483,0,0,199380,733310,8830
1750772018.312498,0,0,186620,715995,9385
1750772018.517999,0,0,193480,743285,9060
1750772018.716979,0,0,203210,744530,9155
1750772018.917286,0,0,198755,716980,8560
1750772019.116967,0,0,174210,645175,8975
1750772019.323379,0,0,210260,797100,9190
1750772019.520137,0,0,196245,744390,8880
1750772019.724488,0,0,214955,779660,9020
1750772019.919527,0,0,197295,711955,8895
1750772020.123681,0,0,217790,800310,8905
1750772020.324185,0,0,202020,765100,9455
1750772020.525306,0,0,212835,804210,6885
1750772020.725768,0,0,232010,836710,8715
1750772020.931853,0,0,216575,772100,8805
1750772021.129396,0,0,210780,788565,8595
1750772021.328881,0,0,196205,741530,8705
1750772021.561184,0,0,192925,725855,8595
1750772021.775964,0,0,190060,696075,8645
1750772021.955484,0,0,163030,583165,8975
1750772022.142981,0,0,191565,709005,8970
1750772022.339963,0,0,231310,869765,9570
1750772022.539114,0,0,236500,876280,8935
1750772022.740503,0,0,229775,833010,9115
1750772022.940414,0,0,216330,773780,8600
1750772023.13794,0,0,220135,808550,8775
1750772023.340024,0,0,205580,765280,9405
1750772023.543957,0,0,207230,776775,9175
1750772023.745558,0,0,214775,776080,9085
1750772023.955958,0,0,292380,1040675,13115
1750772024.153537,0,0,222580,832395,10160
1750772024.355309,0,0,204275,773065,9070
1750772024.55505,0,0,211560,791270,8800
1750772024.755265,0,0,211445,753105,8950
1750772024.955608,0,0,203205,738130,8795
1750772025.355738,0,0,169765,647565,9180
1750772025.355738,0,0,169765,647565,9180
1750772025.559532,0,0,153460,574880,9615
1750772025.760735,0,0,180295,642210,8930
1750772026.159943,0,0,188735,709785,8560
1750772026.361973,0,0,195720,745570,8835
1750772026.561609,0,0,194425,727200,8825
1750772026.764696,0,0,189520,684470,9105
1750772026.963625,0,0,158680,575660,9150
1750772027.159964,0,0,127865,474585,8815
1750772027.366722,0,0,210965,805105,9085
1750772027.568126,0,0,215405,811800,9025
1750772027.768278,0,0,231830,831020,9050
1750772027.970541,0,0,224335,801960,9320
1750772028.166976,0,0,221435,825630,8845
1750772028.372142,0,0,212285,797900,8820
1750772028.570543,0,0,221950,806715,8795
1750772028.772867,0,0,222380,783065,9260
1750772028.973031,0,0,200010,719565,9030
1750772029.176715,0,0,183110,690755,9230
1750772029.374717,0,0,181900,688495,9005
1750772029.574433,0,0,181905,679035,8625
1750772029.778303,0,0,188055,664625,8890
1750772029.980563,0,0,204605,734845,9450
1750772030.181085,0,0,192230,728440,9160
1750772030.380444,0,0,180330,692355,8565
1750772030.586786,0,0,194470,725785,8965
1750772030.785968,0,0,197035,706655,8925
1750772030.986997,0,0,200850,720135,8850
1750772031.188013,0,0,195320,734515,9220
1750772031.39236,0,0,204500,775005,8755
1750772031.592061,0,0,218825,810760,9105
1750772031.798064,0,0,218870,794375,8840
1750772031.995053,0,0,223335,828910,9200
1750772032.196829,0,0,225770,852490,9010
1750772032.3943,0,0,203375,771940,8640
1750772032.596295,0,0,210405,780335,9205
1750772032.801158,0,0,236555,834455,8885
1750772032.998178,0,0,198510,722075,8635
1750772033.199672,0,0,229945,869420,8815
1750772033.398588,0,0,228710,868165,8850
1750772033.601346,0,0,222780,812550,8895
1750772033.807169,0,0,221050,788575,9385
1750772034.004641,0,0,206925,745080,9195
1750772034.230414,0,0,212010,792115,9345
1750772034.422937,0,0,209085,791390,9310
1750772034.608968,0,0,221815,811880,8685
1750772034.802696,0,0,210800,744045,8815
1750772035.019618,0,0,198980,716355,8965
1750772035.226132,0,0,176240,662265,8915
1750772035.42511,0,0,197575,749710,8995
1750772035.617594,0,0,204780,746510,9295
1750772035.815571,0,0,239770,837800,8475
1750772036.018401,0,0,233940,837670,8900
1750772036.217063,0,0,225335,849840,9020
1750772036.419956,0,0,208210,783540,9425
1750772036.620037,0,0,202620,738430,9080
1750772036.819221,0,0,204055,726285,8720
1750772037.016135,0,0,171275,622165,9090
1750772037.216702,0,0,149115,557425,8655
1750772037.419909,0,0,138720,523440,9375
1750772037.638929,0,0,137750,512305,9180
1750772037.829434,0,0,165295,594965,9060
1750772038.025589,0,0,187385,686095,9000
1750772038.229046,0,0,187485,704840,9215
1750772038.432937,0,0,190585,730000,9250
1750772038.628967,0,0,188535,704685,8325
1750772038.830992,0,0,194390,695095,8370
1750772039.034804,0,0,207400,752295,8885
1750772039.244115,0,0,210315,788930,8690
1750772039.433507,0,0,202470,770825,8815
1750772039.636977,0,0,218645,811080,8965
1750772039.83864,0,0,229660,819290,8805
1750772040.039258,0,0,228810,811540,8795
1750772040.243018,0,0,211475,790215,8705
1750772040.431523,0,0,44145,150305,7840
1750772040.630868,0,0,62760,224415,9210
1750772040.837776,0,0,123000,439245,9660
1750772041.041034,0,0,228575,814710,8935
1750772041.242984,0,0,202080,760935,8635
1750772041.444111,0,0,199100,747420,9145
1750772041.645816,0,0,206150,758515,9445
1750772041.845877,0,0,233085,833305,9810
1750772042.047337,0,0,223165,810285,10150
1750772042.249478,0,0,214930,817290,9540
1750772042.455147,0,0,198905,746395,9130
1750772042.655703,0,0,179620,646910,9210
1750772042.859498,0,0,209425,745985,8865
1750772043.060555,0,0,186850,687430,8815
1750772043.258425,0,0,170455,642340,8800
1750772043.462599,0,0,193040,722165,9090
1750772043.668039,0,0,198420,716305,8960
1750772043.869469,0,0,205585,728945,8835
1750772044.068012,0,0,203220,739240,8900
1750772044.267335,0,0,178870,669825,9185
1750772044.469101,0,0,193475,720810,9395
1750772044.887429,0,0,218820,777590,9070
1750772044.887429,0,0,218820,777590,9070
1750772045.07792,0,0,216545,808455,8770
1750772045.515739,0,0,211625,797210,9555
1750772045.677291,0,0,227020,817230,9200
1750772045.876343,0,0,209710,757170,8465
1750772046.077807,0,0,214570,791435,8700
1750772046.277255,0,0,183270,688625,8740
1750772046.478126,0,0,181355,686225,9360
1750772046.681359,0,0,201865,730045,8995
1750772046.883107,0,0,206145,740210,8695
1750772047.081787,0,0,177785,653965,8910
1750772047.28299,0,0,182750,688460,8810
1750772047.481943,0,0,200820,760965,8635
1750772047.684402,0,0,190780,695825,8790
1750772047.885862,0,0,211570,769960,8575
1750772048.104794,0,0,209235,769550,8860
1750772048.288303,0,0,186160,704815,8725
1750772048.494703,0,0,208960,788690,9055
1750772048.68932,0,0,203665,739180,9130
1750772048.892913,0,0,210270,763815,9255
1750772049.094738,0,0,197220,736675,8855
1750772049.294958,0,0,195800,734695,9180
1750772049.494898,0,0,192290,722715,8675
1750772049.701385,0,0,227795,818550,8950
1750772049.898382,0,0,228905,811050,8575
1750772050.097578,0,0,219680,800680,9105
1750772050.303099,0,0,210560,788750,8630
1750772050.500954,0,0,211420,796645,9095
1750772050.702693,0,0,209640,759250,8915
1750772050.905108,0,0,219055,775470,9110
1750772051.104404,0,0,206520,756365,8770
1750772051.303466,0,0,176915,661345,9165
1750772051.50624,0,0,185465,700185,9125
1750772051.714118,0,0,180190,648500,8895
1750772051.907025,0,0,129235,456435,8990
1750772052.103747,0,0,92935,341705,9345
1750772052.311446,0,0,190080,718740,9330
1750772052.512685,0,0,206290,782620,9185
1750772052.71329,0,0,202985,730800,8965
1750772052.912062,0,0,186095,664160,8855
1750772053.113477,0,0,157895,585770,9050
1750772053.31638,0,0,155720,587835,9160
1750772053.515974,0,0,178310,674630,8625
1750772053.718537,0,0,202860,729775,8885
1750772053.920625,0,0,191175,689625,9060
1750772054.120785,0,0,197090,728370,9295
1750772054.321481,0,0,190300,721960,8960
1750772054.525803,0,0,203505,771045,8790
1750772054.731069,0,0,227350,820960,8830
1750772054.926283,0,0,227625,812420,9100
1750772055.128413,0,0,223265,819210,9130
1750772055.330078,0,0,195390,740775,9040
1750772055.526423,0,0,209275,787280,8925
1750772055.731627,0,0,228675,815325,8835
1750772055.932875,0,0,229590,811705,9080
1750772056.131688,0,0,218465,794990,8630
1750772056.33124,0,0,204090,763165,8700
1750772056.535031,0,0,201815,746575,9120
1750772056.736377,0,0,213330,760965,9045
1750772056.936447,0,0,225925,796010,8760
1750772057.134423,0,0,202635,743525,8890
1750772057.337619,0,0,200535,753800,9320
1750772057.538767,0,0,214045,799000,8425
1750772057.742618,0,0,206755,740855,8670
1750772057.941857,0,0,215085,767985,8880
1750772058.142047,0,0,214080,786990,9330
1750772058.342335,0,0,190335,715605,9130
1750772058.542296,0,0,205640,771975,8800
1750772058.749154,0,0,232530,825390,9670
1750772058.947072,0,0,229120,821605,10105
1750772059.149903,0,0,228805,853710,9060
1750772059.349534,0,0,239615,908100,10275
1750772059.551471,0,0,242915,893765,10245
1750772059.751199,0,0,230435,816220,9250
1750772059.950837,0,0,216040,779785,9040
1750772060.159288,0,0,215890,810215,8895
1750772060.358244,0,0,230620,874795,8920
1750772060.555635,0,0,236805,868335,9195
1750772060.756205,0,0,243330,869955,9040
1750772060.958818,0,0,236885,866020,8970
1750772061.158385,0,0,217165,831370,9220
1750772061.367816,0,0,212025,799185,9030
1750772061.564404,0,0,217825,801895,9130
1750772061.762061,0,0,213390,752880,9070
1750772061.968558,0,0,214955,781290,9235
1750772062.168532,0,0,186965,708970,8685
1750772062.367908,0,0,173695,657240,9110
1750772062.570578,0,0,166750,620145,8870
1750772062.769805,0,0,195875,695555,8880
1750772062.971569,0,0,182345,662430,9415
1750772063.173859,0,0,170755,648490,9115
1750772063.374033,0,0,175220,674475,9415
1750772063.578029,0,0,194500,712785,9020
1750772063.777969,0,0,197870,694990,9295
1750772063.978547,0,0,202910,741340,8955
1750772064.180323,0,0,198070,744430,8860
1750772064.579837,0,0,199120,723380,9180
1750772064.781201,0,0,202660,722330,8530
1750772064.984673,0,0,218565,783440,9010
1750772065.184739,0,0,200575,756505,9040
1750772065.387761,0,0,220520,829590,9490
1750772065.58651,0,0,220435,800895,8750
1750772065.787427,0,0,227470,793700,8905
1750772065.988344,0,0,222090,803015,8665
1750772066.191334,0,0,205965,777000,8370
1750772066.393343,0,0,206240,770925,8635
1750772066.595353,0,0,216810,793360,8835
1750772066.796207,0,0,230860,821675,9525
1750772066.994677,0,0,218565,787665,9090
1750772067.1963,0,0,213780,801865,8900
1750772067.399226,0,0,208785,791435,8950
1750772067.597059,0,0,215980,787935,9555
1750772067.800469,0,0,203710,720840,8975
1750772067.998175,0,0,202755,738630,8745
1750772068.201819,0,0,200575,764150,9390
1750772068.402103,0,0,175180,668805,8975
1750772068.602465,0,0,168585,612475,9165
1750772068.805186,0,0,179035,646200,9275
1750772069.008443,0,0,195780,717655,9020
1750772069.206735,0,0,199230,753795,8790
1750772069.409984,0,0,199535,752915,8750
1750772069.607777,0,0,184055,674900,8760
1750772069.812328,0,0,206950,734650,9145
1750772070.010096,0,0,193165,698190,8960
1750772070.211096,0,0,188620,716160,8450
1750772070.411602,0,0,193200,737360,8500
1750772070.613908,0,0,197315,729055,8380
1750772070.816623,0,0,217270,780785,9270
1750772071.017963,0,0,208115,756950,9050
1750772071.219875,0,0,192650,724290,8590
1750772071.419141,0,0,197595,743710,8825
1750772071.619084,0,0,203095,744215,8965
1750772071.820887,0,0,218830,778450,8815
1750772072.021477,0,0,204020,742220,8810
1750772072.221598,0,0,209500,786035,9330
1750772072.423356,0,0,208835,791415,8920
1750772072.627651,0,0,228870,832970,8825
1750772072.824836,0,0,226290,806310,9165
1750772073.026466,0,0,211960,781200,9245
1750772073.225513,0,0,205535,781875,8845
1750772073.428237,0,0,187390,723475,9130
1750772073.629137,0,0,190015,703055,9085
1750772073.833276,0,0,192775,685795,8830
1750772074.03168,0,0,180685,666985,8980
1750772074.232929,0,0,175020,661810,9365
1750772074.436251,0,0,187655,715485,8860
1750772074.636279,0,0,205750,756275,9010
1750772074.838003,0,0,205540,735600,9605
1750772075.038906,0,0,219290,800040,8905
1750772075.239777,0,0,214220,818140,8790
1750772075.43916,0,0,206110,780115,8800
1750772075.641593,0,0,210705,768180,9370
1750772075.844003,0,0,225295,806705,9150
1750772076.044591,0,0,218240,798000,8920
1750772076.248169,0,0,214225,811415,8745
1750772076.460601,0,0,209520,805570,8840
1750772076.645905,0,0,246050,892435,9670
1750772076.846641,0,0,206380,739820,8845
1750772077.047614,0,0,222940,829570,10160
1750772077.249809,0,0,213330,811610,9440
1750772077.454318,0,0,236885,883395,10650
1750772077.652596,0,0,227100,810480,9105
1750772077.85239,0,0,209210,745805,9260
1750772078.053917,0,0,205355,768885,9095
1750772078.255364,0,0,213395,811870,9120
1750772078.45483,0,0,221540,832325,8810
1750772078.65629,0,0,218080,778760,8640
1750772078.850771,0,0,188720,679140,8465
1750772079.054226,0,0,197815,738675,8720
1750772079.258861,0,0,185865,710290,9080
1750772079.457665,0,0,184915,693100,8770
1750772079.658156,0,0,209395,748780,8560
1750772079.859231,0,0,204545,737745,9065
1750772080.059361,0,0,192660,720790,9005
1750772080.264369,0,0,189780,731020,9035
1750772080.465206,0,0,200900,759355,8940
1750772080.667909,0,0,223195,803490,8930
1750772080.868702,0,0,229745,832760,9390
1750772081.075041,0,0,217365,815645,9370
1750772081.270662,0,0,213855,818025,9270
1750772081.47111,0,0,214755,798585,8745
1750772081.678481,0,0,239940,848635,8540
1750772081.879033,0,0,230805,815780,8705
1750772082.076455,0,0,212805,790515,8925
1750772082.286357,0,0,217640,821330,8945
1750772082.484791,0,0,221815,824525,9570
1750772082.686975,0,0,226810,815315,8865
1750772082.88764,0,0,218105,785170,8965
1750772083.088782,0,0,210670,795285,9365
1750772083.289157,0,0,199825,766650,8870
1750772083.491522,0,0,212355,797100,8940
1750772083.690234,0,0,222605,801835,9330
1750772083.890351,0,0,209410,762705,8760
1750772084.089651,0,0,199310,746045,9080
1750772084.490035,0,0,203130,745470,8910
1750772084.689678,0,0,206025,733035,9225
1750772084.689678,0,0,206025,733035,9225
1750772085.092333,0,0,174935,650795,8780
1750772085.292961,0,0,175685,660335,8945
1750772085.494896,0,0,206335,769440,8795
1750772085.696803,0,0,207180,739650,9450
1750772085.896444,0,0,206685,740915,9290
1750772086.098702,0,0,170660,636465,8935
1750772086.30007,0,0,153055,587590,8995
1750772086.500146,0,0,169710,626665,8615
1750772086.700014,0,0,188540,672705,8935
1750772086.903456,0,0,196655,708035,9150
1750772087.100788,0,0,176240,657280,8985
1750772087.304547,0,0,178550,669705,9010
1750772087.50357,0,0,179315,673890,8980
1750772087.706037,0,0,198260,696240,8890
1750772087.906864,0,0,197740,706335,9150
1750772088.106937,0,0,178665,671920,9140
1750772088.308128,0,0,171845,654845,9050
1750772088.512538,0,0,190165,703620,8375
1750772088.716248,0,0,212500,752765,8850
1750772088.91388,0,0,209660,750450,9080
1750772089.113428,0,0,191980,722570,8520
1750772089.314741,0,0,194410,730735,8995
1750772089.519116,0,0,197295,738810,9105
1750772089.720566,0,0,213755,764410,8865
1750772089.920864,0,0,206145,747725,8555
1750772090.122442,0,0,209915,791000,8870
1750772090.320705,0,0,206005,787730,8670
1750772090.520784,0,0,205975,762290,8925
1750772090.721919,0,0,219920,783565,9370
1750772090.923809,0,0,225900,807870,9225
1750772091.129149,0,0,198650,744030,9295
1750772091.324961,0,0,195280,729120,9125
1750772091.526023,0,0,211140,780625,8795
1750772091.729269,0,0,215360,765060,9065
1750772091.930665,0,0,231080,822285,8695
1750772092.130248,0,0,217220,810070,8940
1750772092.336183,0,0,209810,794220,9445
1750772092.532355,0,0,217545,820670,8470
1750772092.732317,0,0,225325,801970,8315
1750772092.935475,0,0,228945,824465,8650
1750772093.135091,0,0,220895,823695,8860
1750772093.33807,0,0,211415,810575,8705
1750772093.542556,0,0,214010,798545,8915
1750772093.738076,0,0,215060,770330,9015
1750772093.939007,0,0,206040,738375,9405
1750772094.139701,0,0,204725,771995,9080
1750772094.341945,0,0,198070,751555,9115
1750772094.542962,0,0,210445,790495,8845
1750772094.742221,0,0,193815,696445,8820
1750772094.941961,0,0,207795,751830,8955
1750772095.142743,0,0,188160,714085,9140
1750772095.346112,0,0,192715,742315,9560
1750772095.546123,0,0,203875,750605,9790
1750772095.745898,0,0,204725,740195,9510
1750772095.953719,0,0,242965,890075,10805
1750772096.156904,0,0,210330,802570,9795
1750772096.350647,0,0,192555,722955,8790
1750772096.552106,0,0,218470,796120,8725
1750772096.753024,0,0,221750,785335,8850
1750772096.954262,0,0,214530,782120,9445
1750772097.154258,0,0,208630,789770,8920
1750772097.357022,0,0,215100,808635,8805
1750772097.556593,0,0,213815,772200,9010
1750772097.757888,0,0,227630,811355,8930
1750772097.960295,0,0,223580,824020,8925
1750772098.160008,0,0,213025,811995,9360
1750772098.367209,0,0,214850,810870,8665
1750772098.566743,0,0,227720,818785,8790
1750772098.7641,0,0,235635,845420,9295
1750772098.96388,0,0,225645,826790,8395
1750772099.163966,0,0,204130,778750,9065
1750772099.366322,0,0,216425,814760,8735
1750772099.575007,0,0,218295,791430,8670
1750772099.775433,0,0,218640,783315,9060
1750772099.972191,0,0,206280,758190,9030
1750772100.177044,0,0,196955,752295,8870
1750772100.377298,0,0,209800,785060,8775
1750772100.580093,0,0,220355,795515,8675
1750772100.783872,0,0,221195,794840,9125
1750772100.990993,0,0,225220,827570,8655
1750772101.192587,0,0,194845,745370,8065
1750772101.385567,0,0,181095,674450,8485
1750772101.586172,0,0,209890,763150,9070
1750772101.792421,0,0,206715,735505,9140
1750772101.991982,0,0,180325,654955,9070
1750772102.201802,0,0,169460,638380,8830
1750772102.394065,0,0,187385,708290,8945
1750772102.595432,0,0,200635,733420,8695
1750772102.798276,0,0,206700,748595,8980
1750772103.19711,0,0,186915,717565,8750
1750772103.19711,0,0,186915,717565,8750
1750772103.402365,0,0,198855,756630,8790
1750772103.600524,0,0,202980,741755,8470
1750772103.804543,0,0,203180,722625,8950
1750772104.204769,0,0,191945,728870,9020
1750772104.406844,0,0,194500,731670,9200
1750772104.605415,0,0,199370,714645,9055
1750772104.810539,0,0,196665,708095,9085
1750772105.009206,0,0,195925,719930,9055
1750772105.209509,0,0,200995,760270,9160
1750772105.412958,0,0,197315,741540,8815
1750772105.613387,0,0,224560,805560,9185
1750772105.813239,0,0,199275,715570,8840
1750772106.016094,0,0,211005,779670,8650
1750772106.215027,0,0,189215,718510,9195
1750772106.413433,0,0,183330,684365,9250
1750772106.617147,0,0,191160,703455,8775
1750772106.817022,0,0,201260,709155,8965
1750772107.020656,0,0,196175,717025,8635
1750772107.224124,0,0,180560,689905,8940
1750772107.437553,0,0,183795,693745,8630
1750772107.623057,0,0,206810,746285,9335
1750772107.825629,0,0,189725,682635,8890
1750772108.025095,0,0,186395,688135,9175
1750772108.228063,0,0,178000,680845,8260
1750772108.437503,0,0,179595,686090,8800
1750772108.629498,0,0,190410,692985,8925
1750772108.831956,0,0,203065,716640,8900
1750772109.033933,0,0,191710,707710,8885
1750772109.2334,0,0,204410,772885,9120
1750772109.438851,0,0,210600,804765,9180
1750772109.636322,0,0,204170,739985,9050
1750772109.83878,0,0,207315,739160,8575
1750772110.038912,0,0,210715,784865,8665
1750772110.241013,0,0,208965,802290,8985
1750772110.439419,0,0,197940,748960,8765
1750772110.640523,0,0,202750,738420,8960
1750772110.841496,0,0,214740,773125,9005
1750772111.046325,0,0,214985,798405,9305
1750772111.247267,0,0,201150,778690,9035
1750772111.445976,0,0,202460,770415,8620
1750772111.647937,0,0,230685,835475,9425
1750772111.848777,0,0,248365,885425,9445
1750772112.049571,0,0,232690,871365,10275
1750772112.252858,0,0,216685,814760,9085
1750772112.453448,0,0,227610,855730,10080
1750772112.654908,0,0,256325,918520,10210
1750772112.857162,0,0,232305,837570,8790
1750772113.056955,0,0,229820,849700,8985
1750772113.257042,0,0,218920,820285,8710
1750772113.461493,0,0,222125,828470,9000
1750772113.656427,0,0,213880,770235,8450
1750772113.861024,0,0,217145,779335,9000
1750772114.061106,0,0,207075,786565,8765
1750772114.262104,0,0,200695,763190,8995
1750772114.462712,0,0,206810,778970,8630
1750772114.665431,0,0,215640,773520,8325
1750772114.867032,0,0,216990,780345,8760
1750772115.065878,0,0,207180,797945,8965
1750772115.266106,0,0,204515,776315,8655
1750772115.468001,0,0,199820,752210,9170
1750772115.668582,0,0,213840,766640,9010
1750772115.872429,0,0,205145,751750,9225
1750772116.072611,0,0,208115,788940,9040
1750772116.270148,0,0,193020,727185,9010
1750772116.469925,0,0,168415,634235,8490
1750772116.675205,0,0,209485,745660,9130
1750772116.874566,0,0,196790,715415,9020
1750772117.075952,0,0,181975,694090,8875
1750772117.283087,0,0,178790,685585,8875
1750772117.478466,0,0,176930,666015,8785
1750772117.678556,0,0,187180,680155,8995
1750772117.881755,0,0,192965,707615,8960
1750772118.081397,0,0,184305,708200,9040
1750772118.287212,0,0,186700,715170,8895
1750772118.488147,0,0,183775,685520,8880
1750772118.686721,0,0,194180,694870,9420
1750772118.887005,0,0,207630,749615,8875
1750772119.088143,0,0,188865,717845,8980
1750772119.287778,0,0,183375,694765,9255
1750772119.488083,0,0,178250,671390,8855
1750772119.691265,0,0,183510,659370,8850
1750772119.893098,0,0,191260,691255,9190
1750772120.093495,0,0,186690,709390,9155
1750772120.295351,0,0,183315,710425,8415
1750772120.496367,0,0,179825,679975,9150
1750772120.6947,0,0,185655,676165,9590
1750772120.898386,0,0,194885,715985,9125
1750772121.097055,0,0,188225,719770,8925
1750772121.296918,0,0,188920,725025,9120
1750772121.498935,0,0,184135,693595,9055
1750772121.700441,0,0,196185,715425,9000
1750772121.909227,0,0,210705,772225,9020
1750772122.10904,0,0,205495,789405,8735
1750772122.315083,0,0,197315,763715,8775
1750772122.508981,0,0,202850,781260,9070
1750772122.712074,0,0,217445,798560,9155
1750772122.910744,0,0,213065,781195,8760
1750772123.116849,0,0,215840,804820,9420
1750772123.513951,0,0,203255,756120,8590
1750772123.715505,0,0,225825,801370,9035
1750772123.912994,0,0,202160,729670,9075
1750772123.912994,0,0,202160,729670,9075
1750772124.117054,0,0,206235,780060,9345
1750772124.519113,0,0,203415,766230,8775
1750772124.718824,0,0,200600,718205,9185
1750772124.919182,0,0,199875,718255,8630
1750772125.118958,0,0,182315,682405,9150
1750772125.321008,0,0,186685,713535,9315
1750772125.523071,0,0,189740,705730,9150
1750772125.721725,0,0,196110,705190,8855
1750772125.927826,0,0,194780,700050,9175
1750772126.12497,0,0,192810,718175,9010
1750772126.326585,0,0,195000,743535,8515
1750772126.529113,0,0,205460,759820,9450
1750772126.728114,0,0,217505,771025,8955
1750772126.930717,0,0,211650,763600,9320
1750772127.136608,0,0,200375,756545,9195
1750772127.336263,0,0,201895,765380,9300
1750772127.535686,0,0,215015,799975,8940
1750772127.735024,0,0,209735,744180,8515
1750772127.937772,0,0,225705,811050,9315
1750772128.137569,0,0,206700,775240,8775
1750772128.339223,0,0,196750,747525,8930
1750772128.53922,0,0,208780,767125,9280
1750772128.73915,0,0,202095,720895,8690
1750772128.941874,0,0,195865,706720,9415
1750772129.141456,0,0,196275,738180,8905
1750772129.344606,0,0,202690,766820,8910
1750772129.542323,0,0,193075,709075,9235
1750772129.747612,0,0,184635,664045,9200
1750772129.944736,0,0,196525,706385,9090
1750772130.14572,0,0,182220,682835,8810
1750772130.344336,0,0,184155,691310,9475
1750772130.548206,0,0,192030,711620,10185
1750772130.749565,0,0,210825,759395,10040
1750772130.953129,0,0,212300,786275,9975
1750772131.15174,0,0,202370,777035,9465
1750772131.352994,0,0,202785,754140,9195
1750772131.552938,0,0,209940,758465,8780
1750772131.755594,0,0,210300,757205,9070
1750772131.958577,0,0,221830,821080,8695
1750772132.15906,0,0,214700,820110,8800
1750772132.357695,0,0,201655,762240,8990
1750772132.558569,0,0,204575,747695,8925
1750772132.75891,0,0,205355,742615,8925
1750772132.961517,0,0,193210,721505,8970
1750772133.160035,0,0,180025,695035,9265
1750772133.36444,0,0,178035,668190,9195
1750772133.561758,0,0,197360,712400,9000
1750772133.762187,0,0,192465,686195,9355
1750772133.963951,0,0,181185,667730,8965
1750772134.164781,0,0,198615,745435,9155
1750772134.366038,0,0,204895,774535,8830
1750772134.573318,0,0,216180,780310,8985
1750772134.769704,0,0,200000,726270,8485
1750772134.970823,0,0,209985,797600,8965
1750772135.172743,0,0,203845,779535,9185
1750772135.373318,0,0,219065,823500,9040
1750772135.574923,0,0,209585,768820,8620
1750772135.776984,0,0,203205,743270,9190
1750772135.978906,0,0,207270,786900,8850
1750772136.180105,0,0,203325,775940,8995
1750772136.378098,0,0,199805,753325,8685
1750772136.578089,0,0,203160,740800,9240
1750772136.779629,0,0,182570,652590,9190
1750772136.979175,0,0,185530,695030,9300
1750772137.182738,0,0,188545,711160,8605
1750772137.382103,0,0,182815,694370,8985
1750772137.584137,0,0,188525,677625,8945
1750772137.782451,0,0,200885,721200,8980
1750772137.984249,0,0,192135,717925,8705
1750772138.235451,0,0,183365,702370,9045
1750772138.40001,0,0,190965,727710,9315
1750772138.598976,0,0,202215,738400,9510
1750772138.797188,0,0,210810,757075,8690
1750772138.99922,0,0,206765,769700,8720
1750772139.199245,0,0,199120,768730,9340
1750772139.403102,0,0,192750,744890,8795
1750772139.602781,0,0,200475,729240,8730
1750772139.805239,0,0,216720,785785,9125
1750772140.000716,0,0,204110,771660,8800
1750772140.202456,0,0,203295,774260,9475
1750772140.403934,0,0,204085,778370,8875
1750772140.610382,0,0,216460,791925,8780
1750772140.809848,0,0,228410,822370,8820
1750772141.011275,0,0,221180,820540,8655
1750772141.205744,0,0,204165,780250,8765
1750772141.408202,0,0,211075,801330,9060
1750772141.612165,0,0,208025,756340,8520
1750772141.811174,0,0,201430,726905,8880
1750772142.020026,0,0,190330,704005,9055
1750772142.41599,0,0,190730,722215,8890
1750772142.615852,0,0,195640,716445,9140
1750772142.815497,0,0,196930,715670,8625
1750772143.015961,0,0,182890,694735,8545
1750772143.218625,0,0,195010,759270,8765
1750772143.420771,0,0,184765,701845,8780
1750772143.625185,0,0,202155,730610,8755
1750772143.825883,0,0,213060,764200,8540
1750772144.024356,0,0,215125,798450,9125
1750772144.225778,0,0,202815,763580,8335
1750772144.425969,0,0,195005,734165,8655
1750772144.628263,0,0,215325,771625,8690
1750772144.831107,0,0,229345,823930,8785
1750772145.029924,0,0,224345,831760,9030
1750772145.233088,0,0,204780,786450,8715
1750772145.433817,0,0,211120,792725,9010
1750772145.632037,0,0,218430,790625,8725
1750772145.835423,0,0,208875,750795,8910
1750772146.034976,0,0,189895,714205,8515
1750772146.246022,0,0,189670,723185,8985
1750772146.43621,0,0,183940,693290,8935
1750772146.64397,0,0,190735,678340,9100
1750772146.839338,0,0,210590,756840,9145
1750772147.043977,0,0,189220,698835,9185
1750772147.240345,0,0,189500,725130,9055
1750772147.441208,0,0,198080,749880,8930
1750772147.689575,0,0,217210,783180,8780
1750772147.887048,0,0,320850,1166955,12725
1750772148.077762,0,0,216325,823670,9150
1750772148.275184,0,0,202630,776540,9090
1750772148.483651,0,0,200885,740125,9120
1750772148.699292,0,0,192315,683370,9255
1750772148.879857,0,0,196170,712415,8945
1750772149.080876,0,0,194745,738665,8725
1750772149.281706,0,0,187325,718010,9125
1750772149.481043,0,0,192060,715200,8430
1750772149.691311,0,0,196255,710465,8970
1750772149.884249,0,0,211240,767290,9110
1750772150.087572,0,0,211945,798525,9155
1750772150.323284,0,0,212325,799745,8785
1750772150.525253,0,0,212975,773980,8685
1750772150.697011,0,0,191335,676200,7565
1750772150.887037,0,0,196300,705380,9090
1750772151.097487,0,0,196005,729040,8480
1750772151.288508,0,0,175410,660310,9245
1750772151.492304,0,0,197120,725105,8840
1750772151.693728,0,0,203785,734330,8935
1750772151.895703,0,0,218545,796875,8510
1750772152.095827,0,0,193180,739585,8755
1750772152.300219,0,0,193365,737235,9075
1750772152.501289,0,0,219680,810980,8645
1750772152.708733,0,0,228340,815000,9490
1750772152.900221,0,0,235615,854665,9295
1750772153.102331,0,0,227075,851575,8625
1750772153.304498,0,0,221870,841975,8670
1750772153.504659,0,0,227750,841200,9100
1750772153.704125,0,0,239395,847915,9185
1750772153.908477,0,0,226300,819870,9125
1750772154.105367,0,0,219890,835675,8955
1750772154.305976,0,0,215170,812450,8610
1750772154.509333,0,0,210410,776080,9150
1750772154.709013,0,0,212920,764060,8815
1750772154.914336,0,0,222240,794355,9180
1750772155.112168,0,0,207475,792355,8725
1750772155.313889,0,0,199515,767580,8865
1750772155.515369,0,0,202455,749225,8905
1750772155.717798,0,0,205700,735335,8475
1750772155.91606,0,0,198645,718915,9200
1750772156.122045,0,0,198595,744015,8750
1750772156.335828,0,0,193465,736070,8910
1750772156.530356,0,0,168965,618960,7845
1750772156.732309,0,0,164055,589295,7980
1750772156.937758,0,0,204395,743420,9080
1750772157.134278,0,0,200140,767530,8905
1750772157.336361,0,0,195720,742565,8770
1750772157.533941,0,0,195660,722175,8925
1750772157.756046,0,0,216955,767985,8850
1750772157.9472,0,0,212070,767810,8995
1750772158.13782,0,0,205340,774370,8550
1750772158.344969,0,0,198110,761105,8750
1750772158.542911,0,0,203195,762855,9295
1750772158.747046,0,0,208900,758565,9105
1750772158.948529,0,0,217215,799095,8850
1750772159.143102,0,0,197905,744995,9075
1750772159.344494,0,0,203890,773600,8925
1750772159.546372,0,0,215850,790190,9280
1750772159.75205,0,0,216240,778375,9015
1750772159.952194,0,0,201730,735425,8670
1750772160.148823,0,0,202565,771865,8910
1750772160.347848,0,0,224360,857880,9950
1750772160.54992,0,0,224025,824050,9670
1750772160.753197,0,0,232835,833410,9345
1750772160.95904,0,0,256370,953570,10780
1750772161.163833,0,0,219465,851040,9385
1750772161.362047,0,0,203300,778850,9185
1750772161.566101,0,0,216275,781005,8815
1750772161.754995,0,0,212720,757345,8970
1750772161.963501,0,0,201535,756615,9200
1750772162.16375,0,0,203345,779035,8950
1750772162.43365,0,0,201735,756505,9110
1750772162.594221,0,0,151245,546100,6185
1750772162.789286,0,0,207275,735955,8130
1750772162.992608,0,0,200005,751565,9010
1750772163.190762,0,0,189635,716895,9160
1750772163.394307,0,0,178945,677035,8665
1750772163.592776,0,0,184490,671345,8810
1750772163.796232,0,0,192595,692100,8855
1750772164.253804,0,0,181280,686485,8565
1750772164.515612,0,0,108625,411945,5840
1750772164.695641,0,0,197715,712780,9500
1750772164.894109,0,0,135830,493610,7050
1750772165.093576,0,0,163725,618450,9285
1750772165.294109,0,0,180350,682850,8825
1750772165.503636,0,0,193800,716720,8855
1750772165.697827,0,0,211630,747405,8930
1750772165.901249,0,0,206815,755815,9025
1750772166.101929,0,0,192285,727865,9070
1750772166.314988,0,0,204975,787750,9065
1750772166.502487,0,0,197485,741300,8270
1750772166.702951,0,0,204965,747110,9125
1750772166.906406,0,0,216605,778990,9270
1750772167.105873,0,0,198025,756070,8950
1750772167.307053,0,0,194640,744555,9090
1750772167.51112,0,0,192185,711935,9105
1750772167.711176,0,0,196285,716285,9270
1750772167.912191,0,0,189280,700785,9020
1750772168.110101,0,0,169915,650360,8700
1750772168.312797,0,0,172670,651120,8875
1750772168.5157,0,0,178825,660655,9170
1750772168.72109,0,0,195840,720430,8645
1750772168.921904,0,0,180065,659265,9940
1750772169.121067,0,0,191995,719855,8760
1750772169.321105,0,0,192885,727580,8755
1750772169.519649,0,0,189840,699815,8810
1750772169.723394,0,0,214340,760940,8675
1750772169.924274,0,0,188155,685265,9060
1750772170.126275,0,0,175340,658690,8475
1750772170.326282,0,0,173590,656765,9075
1750772170.524775,0,0,186435,697230,8650
1750772170.727863,0,0,191990,700475,9080
1750772170.933185,0,0,190455,702815,8890
1750772171.130874,0,0,186435,718090,8705
1750772171.328126,0,0,171205,668395,9055
1750772171.538006,0,0,180005,680685,8870
1750772171.732054,0,0,191755,708395,9390
1750772171.934633,0,0,175300,663510,9230
1750772172.134706,0,0,168250,652945,9010
1750772172.333968,0,0,177595,686290,9370
1750772172.535429,0,0,188175,697315,9285
1750772172.73689,0,0,180520,665365,8920
1750772172.938453,0,0,175635,643530,9195
1750772173.138304,0,0,174515,664700,8825
1750772173.372679,0,0,180290,697110,8770
1750772173.567157,0,0,243425,912825,12185
1750772173.762637,0,0,176030,642535,9180
1750772173.969984,0,0,188620,713315,8830
1750772174.167456,0,0,175805,683155,8760
1750772174.368118,0,0,188990,733230,8845
1750772174.568114,0,0,195020,723950,9020
1750772174.770088,0,0,197915,720405,9050
1750772174.970856,0,0,194360,738010,9150
1750772175.174812,0,0,190105,739065,8660
1750772175.376273,0,0,189665,739975,8805
1750772175.584716,0,0,194365,723990,9020
1750772175.779195,0,0,203340,750125,8960
1750772175.975669,0,0,195585,734415,9060
1750772176.181725,0,0,190525,745240,8830
1750772176.382229,0,0,200180,772140,8560
1750772176.589552,0,0,210535,780365,9045
1750772176.780896,0,0,206400,755680,8955
1750772176.985223,0,0,205205,760780,8745
1750772177.181698,0,0,188690,717055,9330
1750772177.388145,0,0,208460,789175,9075
1750772177.590603,0,0,217055,790230,8650
1750772177.798224,0,0,206450,754465,8890
1750772177.997692,0,0,198740,751375,9240
1750772178.191173,0,0,188655,728760,8730
1750772178.393631,0,0,183005,696525,8485
1750772178.593499,0,0,187405,692800,9040
1750772178.791881,0,0,176575,636140,8875
1750772179.196106,0,0,189605,738515,9095
1750772179.196106,0,0,189605,738515,9095
1750772179.401106,0,0,185180,712780,9120
1750772179.797176,0,0,200015,724120,8770
1750772179.999039,0,0,199860,748165,8870
1750772180.197944,0,0,196725,755275,9200
1750772180.400781,0,0,196915,745330,9115
1750772180.602104,0,0,200565,726370,8435
1750772180.801135,0,0,203680,734000,8755
1750772181.003662,0,0,196795,727235,8880
1750772181.202783,0,0,181985,689890,9375
1750772181.40559,0,0,184770,692520,8880
1750772181.608619,0,0,194745,701780,8710
1750772181.807024,0,0,181455,652335,8710
1750772182.011901,0,0,190500,703355,9535
1750772182.210963,0,0,198275,755590,9180
1750772182.412728,0,0,195665,729325,9150
1750772182.615121,0,0,210925,766360,9130
1750772182.819809,0,0,205075,744585,9075
1750772183.024636,0,0,209305,779750,9045
1750772183.21686,0,0,208585,800980,8830
1750772183.420453,0,0,215365,815355,9200
1750772183.622109,0,0,211645,773730,9035
1750772183.822633,0,0,216700,777965,8965
1750772184.026775,0,0,230670,851980,8930
1750772184.227372,0,0,216070,836380,8995
1750772184.42781,0,0,221415,836190,8760
1750772184.627735,0,0,223630,810515,8850
1750772184.829272,0,0,211005,759470,9170
1750772185.032523,0,0,207260,762525,8635
1750772185.234169,0,0,199750,771330,8570
1750772185.434489,0,0,196670,762375,8920
1750772185.63442,0,0,198410,730485,8935
1750772185.835827,0,0,199055,717170,8685
1750772186.035778,0,0,207860,783090,8995
1750772186.237412,0,0,198510,761230,8840
1750772186.442747,0,0,190800,720275,8920
1750772186.640109,0,0,201665,736805,9195
1750772186.842517,0,0,195520,712360,9040
1750772187.041915,0,0,193970,733090,8925
1750772187.241753,0,0,181220,687840,9115
1750772187.440299,0,0,178030,669170,8835
1750772187.645134,0,0,196230,712775,9140
1750772187.848118,0,0,204610,730215,9155
1750772188.046009,0,0,195695,719580,9025
1750772188.24875,0,0,196990,746825,8775
1750772188.44947,0,0,206440,770140,9215
1750772188.650529,0,0,236025,852980,9945
1750772188.855469,0,0,253335,918335,10920
1750772189.05504,0,0,198325,753805,9065
1750772189.255689,0,0,181005,705995,9010
1750772189.455186,0,0,201710,755100,8695
1750772189.656656,0,0,200520,726180,8670
1750772189.859095,0,0,210800,763210,9330
1750772190.060653,0,0,216425,811980,8435
1750772190.261149,0,0,213885,806065,8900
1750772190.462515,0,0,210965,780325,8655
1750772190.662709,0,0,222530,796155,8935
1750772190.863624,0,0,228020,829550,9410
1750772191.065279,0,0,203945,773760,9320
1750772191.266599,0,0,203625,783455,9175
1750772191.471087,0,0,220135,821440,9415
1750772191.671497,0,0,229935,832000,8735
1750772191.872654,0,0,230690,853765,8970
1750772192.073416,0,0,217285,813095,8920
1750772192.271627,0,0,208445,781275,8995
1750772192.473252,0,0,212125,784895,9075
1750772192.678091,0,0,229645,813925,8650
1750772192.874746,0,0,215355,777905,8530
1750772193.075583,0,0,214335,809405,8795
1750772193.27673,0,0,203960,775675,9240
1750772193.476043,0,0,201450,742410,8730
1750772193.679466,0,0,214860,765350,8665
1750772193.881328,0,0,215790,779070,9390
1750772194.084019,0,0,214265,809715,9170
1750772194.281365,0,0,208660,794605,8980
1750772194.482086,0,0,217410,805285,8615
1750772194.68259,0,0,216010,780245,8610
1750772194.883739,0,0,217070,791920,8790
1750772195.08602,0,0,211255,801330,8880
1750772195.289824,0,0,198870,756775,8630
1750772195.487644,0,0,214370,794840,9185
1750772195.686079,0,0,205815,740100,9135
1750772195.888814,0,0,215445,775670,8830
1750772196.090488,0,0,209075,799360,8725
1750772196.512432,0,0,202635,761310,8940
1750772196.512432,0,0,202635,761310,8940
1750772196.704937,0,0,187985,683625,8415
1750772196.904768,0,0,205750,759460,8905
1750772197.101948,0,0,211195,801215,9055
1750772197.30059,0,0,171335,660575,8750
1750772197.508073,0,0,181645,669495,9200
1750772197.710554,0,0,191100,673900,8870
1750772197.904684,0,0,191905,688015,8710
1750772198.106955,0,0,179575,687925,8825
1750772198.317304,0,0,176170,667180,8995
1750772198.51096,0,0,181015,666620,9015
1750772198.713348,0,0,193630,695290,8935
1750772198.91481,0,0,191685,693340,9135
1750772199.12093,0,0,191395,727215,8765
1750772199.320143,0,0,171670,653405,8820
1750772199.519639,0,0,194470,713760,8690
1750772199.725088,0,0,215230,771310,9100
1750772199.926114,0,0,201260,730445,8580
1750772200.127269,0,0,189305,706305,9010
1750772200.330288,0,0,188555,715825,8850
1750772200.725111,0,0,209245,758090,8625
1750772200.927719,0,0,210270,766410,8500
1750772201.127742,0,0,203395,778515,9425
1750772201.329481,0,0,207810,784075,9290
1750772201.533056,0,0,220545,815915,8995
1750772201.733752,0,0,241410,863685,9240
1750772201.935334,0,0,233450,854850,8810
1750772202.137732,0,0,221440,834875,8820
1750772202.337572,0,0,210655,791655,8705
1750772202.538656,0,0,207590,756485,9425
1750772202.739059,0,0,213650,762865,8670
1750772202.938376,0,0,209100,758010,8845
1750772203.141756,0,0,198500,750360,8650
1750772203.341201,0,0,198995,760685,8900
1750772203.542529,0,0,192925,717915,9155
1750772203.742903,0,0,216820,776530,9055
1750772203.943767,0,0,210645,772530,9385
1750772204.147594,0,0,210465,804225,8625
1750772204.348308,0,0,200310,765365,9055
1750772204.547006,0,0,185100,691500,8955
1750772204.748536,0,0,199795,723330,9170
1750772204.949057,0,0,207700,766905,9960
1750772205.150014,0,0,194290,747555,9510
1750772205.353097,0,0,225835,867750,10285
1750772205.550569,0,0,214465,781965,10885
1750772205.751032,0,0,178985,645295,9000
1750772205.954116,0,0,191710,728150,8745
1750772206.15458,0,0,188040,721880,8845
1750772206.357038,0,0,193720,738840,8955
1750772206.560494,0,0,187775,680705,9080
1750772206.760205,0,0,211270,760965,9260
1750772206.960659,0,0,181120,676810,9175
1750772207.162592,0,0,187685,717610,9165
1750772207.361002,0,0,184920,702790,8910
1750772207.566315,0,0,208210,747105,8960
1750772207.766397,0,0,198255,709610,9055
1750772207.966507,0,0,188305,703210,8800
1750772208.166971,0,0,188775,721805,8800
1750772208.368431,0,0,188475,709540,9060
1750772208.569893,0,0,213655,771640,9115
1750772208.772797,0,0,212465,763845,8875
1750772208.977833,0,0,213890,794020,8640
1750772209.180182,0,0,205410,777855,9300
1750772209.376612,0,0,210340,786265,8870
1750772209.575705,0,0,234755,844550,8585
1750772209.778046,0,0,225865,808805,8940
1750772209.979114,0,0,211215,783440,8980
1750772210.17985,0,0,224625,847245,9255
1750772210.382072,0,0,221565,841600,8730
1750772210.588394,0,0,223320,809890,8555
1750772210.779677,0,0,229000,832540,8515
1750772210.979847,0,0,213105,798255,8880
1750772211.18208,0,0,202745,768840,9290
1750772211.385153,0,0,208905,789775,8645
1750772211.586849,0,0,207480,745585,8750
1750772211.785686,0,0,213115,765440,9090
1750772211.985127,0,0,199670,739840,8775
1750772212.186408,0,0,175755,675220,8745
1750772212.389333,0,0,185735,704105,9245
1750772212.591411,0,0,183850,654765,9425
1750772212.79235,0,0,191090,683750,8870
1750772212.993286,0,0,169970,632465,8705
1750772213.190757,0,0,171200,654270,9035
1750772213.397998,0,0,186635,716385,8980
1750772213.597085,0,0,198560,718565,9020
1750772213.799135,0,0,175975,632250,8450
1750772214.000534,0,0,188510,699645,9085
1750772214.198573,0,0,181200,685150,8745
1750772214.401787,0,0,187875,714810,8700
1750772214.601069,0,0,199855,727315,8815
1750772214.800843,0,0,195960,708475,8180
1750772215.010046,0,0,189555,705715,9350
1750772215.208906,0,0,183120,697940,8795
1750772215.403741,0,0,190370,720105,8905
1750772215.602932,0,0,191850,688735,8660
1750772215.810664,0,0,199880,726280,9210
1750772216.005929,0,0,186190,695850,9050
1750772216.21497,0,0,184255,710230,8900
1750772216.410739,0,0,196530,738790,8660
1750772216.612109,0,0,197505,728580,8670
1750772217.011034,0,0,188880,716025,8940
1750772217.210978,0,0,169705,662970,9210
1750772217.414521,0,0,181535,689690,9410
1750772217.414521,0,0,181535,689690,9410
1750772217.81322,0,0,173935,634295,9060
1750772217.81322,0,0,173935,634295,9060
1750772218.214656,0,0,176865,674320,9150
1750772218.415122,0,0,183660,699680,8980
1750772218.619,0,0,184295,664060,8910
1750772218.82655,0,0,201480,729485,8710
1750772219.021414,0,0,186865,700065,8465
1750772219.222083,0,0,177745,682215,8985
1750772219.423512,0,0,192500,736765,9180
1750772219.622729,0,0,188670,691995,8580
1750772219.824224,0,0,172795,626605,9280
1750772220.031445,0,0,189705,718135,8465
1750772220.235806,0,0,198260,777180,9125
1750772220.433793,0,0,201520,770340,9020
1750772220.633534,0,0,199910,726535,8925
1750772220.838486,0,0,209030,758625,8920
1750772221.036109,0,0,193260,721900,9140
1750772221.237925,0,0,196510,759140,9235
1750772221.44123,0,0,193960,740410,8995
1750772221.640654,0,0,194055,715790,8920
1750772221.839366,0,0,206445,748985,8845
1750772222.039508,0,0,192320,720740,8780
1750772222.242098,0,0,194215,738130,9170
1750772222.441596,0,0,191725,720825,8675
1750772222.64331,0,0,202295,722180,8435
1750772222.842408,0,0,194515,692035,8845
1750772223.046759,0,0,184365,685865,8555
1750772223.243513,0,0,184090,697520,8865
1750772223.446348,0,0,184770,698545,9005
1750772223.647212,0,0,197825,709125,8740
1750772223.844892,0,0,190820,680000,8585
1750772224.051575,0,0,210385,789865,9530
1750772224.249966,0,0,202845,771805,9300
1750772224.452694,0,0,221135,831635,9900
1750772224.650256,0,0,209975,762935,9200
1750772224.859998,0,0,262595,968775,11485
1750772225.055513,0,0,188005,722445,8930
1750772225.259398,0,0,207915,804585,8970
1750772225.458117,0,0,213345,780530,9140
1750772225.661186,0,0,207350,738145,8940
1750772225.857434,0,0,206090,756945,9235
1750772226.05882,0,0,206340,786690,9375
1750772226.260882,0,0,193250,733715,9020
1750772226.464923,0,0,202330,750645,8835
1750772226.663957,0,0,214255,774320,9525
1750772226.863554,0,0,197625,722120,8860
1750772227.063631,0,0,200455,758480,9030
1750772227.264725,0,0,194705,753840,8965
1750772227.487869,0,0,203685,758380,8355
1750772227.682857,0,0,182580,662210,8795
1750772227.882393,0,0,209780,766880,9140
1750772228.084412,0,0,211275,807945,9015
1750772228.284038,0,0,209880,799090,9425
1750772228.485119,0,0,204710,751740,9050
1750772228.685836,0,0,202370,724240,9375
1750772228.888559,0,0,201365,744325,8745
1750772229.097128,0,0,196200,756945,8670
1750772229.295331,0,0,181885,689520,8615
1750772229.489805,0,0,192865,720345,8625
1750772229.691267,0,0,202805,734865,8770
1750772229.89173,0,0,193365,705575,9370
1750772230.094189,0,0,192410,733450,8895
1750772230.300004,0,0,198095,754510,8595
1750772230.497261,0,0,203215,743370,9075
1750772230.699907,0,0,221795,800975,9155
1750772230.901486,0,0,200035,737675,9345
1750772231.10117,0,0,208880,786035,8720
1750772231.301724,0,0,190945,725560,9025
1750772231.506751,0,0,208285,753535,9215
1750772231.7141,0,0,213970,755315,9135
1750772231.90843,0,0,198835,727795,8740
1750772232.111986,0,0,190180,719755,9445
1750772232.311664,0,0,184025,699985,8925
1750772232.512795,0,0,208505,764900,8700
1750772232.715329,0,0,213955,756580,8500
1750772232.916845,0,0,197630,710120,9170
1750772233.117588,0,0,195705,734470,8885
1750772233.313059,0,0,197155,749255,8640
1750772233.516825,0,0,192640,701635,9110
1750772233.718041,0,0,198450,710515,8570
1750772233.919167,0,0,193610,709505,9500
1750772234.123476,0,0,188725,713700,8960
1750772234.321339,0,0,180230,685840,9030
1750772234.526284,0,0,182910,663855,8650
1750772234.722469,0,0,188465,668865,9160
1750772234.925995,0,0,186085,669170,9390
1750772235.136797,0,0,166955,625605,8740
1750772235.336535,0,0,194110,735990,8955
1750772235.52912,0,0,190170,700560,8970
1750772235.733001,0,0,206610,737705,8890
1750772235.936447,0,0,206985,756970,8930
1750772236.133529,0,0,182855,695520,9025
1750772236.341064,0,0,188900,722445,8645
1750772236.543011,0,0,208410,767090,9070
1750772236.751778,0,0,225395,808290,8695
1750772236.945112,0,0,210025,766515,8645
1750772237.152159,0,0,208165,791925,9080
1750772237.346994,0,0,207220,793165,8780
1750772237.551447,0,0,223140,830510,9025
1750772237.94801,0,0,230725,835085,8550
1750772237.94801,0,0,230725,835085,8550
1750772238.35044,0,0,234315,902975,9020
1750772238.35044,0,0,234315,902975,9020
1750772238.749775,0,0,205905,741045,9325
1750772238.952233,0,0,223245,833270,10455
1750772238.952233,0,0,223245,833270,10455
1750772239.358308,0,0,220535,834170,9195
1750772239.554746,0,0,204090,760300,9110
1750772239.754393,0,0,221385,797900,9565
1750772239.956046,0,0,213970,812030,8995
1750772240.157507,0,0,177280,687000,8975
1750772240.359965,0,0,202760,778440,9520
1750772240.560429,0,0,219185,801770,9125
1750772240.762677,0,0,219535,792015,9300
1750772240.963352,0,0,220150,813310,8920
1750772241.167045,0,0,216620,829550,9125
1750772241.367448,0,0,211975,808995,9110
1750772241.570866,0,0,231990,855590,8920
1750772241.764239,0,0,210605,777840,9035
1750772241.967803,0,0,216090,806150,9070
1750772242.168105,0,0,187195,722040,8915
1750772242.366587,0,0,181840,705505,8665
1750772242.567889,0,0,192850,709975,8560
1750772242.775693,0,0,193585,707765,8800
1750772242.9689,0,0,163260,620585,8845
1750772243.170359,0,0,161500,628840,9115
1750772243.369293,0,0,150800,582265,8580
1750772243.571898,0,0,181735,662185,9040
1750772243.775685,0,0,196425,699030,9160
1750772243.977923,0,0,193850,715755,9160
1750772244.181255,0,0,209355,800825,9445
1750772244.378109,0,0,207030,778000,8765
1750772244.579193,0,0,203825,736460,9230
1750772244.783912,0,0,222340,795235,8810
1750772244.983357,0,0,204470,763540,9180
1750772245.184844,0,0,195315,754565,8860
1750772245.387164,0,0,189740,723355,8745
1750772245.587269,0,0,203625,739940,9025
1750772245.786452,0,0,195860,711730,9325
1750772245.988034,0,0,200525,767930,9350
1750772246.187113,0,0,200255,770280,8500
1750772246.392967,0,0,220600,844525,8620
1750772246.594516,0,0,222245,793985,8930
1750772246.790236,0,0,217370,781935,8630
1750772246.99416,0,0,213255,804415,9335
1750772247.191033,0,0,199535,760305,8740
1750772247.392728,0,0,198245,754730,9455
1750772247.593436,0,0,197130,707270,9440
1750772247.797061,0,0,207345,748845,8700
1750772247.99579,0,0,210430,781710,9035
1750772248.19718,0,0,189835,727855,9070
1750772248.400451,0,0,203600,778765,8970
1750772248.60089,0,0,198980,732565,8740
1750772248.800252,0,0,183945,660610,9020
1750772249.0055,0,0,169090,633475,8575
1750772249.204001,0,0,173270,655580,8735
1750772249.403988,0,0,182615,681885,9370
1750772249.608888,0,0,203830,742775,9055
1750772249.808433,0,0,210830,752910,9145
1750772250.008936,0,0,200995,745290,8765
1750772250.21457,0,0,196095,738260,9010
1750772250.408792,0,0,201355,752495,9195
1750772250.614263,0,0,211575,768475,8820
1750772250.814774,0,0,227220,815575,9425
1750772251.014933,0,0,233610,861905,8980
1750772251.219113,0,0,214405,812375,8835
1750772251.421105,0,0,222380,838780,8895
1750772251.620001,0,0,224635,811945,8870
1750772251.817922,0,0,201130,729510,9035
1750772252.020271,0,0,212555,791915,9005
1750772252.224924,0,0,177740,679495,9255
1750772252.420412,0,0,174900,664305,8835
1750772252.624768,0,0,197775,720245,8735
1750772252.820114,0,0,201385,731615,8520
1750772253.022124,0,0,168545,623580,9175
1750772253.223554,0,0,185270,700755,8755
1750772253.426241,0,0,186205,716030,9150
1750772253.626731,0,0,185430,680515,9150
1750772253.834901,0,0,207135,747660,8865
1750772254.03011,0,0,208390,780065,8415
1750772254.233384,0,0,210465,805325,8755
1750772254.431232,0,0,200345,760385,9080
1750772254.633536,0,0,201680,732795,9500
1750772254.837795,0,0,219905,784240,8715
1750772255.038143,0,0,211650,795125,8545
1750772255.239003,0,0,201155,769660,8835
1750772255.43965,0,0,205630,774835,9025
1750772255.643137,0,0,223415,815245,9250
1750772255.843085,0,0,222495,803725,8780
1750772256.049009,0,0,212210,785340,9160
1750772256.252081,0,0,188005,716525,8700
1750772256.450244,0,0,182870,700855,9210
1750772256.649173,0,0,180410,658570,9055
1750772256.849178,0,0,192685,703035,8900
1750772257.052854,0,0,195665,730575,9130
1750772257.250537,0,0,182380,699210,9500
1750772257.449555,0,0,190755,730475,9215
1750772257.65554,0,0,209175,762330,9375
1750772257.856868,0,0,237300,859660,9985
1750772258.05709,0,0,230185,874375,9770
1750772258.492354,0,0,251710,935150,10495
1750772258.492354,0,0,251710,935150,10495
1750772258.695829,0,0,218490,788355,9090
1750772258.889467,0,0,212280,779705,9185
1750772259.099028,0,0,207115,788145,8990
1750772259.300561,0,0,209500,804955,8860
1750772259.499978,0,0,209565,782555,9055
1750772259.703296,0,0,216870,780965,9490
1750772259.90006,0,0,227920,823915,8990
1750772260.098107,0,0,211635,796360,9170
1750772260.304752,0,0,197270,747685,8865
1750772260.697699,0,0,229855,835440,9065
1750772260.897166,0,0,220055,802625,9240
1750772261.097462,0,0,212605,799360,8890
1750772261.097462,0,0,212605,799360,8890
1750772261.301869,0,0,204660,771905,9235
1750772261.509967,0,0,220970,806905,8355
1750772261.903913,0,0,193610,700135,9025
1750772262.104447,0,0,164765,624815,8645
1750772262.306104,0,0,169075,650020,9265
1750772262.50505,0,0,168335,627855,8800
1750772262.707902,0,0,161695,581645,8760
1750772262.914071,0,0,174190,626865,8850
1750772263.110573,0,0,197210,740870,8975
1750772263.31235,0,0,204600,774290,8755
1750772263.514156,0,0,213555,767085,8850
1750772263.71542,0,0,209100,744385,8945
1750772263.916196,0,0,212060,764690,9045
1750772264.119904,0,0,214485,800520,8925
1750772264.316811,0,0,220375,823420,9040
1750772264.517094,0,0,215220,780120,8910
1750772264.716891,0,0,202320,723825,8610
1750772264.91836,0,0,201565,726705,8940
1750772265.119658,0,0,178170,674245,8540
1750772265.321071,0,0,185640,699910,8615
1750772265.525326,0,0,201095,743120,8990
1750772265.723382,0,0,212770,765465,8795
1750772265.922143,0,0,201655,731010,8850
1750772266.12479,0,0,189355,717135,9200
1750772266.32561,0,0,185470,710730,9035
1750772266.526034,0,0,198845,732890,9170
1750772266.729094,0,0,197430,707115,8685
1750772266.927072,0,0,188055,690935,9020
1750772267.12743,0,0,192905,727315,8385
1750772267.329145,0,0,184035,702795,9180
1750772267.529433,0,0,184105,684510,8945
1750772267.730716,0,0,183050,661265,8645
1750772267.933027,0,0,180470,650595,8975
1750772268.133105,0,0,189280,709655,8760
1750772268.332782,0,0,162725,619360,8145
1750772268.534756,0,0,186900,681735,8925
1750772268.734491,0,0,190710,683950,9050
1750772268.934701,0,0,193985,707450,8715
1750772269.139402,0,0,183205,702030,8930
1750772269.334676,0,0,169630,661000,8800
1750772269.537687,0,0,192745,716830,9190
1750772269.740146,0,0,198010,717050,8625
1750772269.93844,0,0,189975,684860,8870
1750772270.140899,0,0,197350,740325,9380
1750772270.341363,0,0,192555,725635,9185
1750772270.541827,0,0,210455,781300,8805
1750772270.744071,0,0,219765,790225,9020
1750772270.944534,0,0,224970,801475,9165
1750772271.148019,0,0,207850,775790,8925
1750772271.351114,0,0,213340,804140,8910
1750772271.552068,0,0,217795,799560,9030
1750772271.753748,0,0,202715,718070,8435
1750772271.95376,0,0,209605,767150,9655
1750772272.153741,0,0,199885,764480,10355
1750772272.353208,0,0,179355,688990,9830
1750772272.554669,0,0,192630,699595,9315
1750772272.758124,0,0,209660,750515,9630
1750772272.954287,0,0,199445,736660,8490
1750772273.155741,0,0,197475,749460,9340
1750772273.354913,0,0,199995,756285,8610
1750772273.556376,0,0,218220,782475,8475
1750772273.758872,0,0,205255,735195,9065
1750772273.964491,0,0,204490,764540,8775
1750772274.159811,0,0,191570,733895,8670
1750772274.364696,0,0,187755,710500,8210
1750772274.562964,0,0,175505,643955,8900
1750772274.771167,0,0,190095,687880,8810
1750772274.965114,0,0,164220,617365,8645
1750772275.172153,0,0,186775,707805,8805
1750772275.370188,0,0,198670,755275,9100
1750772275.56978,0,0,207875,767445,8635
1750772275.769901,0,0,187685,680775,9100
1750772275.970746,0,0,166025,619040,8855
1750772276.17878,0,0,191280,724520,9110
1750772276.376115,0,0,177470,666560,8930
1750772276.578444,0,0,197730,721610,9265
1750772276.783737,0,0,208185,745980,8880
1750772276.983058,0,0,199410,740850,9255
1750772277.187391,0,0,206490,781590,8785
1750772277.388727,0,0,210030,791665,8705
1750772277.59268,0,0,229095,825790,9020
1750772277.790956,0,0,231320,833990,9665
1750772277.986995,0,0,220240,817325,9120
1750772278.189039,0,0,207870,784380,8920
1750772278.38802,0,0,195545,734275,9240
1750772278.591048,0,0,208040,756175,8670
1750772278.990279,0,0,212190,779505,8865
1750772279.190237,0,0,209125,789935,8875
1750772279.190237,0,0,209125,789935,8875
1750772279.591501,0,0,190715,684700,8910
1750772279.793798,0,0,194295,696745,8660
1750772279.995063,0,0,180160,664405,9010
1750772280.201191,0,0,205775,779710,8920
1750772280.401098,0,0,200350,756910,8860
1750772280.599113,0,0,221610,805380,9240
1750772280.803271,0,0,225075,816245,9055
1750772281.002681,0,0,228275,849680,9320
1750772281.202393,0,0,211155,806320,8910
1750772281.407226,0,0,209915,794635,8925
1750772281.604443,0,0,208465,757215,9050
1750772281.805089,0,0,218280,786450,8745
1750772282.004639,0,0,213485,788260,8655
1750772282.208343,0,0,205515,784250,8330
1750772282.409269,0,0,222940,835490,8550
1750772282.616318,0,0,221040,795165,8955
1750772282.812741,0,0,225260,810290,8675
1750772283.014056,0,0,201215,739450,8845
1750772283.212525,0,0,207170,782825,8720
1750772283.412691,0,0,209410,781195,8725
1750772283.613476,0,0,208660,757665,9635
1750772283.816197,0,0,207640,743275,9055
1750772284.015371,0,0,189340,691010,8890
1750772284.216508,0,0,174765,665605,9515
1750772284.416475,0,0,179560,668240,8235
1750772284.616881,0,0,194160,706385,8995
1750772284.816893,0,0,205750,735250,9130
1750772285.019995,0,0,202470,741765,8965
1750772285.225852,0,0,216050,820525,8880
1750772285.426438,0,0,229230,844790,8950
1750772285.624755,0,0,231110,844090,9000
1750772285.827955,0,0,239645,866560,8745
1750772286.025904,0,0,230300,841880,9555
1750772286.228092,0,0,202220,755925,8590
1750772286.427763,0,0,173345,657465,8620
1750772286.624139,0,0,161925,582465,8940
1750772286.825021,0,0,174860,625320,8500
1750772287.027463,0,0,159140,584605,8965
1750772287.230171,0,0,192290,719860,9075
1750772287.436911,0,0,219790,830415,9395
1750772287.635563,0,0,206190,748640,8830
1750772287.835214,0,0,202795,726820,8830
1750772288.033648,0,0,186435,688615,9270
1750772288.237666,0,0,201905,767950,9180
1750772288.439609,0,0,209855,784755,9025
1750772288.639955,0,0,212200,769195,8710
1750772288.842376,0,0,192170,694280,8945
1750772289.042308,0,0,187920,699395,8690
1750772289.241959,0,0,194165,738705,9265
1750772289.440432,0,0,191675,731800,9435
1750772289.642191,0,0,203485,748910,8805
1750772289.841966,0,0,202510,725825,9495
1750772290.051347,0,0,198730,738630,9075
1750772290.249142,0,0,196405,761835,8495
1750772290.449182,0,0,191530,726620,9225
1750772290.648266,0,0,205885,760570,8890
1750772290.848698,0,0,205855,760015,8860
1750772291.049474,0,0,189190,717740,8755
1750772291.252108,0,0,192460,750540,8975
1750772291.451787,0,0,198865,761220,9110
1750772291.657457,0,0,248715,892180,9720
1750772291.856519,0,0,253290,903795,10130
1750772292.056867,0,0,230535,873890,10520
1750772292.256984,0,0,211370,822265,9355
1750772292.462014,0,0,212665,787910,9205
1750772292.657613,0,0,212100,758120,8815
1750772292.86168,0,0,221080,794565,8900
1750772293.061684,0,0,210850,783640,9145
1750772293.261598,0,0,207600,782330,8785
1750772293.466895,0,0,212460,785905,8955
1750772293.666362,0,0,227170,818140,8755
1750772293.866814,0,0,227075,823650,8875
1750772294.065025,0,0,205710,774775,9005
1750772294.266612,0,0,203895,763290,8775
1750772294.467946,0,0,201990,746450,9065
1750772294.672158,0,0,206500,745420,9280
1750772294.87651,0,0,212365,773395,8650
1750772295.073107,0,0,206945,781755,8785
1750772295.275382,0,0,216965,819500,8985
1750772295.47832,0,0,216060,798605,8650
1750772295.6814,0,0,223630,804370,8845
1750772295.882936,0,0,230640,840765,9105
1750772296.081073,0,0,207030,788115,9105
1750772296.282974,0,0,223705,855380,8800
1750772296.484184,0,0,216660,817310,9025
1750772296.884218,0,0,235485,871550,8530
1750772297.084846,0,0,222340,855135,9185
1750772297.287852,0,0,215570,815585,8760
1750772297.487245,0,0,219035,820325,8555
1750772297.686716,0,0,228890,821305,8790
1750772297.888111,0,0,230505,834075,9165
1750772298.090071,0,0,216035,811235,8960
1750772298.291268,0,0,222875,845945,9225
1750772298.489393,0,0,209495,783370,8925
1750772298.692184,0,0,224590,806940,9620
1750772298.891471,0,0,212470,782780,9000
1750772299.09142,0,0,206470,787785,9380
1750772299.296269,0,0,216860,828940,8875
1750772299.498122,0,0,231740,863895,8860
1750772299.6998,0,0,236545,848385,9110
1750772299.897495,0,0,239515,869585,8925
1750772300.098518,0,0,217670,816215,9110
1750772300.300172,0,0,215995,816085,9065
1750772300.500929,0,0,205820,761750,9005
1750772300.700571,0,0,198315,714945,9195
1750772300.905076,0,0,184880,674405,9050
1750772301.103732,0,0,186185,700295,8915
1750772301.306096,0,0,172215,655195,8940
1750772301.504804,0,0,171825,638030,9280
1750772301.707873,0,0,178165,649830,8975
1750772301.907535,0,0,184700,673515,8890
1750772302.116441,0,0,190075,718365,9095
1750772302.309951,0,0,197575,752195,8965
1750772302.513147,0,0,206825,770110,8865
1750772302.712819,0,0,195870,702775,9050
1750772302.911288,0,0,201105,724210,8825
1750772303.112749,0,0,180430,672635,9120
1750772303.315207,0,0,197335,742000,8945
1750772303.519661,0,0,212370,791640,8850
1750772303.720124,0,0,223905,803930,9010
1750772303.921586,0,0,210755,769570,8550
1750772304.122049,0,0,198440,742830,8860
1750772304.322419,0,0,204050,764515,8620
1750772304.526663,0,0,220575,816620,8875
1750772304.729316,0,0,215545,770845,8635
1750772304.928442,0,0,221025,792155,8905
1750772305.12626,0,0,193430,725655,8905
1750772305.328719,0,0,196435,740870,9130
1750772305.528493,0,0,194455,710820,8570
1750772305.733915,0,0,208935,738855,9105
1750772305.936624,0,0,218535,794940,8610
1750772306.131077,0,0,189285,700675,8510
1750772306.333302,0,0,200045,758895,9020
1750772306.53469,0,0,187005,700355,8650
1750772306.735946,0,0,205325,751080,8485
1750772306.937273,0,0,213435,778605,8520
1750772307.140274,0,0,193665,727135,8420
1750772307.339131,0,0,186545,711305,9225
1750772307.542329,0,0,212785,789175,9055
1750772307.745113,0,0,206240,738905,8675
1750772307.944132,0,0,206600,744665,8705
1750772308.145793,0,0,180770,684915,8795
1750772308.344046,0,0,170320,647875,9550
1750772308.547015,0,0,183935,685020,8605
1750772308.7513,0,0,222790,809620,8740
1750772308.948853,0,0,218280,796710,8940
1750772309.150985,0,0,202410,770315,8765
1750772309.348974,0,0,195700,746415,8630
1750772309.554999,0,0,218260,797420,9475
1750772309.756951,0,0,215610,770870,9160
1750772309.957232,0,0,227870,827640,10840
1750772310.156085,0,0,192755,729490,9435
1750772310.357296,0,0,193895,726290,9645
1750772310.559432,0,0,220025,796665,9080
1750772310.758982,0,0,218355,784460,8815
1750772310.963441,0,0,220195,816350,8910
1750772311.162787,0,0,226885,857035,8890
1750772311.364264,0,0,220775,828505,9090
1750772311.5685,0,0,228250,828630,8865
1750772311.768137,0,0,217645,786170,8430
1750772311.967466,0,0,203815,758530,9310
1750772312.171979,0,0,200905,762360,9005
1750772312.3702,0,0,203875,766810,8965
1750772312.568115,0,0,200120,734645,8595
1750772312.76858,0,0,207800,752100,9295
1750772312.974628,0,0,191400,711550,8435
1750772313.174625,0,0,211695,801330,9060
1750772313.374998,0,0,201050,755625,8830
1750772313.577076,0,0,217595,784925,8490
1750772313.779232,0,0,238315,855185,9150
1750772313.981603,0,0,221825,821520,8875
1750772314.178848,0,0,228655,859500,8960
1750772314.384327,0,0,230820,856270,9410
1750772314.587066,0,0,245300,878860,9235
1750772314.788063,0,0,238995,854980,8675
1750772314.989743,0,0,219945,807895,9005
1750772315.190156,0,0,217050,815615,8485
1750772315.393933,0,0,198645,748890,8745
1750772315.593641,0,0,217360,781725,8850
1750772315.801253,0,0,214245,777860,9070
1750772315.999341,0,0,202425,752070,9165
1750772316.204631,0,0,201705,768920,9025
1750772316.401496,0,0,192550,731940,9035
1750772316.604509,0,0,209755,770770,8960
1750772316.807664,0,0,217130,784640,8630
1750772317.007066,0,0,184800,693800,9415
1750772317.208607,0,0,205030,792810,8870
1750772317.409015,0,0,212380,811220,8940
1750772317.617577,0,0,196690,719290,8930
1750772317.814319,0,0,203150,744075,9055
1750772318.210762,0,0,166240,633025,8800
1750772318.210762,0,0,166240,633025,8800
1750772318.612198,0,0,180695,668995,8800
1750772318.81416,0,0,176550,637620,8655
1750772319.013543,0,0,184890,692205,9075
1750772319.216526,0,0,172635,658695,8715
1750772319.416626,0,0,183970,693790,9020
1750772319.622885,0,0,172920,630445,8390
1750772319.81907,0,0,171780,616995,8835
1750772320.021972,0,0,195875,721660,9225
1750772320.22024,0,0,171895,646455,8780
1750772320.446289,0,0,183925,688040,8665
1750772320.649765,0,0,208765,755505,8620
1750772320.840789,0,0,187910,680535,7890
1750772321.041963,0,0,187195,691620,9200
1750772321.248622,0,0,196210,740420,9195
1750772321.442435,0,0,203895,766490,8645
1750772321.645202,0,0,191715,690790,9200
1750772321.846283,0,0,210675,757915,8600
1750772322.047824,0,0,200750,751210,9240
1750772322.248896,0,0,195185,744745,8970
1750772322.450347,0,0,210095,795260,8730
1750772322.651808,0,0,231695,836710,9030
1750772322.850277,0,0,222290,798195,8980
1750772323.051738,0,0,214255,803550,9200
1750772323.253783,0,0,227730,879045,10015
1750772323.457245,0,0,226030,846390,9315
1750772323.662024,0,0,295680,1049500,10835
1750772323.861964,0,0,244295,884785,9850
1750772324.059717,0,0,196060,744275,9180
1750772324.262474,0,0,203125,768715,9040
1750772324.462216,0,0,197005,719745,8780
1750772324.662672,0,0,211870,744925,8710
1750772324.871378,0,0,216660,777080,8660
1750772325.068016,0,0,215020,811320,9275
1750772325.268076,0,0,210500,795550,8655
1750772325.468496,0,0,199615,740425,8860
1750772325.669773,0,0,198085,718800,8645
1750772325.867972,0,0,200670,739575,8650
1750772326.073129,0,0,194785,749460,8345
1750772326.271491,0,0,195300,758550,9195
1750772326.470188,0,0,196545,739400,8650
1750772326.672134,0,0,209360,753260,9035
1750772326.873276,0,0,226055,827725,8275
1750772327.074724,0,0,207835,792780,8555
1750772327.276071,0,0,191900,745720,8820
1750772327.482421,0,0,199855,767035,8455
1750772327.680056,0,0,211770,783500,8980
1750772327.878082,0,0,211710,770040,7120
1750772328.081925,0,0,222485,838495,1080
1750772328.281077,0,0,232000,881260,1075
1750772328.48106,0,0,226090,835385,1200
1750772328.689478,0,0,238865,860875,1065
1750772328.885041,0,0,223725,807660,1150
1750772329.087049,0,0,227050,852955,1120
1750772329.287176,0,0,222155,841150,1215
1750772329.487524,0,0,219015,815525,1075
1750772329.691808,0,0,241830,864490,1250
1750772329.89023,0,0,228985,828795,1200
1750772330.092652,0,0,195120,737920,1100
1750772330.292698,0,0,192655,734255,1080
1750772330.496615,0,0,216115,795100,1030
1750772330.696418,0,0,217405,778910,1170
1750772330.89958,0,0,214990,776415,1155
1750772331.096568,0,0,206350,785040,1175
1750772331.300109,0,0,219440,835395,1075
1750772331.498656,0,0,191880,708425,1240
1750772331.699287,0,0,217040,779350,1090
1750772331.899579,0,0,216425,795880,1170
1750772332.102671,0,0,189795,714880,1175
1750772332.302423,0,0,183145,700625,1170
1750772332.504772,0,0,201925,745875,1100
1750772332.70616,0,0,212210,768700,1195
1750772332.90795,0,0,210020,756510,1435
1750772333.107615,0,0,200615,755650,1245
1750772333.311714,0,0,197835,751145,1150
1750772333.513884,0,0,203535,755955,1095
1750772333.710187,0,0,214230,774090,1165
1750772333.913011,0,0,228120,828505,1130
1750772334.11578,0,0,212175,804545,1060
1750772334.31517,0,0,214835,810415,1140
1750772334.517048,0,0,226060,835485,1130
1750772334.762709,0,0,222865,805445,1150
1750772334.917705,0,0,214775,792655,1125
1750772335.123101,0,0,219085,839305,1210
1750772335.323853,0,0,235185,890875,1190
1750772335.523909,0,0,229135,855115,1180
1750772335.727233,0,0,245210,887060,1125
1750772335.930581,0,0,246345,890760,1215
1750772336.128665,0,0,226295,861090,1120
1750772336.332035,0,0,227575,868385,1155
1750772336.528678,0,0,198260,731140,1050
1750772336.729786,0,0,198600,712800,1210
1750772336.932328,0,0,201785,726230,1205
1750772337.134175,0,0,151850,569550,1180
1750772337.338704,0,0,193790,731130,1225
1750772337.536301,0,0,198960,738500,985
1750772337.737253,0,0,186795,679630,1290
1750772337.946764,0,0,194510,716450,1040
1750772338.143431,0,0,197090,753635,1250
1750772338.346611,0,0,196925,753905,1145
1750772338.551163,0,0,199055,739980,1255
1750772338.754923,0,0,191470,700940,1135
1750772338.943634,0,0,182575,665615,1080
1750772339.154935,0,0,187575,715860,1185
1750772339.349782,0,0,197415,753445,1115
1750772339.559775,0,0,203510,762675,1165
1750772339.766889,0,0,224430,809350,1215
1750772340.185672,0,0,204795,787110,1275
1750772340.185672,0,0,204795,787110,1275
1750772340.382002,0,0,298565,1127875,1525
1750772340.573237,0,0,209985,761190,1095
1750772340.78069,0,0,216815,783295,1065
1750772340.974853,0,0,194465,724955,1190
1750772341.174301,0,0,182160,687365,1265
1750772341.374811,0,0,175335,667280,1120
1750772341.576656,0,0,188525,681730,1155
1750772341.77983,0,0,192065,694070,1265
1750772342.18064,0,0,207775,782365,1190
1750772342.18064,0,0,207775,782365,1190
1750772342.58173,0,0,215365,790730,1230
1750772342.780986,0,0,225000,806350,1190
1750772342.982371,0,0,211965,780820,1010
1750772343.184482,0,0,195205,742730,1120
1750772343.387889,0,0,209050,791520,1220
1750772343.589586,0,0,230390,826255,1110
1750772343.78757,0,0,222380,802290,1105
1750772343.990301,0,0,212085,790995,1165
1750772344.190296,0,0,204555,771920,1330
1750772344.390873,0,0,199700,755410,1170
1750772344.591707,0,0,204435,736450,1250
1750772344.790822,0,0,194310,712260,1125
1750772345.000101,0,0,193475,729005,1200
1750772345.192648,0,0,194925,746650,1175
1750772345.393612,0,0,157365,597795,1245
1750772345.5964,0,0,195900,705885,990
1750772345.796653,0,0,207880,741760,1105
1750772345.999144,0,0,194220,719710,1140
1750772346.199574,0,0,191605,722945,1140
1750772346.398268,0,0,212040,800345,1090
1750772346.598973,0,0,209460,766585,1145
1750772346.802752,0,0,222975,808295,1270
1750772347.002236,0,0,207280,774975,1080
1750772347.202013,0,0,214695,809170,1295
1750772347.4054,0,0,209615,789750,1195
1750772347.603174,0,0,210115,759850,1075
1750772347.804069,0,0,204700,742370,1215
1750772348.005865,0,0,210940,779880,1125
1750772348.204842,0,0,178790,684665,1190
1750772348.409634,0,0,196800,741825,1050
1750772348.6111,0,0,201375,721735,1190
1750772348.807499,0,0,202985,728225,1085
1750772349.00875,0,0,174090,652535,1115
1750772349.211106,0,0,175750,669445,1000
1750772349.410505,0,0,173235,647260,1100
1750772349.613603,0,0,183750,664485,1035
1750772349.8175,0,0,214540,767565,1235
1750772350.015756,0,0,215330,800100,1115
1750772350.21795,0,0,199365,754545,1140
1750772350.41656,0,0,198980,754160,1295
1750772350.620112,0,0,211035,771725,1195
1750772350.819092,0,0,224585,800675,1130
1750772351.024615,0,0,212045,784935,1115
1750772351.222037,0,0,199765,761520,1145
1750772351.471283,0,0,189150,715440,1260
1750772351.634846,0,0,174375,640130,950
1750772351.83431,0,0,194960,706600,1215
1750772352.036934,0,0,184825,694085,1105
1750772352.238402,0,0,175610,677970,1225
1750772352.440228,0,0,190085,715845,1150
1750772352.640243,0,0,197180,718150,975
1750772352.841058,0,0,197665,713890,1060
1750772353.041396,0,0,167445,616035,1210
1750772353.243989,0,0,166925,633135,1240
1750772353.443473,0,0,178080,674320,1175
1750772353.647435,0,0,199915,729445,1090
1750772353.842912,0,0,194755,705130,1045
1750772354.043987,0,0,178940,657545,1095
1750772354.248997,0,0,186960,714030,1170
1750772354.448058,0,0,189085,727370,1080
1750772354.654891,0,0,201380,728415,1270
1750772354.850493,0,0,199305,725045,1180
1750772355.054059,0,0,206725,766175,1210
1750772355.254531,0,0,199545,759910,1125
1750772355.458263,0,0,218260,822340,1155
1750772355.661286,0,0,211930,762270,1145
1750772355.856135,0,0,207595,746835,1225
1750772356.064724,0,0,179360,677275,1245
1750772356.26013,0,0,180635,682275,1115
1750772356.462197,0,0,199410,738455,1195
1750772356.663004,0,0,206705,742915,1125
1750772356.870102,0,0,199985,733605,1165
1750772357.066411,0,0,195540,741685,1220
1750772357.270398,0,0,198970,758720,1045
1750772357.466655,0,0,213155,782045,1055
1750772357.670055,0,0,216000,787215,1035
1750772357.872968,0,0,219790,803660,1095
1750772358.0703,0,0,207235,781830,1040
1750772358.274995,0,0,204780,778110,1060
1750772358.476991,0,0,196445,722285,1265
1750772358.681856,0,0,183590,664545,1135
1750772358.87809,0,0,180200,661755,1165
1750772359.076004,0,0,181680,690280,1295
1750772359.283446,0,0,180925,697930,1160
1750772359.483288,0,0,187320,695895,1110
1750772359.685756,0,0,203100,729255,1170
1750772359.896946,0,0,205960,753355,1270
1750772360.083866,0,0,211265,799900,1080
1750772360.287976,0,0,203155,766065,1200
1750772360.4895,0,0,197140,721715,1140
1750772360.688307,0,0,186920,667415,1085
1750772360.88648,0,0,179195,651130,1110
1750772361.287253,0,0,155245,594500,1120
1750772361.287253,0,0,155245,594500,1120
1750772361.489353,0,0,168420,626850,1110
1750772361.902532,0,0,168970,602270,1155
1750772362.092001,0,0,162450,607000,1105
1750772362.296119,0,0,197655,742815,1045
1750772362.496357,0,0,213430,793920,1205
1750772362.698166,0,0,218960,793360,1155
1750772362.898226,0,0,202030,737075,1185
1750772363.095405,0,0,197615,745120,1245
1750772363.297967,0,0,194675,754930,1135
1750772363.500741,0,0,175500,656810,970
1750772363.700188,0,0,196265,723180,1165
1750772363.899444,0,0,178850,668620,1185
1750772364.100738,0,0,170875,664300,1180
1750772364.302748,0,0,177295,665395,1040
1750772364.499917,0,0,181660,668960,1110
1750772364.705651,0,0,187760,676955,1160
1750772364.90395,0,0,205485,742855,1175
1750772365.107385,0,0,200795,762395,1085
1750772365.304233,0,0,202765,765165,1260
1750772365.505695,0,0,206735,763675,1245
1750772365.711145,0,0,222060,811120,1205
1750772365.911608,0,0,211305,775680,1275
1750772366.107142,0,0,199545,755725,1010
1750772366.308604,0,0,201605,758315,1275
1750772366.511064,0,0,203770,755245,955
1750772366.710528,0,0,190940,687855,1225
1750772366.908997,0,0,184870,673655,1200
1750772367.117441,0,0,188970,709440,1290
1750772367.319944,0,0,185635,696390,1065
1750772367.517366,0,0,193025,715915,1215
1750772367.717323,0,0,182900,662785,1125
1750772367.93873,0,0,173945,633605,1130
1750772368.12224,0,0,186140,704880,1295
1750772368.321706,0,0,181560,687535,1085
1750772368.525161,0,0,192290,703225,1110
1750772368.721462,0,0,173435,631065,1110
1750772368.93489,0,0,192710,707625,1210
1750772369.126379,0,0,203470,765690,1260
1750772369.32784,0,0,189590,717555,1165
1750772369.530488,0,0,209625,769980,1275
1750772369.749901,0,0,210880,754075,1165
1750772369.95438,0,0,211075,768695,1110
1750772370.143427,0,0,205015,764830,1190
1750772370.342497,0,0,186865,706195,1105
1750772370.543692,0,0,212075,777510,1135
1750772370.747474,0,0,216525,780400,1175
1750772370.947431,0,0,206930,756265,1080
1750772371.149103,0,0,209825,792095,1095
1750772371.348122,0,0,214135,804890,1215
1750772371.552807,0,0,220570,817580,1155
1750772371.84119,0,0,219710,795760,1080
1750772372.031681,0,0,320590,1182500,1745
1750772372.176294,0,0,205185,781460,1000
1750772372.368535,0,0,188005,707585,1035
1750772372.567378,0,0,209125,758325,1125
1750772372.772105,0,0,216515,773775,1045
1750772372.971229,0,0,201855,751470,1110
1750772373.175563,0,0,204005,769475,1250
1750772373.376817,0,0,203440,767135,1080
1750772373.575947,0,0,211700,773630,1080
1750772373.77564,0,0,215000,781325,1160
1750772373.973223,0,0,190440,708620,1255
1750772374.177342,0,0,188885,726890,1145
1750772374.377642,0,0,202160,765260,1160
1750772374.611574,0,0,199355,717645,1145
1750772374.796079,0,0,182415,659825,885
1750772375.00153,0,0,194985,741300,930
1750772375.190078,0,0,197150,742700,1055
1750772375.393292,0,0,183640,689095,1135
1750772375.595642,0,0,206940,749510,1055
1750772375.795445,0,0,200105,710225,1055
1750772375.9989,0,0,186160,695100,1220
1750772376.200362,0,0,189250,720930,1205
1750772376.397121,0,0,183740,698830,1140
1750772376.650566,0,0,192160,698445,1100
1750772376.844556,0,0,138535,500295,735
1750772377.033053,0,0,149295,556370,930
1750772377.227952,0,0,174035,667290,1180
1750772377.442731,0,0,181190,683615,1070
1750772377.688588,0,0,188325,686230,1155
1750772377.908019,0,0,118640,433090,510
1750772378.067607,0,0,242250,902515,1535
1750772378.260726,0,0,183470,691735,1125
1750772378.461757,0,0,184085,673960,1065
1750772378.665135,0,0,207410,735535,1035
1750772378.865632,0,0,189660,684795,1260
1750772379.069893,0,0,171600,648905,1085
1750772379.26567,0,0,157935,599165,1150
1750772379.465811,0,0,168680,621760,1020
1750772379.668512,0,0,174475,621985,1150
1750772379.868958,0,0,186180,686590,1095
1750772380.069903,0,0,178070,673720,1170
1750772380.273577,0,0,170805,652665,1200
1750772380.474125,0,0,177220,649190,1335
1750772380.684257,0,0,189470,686370,1105
1750772380.875744,0,0,193130,703490,1230
1750772381.07811,0,0,186565,696690,1070
1750772381.277054,0,0,164240,618650,1190
1750772381.487285,0,0,175015,643460,1275
1750772381.904498,0,0,180805,654415,1135
1750772381.904498,0,0,180805,654415,1135
1750772382.100482,0,0,159835,604950,850
1750772382.294349,0,0,181775,689145,1105
1750772382.496323,0,0,197770,721705,1135
1750772382.698599,0,0,190185,683120,1180
1750772382.897267,0,0,189770,688455,1175
1750772383.097728,0,0,184835,708855,1090
1750772383.300484,0,0,182870,689665,1335
1750772383.501824,0,0,195585,719035,1070
1750772383.729023,0,0,195035,701505,1315
1750772383.939972,0,0,217340,788890,1090
1750772384.120512,0,0,193605,746730,1185
1750772384.320394,0,0,188105,717255,1105
1750772384.519764,0,0,206905,764055,1310
1750772384.719133,0,0,206565,746075,1180
1750772384.965541,0,0,224655,818850,1330
1750772385.138587,0,0,141295,535530,870
1750772385.33872,0,0,193115,741205,1050
1750772385.54087,0,0,188480,695280,1180
1750772385.74454,0,0,196410,707745,1080
1750772385.941657,0,0,185880,676320,1210
1750772386.142401,0,0,176750,664690,1065
1750772386.343877,0,0,182225,693470,1250
1750772386.543957,0,0,183210,676445,1300
1750772386.747027,0,0,180575,649785,1075
1750772386.949686,0,0,187130,680200,1000
1750772387.151339,0,0,164215,612630,1085
1750772387.351654,0,0,173330,652130,1055
1750772387.552457,0,0,173930,648985,1140
1750772387.7551,0,0,215750,779250,1245
1750772387.957219,0,0,215900,791365,1285
1750772388.160014,0,0,226460,860590,1445
1750772388.359174,0,0,202255,753385,1250
1750772388.556647,0,0,180430,644235,1235
1750772388.769729,0,0,86050,306980,550
1750772388.970191,0,0,229925,849095,1475
1750772389.179631,0,0,161165,611970,1105
1750772389.390068,0,0,171320,646125,1070
1750772389.577566,0,0,169745,619880,1220
1750772389.780696,0,0,179270,652780,1230
1750772389.98328,0,0,190405,700090,1210
1750772390.184802,0,0,191420,727645,930
1750772390.381103,0,0,172745,646430,1185
1750772390.584651,0,0,185770,683205,1205
1750772390.784676,0,0,177300,643180,1115
1750772390.990126,0,0,170270,631700,1175
1750772391.191587,0,0,183580,697680,1220
1750772391.387889,0,0,186810,695820,1075
1750772391.590963,0,0,192350,704310,1195
1750772391.792692,0,0,201225,735540,1065
1750772391.994152,0,0,187690,705415,1060
1750772392.191832,0,0,170130,644215,1095
1750772392.394505,0,0,207840,788010,1020
1750772392.598145,0,0,217855,794325,1295
1750772392.800941,0,0,209505,775160,1135
1750772393.001926,0,0,214035,799490,1180
1750772393.203414,0,0,211405,811420,1100
1750772393.409703,0,0,198295,751905,1160
1750772393.610084,0,0,212005,773710,1315
1750772393.811277,0,0,203235,733410,1185
1750772394.008685,0,0,187895,690420,1090
1750772394.214994,0,0,181855,687155,1165
1750772394.412766,0,0,189515,715725,1225
1750772394.625219,0,0,196945,714505,1165
1750772394.814103,0,0,180570,648530,1105
1750772395.017958,0,0,183455,671390,1190
1750772395.214976,0,0,169340,640715,1080
1750772395.419248,0,0,188765,711060,1105
1750772395.623088,0,0,185290,678825,1145
1750772395.825108,0,0,210335,771210,1180
1750772396.220031,0,0,174805,680025,1200
1750772396.421583,0,0,194510,725005,1095
1750772396.623746,0,0,193980,707825,970
1750772396.823977,0,0,197300,710565,1060
1750772397.029412,0,0,212780,779290,1110
1750772397.230962,0,0,207630,786895,1110
1750772397.431148,0,0,221470,841360,1075
1750772397.631092,0,0,229005,841175,1105
1750772397.830956,0,0,239515,864465,1130
1750772398.031625,0,0,212340,788405,1045
1750772398.235108,0,0,195480,747315,1180
1750772398.434819,0,0,210120,800535,975
1750772398.635283,0,0,221700,814755,1005
1750772398.835035,0,0,219775,802380,1160
1750772399.036497,0,0,228545,849680,1055
1750772399.238955,0,0,221400,851130,1210
1750772399.440417,0,0,203840,780960,1000
1750772399.641877,0,0,232755,837340,1190
1750772399.848758,0,0,236380,833185,1105
1750772400.047086,0,0,209755,771740,1230
1750772400.248736,0,0,212840,815430,1190
1750772400.448693,0,0,223585,837355,1120
1750772400.651559,0,0,222585,808080,1260
1750772400.84999,0,0,222445,810910,1030
1750772401.052526,0,0,218190,804675,1065
1750772401.249998,0,0,202750,775740,1155
1750772401.457443,0,0,200295,762265,1100
1750772401.653253,0,0,219740,801845,1115
1750772401.851014,0,0,216575,772350,1180
1750772402.052645,0,0,207795,772595,1105
1750772402.257064,0,0,225700,849780,1335
1750772402.455989,0,0,214490,804430,1315
1750772402.660593,0,0,262185,953505,1340
1750772402.86104,0,0,243985,887520,1275
1750772403.061894,0,0,211280,809615,1185
1750772403.261189,0,0,210700,803585,1035
1750772403.464468,0,0,223925,827125,1170
1750772403.66373,0,0,227815,815830,1190
1750772403.864195,0,0,214720,778015,1060
1750772404.065666,0,0,214275,811560,1170
1750772404.266661,0,0,224145,848510,1090
1750772404.467352,0,0,207300,771110,1235
1750772404.669999,0,0,215125,775700,1125
1750772404.869075,0,0,192155,701485,1140
1750772405.071181,0,0,199365,749605,1160
1750772405.271813,0,0,193760,738645,1120
1750772405.470763,0,0,195365,716785,1075
1750772405.671153,0,0,183825,656340,1110
1750772405.879551,0,0,209225,755750,1145
1750772406.076454,0,0,205745,780165,1120
1750772406.277753,0,0,196130,741165,1150
1750772406.479518,0,0,215150,789640,1300
1750772406.676571,0,0,210935,755960,1070
1750772406.877186,0,0,190490,697620,1135
1750772407.083771,0,0,205070,786915,1195
1750772407.28089,0,0,196915,746575,1105
1750772407.479995,0,0,203330,756290,960
1750772407.68316,0,0,205365,743020,1130
1750772407.884597,0,0,185880,675795,1125
1750772408.08371,0,0,175375,664085,1200
1750772408.289399,0,0,192770,729765,1150
1750772408.488221,0,0,201430,733295,1255
1750772408.686132,0,0,174735,616890,1065
1750772408.887121,0,0,183025,661465,1090
1750772409.091459,0,0,201980,761885,1025
1750772409.290375,0,0,195400,743770,1120
1750772409.492984,0,0,189385,702885,1275
1750772409.693803,0,0,191100,690890,1105
1750772409.896483,0,0,202525,733525,1165
1750772410.092784,0,0,185910,697935,1095
1750772410.296143,0,0,185815,719445,1205
1750772410.498663,0,0,200195,739485,1220
1750772410.698419,0,0,195705,713290,1160
1750772410.900381,0,0,197540,722390,1295
1750772411.099092,0,0,189935,725300,1070
1750772411.300031,0,0,206035,793335,1190
1750772411.499944,0,0,175280,645805,1120
1750772411.704562,0,0,195560,699935,1130
1750772411.90277,0,0,185200,670960,1105
1750772412.106754,0,0,180740,678485,1115
1750772412.307119,0,0,186595,715030,1150
1750772412.506489,0,0,180920,681315,1175
1750772412.709176,0,0,187210,674995,1210
1750772412.917938,0,0,186605,681735,1225
1750772413.121581,0,0,181665,682570,1025
1750772413.314963,0,0,203120,768675,1090
1750772413.517452,0,0,213550,784140,1020
1750772413.718312,0,0,209640,744200,1210
1750772413.919513,0,0,223540,803510,1185
1750772414.123938,0,0,212670,816105,1305
1750772414.332482,0,0,209910,809205,1125
1750772414.525065,0,0,223845,827860,1125
1750772414.736406,0,0,210985,760205,1080
1750772414.932045,0,0,186675,680665,995
1750772415.129036,0,0,194575,733480,1165
1750772415.328486,0,0,178210,674175,1190
1750772415.532053,0,0,183400,678345,1050
1750772415.933583,0,0,192600,700365,1200
1750772416.130298,0,0,182160,687935,1315
1750772416.332872,0,0,198560,759010,1165
1750772416.533835,0,0,205480,758350,1060
1750772416.735886,0,0,206395,742010,1110
1750772416.937069,0,0,201845,728000,1220
1750772417.173938,0,0,215400,814710,1200
1750772417.348471,0,0,224080,844735,1235
1750772417.568938,0,0,245970,902800,1235
1750772417.805308,0,0,237500,852275,1190
1750772417.943936,0,0,180055,656025,900
1750772418.145396,0,0,195365,737645,1130
1750772418.343865,0,0,192955,715525,1055
1750772418.547321,0,0,188235,700455,1170
1750772418.748782,0,0,194695,700125,1190
1750772418.949758,0,0,191755,705375,1340
1750772419.149224,0,0,183680,700815,1060
1750772419.35219,0,0,186815,710335,1315
1750772419.590061,0,0,194840,724050,1105
1750772419.782571,0,0,222435,796540,1270
1750772419.975087,0,0,190670,702355,1140
1750772420.179051,0,0,200505,765605,1240
1750772420.380519,0,0,215795,808875,1105
1750772420.583954,0,0,224605,819080,1155
1750772420.785691,0,0,227895,814515,1195
1750772420.990651,0,0,216735,795045,1080
1750772421.185771,0,0,185025,700335,1425
1750772421.385709,0,0,183225,680225,1195
1750772421.586171,0,0,193330,702650,1260
1750772421.785129,0,0,184840,664385,1270
1750772421.99103,0,0,186275,690710,1190
1750772422.192765,0,0,196195,737360,1200
1750772422.392107,0,0,204320,766865,1085
1750772422.593766,0,0,230100,838125,1215
1750772422.795935,0,0,233895,834275,1265
1750772422.995633,0,0,229610,847370,1070
1750772423.229738,0,0,206305,780225,1115
1750772423.411144,0,0,197810,749900,1190
1750772423.625918,0,0,209290,762460,1135
1750772423.818403,0,0,214810,783370,1145
1750772424.011885,0,0,204480,756205,1130
1750772424.220327,0,0,180405,684985,1100
1750772424.414821,0,0,182655,686330,1195
1750772424.631242,0,0,187485,682045,1265
1750772424.848172,0,0,194790,708805,1020
1750772425.044356,0,0,174310,653345,1320
1750772425.246813,0,0,173445,658595,1240
1750772425.44628,0,0,181400,690015,1225
1750772425.647938,0,0,185855,680770,1095
1750772425.85008,0,0,192060,685600,1125
1750772426.054082,0,0,194285,721570,1065
1750772426.253102,0,0,202740,769095,1050
1750772426.454632,0,0,200810,755570,1130
1750772426.654514,0,0,202885,735505,1285
1750772426.855261,0,0,205775,735150,1205
1750772427.056859,0,0,226950,830810,1220
1750772427.2575,0,0,223410,836110,1305
1750772427.46785,0,0,248475,908120,1395
1750772427.671563,0,0,228945,821615,1040
1750772427.863986,0,0,223705,816955,1105
1750772428.065377,0,0,215455,809280,1035
1750772428.267492,0,0,204455,769220,1055
1750772428.470948,0,0,205475,756425,1145
1750772428.674403,0,0,213155,764065,1200
1750772428.87387,0,0,207705,755920,1265
1750772429.072108,0,0,183410,688485,1355
1750772429.271957,0,0,185115,704800,1175
1750772429.471708,0,0,190905,711270,1215
1750772429.712243,0,0,171290,616810,905
1750772429.890064,0,0,183290,672275,1090
1750772430.095041,0,0,176785,671780,1315
1750772430.490789,0,0,193280,743425,1125
1750772430.55761,0,0,100345,374540,490
1750772430.743609,0,0,133760,480350,865
1750772430.945128,0,0,196105,706030,1255
1750772431.147682,0,0,202295,761465,1125
1750772431.34685,0,0,194500,732250,1240
1750772431.55095,0,0,193645,700055,1080
1750772431.752917,0,0,216000,768590,1210
1750772431.953007,0,0,212395,771730,1060
1750772432.284121,0,0,192955,715380,1200
1750772432.393339,0,0,171210,638935,1005
1750772432.648165,0,0,265490,944685,1315
1750772432.802779,0,0,199655,710735,995
1750772432.997276,0,0,192110,701115,940
1750772433.188766,0,0,176235,662105,1090
1750772433.390227,0,0,182660,682220,995
1750772433.390227,0,0,182660,682220,995
1750772433.794146,0,0,186510,657820,1250
1750772433.996275,0,0,188970,689980,1070
1750772434.193989,0,0,182580,687815,1015
1750772434.398139,0,0,191025,711635,1345
1750772434.599769,0,0,208710,743970,1135
1750772434.7996,0,0,211975,754290,1085
1750772435.003057,0,0,211900,779515,1150
1750772435.20549,0,0,206890,790220,990
1750772435.405471,0,0,210170,784990,1095
1750772435.603941,0,0,218540,787585,1195
1750772435.809544,0,0,234920,831380,1295
1750772436.013236,0,0,218935,803790,1205
1750772436.214192,0,0,218795,829200,1150
1750772436.412976,0,0,219890,819985,1275
1750772436.612036,0,0,233700,837160,1035
1750772436.81724,0,0,228940,821050,1000
1750772437.014722,0,0,227370,835905,1245
1750772437.220729,0,0,212715,796630,1055
1750772437.423933,0,0,211760,781560,1090
1750772437.620402,0,0,223760,809490,1130
1750772437.823963,0,0,215885,767515,1170
1750772438.019446,0,0,214115,782790,1195
1750772438.223173,0,0,200235,755990,1285
1750772438.427905,0,0,193660,730740,1130
1750772438.624007,0,0,212070,769425,1225
1750772438.830052,0,0,188610,681200,985
1750772439.029145,0,0,189380,705515,1115
1750772439.26878,0,0,197675,742155,1075
1750772439.446327,0,0,160345,589085,835
1750772439.637813,0,0,216585,768670,1155
1750772439.84426,0,0,226250,807620,1130
1750772440.045229,0,0,215200,792800,1170
1750772440.242873,0,0,201355,760060,1015
1750772440.440236,0,0,202650,748155,1165
1750772440.64217,0,0,207355,749620,1150
1750772440.845005,0,0,204405,722470,1115
1750772441.045081,0,0,208065,775995,1125
1750772441.246215,0,0,196265,740400,1165
1750772441.44399,0,0,185120,701900,990
1750772441.646428,0,0,209470,747560,1095
1750772441.844857,0,0,183285,649440,1170
1750772442.048583,0,0,185085,686485,1070
1750772442.251446,0,0,180030,685305,1155
1750772442.449052,0,0,204275,766945,1045
1750772442.650803,0,0,209470,762995,1035
1750772442.852217,0,0,211990,765280,1150
1750772443.054634,0,0,217495,813810,1235
1750772443.257039,0,0,215645,829925,1115
1750772443.466077,0,0,279275,1050135,1390
1750772443.656967,0,0,200595,705495,995
1750772443.860462,0,0,235810,843375,1320
1750772444.061953,0,0,245785,918230,1355
1750772444.262109,0,0,220765,829400,1435
1750772444.473071,0,0,212675,782390,1190
1750772444.679519,0,0,207340,737310,1175
1750772444.868032,0,0,111220,399840,595
1750772445.074481,0,0,205650,775150,1295
1750772445.27645,0,0,164220,615695,1090
1750772445.476189,0,0,151705,555660,1070
1750772445.676442,0,0,171305,605405,1220
1750772445.878918,0,0,173760,628180,1200
1750772446.086129,0,0,162675,618460,1100
1750772446.2836,0,0,171055,648165,1145
1750772446.481259,0,0,167830,623065,1180
1750772446.687707,0,0,156365,575595,1075
1750772446.881189,0,0,153130,556595,1165
1750772447.087636,0,0,133400,506840,1160
1750772447.286106,0,0,141950,535740,1225
1750772447.49056,0,0,148175,543185,1085
1750772447.688925,0,0,154330,551675,1200
1750772447.889934,0,0,180805,654400,1145
1750772448.092188,0,0,179740,673870,1195
1750772448.291698,0,0,180090,677915,1105
1750772448.494099,0,0,190530,705470,1240
1750772448.70021,0,0,214240,764855,1170
1750772448.897079,0,0,219710,795795,1040
1750772449.097094,0,0,220390,829455,1145
1750772449.298052,0,0,213195,808300,1205
1750772449.497264,0,0,168755,616650,1135
1750772449.697845,0,0,172355,622260,1150
1750772449.905275,0,0,205440,749125,1095
1750772450.104221,0,0,191445,721790,1225
1750772450.302536,0,0,181925,689040,1060
1750772450.505023,0,0,218710,804115,1105
1750772450.709709,0,0,222995,798510,1195
1750772450.90427,0,0,185305,674495,1150
1750772451.115559,0,0,193740,729440,1120
1750772451.313999,0,0,165805,623145,1280
1750772451.505934,0,0,184180,686865,980
1750772451.713303,0,0,205370,739900,1170
1750772451.914764,0,0,193760,701725,1135
1750772452.124203,0,0,198545,750585,1000
1750772452.31669,0,0,177770,673510,1075
1750772452.520104,0,0,207510,762395,1135
1750772452.724735,0,0,210080,757905,1205
1750772452.922614,0,0,210415,766430,960
1750772453.123088,0,0,223985,843005,1220
1750772453.3283,0,0,214770,797515,1190
1750772453.744492,0,0,215665,777595,1145
1750772453.744492,0,0,215665,777595,1145
1750772453.944465,0,0,155795,572185,760
1750772454.144928,0,0,201290,769315,1050
1750772454.345392,0,0,202260,769475,1150
1750772454.548384,0,0,205800,760405,1145
1750772454.749066,0,0,222340,790685,1060
1750772454.969848,0,0,230210,833195,1115
1750772455.156229,0,0,210540,786430,1130
1750772455.356885,0,0,196205,738445,1335
1750772455.556351,0,0,207620,765385,1110
1750772455.757812,0,0,218290,788370,1275
1750772455.963263,0,0,222710,813605,1145
1750772456.355782,0,0,196870,743470,1180
1750772456.556132,0,0,197470,734390,1050
1750772456.752336,0,0,187450,683600,970
1750772456.961949,0,0,201090,744715,1245
1750772457.158437,0,0,210450,801040,1365
1750772457.36097,0,0,205120,768775,1435
1750772457.562918,0,0,198555,719035,1175
1750772457.772911,0,0,199150,718430,1185
1750772457.963401,0,0,193225,720045,1190
1750772458.16187,0,0,166565,628625,1185
1750772458.370821,0,0,179580,667400,1060
1750772458.564182,0,0,170270,619395,1180
1750772458.770041,0,0,177280,641420,1050
1750772458.969921,0,0,192780,720540,1140
1750772459.170733,0,0,182510,698740,1225
1750772459.372967,0,0,183570,697035,1260
1750772459.575007,0,0,211910,779520,1135
1750772459.773193,0,0,202730,732060,1195
1750772459.977737,0,0,207190,773850,1070
1750772460.1783,0,0,197895,759600,1240
1750772460.377735,0,0,193835,745245,1210
1750772460.578199,0,0,199490,722910,1285
1750772460.777665,0,0,220305,792150,1020
1750772460.994086,0,0,212900,786015,1030
1750772461.184251,0,0,210550,793210,1100
1750772461.380942,0,0,200895,744990,1170
1750772461.586879,0,0,203850,724890,1095
1750772461.782974,0,0,194880,693965,1015
1750772461.985098,0,0,187380,688355,1210
1750772462.183164,0,0,174560,661895,1125
1750772462.384665,0,0,176525,666525,1300
1750772462.586173,0,0,182020,648840,1190
1750772462.785089,0,0,182925,657710,1255
1750772462.990582,0,0,169390,626390,1215
1750772463.192912,0,0,164735,629315,1095
1750772463.39254,0,0,184775,689030,1295
1750772463.590206,0,0,182755,659875,1105
1750772463.793663,0,0,208295,755400,1195
1750772463.997117,0,0,195940,727830,1145
1750772464.196357,0,0,182455,693940,1160
1750772464.447672,0,0,202785,761505,1215
1750772464.624199,0,0,204785,726940,1185
1750772464.818708,0,0,204870,739155,1185
1750772465.018027,0,0,188465,707610,1160
1750772465.220065,0,0,181955,695170,1050
1750772465.418534,0,0,184005,691810,1130
1750772465.631477,0,0,206610,743620,1130
1750772465.825957,0,0,215945,778560,1135
1750772466.02642,0,0,216780,809730,1105
1750772466.226884,0,0,203205,780925,1055
1750772466.431356,0,0,203770,762345,1235
1750772466.626833,0,0,215245,773035,1210
1750772466.827265,0,0,212220,764985,1215
1750772467.028109,0,0,203670,768665,1160
1750772467.231566,0,0,201530,770255,1100
1750772467.432383,0,0,225450,852110,1105
1750772467.640355,0,0,229740,827990,1255
1750772467.836918,0,0,225710,819185,1175
1750772468.036127,0,0,211170,787090,1065
1750772468.240134,0,0,206270,783305,1145
1750772468.4396,0,0,189705,713720,1195
1750772468.63807,0,0,201730,719565,1160
1750772468.840528,0,0,196690,693845,1170
1750772469.044429,0,0,179015,658580,1215
1750772469.244914,0,0,161645,610170,1195
1750772469.445428,0,0,161765,605970,970
1750772469.644887,0,0,182945,656975,1355
1750772469.846367,0,0,193500,687250,1115
1750772470.049754,0,0,195620,718300,1150
1750772470.250566,0,0,195290,736380,1240
1750772470.45083,0,0,200505,751000,1085
1750772470.6541,0,0,209615,746005,1275
1750772470.852785,0,0,209145,744175,1115
1750772471.05184,0,0,196650,733910,1115
1750772471.254305,0,0,177325,678160,1165
1750772471.457481,0,0,189945,711590,1240
1750772471.657135,0,0,197215,711135,1190
1750772471.857929,0,0,213865,765290,1105
1750772472.0584,0,0,201095,750325,1170
1750772472.260523,0,0,223755,847420,1330
1750772472.462505,0,0,234245,851555,1465
1750772472.661205,0,0,208500,741040,1200
1750772472.864647,0,0,214800,776020,1130
1750772473.06409,0,0,183160,696380,1095
1750772473.268886,0,0,195555,733145,1135
1750772473.46693,0,0,203530,742860,1275
1750772473.881819,0,0,181950,654695,945
1750772473.881819,0,0,181950,654695,945
1750772474.072694,0,0,169910,645230,925
1750772474.274426,0,0,189780,715505,1180
1750772474.473367,0,0,202555,746495,1075
1750772474.674524,0,0,190940,680635,1065
1750772474.882138,0,0,198335,719280,1150
1750772475.089932,0,0,198430,739495,1135
1750772475.334279,0,0,186265,719645,1170
1750772475.524768,0,0,170300,647630,1205
1750772475.728421,0,0,190180,689885,1185
1750772475.928087,0,0,184755,685445,1210
1750772476.13046,0,0,199615,758565,1175
1750772476.333318,0,0,180210,678940,1190
1750772476.534266,0,0,169825,624090,1230
1750772476.732542,0,0,168860,610425,1105
1750772476.936637,0,0,164300,598295,1190
1750772477.139704,0,0,155320,588930,1085
1750772477.338135,0,0,158460,594960,1135
1750772477.537967,0,0,164080,599735,1200
1750772477.745289,0,0,167305,596610,1100
1750772477.938883,0,0,163975,596170,1180
1750772478.143974,0,0,163535,618790,1140
1750772478.34752,0,0,174780,646420,1005
1750772478.546664,0,0,183155,669365,1055
1750772478.750009,0,0,204130,726365,1185
1750772478.950096,0,0,204765,747215,1225
1750772479.151908,0,0,200220,748695,1215
1750772479.354156,0,0,208380,783710,1085
1750772479.558942,0,0,218115,798565,1100
1750772479.762479,0,0,213545,761805,1225
1750772479.954025,0,0,200510,731930,1085
1750772480.161864,0,0,245950,936185,1070
1750772480.360899,0,0,212680,805665,1270
1750772480.56204,0,0,218305,795190,1210
1750772480.763146,0,0,219200,792985,1280
1750772480.973583,0,0,183905,692635,1020
1750772481.173049,0,0,183720,702595,1085
1750772481.372516,0,0,187435,702660,995
1750772481.577252,0,0,206330,739575,1150
1750772481.782268,0,0,202430,721395,1085
1750772481.982636,0,0,192355,714740,1215
1750772482.183956,0,0,178000,676905,1130
1750772482.387871,0,0,191195,716160,955
1750772482.588044,0,0,200685,722545,1070
1750772482.791817,0,0,204470,737280,995
1750772482.99929,0,0,203880,756265,1055
1750772483.199247,0,0,201525,768480,1035
1750772483.403209,0,0,206135,770565,1105
1750772483.595855,0,0,202125,733825,1265
1750772483.799818,0,0,200935,733265,1165
1750772484.196272,0,0,194240,740555,1190
1750772484.399722,0,0,203225,770340,1165
1750772484.600784,0,0,209295,751410,1110
1750772484.600784,0,0,209295,751410,1110
1750772484.8046,0,0,206170,740325,1170
1750772485.203999,0,0,189740,731460,1255
1750772485.40505,0,0,202430,761940,1135
1750772485.607824,0,0,205485,744065,1195
1750772485.805651,0,0,201070,720175,1205
1750772486.011096,0,0,191535,716775,1230
1750772486.240248,0,0,171795,659360,895
1750772486.458685,0,0,126260,477320,930
1750772486.458685,0,0,126260,477320,930
1750772486.655074,0,0,152430,547795,835
1750772486.860233,0,0,227095,828550,1485
1750772487.062131,0,0,199475,761575,1375
1750772487.26219,0,0,190265,720660,1070
1750772487.470517,0,0,202575,744540,1170
1750772487.667287,0,0,196135,701790,1160
1750772487.876055,0,0,207245,753410,1160
1750772488.074077,0,0,205825,783660,1235
1750772488.274011,0,0,200885,756645,1205
1750772488.474069,0,0,206200,763085,1140
1750772488.676,0,0,206260,745845,1100
1750772488.876541,0,0,198445,724855,1000
1750772489.07729,0,0,186380,706735,1045
1750772489.475073,0,0,197205,713085,1095
1750772489.678639,0,0,202950,725600,1285
1750772489.877735,0,0,191085,698375,1015
1750772490.079149,0,0,195335,740195,1065
1750772490.283104,0,0,212705,805805,1115
1750772490.481311,0,0,202165,744885,1235
1750772490.684671,0,0,214290,773390,1195
1750772490.883465,0,0,198720,719505,1155
1750772491.085219,0,0,203995,770805,1155
1750772491.284218,0,0,199590,755625,1065
1750772491.4913,0,0,224860,815200,1090
1750772491.690484,0,0,227205,808575,1065
1750772491.887957,0,0,201005,741175,1185
1750772492.091057,0,0,194550,723135,1075
1750772492.288912,0,0,178385,660000,1045
1750772492.492367,0,0,188140,689460,1190
1750772492.690706,0,0,191515,682510,1075
1750772492.892167,0,0,181460,669735,1150
1750772493.09263,0,0,182405,689850,995
1750772493.292098,0,0,177660,681580,1100
1750772493.49721,0,0,209135,766840,1215
1750772493.699518,0,0,219490,787855,1210
1750772493.899849,0,0,217155,793355,1120
1750772494.101088,0,0,193075,730095,1125
1750772494.30121,0,0,210400,790880,1125
1750772494.504143,0,0,214865,772235,1160
1750772494.704011,0,0,235220,831235,1140
1750772494.908097,0,0,183485,659240,1010
1750772495.101779,0,0,110950,423475,1190
1750772495.325182,0,0,152480,573840,1180
1750772495.550586,0,0,143920,519900,960
1750772495.752548,0,0,152090,543775,890
1750772495.953521,0,0,178285,659455,1075
1750772496.149506,0,0,172130,657685,1005
1750772496.348508,0,0,197370,754110,1110
1750772496.553619,0,0,199860,728860,1115
1750772496.752797,0,0,208490,749150,1100
1750772496.951619,0,0,215975,788450,1055
1750772497.151618,0,0,193280,734735,1200
1750772497.354077,0,0,206125,777930,1130
1750772497.556773,0,0,209825,760055,1160
1750772497.757237,0,0,235090,843730,1075
1750772497.959226,0,0,213935,790980,1175
1750772498.15969,0,0,240685,923425,1265
1750772498.364143,0,0,232710,896360,1250
1750772498.566601,0,0,248115,889680,1135
1750772498.762079,0,0,248940,893580,1330
1750772498.961545,0,0,205255,767545,1315
1750772499.165998,0,0,238545,901545,1300
1750772499.361475,0,0,196120,736695,1325
1750772499.563933,0,0,202240,720945,1110
1750772499.768386,0,0,193145,687615,1105
1750772499.967603,0,0,177390,665775,1185
1750772500.171058,0,0,189200,710015,1100
1750772500.371545,0,0,190500,702595,1065
1750772500.571012,0,0,202780,722810,1170
1750772500.778457,0,0,211605,757590,1230
1750772500.971939,0,0,185145,696225,1110
1750772501.175395,0,0,175480,667255,1000
1750772501.376856,0,0,185490,685360,1170
1750772501.577244,0,0,187645,674050,1105
1750772501.779222,0,0,181645,647955,1220
1750772501.97838,0,0,177435,664550,1135
1750772502.221113,0,0,181190,695075,1295
1750772502.390188,0,0,169100,641685,970
1750772502.599628,0,0,208945,755980,1195
1750772502.786917,0,0,200415,725185,1160
1750772502.993365,0,0,200960,760915,1170
1750772503.191342,0,0,188570,720340,1245
1750772503.392534,0,0,206265,778825,1320
1750772503.591192,0,0,174725,631685,1040
1750772503.786177,0,0,85350,305720,1255
1750772503.993812,0,0,183345,690510,1245
1750772504.19564,0,0,203920,770235,1190
1750772504.400872,0,0,223400,820155,1280
1750772504.594609,0,0,177385,636925,1135
1750772504.800353,0,0,194910,703120,1055
1750772504.999852,0,0,179380,682315,1105
1750772505.197407,0,0,176400,674785,1160
1750772505.399421,0,0,174140,655600,1075
1750772505.600405,0,0,183060,654540,1215
1750772505.802451,0,0,191885,694990,1140
1750772506.000742,0,0,188175,711720,1035
1750772506.203939,0,0,185725,712690,1285
1750772506.406493,0,0,203180,769875,1055
1750772506.607958,0,0,215245,777415,1135
1750772506.815307,0,0,215015,775295,1025
1750772507.009077,0,0,202500,759935,1225
1750772507.210312,0,0,190445,721015,1155
1750772507.412779,0,0,185680,695595,1200
1750772507.612246,0,0,181885,663095,1215
1750772507.815341,0,0,194435,701485,1320
1750772508.028785,0,0,174095,667380,1030
1750772508.217723,0,0,163750,634020,1070
1750772508.42199,0,0,170575,659690,1165
1750772508.824757,0,0,196470,709510,1100
1750772509.024873,0,0,199035,759210,1110
1750772509.024873,0,0,199035,759210,1110
1750772509.428117,0,0,199655,739675,955
1750772509.626586,0,0,209350,754975,1180
1750772509.828664,0,0,211985,760355,1160
1750772510.029534,0,0,204060,776285,1150
1750772510.22931,0,0,205560,779705,1150
1750772510.436272,0,0,195715,739545,1335
1750772510.636536,0,0,198580,720910,1120
1750772510.83301,0,0,196670,712315,1170
1750772511.031479,0,0,188610,714775,1235
1750772511.231744,0,0,188165,711480,1285
1750772511.434056,0,0,198545,743210,990
1750772511.635765,0,0,195030,701585,1240
1750772511.840288,0,0,210650,770345,1115
1750772512.037404,0,0,197390,751610,1130
1750772512.238413,0,0,175385,672705,1180
1750772512.441277,0,0,189220,712925,1240
1750772512.642337,0,0,201130,728355,965
1750772512.84201,0,0,197245,730255,1105
1750772513.044823,0,0,190860,738445,1145
1750772513.242549,0,0,189330,740510,1220
1750772513.442499,0,0,196825,755960,1035
1750772513.647832,0,0,194315,717195,1105
1750772513.84724,0,0,204320,740350,1155
1750772514.050248,0,0,186195,716635,1175
1750772514.251709,0,0,188995,716790,1290
1750772514.450179,0,0,180705,678380,1255
1750772514.652638,0,0,201625,720950,1110
1750772514.856094,0,0,206765,749105,1025
1750772515.056557,0,0,170765,652715,1190
1750772515.261211,0,0,173815,670590,1170
1750772515.461084,0,0,218940,811565,1410
1750772515.661959,0,0,201395,721570,1325
1750772515.905224,0,0,196790,717650,1245
1750772516.06394,0,0,170305,653280,1085
1750772516.266025,0,0,175195,670510,1105
1750772516.469557,0,0,186355,687550,1195
1750772516.671945,0,0,199710,721745,995
1750772516.875619,0,0,184190,688640,1040
1750772517.066942,0,0,166450,652715,1200
1750772517.269771,0,0,175125,679805,1105
1750772517.468849,0,0,175685,640430,1175
1750772517.668987,0,0,178835,656430,1085
1750772517.87084,0,0,177135,642665,1180
1750772518.075445,0,0,183625,691765,940
1750772518.27384,0,0,180735,679730,1105
1750772518.474011,0,0,184505,666625,1215
1750772518.675967,0,0,174380,628965,1025
1750772518.873948,0,0,177775,656895,1070
1750772519.077787,0,0,175585,674920,1225
1750772519.283187,0,0,190635,721480,1115
1750772519.481897,0,0,199090,731530,1060
1750772519.679668,0,0,183960,657395,1145
1750772519.881989,0,0,190105,698565,1190
1750772520.085242,0,0,179485,691435,1105
1750772520.284127,0,0,171225,662095,1190
1750772520.487918,0,0,183540,681175,1160
1750772520.699955,0,0,182750,658100,1035
1750772520.889902,0,0,175450,648020,1200
1750772521.089988,0,0,180400,699115,1120
1750772521.290451,0,0,193110,731835,1200
1750772521.489917,0,0,200170,729130,1150
1750772521.692252,0,0,209245,753930,1095
1750772521.890751,0,0,205305,749320,1040
1750772522.095913,0,0,203715,777210,1185
1750772522.296377,0,0,205630,783435,1040
1750772522.514793,0,0,228970,826400,1155
1750772522.6983,0,0,226370,812990,1170
1750772522.903268,0,0,226765,840335,1110
1750772523.097747,0,0,201715,766960,1135
1750772523.299209,0,0,197380,754050,1160
1750772523.510644,0,0,172580,620375,970
1750772523.704798,0,0,199645,712450,1130
1750772523.905063,0,0,186065,691580,1145
1750772524.105037,0,0,196810,752260,1060
1750772524.315304,0,0,211685,794535,1105
1750772524.508222,0,0,221755,800940,1235
1750772524.709548,0,0,214370,765945,1175
1750772524.910771,0,0,215590,793170,1025
1750772525.114661,0,0,199860,765800,1075
1750772525.315577,0,0,195380,734565,1120
1750772525.516244,0,0,184485,669755,1175
1750772525.716552,0,0,198455,709365,1105
1750772525.913301,0,0,207610,763540,1120
1750772526.120917,0,0,200070,773380,1280
1750772526.320287,0,0,198885,753050,1270
1750772526.539658,0,0,208635,749410,1305
1750772526.744617,0,0,203410,724135,1060
1750772526.93462,0,0,193300,717685,1015
1750772527.138541,0,0,189935,726485,1115
1750772527.55645,0,0,200645,736200,980
1750772527.55645,0,0,200645,736200,980
1750772527.759911,0,0,205905,743685,1155
1750772527.960369,0,0,184315,689610,1175
1750772528.156844,0,0,176640,670830,1185
1750772528.60365,0,0,197725,724285,1055
1750772528.60365,0,0,197725,724285,1055
1750772528.81411,0,0,245775,894980,1255
1750772529.008589,0,0,200995,758520,1065
1750772529.216055,0,0,210860,806290,1245
1750772529.44943,0,0,219275,809045,1145
1750772529.617978,0,0,217220,774140,1205
1750772529.818953,0,0,192145,692395,1015
1750772530.023405,0,0,194985,736175,1130
1750772530.218881,0,0,189365,715155,1330
1750772530.419346,0,0,180175,672335,1065
1750772530.620735,0,0,196890,701730,1080
1750772530.819247,0,0,174440,629530,1020
1750772531.024057,0,0,175080,660255,1015
1750772531.227301,0,0,195240,734700,1125
1750772531.425769,0,0,207595,773430,1085
1750772531.647177,0,0,218175,775740,1110
1750772532.069049,0,0,210075,788725,1140
1750772532.069049,0,0,210075,788725,1140
1750772532.259541,0,0,133660,501595,625
1750772532.47248,0,0,297540,1081020,1435
1750772532.66248,0,0,185070,669340,1010
1750772532.874421,0,0,184640,689315,1145
1750772533.0689,0,0,189375,717890,1045
1750772533.277343,0,0,201210,754475,1210
1750772533.470374,0,0,210915,762715,1095
1750772533.670838,0,0,212960,764385,1075
1750772533.872299,0,0,197595,729840,1170
1750772534.075755,0,0,188625,717365,1090
1750772534.281205,0,0,174665,664195,1185
1750772534.474612,0,0,189950,691990,1150
1750772534.677071,0,0,193510,699990,1280
1750772534.875539,0,0,194915,722100,1135
1750772535.07821,0,0,198020,766250,1235
1750772535.279671,0,0,196105,746105,1155
1750772535.481133,0,0,175565,657645,1295
1750772535.680598,0,0,173980,630460,1165
1750772535.88269,0,0,197405,726975,1150
1750772536.087011,0,0,197585,751535,1010
1750772536.286984,0,0,211275,799840,1130
1750772536.489548,0,0,206680,743560,1115
1750772536.688925,0,0,199440,702165,1170
1750772536.893818,0,0,186075,691645,1070
1750772537.090567,0,0,195420,748010,1165
1750772537.289481,0,0,201595,762725,1180
1750772537.491126,0,0,221785,799250,1050
1750772537.694047,0,0,228585,809005,1100
1750772537.897687,0,0,205180,754475,930
1750772538.110653,0,0,186095,708110,1190
1750772538.297365,0,0,180290,671550,1115
1750772538.498745,0,0,180200,646355,1190
1750772538.698869,0,0,195580,701120,1155
1750772538.908787,0,0,201090,744215,1135
1750772539.105481,0,0,202910,773215,1065
1750772539.309089,0,0,210615,792510,1120
1750772539.514891,0,0,210460,764320,1180
1750772539.708782,0,0,206885,754445,1100
1750772539.907965,0,0,186970,687565,1180
1750772540.107068,0,0,167630,643630,1110
1750772540.31956,0,0,181335,682130,1175
1750772540.511891,0,0,185680,662380,1210
1750772540.912248,0,0,189045,695945,1180
1750772541.113788,0,0,191085,729670,1085
1750772541.315234,0,0,197265,748565,1220
1750772541.315234,0,0,197265,748565,1220
1750772541.716644,0,0,199420,702905,1065
1750772541.917894,0,0,155010,568265,1150
1750772542.11319,0,0,67275,247655,1135
1750772542.314947,0,0,111045,412345,1155
1750772542.520999,0,0,172560,625765,1130
1750772542.720489,0,0,154700,557465,1190
1750772542.922945,0,0,191210,709140,1195
1750772543.125215,0,0,177475,673700,1170
1750772543.331904,0,0,205075,771010,1100
1750772543.528001,0,0,206510,746140,1170
1750772543.733805,0,0,226140,819935,1225
1750772543.933398,0,0,204825,761400,1125
1750772544.134053,0,0,210425,789015,1120
1750772544.343356,0,0,203385,770095,1245
1750772544.545836,0,0,194630,708870,1120
1750772544.746547,0,0,184040,675140,1160
1750772544.956984,0,0,180500,684870,1120
1750772545.142133,0,0,178110,678145,1010
1750772545.346694,0,0,183010,690720,1365
1750772545.545392,0,0,176940,647785,1175
1750772545.745746,0,0,169660,615140,1125
1750772545.945668,0,0,176530,663605,1140
1750772546.145126,0,0,172945,660410,1155
1750772546.347087,0,0,184815,700970,995
1750772546.548042,0,0,186640,686100,1130
1750772546.751019,0,0,184980,665580,1170
1750772546.951606,0,0,180270,662310,1155
1750772547.153312,0,0,196195,748305,1330
1750772547.360922,0,0,204040,778040,1255
1750772547.559899,0,0,220795,809380,1135
1750772547.755377,0,0,207955,759995,1245
1750772547.954956,0,0,210270,790705,1430
1750772548.278966,0,0,196570,744975,1205
1750772548.429583,0,0,335355,1261790,1785
1750772548.582174,0,0,222185,793185,1175
1750772548.7801,0,0,211050,773540,1210
1750772548.983087,0,0,221260,835910,1200
1750772549.182982,0,0,202875,783140,1015
1750772549.383311,0,0,190945,707580,1175
1750772549.588376,0,0,193090,687555,1215
1750772549.781493,0,0,131385,481095,1245
1750772549.981203,0,0,104440,390040,1165
1750772550.187747,0,0,196280,743355,1270
1750772550.386158,0,0,197365,725210,1110
1750772550.623696,0,0,197235,710440,1245
1750772550.822669,0,0,163025,600370,1015
1750772551.013879,0,0,180800,687640,1125
1750772551.221166,0,0,186970,721975,1210
1750772551.416147,0,0,179140,670160,1200
1750772551.618789,0,0,175475,637675,1060
1750772551.81985,0,0,179645,659435,965
1750772552.08442,0,0,186120,701780,1345
1750772552.250483,0,0,138475,526570,965
1750772552.435958,0,0,194430,710905,1130
1750772552.637997,0,0,194370,707905,1110
1750772552.835468,0,0,190605,694450,1115
1750772553.033937,0,0,188720,714715,1185
1750772553.236395,0,0,191670,732790,1070
1750772553.440833,0,0,210580,778270,1255
1750772553.650443,0,0,208585,756995,1150
1750772553.86487,0,0,203335,751350,980
1750772554.060686,0,0,190480,724220,995
1750772554.258946,0,0,198850,760620,1115
1750772554.457002,0,0,204055,754630,1285
1750772554.657117,0,0,206080,738565,1175
1750772554.859625,0,0,207905,758825,1235
1750772555.059699,0,0,187495,718410,1170
1750772555.264951,0,0,207440,798540,1340
1750772555.465097,0,0,230795,852645,1365
1750772555.663677,0,0,199690,719745,1175
1750772555.863144,0,0,198260,735925,1180
1750772556.061129,0,0,186150,713000,1160
1750772556.26259,0,0,191055,733955,1135
1750772556.468186,0,0,195100,706525,1150
1750772556.667978,0,0,203810,745195,1125
1750772556.871284,0,0,186660,697100,1180
1750772557.0678,0,0,193805,737395,1090
1750772557.27296,0,0,215755,810640,1225
1750772557.471275,0,0,210320,752370,970
1750772557.675949,0,0,220705,797775,1145
1750772557.878551,0,0,206075,773070,1120
1750772558.077816,0,0,190690,722565,1200
1750772558.277282,0,0,192590,726265,1140
1750772558.477473,0,0,194600,697125,1210
1750772558.678608,0,0,197385,706210,1025
1750772558.881533,0,0,196090,732110,1020
1750772559.082072,0,0,188405,713160,1205
1750772559.281941,0,0,207450,781665,990
1750772559.483684,0,0,211265,763555,1140
1750772559.685624,0,0,210795,775645,1205
1750772559.890032,0,0,191385,731805,1110
1750772560.087681,0,0,181605,719440,1110
1750772560.285773,0,0,174755,672760,1140
1750772560.487943,0,0,181780,666275,1215
1750772560.688846,0,0,187720,678235,1150
1750772560.889101,0,0,180020,667050,965
1750772561.092619,0,0,191270,728235,1105
1750772561.295998,0,0,200600,763290,1000
1750772561.496203,0,0,226650,817635,1170
1750772561.704646,0,0,217655,788455,1215
1750772561.894876,0,0,210745,783090,1185
1750772562.100386,0,0,206760,785960,1075
1750772562.296369,0,0,195795,736485,1245
1750772562.745168,0,0,134265,481810,740
1750772562.745168,0,0,134265,481810,740
1750772562.926704,0,0,113690,422550,630
1750772563.12568,0,0,196170,751575,1155
1750772563.34609,0,0,210130,798455,1200
1750772563.642764,0,0,208550,750865,1170
1750772563.778452,0,0,120615,438825,800
1750772563.96695,0,0,173385,641545,1130
1750772564.156993,0,0,187455,716605,1175
1750772564.359262,0,0,171670,651930,1070
1750772564.565278,0,0,205290,736360,1095
1750772564.763878,0,0,235850,853285,1205
1750772564.966339,0,0,225755,859625,1275
1750772565.160898,0,0,168465,636750,1010
1750772565.363263,0,0,196260,719485,1170
1750772565.56572,0,0,200105,726790,1095
1750772565.770174,0,0,213380,782320,1170
1750772565.970169,0,0,191705,745055,1070
1750772566.170634,0,0,192170,742770,1045
1750772566.374089,0,0,205410,766945,1140
1750772566.573555,0,0,204875,742395,1015
1750772566.773022,0,0,199575,735310,1100
1750772566.97947,0,0,196380,758770,1130
1750772567.17646,0,0,189990,724080,1005
1750772567.378918,0,0,200745,757390,1215
1750772567.585387,0,0,208940,756655,1140
1750772567.781862,0,0,206920,761755,1135
1750772567.983829,0,0,211375,797710,1315
1750772568.18529,0,0,207115,784305,1145
1750772568.388746,0,0,219730,802530,1050
1750772568.58624,0,0,246055,869665,1075
1750772569.021136,0,0,238585,902375,1050
1750772569.021136,0,0,238585,902375,1050
1750772569.201748,0,0,240225,898675,1265
1750772569.404207,0,0,242015,877285,1180
1750772569.605669,0,0,249645,886290,1155
1750772569.807419,0,0,238090,877460,1245
1750772570.005469,0,0,233250,876245,1150
1750772570.210178,0,0,233905,882930,1190
1750772570.413032,0,0,248085,901445,1085
1750772570.612791,0,0,252745,901650,1145
1750772570.825351,0,0,253590,915485,1225
1750772571.020784,0,0,238240,892065,1250
1750772571.217487,0,0,234660,889475,1270
1750772571.420964,0,0,243690,875695,1095
1750772571.624267,0,0,238050,838175,1210
1750772571.824787,0,0,239020,867510,1040
1750772572.029579,0,0,229460,860945,1175
1750772572.239331,0,0,229280,863175,970
1750772572.446885,0,0,230520,839600,1160
1750772572.642414,0,0,233550,828590,1150
1750772572.841525,0,0,232015,840640,1090
1750772573.042646,0,0,224145,838050,1095
1750772573.250003,0,0,217430,822015,1085
1750772573.451404,0,0,231900,841345,1115
1750772573.652142,0,0,236400,831445,980
1750772573.847665,0,0,226400,820300,1215
1750772574.052624,0,0,228470,859615,1035
1750772574.25174,0,0,226740,859885,1260
1750772574.453137,0,0,242850,875895,1125
1750772574.661072,0,0,244500,863775,1140
1750772575.053487,0,0,219065,829635,1060
