Time,single_photon_chan1,single_photon_chan2,single_photon_chan3,single_photon_chan4,pmt_counts_chan
1745918115.456303,0,0,1,0,8
1745918115.456303,0,0,1,0,8
1745918115.456303,0,0,1,0,8
1745918116.05686,0,0,1,0,19
1745918116.05686,0,0,1,0,19
1745918116.449828,0,0,0,0,22
1745918116.449828,0,0,0,0,22
1745918116.449828,0,0,0,0,22
1745918117.057374,0,0,0,0,25
1745918117.057374,0,0,0,0,25
1745918117.447141,0,0,0,0,6
1745918117.447141,0,0,0,0,6
1745918117.447141,0,0,0,0,6
1745918118.058588,0,0,0,0,13
1745918118.058588,0,0,0,0,13
1745918118.448125,0,0,1,0,12
1745918118.448125,0,0,1,0,12
1745918118.448125,0,0,1,0,12
1745918119.059998,0,0,0,0,23
1745918119.059998,0,0,0,0,23
1745918119.449604,0,0,0,0,8
1745918119.449604,0,0,0,0,8
1745918119.449604,0,0,0,0,8
1745918120.061924,0,0,0,1,30
1745918120.061924,0,0,0,1,30
1745918120.450584,0,0,1,0,11
1745918120.450584,0,0,1,0,11
1745918120.450584,0,0,1,0,11
1745918121.065519,0,0,0,0,11
1745918121.065519,0,0,0,0,11
1745918121.454122,0,0,0,0,15
1745918121.454122,0,0,0,0,15
1745918121.454122,0,0,0,0,15
1745918122.069997,0,0,1,0,12
1745918122.069997,0,0,1,0,12
1745918122.458781,0,0,1,0,12
1745918122.458781,0,0,1,0,12
1745918122.458781,0,0,1,0,12
1745918123.093184,0,0,261466,43803,19
1745918123.093184,0,0,261466,43803,19
1745918123.481764,0,0,324103,55208,7
1745918123.481764,0,0,324103,55208,7
1745918123.481764,0,0,324103,55208,7
1745918124.101761,0,0,461955,78525,20
1745918124.455126,0,0,0,0,9
1745918124.455126,0,0,0,0,9
1745918124.455126,0,0,0,0,9
1745918125.066868,0,0,1,0,12
1745918125.066868,0,0,1,0,12
1745918125.466117,0,0,1,0,11
1745918125.466117,0,0,1,0,11
1745918125.466117,0,0,1,0,11
1745918126.082874,0,0,0,0,11
1745918126.082874,0,0,0,0,11
1745918126.455855,0,0,0,0,12
1745918126.455855,0,0,0,0,12
1745918126.455855,0,0,0,0,12
1745918127.071616,0,0,0,0,22
1745918127.071616,0,0,0,0,22
1745918127.457643,0,0,0,0,19
1745918127.457643,0,0,0,0,19
1745918127.457643,0,0,0,0,19
1745918128.0743,0,0,0,0,23
1745918128.0743,0,0,0,0,23
1745918128.459829,0,0,2,0,9
1745918128.459829,0,0,2,0,9
1745918128.459829,0,0,2,0,9
1745918129.092116,0,0,0,0,15
1745918129.092116,0,0,0,0,15
1745918129.459816,0,0,0,0,4
1745918129.459816,0,0,0,0,4
1745918129.459816,0,0,0,0,4
1745918130.073362,0,0,0,0,16
1745918130.073362,0,0,0,0,16
1745918130.459361,0,0,1,0,14
1745918130.459361,0,0,1,0,14
1745918130.459361,0,0,1,0,14
1745918131.071776,0,0,0,0,23
1745918131.071776,0,0,0,0,23
1745918131.469086,0,0,0,0,8
1745918131.469086,0,0,0,0,8
1745918131.469086,0,0,0,0,8
1745918132.073205,0,0,0,0,4
1745918132.073205,0,0,0,0,4
1745918132.489205,0,0,0,0,7
1745918132.489205,0,0,0,0,7
1745918132.489205,0,0,0,0,7
1745918133.074399,0,0,0,0,19
1745918133.074399,0,0,0,0,19
1745918133.460779,0,0,2,0,11
1745918133.460779,0,0,2,0,11
1745918133.460779,0,0,2,0,11
1745918134.07413,0,0,0,0,11
1745918134.07413,0,0,0,0,11
1745918134.462124,0,0,0,0,3
1745918134.462124,0,0,0,0,3
1745918134.462124,0,0,0,0,3
1745918135.081029,0,0,1,0,21
1745918135.081029,0,0,1,0,21
1745918135.470927,0,0,0,0,7
1745918135.470927,0,0,0,0,7
1745918135.470927,0,0,0,0,7
1745918136.079578,0,0,0,0,19
1745918136.079578,0,0,0,0,19
1745918136.475969,0,0,0,0,9
1745918136.475969,0,0,0,0,9
1745918136.475969,0,0,0,0,9
1745918137.087382,0,0,0,0,18
1745918137.464145,0,0,0,0,9
1745918137.464145,0,0,0,0,9
1745918137.464145,0,0,0,0,9
1745918138.081667,0,0,0,0,10
1745918138.081667,0,0,0,0,10
1745918138.469989,0,0,1,0,6
1745918138.469989,0,0,1,0,6
1745918138.469989,0,0,1,0,6
1745918139.079944,0,0,0,0,9
1745918139.079944,0,0,0,0,9
1745918139.476829,0,0,0,0,9
1745918139.476829,0,0,0,0,9
1745918139.476829,0,0,0,0,9
1745918140.088731,0,0,0,0,27
1745918140.088731,0,0,0,0,27
1745918140.476027,0,0,0,1,8
1745918140.476027,0,0,0,1,8
1745918140.476027,0,0,0,1,8
1745918141.082057,0,0,0,1,21
1745918141.082057,0,0,0,1,21
1745918141.475065,0,0,0,1,7
1745918141.475065,0,0,0,1,7
1745918141.475065,0,0,0,1,7
1745918142.089586,0,0,0,0,14
1745918142.089586,0,0,0,0,14
1745918142.478019,0,0,0,0,15
1745918142.478019,0,0,0,0,15
1745918142.478019,0,0,0,0,15
1745918143.084757,0,0,0,0,19
1745918143.084757,0,0,0,0,19
1745918143.47507,0,0,0,1,14
1745918143.47507,0,0,0,1,14
1745918143.47507,0,0,0,1,14
1745918144.084064,0,0,0,0,14
1745918144.084064,0,0,0,0,14
1745918144.474294,0,0,0,0,11
1745918144.474294,0,0,0,0,11
1745918144.474294,0,0,0,0,11
1745918145.086181,0,0,1,1,20
1745918145.086181,0,0,1,1,20
1745918145.482004,0,0,0,1,9
1745918145.482004,0,0,0,1,9
1745918145.482004,0,0,0,1,9
1745918146.085984,0,0,0,0,29
1745918146.085984,0,0,0,0,29
1745918146.480186,0,0,0,1,5
1745918146.480186,0,0,0,1,5
1745918146.480186,0,0,0,1,5
1745918147.087248,0,0,1,0,22
1745918147.087248,0,0,1,0,22
1745918147.478339,0,0,1,0,7
1745918147.478339,0,0,1,0,7
1745918147.478339,0,0,1,0,7
1745918148.092171,0,0,0,0,12
1745918148.092171,0,0,0,0,12
1745918148.479281,0,0,0,0,9
1745918148.479281,0,0,0,0,9
1745918148.479281,0,0,0,0,9
1745918149.091047,0,0,0,0,21
1745918149.091047,0,0,0,0,21
1745918149.481864,0,0,0,0,13
1745918149.481864,0,0,0,0,13
1745918149.481864,0,0,0,0,13
1745918150.09738,0,0,0,0,22
1745918150.485716,0,0,0,0,18
1745918150.485716,0,0,0,0,18
1745918150.485716,0,0,0,0,18
1745918151.095862,0,0,1,0,23
1745918151.095862,0,0,1,0,23
1745918151.483695,0,0,0,0,13
1745918151.483695,0,0,0,0,13
1745918151.483695,0,0,0,0,13
1745918152.095445,0,0,0,0,17
1745918152.095445,0,0,0,0,17
1745918152.48718,0,0,0,0,18
1745918152.48718,0,0,0,0,18
1745918152.48718,0,0,0,0,18
1745918153.095267,0,0,0,0,10
1745918153.095267,0,0,0,0,10
1745918153.487854,0,0,0,0,12
1745918153.487854,0,0,0,0,12
1745918153.487854,0,0,0,0,12
1745918154.094951,0,0,0,0,12
1745918154.094951,0,0,0,0,12
1745918154.486584,0,0,0,0,11
1745918154.486584,0,0,0,0,11
1745918154.486584,0,0,0,0,11
1745918155.097352,0,0,1,0,17
1745918155.097352,0,0,1,0,17
1745918155.487997,0,0,0,0,3
1745918155.487997,0,0,0,0,3
1745918155.487997,0,0,0,0,3
1745918156.101728,0,0,1,0,17
1745918156.101728,0,0,1,0,17
1745918156.48809,0,0,1,0,9
1745918156.48809,0,0,1,0,9
1745918156.48809,0,0,1,0,9
1745918157.104941,0,0,0,0,28
1745918157.104941,0,0,0,0,28
1745918157.490862,0,0,0,1,4
1745918157.490862,0,0,0,1,4
1745918157.490862,0,0,0,1,4
1745918158.10076,0,0,1,1,10
1745918158.10076,0,0,1,1,10
1745918158.492414,0,0,0,1,12
1745918158.492414,0,0,0,1,12
1745918158.492414,0,0,0,1,12
1745918159.098222,0,0,0,0,21
1745918159.098222,0,0,0,0,21
1745918159.491687,0,0,0,1,9
1745918159.491687,0,0,0,1,9
1745918159.491687,0,0,0,1,9
1745918160.102123,0,0,1,0,15
1745918160.102123,0,0,1,0,15
1745918160.493529,0,0,0,0,10
1745918160.493529,0,0,0,0,10
1745918160.493529,0,0,0,0,10
1745918161.101942,0,0,0,1,13
1745918161.101942,0,0,0,1,13
1745918161.499694,0,0,0,0,15
1745918161.499694,0,0,0,0,15
1745918161.499694,0,0,0,0,15
1745918162.10408,0,0,2,0,12
1745918162.10408,0,0,2,0,12
1745918162.49488,0,0,1,0,12
1745918162.49488,0,0,1,0,12
1745918162.49488,0,0,1,0,12
1745918163.103059,0,0,1,0,11
1745918163.103059,0,0,1,0,11
1745918163.498079,0,0,0,0,9
1745918163.498079,0,0,0,0,9
1745918163.498079,0,0,0,0,9
1745918164.112891,0,0,0,0,11
1745918164.49243,0,0,0,0,11
1745918164.49243,0,0,0,0,11
1745918164.49243,0,0,0,0,11
1745918164.49243,0,0,0,0,11
1745918165.10442,0,0,0,0,21
1745918165.498148,0,0,0,0,6
1745918165.498148,0,0,0,0,6
1745918165.498148,0,0,0,0,6
1745918166.107506,0,0,0,1,13
1745918166.107506,0,0,0,1,13
1745918166.514033,0,0,0,0,15
1745918166.514033,0,0,0,0,15
1745918166.514033,0,0,0,0,15
1745918167.107322,0,0,1,1,18
1745918167.107322,0,0,1,1,18
1745918167.497763,0,0,0,0,11
1745918167.497763,0,0,0,0,11
1745918167.497763,0,0,0,0,11
1745918168.107352,0,0,0,0,20
1745918168.107352,0,0,0,0,20
1745918168.499869,0,0,1,1,8
1745918168.499869,0,0,1,1,8
1745918168.499869,0,0,1,1,8
1745918169.112793,0,0,0,0,5
1745918169.112793,0,0,0,0,5
1745918169.499131,0,0,1,1,12
1745918169.499131,0,0,1,1,12
1745918169.499131,0,0,1,1,12
1745918170.1248,0,0,0,0,23
1745918170.1248,0,0,0,0,23
1745918170.501698,0,0,0,0,13
1745918170.501698,0,0,0,0,13
1745918170.501698,0,0,0,0,13
1745918171.116629,0,0,0,0,25
1745918171.116629,0,0,0,0,25
1745918171.504747,0,0,0,0,16
1745918171.504747,0,0,0,0,16
1745918171.504747,0,0,0,0,16
1745918172.114258,0,0,0,0,20
1745918172.114258,0,0,0,0,20
1745918172.50238,0,0,1,0,15
1745918172.50238,0,0,1,0,15
1745918172.50238,0,0,1,0,15
1745918173.118287,0,0,1,0,27
1745918173.118287,0,0,1,0,27
1745918173.507174,0,0,0,1,11
1745918173.507174,0,0,0,1,11
1745918173.507174,0,0,0,1,11
1745918174.114471,0,0,0,0,10
1745918174.114471,0,0,0,0,10
1745918174.504579,0,0,0,0,11
1745918174.504579,0,0,0,0,11
1745918174.504579,0,0,0,0,11
1745918175.113125,0,0,0,0,25
1745918175.113125,0,0,0,0,25
1745918175.505842,0,0,0,0,16
1745918175.505842,0,0,0,0,16
1745918175.505842,0,0,0,0,16
1745918176.115289,0,0,0,0,20
1745918176.115289,0,0,0,0,20
1745918176.507628,0,0,0,0,8
1745918176.507628,0,0,0,0,8
1745918176.507628,0,0,0,0,8
1745918177.125233,0,0,0,0,19
1745918177.125233,0,0,0,0,19
1745918177.508647,0,0,0,0,11
1745918177.508647,0,0,0,0,11
1745918177.508647,0,0,0,0,11
1745918178.11832,0,0,0,0,17
1745918178.523137,0,0,0,0,14
1745918178.523137,0,0,0,0,14
1745918178.523137,0,0,0,0,14
1745918179.116967,0,0,2,0,23
1745918179.116967,0,0,2,0,23
1745918179.51936,0,0,1,0,9
1745918179.51936,0,0,1,0,9
1745918179.51936,0,0,1,0,9
1745918180.128533,0,0,0,0,9
1745918180.128533,0,0,0,0,9
1745918180.511566,0,0,0,0,23
1745918180.511566,0,0,0,0,23
1745918180.511566,0,0,0,0,23
1745918181.119179,0,0,1,0,16
1745918181.119179,0,0,1,0,16
1745918181.510458,0,0,0,0,16
1745918181.510458,0,0,0,0,16
1745918181.510458,0,0,0,0,16
1745918182.121639,0,0,2,1,12
1745918182.121639,0,0,2,1,12
1745918182.512342,0,0,0,0,9
1745918182.512342,0,0,0,0,9
1745918182.512342,0,0,0,0,9
1745918183.14297,0,0,0,1,14
1745918183.14297,0,0,0,1,14
1745918183.514229,0,0,1,0,13
1745918183.514229,0,0,1,0,13
1745918183.514229,0,0,1,0,13
1745918184.121938,0,0,0,0,16
1745918184.121938,0,0,0,0,16
1745918184.516985,0,0,0,0,14
1745918184.516985,0,0,0,0,14
1745918184.516985,0,0,0,0,14
1745918185.123891,0,0,0,0,20
1745918185.123891,0,0,0,0,20
1745918185.525937,0,0,0,0,8
1745918185.525937,0,0,0,0,8
1745918185.525937,0,0,0,0,8
1745918186.124633,0,0,1,0,18
1745918186.124633,0,0,1,0,18
1745918186.51642,0,0,0,0,11
1745918186.51642,0,0,0,0,11
1745918186.51642,0,0,0,0,11
1745918187.127327,0,0,0,0,14
1745918187.127327,0,0,0,0,14
1745918187.516719,0,0,0,0,19
1745918187.516719,0,0,0,0,19
1745918187.516719,0,0,0,0,19
1745918188.133687,0,0,0,0,15
1745918188.133687,0,0,0,0,15
1745918188.518056,0,0,2,1,15
1745918188.518056,0,0,2,1,15
1745918188.518056,0,0,2,1,15
1745918189.125903,0,0,0,0,19
1745918189.125903,0,0,0,0,19
1745918189.518271,0,0,0,0,14
1745918189.518271,0,0,0,0,14
1745918189.518271,0,0,0,0,14
1745918190.131447,0,0,1,0,21
1745918190.131447,0,0,1,0,21
1745918190.52068,0,0,0,0,10
1745918190.52068,0,0,0,0,10
1745918190.52068,0,0,0,0,10
1745918191.133795,0,0,0,0,21
1745918191.133795,0,0,0,0,21
1745918191.523081,0,0,1,0,10
1745918191.523081,0,0,1,0,10
1745918191.523081,0,0,1,0,10
1745918192.133281,0,0,1,0,27
1745918192.531306,0,0,0,0,6
1745918192.531306,0,0,0,0,6
1745918192.531306,0,0,0,0,6
1745918193.1315,0,0,1,0,19
1745918193.1315,0,0,1,0,19
1745918193.534741,0,0,0,0,15
1745918193.534741,0,0,0,0,15
1745918193.534741,0,0,0,0,15
1745918194.133755,0,0,0,0,13
1745918194.133755,0,0,0,0,13
1745918194.52568,0,0,0,1,11
1745918194.52568,0,0,0,1,11
1745918194.52568,0,0,0,1,11
1745918195.142324,0,0,0,0,15
1745918195.142324,0,0,0,0,15
1745918195.527256,0,0,0,1,19
1745918195.527256,0,0,0,1,19
1745918195.527256,0,0,0,1,19
1745918196.143097,0,0,0,0,19
1745918196.143097,0,0,0,0,19
1745918196.534124,0,0,1,0,6
1745918196.534124,0,0,1,0,6
1745918196.534124,0,0,1,0,6
1745918197.142184,0,0,0,0,11
1745918197.142184,0,0,0,0,11
1745918197.545387,0,0,0,0,12
1745918197.545387,0,0,0,0,12
1745918197.545387,0,0,0,0,12
1745918198.134694,0,0,0,0,16
1745918198.134694,0,0,0,0,16
1745918198.534519,0,0,0,0,8
1745918198.534519,0,0,0,0,8
1745918198.534519,0,0,0,0,8
1745918199.140408,0,0,0,0,24
1745918199.140408,0,0,0,0,24
1745918199.553426,0,0,0,0,8
1745918199.553426,0,0,0,0,8
1745918199.553426,0,0,0,0,8
1745918200.144978,0,0,0,0,17
1745918200.144978,0,0,0,0,17
1745918200.533678,0,0,2,0,9
1745918200.533678,0,0,2,0,9
1745918200.533678,0,0,2,0,9
1745918201.138375,0,0,0,1,21
1745918201.138375,0,0,0,1,21
1745918201.533603,0,0,1,0,15
1745918201.533603,0,0,1,0,15
1745918201.533603,0,0,1,0,15
1745918202.139752,0,0,0,0,16
1745918202.139752,0,0,0,0,16
1745918202.541802,0,0,0,0,19
1745918202.541802,0,0,0,0,19
1745918202.541802,0,0,0,0,19
1745918203.138709,0,0,1,0,18
1745918203.138709,0,0,1,0,18
1745918203.537708,0,0,0,0,7
1745918203.537708,0,0,0,0,7
1745918203.537708,0,0,0,0,7
1745918204.148265,0,0,1,0,20
1745918204.148265,0,0,1,0,20
1745918204.537542,0,0,0,1,13
1745918204.537542,0,0,0,1,13
1745918204.537542,0,0,0,1,13
1745918205.142056,0,0,0,0,15
1745918205.142056,0,0,0,0,15
1745918205.561515,0,0,0,0,16
1745918205.561515,0,0,0,0,16
1745918206.144945,0,0,2,1,12
1745918206.144945,0,0,2,1,12
1745918206.545647,0,0,0,0,9
1745918206.545647,0,0,0,0,9
1745918206.545647,0,0,0,0,9
1745918207.146041,0,0,0,0,28
1745918207.146041,0,0,0,0,28
1745918207.541792,0,0,0,0,10
1745918207.541792,0,0,0,0,10
1745918207.541792,0,0,0,0,10
1745918208.149053,0,0,0,0,13
1745918208.149053,0,0,0,0,13
1745918208.558047,0,0,1,0,14
1745918208.558047,0,0,1,0,14
1745918208.558047,0,0,1,0,14
1745918209.144192,0,0,0,0,21
1745918209.144192,0,0,0,0,21
1745918209.552053,0,0,0,0,13
1745918209.552053,0,0,0,0,13
1745918209.552053,0,0,0,0,13
1745918210.158869,0,0,0,0,35
1745918210.158869,0,0,0,0,35
1745918210.54437,0,0,1,1,12
1745918210.54437,0,0,1,1,12
1745918210.54437,0,0,1,1,12
1745918211.14667,0,0,1,0,26
1745918211.14667,0,0,1,0,26
1745918211.554246,0,0,1,0,9
1745918211.554246,0,0,1,0,9
1745918211.554246,0,0,1,0,9
1745918212.152219,0,0,1,0,17
1745918212.152219,0,0,1,0,17
1745918212.547853,0,0,0,0,13
1745918212.547853,0,0,0,0,13
1745918212.547853,0,0,0,0,13
1745918213.150767,0,0,0,0,24
1745918213.150767,0,0,0,0,24
1745918213.554217,0,0,0,0,19
1745918213.554217,0,0,0,0,19
1745918213.554217,0,0,0,0,19
1745918214.150202,0,0,0,0,18
1745918214.150202,0,0,0,0,18
1745918214.56066,0,0,0,0,9
1745918214.56066,0,0,0,0,9
1745918214.56066,0,0,0,0,9
1745918215.150225,0,0,3,0,24
1745918215.150225,0,0,3,0,24
1745918215.562454,0,0,1,0,15
1745918215.562454,0,0,1,0,15
1745918215.562454,0,0,1,0,15
1745918216.149718,0,0,0,0,22
1745918216.149718,0,0,0,0,22
1745918216.558756,0,0,0,0,12
1745918216.558756,0,0,0,0,12
1745918216.558756,0,0,0,0,12
1745918217.170596,0,0,0,1,16
1745918217.170596,0,0,0,1,16
1745918217.556605,0,0,0,0,10
1745918217.556605,0,0,0,0,10
1745918217.556605,0,0,0,0,10
1745918218.167987,0,0,0,0,25
1745918218.167987,0,0,0,0,25
1745918218.567701,0,0,0,0,15
1745918218.567701,0,0,0,0,15
1745918218.567701,0,0,0,0,15
1745918219.155828,0,0,0,0,13
1745918219.56057,0,0,0,0,14
1745918219.56057,0,0,0,0,14
1745918219.56057,0,0,0,0,14
1745918220.157515,0,0,0,0,14
1745918220.157515,0,0,0,0,14
1745918220.560665,0,0,0,0,19
1745918220.560665,0,0,0,0,19
1745918220.560665,0,0,0,0,19
1745918221.154938,0,0,0,0,18
1745918221.154938,0,0,0,0,18
1745918221.559316,0,0,0,0,15
1745918221.559316,0,0,0,0,15
1745918221.559316,0,0,0,0,15
1745918222.156885,0,0,0,0,25
1745918222.156885,0,0,0,0,25
1745918222.562273,0,0,0,1,11
1745918222.562273,0,0,0,1,11
1745918222.562273,0,0,0,1,11
1745918223.15529,0,0,0,1,8
1745918223.15529,0,0,0,1,8
1745918223.5651,0,0,0,0,11
1745918223.5651,0,0,0,0,11
1745918223.5651,0,0,0,0,11
1745918224.165677,0,0,0,0,10
1745918224.165677,0,0,0,0,10
1745918224.57937,0,0,0,1,14
1745918224.57937,0,0,0,1,14
1745918224.57937,0,0,0,1,14
1745918225.166547,0,0,0,0,19
1745918225.166547,0,0,0,0,19
1745918225.562086,0,0,1,0,18
1745918225.562086,0,0,1,0,18
1745918225.562086,0,0,1,0,18
1745918226.16963,0,0,0,0,9
1745918226.16963,0,0,0,0,9
1745918226.564156,0,0,1,0,11
1745918226.564156,0,0,1,0,11
1745918226.564156,0,0,1,0,11
1745918227.162925,0,0,0,0,21
1745918227.162925,0,0,0,0,21
1745918227.574325,0,0,1,0,17
1745918227.574325,0,0,1,0,17
1745918227.574325,0,0,1,0,17
1745918228.161835,0,0,0,0,31
1745918228.161835,0,0,0,0,31
1745918228.568545,0,0,1,0,16
1745918228.568545,0,0,1,0,16
1745918228.568545,0,0,1,0,16
1745918229.16091,0,0,0,0,19
1745918229.16091,0,0,0,0,19
1745918229.567405,0,0,0,0,8
1745918229.567405,0,0,0,0,8
1745918229.567405,0,0,0,0,8
1745918230.160418,0,0,1,0,16
1745918230.160418,0,0,1,0,16
1745918230.567941,0,0,0,0,11
1745918230.567941,0,0,0,0,11
1745918230.567941,0,0,0,0,11
1745918231.165132,0,0,0,0,14
1745918231.165132,0,0,0,0,14
1745918231.569031,0,0,0,0,10
1745918231.569031,0,0,0,0,10
1745918231.569031,0,0,0,0,10
1745918232.174612,0,0,0,0,19
1745918232.174612,0,0,0,0,19
1745918232.585874,0,0,0,0,10
1745918232.585874,0,0,0,0,10
1745918232.585874,0,0,0,0,10
1745918233.166995,0,0,0,0,16
1745918233.166995,0,0,0,0,16
1745918233.586995,0,0,0,0,3
1745918233.586995,0,0,0,0,3
1745918234.176762,0,0,0,0,13
1745918234.176762,0,0,0,0,13
1745918234.574476,0,0,0,0,9
1745918234.574476,0,0,0,0,9
1745918234.574476,0,0,0,0,9
1745918235.171998,0,0,0,0,13
1745918235.171998,0,0,0,0,13
1745918235.58453,0,0,0,0,10
1745918235.58453,0,0,0,0,10
1745918235.58453,0,0,0,0,10
1745918236.171938,0,0,1,0,14
1745918236.171938,0,0,1,0,14
1745918236.574047,0,0,0,0,9
1745918236.574047,0,0,0,0,9
1745918236.574047,0,0,0,0,9
1745918237.172943,0,0,0,0,27
1745918237.172943,0,0,0,0,27
1745918237.574799,0,0,0,0,8
1745918237.574799,0,0,0,0,8
1745918237.574799,0,0,0,0,8
1745918238.176566,0,0,1,0,23
1745918238.176566,0,0,1,0,23
1745918238.580439,0,0,1,0,20
1745918238.580439,0,0,1,0,20
1745918238.580439,0,0,1,0,20
1745918239.182758,0,0,0,0,12
1745918239.182758,0,0,0,0,12
1745918239.580249,0,0,0,0,26
1745918239.580249,0,0,0,0,26
1745918239.580249,0,0,0,0,26
1745918240.191208,0,0,1,0,17
1745918240.191208,0,0,1,0,17
1745918240.58019,0,0,0,0,18
1745918240.58019,0,0,0,0,18
1745918240.58019,0,0,0,0,18
1745918241.179647,0,0,1,0,18
1745918241.179647,0,0,1,0,18
1745918241.577898,0,0,1,0,16
1745918241.577898,0,0,1,0,16
1745918241.577898,0,0,1,0,16
1745918242.179876,0,0,0,0,21
1745918242.179876,0,0,0,0,21
1745918242.578493,0,0,0,1,6
1745918242.578493,0,0,0,1,6
1745918242.578493,0,0,0,1,6
1745918243.179791,0,0,0,1,26
1745918243.179791,0,0,0,1,26
1745918243.587514,0,0,1,1,7
1745918243.587514,0,0,1,1,7
1745918243.587514,0,0,1,1,7
1745918244.181003,0,0,0,0,30
1745918244.181003,0,0,0,0,30
1745918244.582353,0,0,0,0,12
1745918244.582353,0,0,0,0,12
1745918244.582353,0,0,0,0,12
1745918245.186098,0,0,0,0,20
1745918245.583314,0,0,1,2,19
1745918245.583314,0,0,1,2,19
1745918245.583314,0,0,1,2,19
1745918246.191176,0,0,0,1,20
1745918246.191176,0,0,0,1,20
1745918246.58443,0,0,0,0,26
1745918246.58443,0,0,0,0,26
1745918246.58443,0,0,0,0,26
1745918247.187791,0,0,1,1,18
1745918247.187791,0,0,1,1,18
1745918247.585567,0,0,0,0,9
1745918247.585567,0,0,0,0,9
1745918247.585567,0,0,0,0,9
1745918248.192505,0,0,0,0,9
1745918248.192505,0,0,0,0,9
1745918248.603708,0,0,0,0,13
1745918248.603708,0,0,0,0,13
1745918248.603708,0,0,0,0,13
1745918249.195013,0,0,0,0,27
1745918249.195013,0,0,0,0,27
1745918249.587111,0,0,1,0,11
1745918249.587111,0,0,1,0,11
1745918249.587111,0,0,1,0,11
1745918250.194231,0,0,0,0,12
1745918250.194231,0,0,0,0,12
1745918250.586805,0,0,1,0,6
1745918250.586805,0,0,1,0,6
1745918250.586805,0,0,1,0,6
1745918251.190236,0,0,2,1,26
1745918251.190236,0,0,2,1,26
1745918251.594244,0,0,1,0,10
1745918251.594244,0,0,1,0,10
1745918251.594244,0,0,1,0,10
1745918252.213363,0,0,2,1,5
1745918252.213363,0,0,2,1,5
1745918252.587495,0,0,0,0,8
1745918252.587495,0,0,0,0,8
1745918252.587495,0,0,0,0,8
1745918253.203131,0,0,0,0,15
1745918253.203131,0,0,0,0,15
1745918253.59044,0,0,0,0,15
1745918253.59044,0,0,0,0,15
1745918253.59044,0,0,0,0,15
1745918254.196313,0,0,0,1,25
1745918254.196313,0,0,0,1,25
1745918254.59614,0,0,0,0,12
1745918254.59614,0,0,0,0,12
1745918254.59614,0,0,0,0,12
1745918255.196704,0,0,0,0,11
1745918255.196704,0,0,0,0,11
1745918255.599811,0,0,1,0,9
1745918255.599811,0,0,1,0,9
1745918255.599811,0,0,1,0,9
1745918256.205032,0,0,1,0,23
1745918256.205032,0,0,1,0,23
1745918256.597105,0,0,0,0,11
1745918256.597105,0,0,0,0,11
1745918256.597105,0,0,0,0,11
1745918257.197519,0,0,0,0,22
1745918257.197519,0,0,0,0,22
1745918257.595259,0,0,0,0,12
1745918257.595259,0,0,0,0,12
1745918257.595259,0,0,0,0,12
1745918258.202891,0,0,0,0,23
1745918258.202891,0,0,0,0,23
1745918258.600299,0,0,0,0,14
1745918258.600299,0,0,0,0,14
1745918259.202841,0,0,1,0,21
1745918259.202841,0,0,1,0,21
1745918259.597147,0,0,0,1,10
1745918259.597147,0,0,0,1,10
1745918259.597147,0,0,0,1,10
1745918260.212377,0,0,1,0,20
1745918260.212377,0,0,1,0,20
1745918260.601717,0,0,0,0,14
1745918260.601717,0,0,0,0,14
1745918260.601717,0,0,0,0,14
1745918261.215584,0,0,0,0,16
1745918261.215584,0,0,0,0,16
1745918261.5989,0,0,0,0,6
1745918261.5989,0,0,0,0,6
1745918261.5989,0,0,0,0,6
1745918262.209793,0,0,1,0,23
1745918262.209793,0,0,1,0,23
1745918262.60366,0,0,0,1,12
1745918262.60366,0,0,0,1,12
1745918262.60366,0,0,0,1,12
1745918263.21086,0,0,0,0,17
1745918263.21086,0,0,0,0,17
1745918263.602192,0,0,0,0,3
1745918263.602192,0,0,0,0,3
1745918263.602192,0,0,0,0,3
1745918264.219059,0,0,0,0,20
1745918264.219059,0,0,0,0,20
1745918264.605904,0,0,2,0,15
1745918264.605904,0,0,2,0,15
1745918264.605904,0,0,2,0,15
1745918265.211015,0,0,0,0,25
1745918265.211015,0,0,0,0,25
1745918265.613315,0,0,1,0,7
1745918265.613315,0,0,1,0,7
1745918265.613315,0,0,1,0,7
1745918266.220185,0,0,0,0,11
1745918266.220185,0,0,0,0,11
1745918266.609219,0,0,0,0,6
1745918266.609219,0,0,0,0,6
1745918266.609219,0,0,0,0,6
1745918267.22364,0,0,0,0,14
1745918267.22364,0,0,0,0,14
1745918267.606673,0,0,1,0,10
1745918267.606673,0,0,1,0,10
1745918267.606673,0,0,1,0,10
1745918268.221135,0,0,0,0,14
1745918268.221135,0,0,0,0,14
1745918268.614572,0,0,1,0,12
1745918268.614572,0,0,1,0,12
1745918268.614572,0,0,1,0,12
1745918269.223504,0,0,0,0,11
1745918269.223504,0,0,0,0,11
1745918269.60815,0,0,1,0,13
1745918269.60815,0,0,1,0,13
1745918269.60815,0,0,1,0,13
1745918270.222663,0,0,0,0,34
1745918270.222663,0,0,0,0,34
1745918270.628538,0,0,0,0,3
1745918270.628538,0,0,0,0,3
1745918270.628538,0,0,0,0,3
1745918271.223747,0,0,0,0,11
1745918271.223747,0,0,0,0,11
1745918271.613167,0,0,0,1,10
1745918271.613167,0,0,0,1,10
1745918271.613167,0,0,0,1,10
1745918272.233068,0,0,0,1,20
1745918272.233068,0,0,0,1,20
1745918272.623879,0,0,0,0,11
1745918272.623879,0,0,0,0,11
1745918272.623879,0,0,0,0,11
1745918273.242759,0,0,1,1,15
1745918273.611012,0,0,0,0,13
1745918273.611012,0,0,0,0,13
1745918273.611012,0,0,0,0,13
1745918274.226522,0,0,0,0,31
1745918274.226522,0,0,0,0,31
1745918274.612082,0,0,0,0,16
1745918274.612082,0,0,0,0,16
1745918274.612082,0,0,0,0,16
1745918275.227504,0,0,0,0,15
1745918275.227504,0,0,0,0,15
1745918275.618713,0,0,0,0,9
1745918275.618713,0,0,0,0,9
1745918275.618713,0,0,0,0,9
1745918276.229552,0,0,1,0,30
1745918276.229552,0,0,1,0,30
1745918276.627498,0,0,1,0,10
1745918276.627498,0,0,1,0,10
1745918276.627498,0,0,1,0,10
1745918277.233345,0,0,0,0,24
1745918277.233345,0,0,0,0,24
1745918277.62364,0,0,1,0,9
1745918277.62364,0,0,1,0,9
1745918277.62364,0,0,1,0,9
1745918278.230972,0,0,0,0,18
1745918278.230972,0,0,0,0,18
1745918278.625063,0,0,0,0,17
1745918278.625063,0,0,0,0,17
1745918278.625063,0,0,0,0,17
1745918279.247983,0,0,1,0,9
1745918279.247983,0,0,1,0,9
1745918279.624122,0,0,0,0,14
1745918279.624122,0,0,0,0,14
1745918279.624122,0,0,0,0,14
1745918280.232872,0,0,1,1,15
1745918280.232872,0,0,1,1,15
1745918280.627322,0,0,0,0,20
1745918280.627322,0,0,0,0,20
1745918280.627322,0,0,0,0,20
1745918281.234979,0,0,0,0,20
1745918281.234979,0,0,0,0,20
1745918281.629162,0,0,0,1,20
1745918281.629162,0,0,0,1,20
1745918281.629162,0,0,0,1,20
1745918282.232911,0,0,0,1,18
1745918282.232911,0,0,0,1,18
1745918282.633761,0,0,0,0,6
1745918282.633761,0,0,0,0,6
1745918282.633761,0,0,0,0,6
1745918283.234089,0,0,0,0,24
1745918283.234089,0,0,0,0,24
1745918283.628412,0,0,0,0,13
1745918283.628412,0,0,0,0,13
1745918283.628412,0,0,0,0,13
1745918284.237419,0,0,0,0,21
1745918284.237419,0,0,0,0,21
1745918284.627819,0,0,0,0,14
1745918284.627819,0,0,0,0,14
1745918284.627819,0,0,0,0,14
1745918285.238891,0,0,1,0,9
1745918285.238891,0,0,1,0,9
1745918285.630034,0,0,0,0,20
1745918285.630034,0,0,0,0,20
1745918285.630034,0,0,0,0,20
1745918286.240005,0,0,0,1,21
1745918286.240005,0,0,0,1,21
1745918286.635767,0,0,1,0,5
1745918286.635767,0,0,1,0,5
1745918286.635767,0,0,1,0,5
1745918287.241133,0,0,0,0,11
1745918287.636478,0,0,0,0,9
1745918287.636478,0,0,0,0,9
1745918287.636478,0,0,0,0,9
1745918288.239199,0,0,0,0,20
1745918288.239199,0,0,0,0,20
1745918288.635006,0,0,2,0,12
1745918288.635006,0,0,2,0,12
1745918288.635006,0,0,2,0,12
1745918289.241604,0,0,0,0,20
1745918289.241604,0,0,0,0,20
1745918289.633024,0,0,0,0,9
1745918289.633024,0,0,0,0,9
1745918289.633024,0,0,0,0,9
1745918290.248985,0,0,0,0,11
1745918290.248985,0,0,0,0,11
1745918290.633947,0,0,0,1,15
1745918290.633947,0,0,0,1,15
1745918290.633947,0,0,0,1,15
1745918291.240387,0,0,0,1,17
1745918291.240387,0,0,0,1,17
1745918291.636925,0,0,0,0,6
1745918291.636925,0,0,0,0,6
1745918291.636925,0,0,0,0,6
1745918292.252559,0,0,0,0,28
1745918292.252559,0,0,0,0,28
1745918292.639124,0,0,0,0,14
1745918292.639124,0,0,0,0,14
1745918292.639124,0,0,0,0,14
1745918293.244989,0,0,0,0,14
1745918293.244989,0,0,0,0,14
1745918293.639652,0,0,0,1,10
1745918293.639652,0,0,0,1,10
1745918293.639652,0,0,0,1,10
1745918294.244018,0,0,1,0,16
1745918294.244018,0,0,1,0,16
1745918294.6399,0,0,1,0,15
1745918294.6399,0,0,1,0,15
1745918294.6399,0,0,1,0,15
1745918295.246881,0,0,0,0,19
1745918295.246881,0,0,0,0,19
1745918295.652528,0,0,1,0,15
1745918295.652528,0,0,1,0,15
1745918295.652528,0,0,1,0,15
1745918296.244424,0,0,0,0,10
1745918296.244424,0,0,0,0,10
1745918296.639656,0,0,0,0,7
1745918296.639656,0,0,0,0,7
1745918296.639656,0,0,0,0,7
1745918297.24518,0,0,0,0,24
1745918297.24518,0,0,0,0,24
1745918297.643472,0,0,0,0,9
1745918297.643472,0,0,0,0,9
1745918297.643472,0,0,0,0,9
1745918298.252721,0,0,0,0,17
1745918298.252721,0,0,0,0,17
1745918298.642128,0,0,0,0,17
1745918298.642128,0,0,0,0,17
1745918298.642128,0,0,0,0,17
1745918299.246833,0,0,1,0,14
1745918299.246833,0,0,1,0,14
1745918299.643944,0,0,0,0,12
1745918299.643944,0,0,0,0,12
1745918299.643944,0,0,0,0,12
1745918300.258202,0,0,0,0,20
1745918300.258202,0,0,0,0,20
1745918300.649139,0,0,0,1,15
1745918300.649139,0,0,0,1,15
1745918301.251934,0,0,1,0,11
1745918301.251934,0,0,1,0,11
1745918301.657427,0,0,0,0,8
1745918301.657427,0,0,0,0,8
1745918301.657427,0,0,0,0,8
1745918302.252476,0,0,0,1,7
1745918302.252476,0,0,0,1,7
1745918302.655972,0,0,0,0,13
1745918302.655972,0,0,0,0,13
1745918302.655972,0,0,0,0,13
1745918303.252754,0,0,0,0,7
1745918303.252754,0,0,0,0,7
1745918303.645654,0,0,0,0,18
1745918303.645654,0,0,0,0,18
1745918303.645654,0,0,0,0,18
1745918304.26858,0,0,0,0,9
1745918304.26858,0,0,0,0,9
1745918304.649159,0,0,1,0,9
1745918304.649159,0,0,1,0,9
1745918304.649159,0,0,1,0,9
1745918305.26329,0,0,1,0,26
1745918305.26329,0,0,1,0,26
1745918305.646356,0,0,1,0,17
1745918305.646356,0,0,1,0,17
1745918305.646356,0,0,1,0,17
1745918306.274798,0,0,0,0,19
1745918306.274798,0,0,0,0,19
1745918306.649187,0,0,0,0,17
1745918306.649187,0,0,0,0,17
1745918306.649187,0,0,0,0,17
1745918307.260995,0,0,1,0,37
1745918307.260995,0,0,1,0,37
1745918307.655254,0,0,0,1,9
1745918307.655254,0,0,0,1,9
1745918307.655254,0,0,0,1,9
1745918308.261438,0,0,1,0,18
1745918308.261438,0,0,1,0,18
1745918308.652052,0,0,0,0,22
1745918308.652052,0,0,0,0,22
1745918308.652052,0,0,0,0,22
1745918309.261887,0,0,1,0,19
1745918309.261887,0,0,1,0,19
1745918309.651372,0,0,1,0,5
1745918309.651372,0,0,1,0,5
1745918309.651372,0,0,1,0,5
1745918310.263316,0,0,0,0,10
1745918310.263316,0,0,0,0,10
1745918310.655442,0,0,0,0,14
1745918310.655442,0,0,0,0,14
1745918310.655442,0,0,0,0,14
1745918311.262063,0,0,0,0,21
1745918311.262063,0,0,0,0,21
1745918311.65883,0,0,0,0,6
1745918311.65883,0,0,0,0,6
1745918311.65883,0,0,0,0,6
1745918312.263404,0,0,0,0,12
1745918312.263404,0,0,0,0,12
1745918312.65771,0,0,0,0,15
1745918312.65771,0,0,0,0,15
1745918312.65771,0,0,0,0,15
1745918313.270996,0,0,0,0,9
1745918313.270996,0,0,0,0,9
1745918313.664567,0,0,0,0,16
1745918313.664567,0,0,0,0,16
1745918313.664567,0,0,0,0,16
1745918314.266298,0,0,0,1,10
1745918314.662825,0,0,0,0,11
1745918314.662825,0,0,0,0,11
1745918314.662825,0,0,0,0,11
1745918315.26895,0,0,0,0,19
1745918315.26895,0,0,0,0,19
1745918315.659906,0,0,0,0,9
1745918315.659906,0,0,0,0,9
1745918315.659906,0,0,0,0,9
1745918316.268101,0,0,0,0,23
1745918316.268101,0,0,0,0,23
1745918316.669744,0,0,1,0,21
1745918316.669744,0,0,1,0,21
1745918316.669744,0,0,1,0,21
1745918317.272906,0,0,0,0,5
1745918317.272906,0,0,0,0,5
1745918317.664137,0,0,1,0,16
1745918317.664137,0,0,1,0,16
1745918317.664137,0,0,1,0,16
1745918318.273204,0,0,0,0,18
1745918318.273204,0,0,0,0,18
1745918318.669393,0,0,0,0,11
1745918318.669393,0,0,0,0,11
1745918318.669393,0,0,0,0,11
1745918319.281758,0,0,0,0,20
1745918319.281758,0,0,0,0,20
1745918319.66299,0,0,0,0,18
1745918319.66299,0,0,0,0,18
1745918319.66299,0,0,0,0,18
1745918320.277652,0,0,0,2,19
1745918320.277652,0,0,0,2,19
1745918320.667617,0,0,0,0,12
1745918320.667617,0,0,0,0,12
1745918320.667617,0,0,0,0,12
1745918321.274996,0,0,0,1,32
1745918321.274996,0,0,0,1,32
1745918321.665509,0,0,1,1,6
1745918321.665509,0,0,1,1,6
1745918321.665509,0,0,1,1,6
1745918322.278044,0,0,0,0,12
1745918322.278044,0,0,0,0,12
1745918322.667149,0,0,1,0,14
1745918322.667149,0,0,1,0,14
1745918322.667149,0,0,1,0,14
1745918323.274876,0,0,1,0,19
1745918323.274876,0,0,1,0,19
1745918323.668473,0,0,2,0,12
1745918323.668473,0,0,2,0,12
1745918323.668473,0,0,2,0,12
1745918324.273396,0,0,0,0,20
1745918324.273396,0,0,0,0,20
1745918324.671252,0,0,1,0,17
1745918324.671252,0,0,1,0,17
1745918324.671252,0,0,1,0,17
1745918325.274115,0,0,1,0,21
1745918325.274115,0,0,1,0,21
1745918325.666409,0,0,1,0,11
1745918325.666409,0,0,1,0,11
1745918325.666409,0,0,1,0,11
1745918326.277589,0,0,0,0,22
1745918326.277589,0,0,0,0,22
1745918326.672807,0,0,0,0,7
1745918326.672807,0,0,0,0,7
1745918326.672807,0,0,0,0,7
1745918327.278847,0,0,0,0,20
1745918327.278847,0,0,0,0,20
1745918327.672137,0,0,0,0,6
1745918327.672137,0,0,0,0,6
1745918328.276061,0,0,0,1,19
1745918328.276061,0,0,0,1,19
1745918328.675965,0,0,0,0,11
1745918328.675965,0,0,0,0,11
1745918328.675965,0,0,0,0,11
1745918329.303342,0,0,0,0,10
1745918329.303342,0,0,0,0,10
1745918329.671302,0,0,0,0,11
1745918329.671302,0,0,0,0,11
1745918329.671302,0,0,0,0,11
1745918330.279414,0,0,0,0,20
1745918330.279414,0,0,0,0,20
1745918330.669695,0,0,0,0,9
1745918330.669695,0,0,0,0,9
1745918330.669695,0,0,0,0,9
1745918331.280102,0,0,0,0,22
1745918331.280102,0,0,0,0,22
1745918331.679538,0,0,0,0,7
1745918331.679538,0,0,0,0,7
1745918331.679538,0,0,0,0,7
1745918332.281611,0,0,0,0,18
1745918332.281611,0,0,0,0,18
1745918332.682088,0,0,0,0,20
1745918332.682088,0,0,0,0,20
1745918332.682088,0,0,0,0,20
1745918333.295034,0,0,0,0,35
1745918333.295034,0,0,0,0,35
1745918333.676259,0,0,0,0,9
1745918333.676259,0,0,0,0,9
1745918333.676259,0,0,0,0,9
1745918334.287715,0,0,0,0,12
1745918334.287715,0,0,0,0,12
1745918334.675319,0,0,0,0,11
1745918334.675319,0,0,0,0,11
1745918334.675319,0,0,0,0,11
1745918335.290849,0,0,0,0,19
1745918335.290849,0,0,0,0,19
1745918335.674117,0,0,0,0,15
1745918335.674117,0,0,0,0,15
1745918335.674117,0,0,0,0,15
1745918336.286697,0,0,0,0,15
1745918336.286697,0,0,0,0,15
1745918336.675534,0,0,0,0,18
1745918336.675534,0,0,0,0,18
1745918336.675534,0,0,0,0,18
1745918337.286141,0,0,0,0,12
1745918337.286141,0,0,0,0,12
1745918337.678391,0,0,0,0,6
1745918337.678391,0,0,0,0,6
1745918337.678391,0,0,0,0,6
1745918338.287693,0,0,0,0,18
1745918338.287693,0,0,0,0,18
1745918338.679067,0,0,0,0,9
1745918338.679067,0,0,0,0,9
1745918338.679067,0,0,0,0,9
1745918339.290683,0,0,0,0,20
1745918339.290683,0,0,0,0,20
1745918339.686467,0,0,0,0,12
1745918339.686467,0,0,0,0,12
1745918339.686467,0,0,0,0,12
1745918340.2947,0,0,0,0,20
1745918340.680984,0,0,0,0,11
1745918340.680984,0,0,0,0,11
1745918340.680984,0,0,0,0,11
1745918340.680984,0,0,0,0,11
1745918341.291002,0,0,0,0,13
1745918341.680415,0,0,0,0,10
1745918341.680415,0,0,0,0,10
1745918341.680415,0,0,0,0,10
1745918342.296651,0,0,1,0,11
1745918342.296651,0,0,1,0,11
1745918342.680976,0,0,0,0,12
1745918342.680976,0,0,0,0,12
1745918342.680976,0,0,0,0,12
1745918343.291237,0,0,0,0,14
1745918343.291237,0,0,0,0,14
1745918343.682133,0,0,0,0,8
1745918343.682133,0,0,0,0,8
1745918343.682133,0,0,0,0,8
1745918344.291804,0,0,0,0,25
1745918344.291804,0,0,0,0,25
1745918344.691477,0,0,0,0,18
1745918344.691477,0,0,0,0,18
1745918344.691477,0,0,0,0,18
1745918345.296713,0,0,1,0,10
1745918345.296713,0,0,1,0,10
1745918345.697459,0,0,0,0,8
1745918345.697459,0,0,0,0,8
1745918345.697459,0,0,0,0,8
1745918346.300022,0,0,0,0,8
1745918346.300022,0,0,0,0,8
1745918346.686696,0,0,1,0,9
1745918346.686696,0,0,1,0,9
1745918346.686696,0,0,1,0,9
1745918347.313915,0,0,0,0,31
1745918347.313915,0,0,0,0,31
1745918347.686809,0,0,1,0,21
1745918347.686809,0,0,1,0,21
1745918347.686809,0,0,1,0,21
1745918348.299105,0,0,0,1,21
1745918348.299105,0,0,0,1,21
1745918348.68814,0,0,0,0,10
1745918348.68814,0,0,0,0,10
1745918348.68814,0,0,0,0,10
1745918349.310307,0,0,0,0,13
1745918349.310307,0,0,0,0,13
1745918349.685722,0,0,0,0,11
1745918349.685722,0,0,0,0,11
1745918349.685722,0,0,0,0,11
1745918350.300382,0,0,0,0,13
1745918350.300382,0,0,0,0,13
1745918350.692419,0,0,0,0,18
1745918350.692419,0,0,0,0,18
1745918350.692419,0,0,0,0,18
1745918351.301528,0,0,0,1,32
1745918351.301528,0,0,0,1,32
1745918351.704167,0,0,0,0,13
1745918351.704167,0,0,0,0,13
1745918351.704167,0,0,0,0,13
1745918352.298865,0,0,0,0,16
1745918352.298865,0,0,0,0,16
1745918352.696938,0,0,0,0,13
1745918352.696938,0,0,0,0,13
1745918352.696938,0,0,0,0,13
1745918353.3022,0,0,0,0,35
1745918353.697201,0,0,0,0,11
1745918353.697201,0,0,0,0,11
1745918353.697201,0,0,0,0,11
1745918354.301382,0,0,1,0,34
1745918354.301382,0,0,1,0,34
1745918354.698472,0,0,0,0,17
1745918354.698472,0,0,0,0,17
1745918354.698472,0,0,0,0,17
1745918355.321371,0,0,0,1,16
1745918355.321371,0,0,0,1,16
1745918355.695982,0,0,0,1,9
1745918355.695982,0,0,0,1,9
1745918355.695982,0,0,0,1,9
1745918356.311291,0,0,0,0,33
1745918356.311291,0,0,0,0,33
1745918356.7015,0,0,0,0,7
1745918356.7015,0,0,0,0,7
1745918356.7015,0,0,0,0,7
1745918357.305534,0,0,0,0,16
1745918357.305534,0,0,0,0,16
1745918357.700563,0,0,0,1,9
1745918357.700563,0,0,0,1,9
1745918357.700563,0,0,0,1,9
1745918358.31222,0,0,1,0,21
1745918358.31222,0,0,1,0,21
1745918358.73759,0,0,1,0,6
1745918358.73759,0,0,1,0,6
1745918358.73759,0,0,1,0,6
1745918359.314741,0,0,0,0,28
1745918359.314741,0,0,0,0,28
1745918359.699579,0,0,0,0,9
1745918359.699579,0,0,0,0,9
1745918359.699579,0,0,0,0,9
1745918360.30809,0,0,1,0,10
1745918360.30809,0,0,1,0,10
1745918360.700886,0,0,0,0,18
1745918360.700886,0,0,0,0,18
1745918360.700886,0,0,0,0,18
1745918361.31243,0,0,0,0,13
1745918361.31243,0,0,0,0,13
1745918361.701723,0,0,0,0,5
1745918361.701723,0,0,0,0,5
1745918361.701723,0,0,0,0,5
1745918362.319796,0,0,0,0,17
1745918362.319796,0,0,0,0,17
1745918362.706132,0,0,0,0,9
1745918362.706132,0,0,0,0,9
1745918362.706132,0,0,0,0,9
1745918363.31841,0,0,1,0,13
1745918363.31841,0,0,1,0,13
1745918363.712039,0,0,1,0,4
1745918363.712039,0,0,1,0,4
1745918363.712039,0,0,1,0,4
1745918364.31647,0,0,1,0,10
1745918364.31647,0,0,1,0,10
1745918364.709614,0,0,0,0,11
1745918364.709614,0,0,0,0,11
1745918364.709614,0,0,0,0,11
1745918365.316011,0,0,0,0,24
1745918365.316011,0,0,0,0,24
1745918365.709722,0,0,0,0,14
1745918365.709722,0,0,0,0,14
1745918365.709722,0,0,0,0,14
1745918366.317623,0,0,1,0,30
1745918366.317623,0,0,1,0,30
1745918366.726618,0,0,0,0,8
1745918366.726618,0,0,0,0,8
1745918366.726618,0,0,0,0,8
1745918367.322835,0,0,0,1,20
1745918367.711336,0,0,0,0,20
1745918367.711336,0,0,0,0,20
1745918367.711336,0,0,0,0,20
1745918367.711336,0,0,0,0,20
1745918368.32171,0,0,0,0,17
1745918368.710923,0,0,0,1,8
1745918368.710923,0,0,0,1,8
1745918368.710923,0,0,0,1,8
1745918369.319671,0,0,0,0,10
1745918369.319671,0,0,0,0,10
1745918369.717436,0,0,0,0,13
1745918369.717436,0,0,0,0,13
1745918369.717436,0,0,0,0,13
1745918370.338869,0,0,0,0,16
1745918370.338869,0,0,0,0,16
1745918370.725045,0,0,0,0,8
1745918370.725045,0,0,0,0,8
1745918370.725045,0,0,0,0,8
1745918371.333278,0,0,0,1,10
1745918371.333278,0,0,0,1,10
1745918371.727885,0,0,0,0,9
1745918371.727885,0,0,0,0,9
1745918371.727885,0,0,0,0,9
1745918372.332651,0,0,2,0,12
1745918372.332651,0,0,2,0,12
1745918372.713252,0,0,0,0,12
1745918372.713252,0,0,0,0,12
1745918372.713252,0,0,0,0,12
1745918373.337184,0,0,1,0,22
1745918373.337184,0,0,1,0,22
1745918373.719903,0,0,1,0,6
1745918373.719903,0,0,1,0,6
1745918373.719903,0,0,1,0,6
1745918374.33856,0,0,1,0,17
1745918374.33856,0,0,1,0,17
1745918374.717779,0,0,2,0,7
1745918374.717779,0,0,2,0,7
1745918374.717779,0,0,2,0,7
1745918375.341383,0,0,1,0,17
1745918375.341383,0,0,1,0,17
1745918375.721355,0,0,0,0,3
1745918375.721355,0,0,0,0,3
1745918375.721355,0,0,0,0,3
1745918376.335944,0,0,0,1,25
1745918376.335944,0,0,0,1,25
1745918376.718526,0,0,0,0,10
1745918376.718526,0,0,0,0,10
1745918376.718526,0,0,0,0,10
1745918377.337534,0,0,1,0,34
1745918377.337534,0,0,1,0,34
1745918377.720814,0,0,0,0,11
1745918377.720814,0,0,0,0,11
1745918377.720814,0,0,0,0,11
1745918378.338015,0,0,2,0,16
1745918378.338015,0,0,2,0,16
1745918378.729036,0,0,1,0,11
1745918378.729036,0,0,1,0,11
1745918378.729036,0,0,1,0,11
1745918379.33903,0,0,1,1,17
1745918379.33903,0,0,1,1,17
1745918379.720502,0,0,0,0,9
1745918379.720502,0,0,0,0,9
1745918379.720502,0,0,0,0,9
1745918380.345277,0,0,0,0,16
1745918380.345277,0,0,0,0,16
1745918380.721669,0,0,0,0,4
1745918380.721669,0,0,0,0,4
1745918380.721669,0,0,0,0,4
1745918381.34616,0,0,1,0,27
1745918381.722076,0,0,0,0,11
1745918381.722076,0,0,0,0,11
1745918381.722076,0,0,0,0,11
1745918382.343141,0,0,0,0,10
1745918382.343141,0,0,0,0,10
1745918382.727504,0,0,0,0,12
1745918382.727504,0,0,0,0,12
1745918382.727504,0,0,0,0,12
1745918383.342116,0,0,0,0,21
1745918383.342116,0,0,0,0,21
1745918383.722112,0,0,0,0,15
1745918383.722112,0,0,0,0,15
1745918383.722112,0,0,0,0,15
1745918384.347569,0,0,1,0,16
1745918384.347569,0,0,1,0,16
1745918384.722927,0,0,0,0,5
1745918384.722927,0,0,0,0,5
1745918384.722927,0,0,0,0,5
1745918385.346407,0,0,1,0,7
1745918385.346407,0,0,1,0,7
1745918385.726987,0,0,1,0,19
1745918385.726987,0,0,1,0,19
1745918385.726987,0,0,1,0,19
1745918386.346373,0,0,1,0,11
1745918386.346373,0,0,1,0,11
1745918386.728727,0,0,0,0,8
1745918386.728727,0,0,0,0,8
1745918386.728727,0,0,0,0,8
1745918387.354488,0,0,0,0,14
1745918387.354488,0,0,0,0,14
1745918387.725138,0,0,0,0,9
1745918387.725138,0,0,0,0,9
1745918387.725138,0,0,0,0,9
1745918388.350191,0,0,0,0,27
1745918388.350191,0,0,0,0,27
1745918388.726385,0,0,0,0,7
1745918388.726385,0,0,0,0,7
1745918388.726385,0,0,0,0,7
1745918389.377744,0,0,1,0,22
1745918389.377744,0,0,1,0,22
1745918389.727321,0,0,0,0,18
1745918389.727321,0,0,0,0,18
1745918389.727321,0,0,0,0,18
1745918390.351431,0,0,0,0,19
1745918390.351431,0,0,0,0,19
1745918390.731277,0,0,0,0,11
1745918390.731277,0,0,0,0,11
1745918390.731277,0,0,0,0,11
1745918391.351046,0,0,0,0,19
1745918391.351046,0,0,0,0,19
1745918391.72968,0,0,0,0,10
1745918391.72968,0,0,0,0,10
1745918391.72968,0,0,0,0,10
1745918392.352199,0,0,1,1,22
1745918392.352199,0,0,1,1,22
1745918392.731047,0,0,0,0,5
1745918392.731047,0,0,0,0,5
1745918392.731047,0,0,0,0,5
1745918393.356084,0,0,0,0,16
1745918393.730884,0,0,0,1,14
1745918393.730884,0,0,0,1,14
1745918393.730884,0,0,0,1,14
1745918393.730884,0,0,0,1,14
1745918394.357105,0,0,0,0,27
1745918394.731477,0,0,0,0,11
1745918394.731477,0,0,0,0,11
1745918394.731477,0,0,0,0,11
1745918395.355141,0,0,0,0,20
1745918395.355141,0,0,0,0,20
1745918395.733554,0,0,2,0,10
1745918395.733554,0,0,2,0,10
1745918395.733554,0,0,2,0,10
1745918395.733554,0,0,2,0,10
1745918396.377057,0,0,0,0,16
1745918396.73626,0,0,0,0,13
1745918396.73626,0,0,0,0,13
1745918396.73626,0,0,0,0,13
1745918397.3562,0,0,0,0,13
1745918397.3562,0,0,0,0,13
1745918397.739777,0,0,1,0,15
1745918397.739777,0,0,1,0,15
1745918397.739777,0,0,1,0,15
1745918398.35671,0,0,0,1,19
1745918398.35671,0,0,0,1,19
1745918398.736337,0,0,0,0,9
1745918398.736337,0,0,0,0,9
1745918398.736337,0,0,0,0,9
1745918399.358754,0,0,0,0,26
1745918399.358754,0,0,0,0,26
1745918399.735567,0,0,0,0,6
1745918399.735567,0,0,0,0,6
1745918399.735567,0,0,0,0,6
1745918400.359996,0,0,0,1,21
1745918400.359996,0,0,0,1,21
1745918400.738027,0,0,0,0,9
1745918400.738027,0,0,0,0,9
1745918400.738027,0,0,0,0,9
1745918401.374749,0,0,0,2,16
1745918401.374749,0,0,0,2,16
1745918401.761701,0,0,0,0,10
1745918401.761701,0,0,0,0,10
1745918401.761701,0,0,0,0,10
1745918402.363661,0,0,0,0,21
1745918402.363661,0,0,0,0,21
1745918402.738992,0,0,0,0,9
1745918402.738992,0,0,0,0,9
1745918402.738992,0,0,0,0,9
1745918403.362813,0,0,0,0,18
1745918403.362813,0,0,0,0,18
1745918403.739804,0,0,0,0,11
1745918403.739804,0,0,0,0,11
1745918403.739804,0,0,0,0,11
1745918404.362638,0,0,1,0,7
1745918404.362638,0,0,1,0,7
1745918404.74151,0,0,0,0,13
1745918404.74151,0,0,0,0,13
1745918404.74151,0,0,0,0,13
1745918405.375062,0,0,0,0,25
1745918405.375062,0,0,0,0,25
1745918405.74716,0,0,0,0,11
1745918405.74716,0,0,0,0,11
1745918405.74716,0,0,0,0,11
1745918406.362914,0,0,0,0,22
1745918406.746118,0,0,0,0,9
1745918406.746118,0,0,0,0,9
1745918406.746118,0,0,0,0,9
1745918406.746118,0,0,0,0,9
1745918407.367992,0,0,0,1,24
1745918407.756171,0,0,0,0,14
1745918407.756171,0,0,0,0,14
1745918407.756171,0,0,0,0,14
1745918408.365959,0,0,0,0,18
1745918408.365959,0,0,0,0,18
1745918408.751761,0,0,0,0,7
1745918408.751761,0,0,0,0,7
1745918408.751761,0,0,0,0,7
1745918409.366677,0,0,0,0,13
1745918409.366677,0,0,0,0,13
1745918409.743977,0,0,0,0,6
1745918409.743977,0,0,0,0,6
1745918409.743977,0,0,0,0,6
1745918410.372664,0,0,0,0,12
1745918410.372664,0,0,0,0,12
1745918410.744901,0,0,0,0,13
1745918410.744901,0,0,0,0,13
1745918410.744901,0,0,0,0,13
1745918411.372847,0,0,0,0,19
1745918411.372847,0,0,0,0,19
1745918411.745926,0,0,1,0,8
1745918411.745926,0,0,1,0,8
1745918411.745926,0,0,1,0,8
1745918412.372059,0,0,1,0,31
1745918412.372059,0,0,1,0,31
1745918412.755536,0,0,1,0,11
1745918412.755536,0,0,1,0,11
1745918412.755536,0,0,1,0,11
1745918413.374602,0,0,0,0,14
1745918413.374602,0,0,0,0,14
1745918413.766612,0,0,0,0,10
1745918413.766612,0,0,0,0,10
1745918413.766612,0,0,0,0,10
1745918414.376481,0,0,0,0,12
1745918414.376481,0,0,0,0,12
1745918414.751477,0,0,0,1,14
1745918414.751477,0,0,0,1,14
1745918414.751477,0,0,0,1,14
1745918415.370636,0,0,0,0,14
1745918415.370636,0,0,0,0,14
1745918415.748757,0,0,1,0,10
1745918415.748757,0,0,1,0,10
1745918415.748757,0,0,1,0,10
1745918416.38107,0,0,1,0,17
1745918416.38107,0,0,1,0,17
1745918416.751879,0,0,0,0,15
1745918416.751879,0,0,0,0,15
1745918416.751879,0,0,0,0,15
1745918417.377143,0,0,0,0,19
1745918417.377143,0,0,0,0,19
1745918417.752368,0,0,0,0,15
1745918417.752368,0,0,0,0,15
1745918417.752368,0,0,0,0,15
1745918418.375321,0,0,1,0,15
1745918418.375321,0,0,1,0,15
1745918418.751716,0,0,0,0,6
1745918418.751716,0,0,0,0,6
1745918418.751716,0,0,0,0,6
1745918419.384194,0,0,0,0,19
1745918419.384194,0,0,0,0,19
1745918419.756857,0,0,0,0,12
1745918419.756857,0,0,0,0,12
1745918419.756857,0,0,0,0,12
1745918420.380954,0,0,0,0,11
1745918420.75954,0,0,0,0,12
1745918420.75954,0,0,0,0,12
1745918420.75954,0,0,0,0,12
1745918420.75954,0,0,0,0,12
1745918421.397106,0,0,1,0,8
1745918421.761372,0,0,0,0,13
1745918421.761372,0,0,0,0,13
1745918421.761372,0,0,0,0,13
1745918422.378626,0,0,0,0,27
1745918422.378626,0,0,0,0,27
1745918422.761076,0,0,1,0,7
1745918422.761076,0,0,1,0,7
1745918422.761076,0,0,1,0,7
1745918423.383389,0,0,0,0,15
1745918423.383389,0,0,0,0,15
1745918423.760107,0,0,0,0,12
1745918423.760107,0,0,0,0,12
1745918423.760107,0,0,0,0,12
1745918424.378266,0,0,3,0,18
1745918424.378266,0,0,3,0,18
1745918424.761507,0,0,1,0,24
1745918424.761507,0,0,1,0,24
1745918424.761507,0,0,1,0,24
1745918425.380084,0,0,2,0,23
1745918425.380084,0,0,2,0,23
1745918425.760742,0,0,0,0,13
1745918425.760742,0,0,0,0,13
1745918425.760742,0,0,0,0,13
1745918426.383756,0,0,0,0,34
1745918426.383756,0,0,0,0,34
1745918426.76907,0,0,0,0,7
1745918426.76907,0,0,0,0,7
1745918426.76907,0,0,0,0,7
1745918427.3834,0,0,0,1,12
1745918427.3834,0,0,0,1,12
1745918427.76291,0,0,0,0,7
1745918427.76291,0,0,0,0,7
1745918427.76291,0,0,0,0,7
1745918428.382913,0,0,1,0,17
1745918428.382913,0,0,1,0,17
1745918428.765551,0,0,1,0,20
1745918428.765551,0,0,1,0,20
1745918428.765551,0,0,1,0,20
1745918429.38103,0,0,0,0,9
1745918429.38103,0,0,0,0,9
1745918429.769011,0,0,0,0,4
1745918429.769011,0,0,0,0,4
1745918429.769011,0,0,0,0,4
1745918430.384896,0,0,0,0,20
1745918430.384896,0,0,0,0,20
1745918430.766347,0,0,0,0,28
1745918430.766347,0,0,0,0,28
1745918430.766347,0,0,0,0,28
1745918431.383096,0,0,0,0,15
1745918431.383096,0,0,0,0,15
1745918431.766128,0,0,0,0,8
1745918431.766128,0,0,0,0,8
1745918431.766128,0,0,0,0,8
1745918432.385489,0,0,0,0,21
1745918432.385489,0,0,0,0,21
1745918432.768776,0,0,1,0,8
1745918432.768776,0,0,1,0,8
1745918432.768776,0,0,1,0,8
1745918433.385368,0,0,1,0,24
1745918433.385368,0,0,1,0,24
1745918433.78068,0,0,1,0,17
1745918433.78068,0,0,1,0,17
1745918433.78068,0,0,1,0,17
1745918434.392279,0,0,0,0,20
1745918434.769622,0,0,0,0,16
1745918434.769622,0,0,0,0,16
1745918434.769622,0,0,0,0,16
1745918434.769622,0,0,0,0,16
1745918435.396889,0,0,0,0,19
1745918435.772489,0,0,2,0,4
1745918435.772489,0,0,2,0,4
1745918435.772489,0,0,2,0,4
1745918436.387189,0,0,0,0,29
1745918436.387189,0,0,0,0,29
1745918436.777056,0,0,0,0,13
1745918436.777056,0,0,0,0,13
1745918436.777056,0,0,0,0,13
1745918437.389012,0,0,1,0,20
1745918437.389012,0,0,1,0,20
1745918437.779049,0,0,0,0,15
1745918437.779049,0,0,0,0,15
1745918437.779049,0,0,0,0,15
1745918438.395547,0,0,1,0,16
1745918438.395547,0,0,1,0,16
1745918438.776548,0,0,0,0,7
1745918438.776548,0,0,0,0,7
1745918438.776548,0,0,0,0,7
1745918439.391684,0,0,0,0,13
1745918439.391684,0,0,0,0,13
1745918439.775864,0,0,0,0,9
1745918439.775864,0,0,0,0,9
1745918439.775864,0,0,0,0,9
1745918440.395249,0,0,0,0,15
1745918440.395249,0,0,0,0,15
1745918440.778094,0,0,0,1,12
1745918440.778094,0,0,0,1,12
1745918440.778094,0,0,0,1,12
1745918441.404955,0,0,0,0,13
1745918441.404955,0,0,0,0,13
1745918441.778907,0,0,0,0,3
1745918441.778907,0,0,0,0,3
1745918441.778907,0,0,0,0,3
1745918442.409276,0,0,0,0,13
1745918442.409276,0,0,0,0,13
1745918442.779133,0,0,0,0,16
1745918442.779133,0,0,0,0,16
1745918442.779133,0,0,0,0,16
1745918443.399713,0,0,0,0,13
1745918443.399713,0,0,0,0,13
1745918443.777541,0,0,1,0,6
1745918443.777541,0,0,1,0,6
1745918443.777541,0,0,1,0,6
1745918444.403603,0,0,0,0,19
1745918444.403603,0,0,0,0,19
1745918444.783359,0,0,0,0,6
1745918444.783359,0,0,0,0,6
1745918444.783359,0,0,0,0,6
1745918445.398795,0,0,0,0,19
1745918445.398795,0,0,0,0,19
1745918445.784294,0,0,0,0,8
1745918445.784294,0,0,0,0,8
1745918445.784294,0,0,0,0,8
1745918446.397349,0,0,0,0,14
1745918446.397349,0,0,0,0,14
1745918446.793189,0,0,0,0,15
1745918446.793189,0,0,0,0,15
1745918446.793189,0,0,0,0,15
1745918447.405017,0,0,1,0,16
1745918447.405017,0,0,1,0,16
1745918447.784114,0,0,0,0,9
1745918447.784114,0,0,0,0,9
1745918447.784114,0,0,0,0,9
1745918448.416132,0,0,0,0,32
1745918448.784644,0,0,0,0,16
1745918448.784644,0,0,0,0,16
1745918448.784644,0,0,0,0,16
1745918449.404832,0,0,0,0,28
1745918449.404832,0,0,0,0,28
1745918449.789086,0,0,1,0,10
1745918449.789086,0,0,1,0,10
1745918449.789086,0,0,1,0,10
1745918450.405739,0,0,2,0,16
1745918450.405739,0,0,2,0,16
1745918450.783834,0,0,0,0,9
1745918450.783834,0,0,0,0,9
1745918450.783834,0,0,0,0,9
1745918451.405991,0,0,1,0,22
1745918451.405991,0,0,1,0,22
1745918451.791417,0,0,0,0,12
1745918451.791417,0,0,0,0,12
1745918451.791417,0,0,0,0,12
1745918452.409552,0,0,0,0,18
1745918452.409552,0,0,0,0,18
1745918452.799201,0,0,1,0,12
1745918452.799201,0,0,1,0,12
1745918452.799201,0,0,1,0,12
1745918453.405941,0,0,0,0,19
1745918453.405941,0,0,0,0,19
1745918453.792399,0,0,1,0,11
1745918453.792399,0,0,1,0,11
1745918453.792399,0,0,1,0,11
1745918454.412896,0,0,0,0,17
1745918454.412896,0,0,0,0,17
1745918454.791116,0,0,0,0,13
1745918454.791116,0,0,0,0,13
1745918454.791116,0,0,0,0,13
1745918455.409629,0,0,0,0,21
1745918455.409629,0,0,0,0,21
1745918455.791527,0,0,0,0,11
1745918455.791527,0,0,0,0,11
1745918455.791527,0,0,0,0,11
1745918456.41091,0,0,0,0,12
1745918456.41091,0,0,0,0,12
1745918456.797034,0,0,0,0,12
1745918456.797034,0,0,0,0,12
1745918456.797034,0,0,0,0,12
1745918457.41222,0,0,0,0,13
1745918457.41222,0,0,0,0,13
1745918457.79892,0,0,0,0,13
1745918457.79892,0,0,0,0,13
1745918457.79892,0,0,0,0,13
1745918458.412702,0,0,0,0,24
1745918458.412702,0,0,0,0,24
1745918458.801719,0,0,0,0,18
1745918458.801719,0,0,0,0,18
1745918458.801719,0,0,0,0,18
1745918459.41475,0,0,0,0,27
1745918459.41475,0,0,0,0,27
1745918459.795977,0,0,0,0,17
1745918459.795977,0,0,0,0,17
1745918459.795977,0,0,0,0,17
1745918460.414673,0,0,0,0,21
1745918460.414673,0,0,0,0,21
1745918460.80113,0,0,0,2,9
1745918460.80113,0,0,0,2,9
1745918460.80113,0,0,0,2,9
1745918461.418403,0,0,1,0,17
1745918461.418403,0,0,1,0,17
1745918461.804057,0,0,0,0,8
1745918461.804057,0,0,0,0,8
1745918461.804057,0,0,0,0,8
1745918462.419089,0,0,0,0,24
1745918462.805037,0,0,0,0,8
1745918462.805037,0,0,0,0,8
1745918462.805037,0,0,0,0,8
1745918463.416946,0,0,0,0,22
1745918463.416946,0,0,0,0,22
1745918463.802359,0,0,0,0,22
1745918463.802359,0,0,0,0,22
1745918463.802359,0,0,0,0,22
1745918464.418098,0,0,0,0,17
1745918464.418098,0,0,0,0,17
1745918464.815064,0,0,0,0,10
1745918464.815064,0,0,0,0,10
1745918464.815064,0,0,0,0,10
1745918465.430038,0,0,0,0,16
1745918465.430038,0,0,0,0,16
1745918465.804895,0,0,0,0,6
1745918465.804895,0,0,0,0,6
1745918465.804895,0,0,0,0,6
1745918466.418941,0,0,0,0,14
1745918466.418941,0,0,0,0,14
1745918466.808516,0,0,0,0,15
1745918466.808516,0,0,0,0,15
1745918466.808516,0,0,0,0,15
1745918467.435941,0,0,0,0,19
1745918467.435941,0,0,0,0,19
1745918467.807574,0,0,0,0,14
1745918467.807574,0,0,0,0,14
1745918467.807574,0,0,0,0,14
1745918468.421088,0,0,1,0,13
1745918468.421088,0,0,1,0,13
1745918468.823247,0,0,0,0,13
1745918468.823247,0,0,0,0,13
1745918468.823247,0,0,0,0,13
1745918469.421702,0,0,0,0,10
1745918469.421702,0,0,0,0,10
1745918469.810506,0,0,1,0,16
1745918469.810506,0,0,1,0,16
1745918469.810506,0,0,1,0,16
1745918470.423018,0,0,0,0,13
1745918470.423018,0,0,0,0,13
1745918470.815682,0,0,0,0,2
1745918470.815682,0,0,0,0,2
1745918470.815682,0,0,0,0,2
1745918471.428054,0,0,1,1,10
1745918471.428054,0,0,1,1,10
1745918471.810878,0,0,0,0,12
1745918471.810878,0,0,0,0,12
1745918471.810878,0,0,0,0,12
1745918472.42274,0,0,0,0,18
1745918472.42274,0,0,0,0,18
1745918472.810325,0,0,1,0,21
1745918472.810325,0,0,1,0,21
1745918472.810325,0,0,1,0,21
1745918473.426063,0,0,0,0,12
1745918473.426063,0,0,0,0,12
1745918473.819335,0,0,0,1,9
1745918473.819335,0,0,0,1,9
1745918473.819335,0,0,0,1,9
1745918474.42348,0,0,0,0,15
1745918474.42348,0,0,0,0,15
1745918474.812037,0,0,1,0,15
1745918474.812037,0,0,1,0,15
1745918474.812037,0,0,1,0,15
1745918475.426201,0,0,0,0,26
1745918475.813077,0,0,1,1,11
1745918475.813077,0,0,1,1,11
1745918475.813077,0,0,1,1,11
1745918475.813077,0,0,1,1,11
1745918476.433306,0,0,0,0,28
1745918476.817906,0,0,1,0,7
1745918476.817906,0,0,1,0,7
1745918476.817906,0,0,1,0,7
1745918476.817906,0,0,1,0,7
1745918477.433877,0,0,1,0,23
1745918477.814261,0,0,1,0,14
1745918477.814261,0,0,1,0,14
1745918477.814261,0,0,1,0,14
1745918478.429619,0,0,0,0,8
1745918478.429619,0,0,0,0,8
1745918478.833071,0,0,0,0,11
1745918478.833071,0,0,0,0,11
1745918478.833071,0,0,0,0,11
1745918479.433067,0,0,0,0,17
1745918479.433067,0,0,0,0,17
1745918479.82317,0,0,0,0,12
1745918479.82317,0,0,0,0,12
1745918479.82317,0,0,0,0,12
1745918480.442149,0,0,0,0,22
1745918480.442149,0,0,0,0,22
1745918480.830053,0,0,0,0,15
1745918480.830053,0,0,0,0,15
1745918480.830053,0,0,0,0,15
1745918481.432134,0,0,0,0,11
1745918481.432134,0,0,0,0,11
1745918481.826033,0,0,0,0,18
1745918481.826033,0,0,0,0,18
1745918481.826033,0,0,0,0,18
1745918482.432815,0,0,0,1,16
1745918482.432815,0,0,0,1,16
1745918482.825932,0,0,2,0,4
1745918482.825932,0,0,2,0,4
1745918482.825932,0,0,2,0,4
1745918483.44841,0,0,1,0,15
1745918483.44841,0,0,1,0,15
1745918483.827328,0,0,0,0,12
1745918483.827328,0,0,0,0,12
1745918483.827328,0,0,0,0,12
1745918484.443537,0,0,0,0,18
1745918484.443537,0,0,0,0,18
1745918484.834063,0,0,0,0,17
1745918484.834063,0,0,0,0,17
1745918484.834063,0,0,0,0,17
1745918485.44286,0,0,2,0,20
1745918485.44286,0,0,2,0,20
1745918485.845876,0,0,1,0,9
1745918485.845876,0,0,1,0,9
1745918485.845876,0,0,1,0,9
1745918486.444924,0,0,0,0,13
1745918486.444924,0,0,0,0,13
1745918486.82701,0,0,0,0,13
1745918486.82701,0,0,0,0,13
1745918486.82701,0,0,0,0,13
1745918487.44527,0,0,0,0,24
1745918487.44527,0,0,0,0,24
1745918487.829557,0,0,0,0,12
1745918487.829557,0,0,0,0,12
1745918487.829557,0,0,0,0,12
1745918488.459418,0,0,0,1,19
1745918488.459418,0,0,0,1,19
1745918488.82982,0,0,0,0,16
1745918488.82982,0,0,0,0,16
1745918488.82982,0,0,0,0,16
1745918489.458057,0,0,0,0,15
1745918489.458057,0,0,0,0,15
1745918489.833938,0,0,0,0,13
1745918489.833938,0,0,0,0,13
1745918489.833938,0,0,0,0,13
1745918490.449489,0,0,2,0,19
1745918490.832831,0,0,0,0,14
1745918490.832831,0,0,0,0,14
1745918490.832831,0,0,0,0,14
1745918490.832831,0,0,0,0,14
1745918491.453513,0,0,1,0,21
1745918491.856205,0,0,0,0,11
1745918491.856205,0,0,0,0,11
1745918491.856205,0,0,0,0,11
1745918492.449104,0,0,1,0,23
1745918492.449104,0,0,1,0,23
1745918492.849062,0,0,0,0,5
1745918492.849062,0,0,0,0,5
1745918492.849062,0,0,0,0,5
1745918493.461939,0,0,0,0,24
1745918493.461939,0,0,0,0,24
1745918493.838191,0,0,0,0,11
1745918493.838191,0,0,0,0,11
1745918493.838191,0,0,0,0,11
1745918494.465851,0,0,1,0,19
1745918494.465851,0,0,1,0,19
1745918494.849595,0,0,1,0,12
1745918494.849595,0,0,1,0,12
1745918494.849595,0,0,1,0,12
1745918495.466609,0,0,2,0,16
1745918495.466609,0,0,2,0,16
1745918495.841563,0,0,1,0,11
1745918495.841563,0,0,1,0,11
1745918495.841563,0,0,1,0,11
1745918496.45464,0,0,0,0,14
1745918496.45464,0,0,0,0,14
1745918496.841056,0,0,0,0,11
1745918496.841056,0,0,0,0,11
1745918496.841056,0,0,0,0,11
1745918497.45871,0,0,0,0,16
1745918497.45871,0,0,0,0,16
1745918497.864544,0,0,0,0,22
1745918497.864544,0,0,0,0,22
1745918497.864544,0,0,0,0,22
1745918498.459674,0,0,0,0,13
1745918498.459674,0,0,0,0,13
1745918498.85998,0,0,1,0,19
1745918498.85998,0,0,1,0,19
1745918498.85998,0,0,1,0,19
1745918499.455707,0,0,2,0,18
1745918499.455707,0,0,2,0,18
1745918499.846297,0,0,0,0,8
1745918499.846297,0,0,0,0,8
1745918499.846297,0,0,0,0,8
1745918500.460562,0,0,1,0,13
1745918500.460562,0,0,1,0,13
1745918500.845048,0,0,1,0,13
1745918500.845048,0,0,1,0,13
1745918500.845048,0,0,1,0,13
1745918501.475143,0,0,0,0,15
1745918501.475143,0,0,0,0,15
1745918501.854568,0,0,1,0,17
1745918501.854568,0,0,1,0,17
1745918501.854568,0,0,1,0,17
1745918502.465974,0,0,0,1,16
1745918502.465974,0,0,0,1,16
1745918502.852368,0,0,0,0,8
1745918502.852368,0,0,0,0,8
1745918502.852368,0,0,0,0,8
1745918503.469687,0,0,0,0,21
1745918503.469687,0,0,0,0,21
1745918503.857392,0,0,0,0,15
1745918503.857392,0,0,0,0,15
1745918503.857392,0,0,0,0,15
1745918504.467167,0,0,1,1,8
1745918504.852467,0,0,0,0,13
1745918504.852467,0,0,0,0,13
1745918504.852467,0,0,0,0,13
1745918505.465013,0,0,0,0,17
1745918505.465013,0,0,0,0,17
1745918505.869089,0,0,0,0,13
1745918505.869089,0,0,0,0,13
1745918505.869089,0,0,0,0,13
1745918506.470724,0,0,0,0,9
1745918506.470724,0,0,0,0,9
1745918506.871663,0,0,0,0,11
1745918506.871663,0,0,0,0,11
1745918506.871663,0,0,0,0,11
1745918507.464845,0,0,0,0,22
1745918507.464845,0,0,0,0,22
1745918507.848142,0,0,1,0,11
1745918507.848142,0,0,1,0,11
1745918507.848142,0,0,1,0,11
1745918508.469821,0,0,1,0,23
1745918508.469821,0,0,1,0,23
1745918508.853577,0,0,0,0,14
1745918508.853577,0,0,0,0,14
1745918508.853577,0,0,0,0,14
1745918509.486216,0,0,1,0,6
1745918509.486216,0,0,1,0,6
1745918509.853344,0,0,1,0,10
1745918509.853344,0,0,1,0,10
1745918509.853344,0,0,1,0,10
1745918510.474392,0,0,0,0,17
1745918510.474392,0,0,0,0,17
1745918510.854676,0,0,0,0,17
1745918510.854676,0,0,0,0,17
1745918510.854676,0,0,0,0,17
1745918511.466838,0,0,0,0,24
1745918511.466838,0,0,0,0,24
1745918511.852113,0,0,0,0,5
1745918511.852113,0,0,0,0,5
1745918511.852113,0,0,0,0,5
1745918512.474812,0,0,0,0,20
1745918512.474812,0,0,0,0,20
1745918512.855125,0,0,0,0,12
1745918512.855125,0,0,0,0,12
1745918512.855125,0,0,0,0,12
1745918513.469112,0,0,1,0,20
1745918513.469112,0,0,1,0,20
1745918513.860197,0,0,0,0,5
1745918513.860197,0,0,0,0,5
1745918513.860197,0,0,0,0,5
1745918514.478084,0,0,1,0,13
1745918514.478084,0,0,1,0,13
1745918514.856708,0,0,0,0,8
1745918514.856708,0,0,0,0,8
1745918514.856708,0,0,0,0,8
1745918515.472152,0,0,0,0,14
1745918515.472152,0,0,0,0,14
1745918515.85666,0,0,0,0,3
1745918515.85666,0,0,0,0,3
1745918515.85666,0,0,0,0,3
1745918516.473706,0,0,1,1,18
1745918516.473706,0,0,1,1,18
1745918516.860692,0,0,0,0,8
1745918516.860692,0,0,0,0,8
1745918516.860692,0,0,0,0,8
1745918517.475594,0,0,1,0,27
1745918517.86421,0,0,0,0,11
1745918517.86421,0,0,0,0,11
1745918517.86421,0,0,0,0,11
1745918518.473496,0,0,0,0,13
1745918518.473496,0,0,0,0,13
1745918518.861225,0,0,1,0,8
1745918518.861225,0,0,1,0,8
1745918518.861225,0,0,1,0,8
1745918519.476382,0,0,0,0,22
1745918519.476382,0,0,0,0,22
1745918519.882117,0,0,1,0,4
1745918519.882117,0,0,1,0,4
1745918519.882117,0,0,1,0,4
1745918520.479789,0,0,3,0,29
1745918520.479789,0,0,3,0,29
1745918520.864902,0,0,0,0,17
1745918520.864902,0,0,0,0,17
1745918520.864902,0,0,0,0,17
1745918521.491912,0,0,0,0,12
1745918521.491912,0,0,0,0,12
1745918521.872443,0,0,0,0,23
1745918521.872443,0,0,0,0,23
1745918521.872443,0,0,0,0,23
1745918522.478014,0,0,1,1,24
1745918522.478014,0,0,1,1,24
1745918522.867792,0,0,0,0,20
1745918522.867792,0,0,0,0,20
1745918522.867792,0,0,0,0,20
1745918523.479039,0,0,0,0,21
1745918523.479039,0,0,0,0,21
1745918523.869224,0,0,0,0,10
1745918523.869224,0,0,0,0,10
1745918523.869224,0,0,0,0,10
1745918524.479518,0,0,1,0,26
1745918524.479518,0,0,1,0,26
1745918524.869277,0,0,0,0,7
1745918524.869277,0,0,0,0,7
1745918524.869277,0,0,0,0,7
1745918525.481999,0,0,1,0,21
1745918525.481999,0,0,1,0,21
1745918525.889248,0,0,0,0,13
1745918525.889248,0,0,0,0,13
1745918525.889248,0,0,0,0,13
1745918526.478159,0,0,0,0,8
1745918526.478159,0,0,0,0,8
1745918526.876012,0,0,0,0,5
1745918526.876012,0,0,0,0,5
1745918526.876012,0,0,0,0,5
1745918527.480347,0,0,0,0,20
1745918527.480347,0,0,0,0,20
1745918527.876033,0,0,1,0,9
1745918527.876033,0,0,1,0,9
1745918527.876033,0,0,1,0,9
1745918528.480605,0,0,1,3,24
1745918528.480605,0,0,1,3,24
1745918528.874423,0,0,0,0,11
1745918528.874423,0,0,0,0,11
1745918528.874423,0,0,0,0,11
1745918529.48309,0,0,1,0,18
1745918529.48309,0,0,1,0,18
1745918529.87373,0,0,0,0,9
1745918529.87373,0,0,0,0,9
1745918529.87373,0,0,0,0,9
1745918530.488076,0,0,0,0,13
1745918530.883593,0,0,0,0,15
1745918530.883593,0,0,0,0,15
1745918530.883593,0,0,0,0,15
1745918530.883593,0,0,0,0,15
1745918531.493388,0,0,0,0,12
1745918531.881832,0,0,0,0,9
1745918531.881832,0,0,0,0,9
1745918531.881832,0,0,0,0,9
1745918532.492951,0,0,0,0,32
1745918532.492951,0,0,0,0,32
1745918532.876387,0,0,0,0,16
1745918532.876387,0,0,0,0,16
1745918532.876387,0,0,0,0,16
1745918533.489039,0,0,1,0,22
1745918533.489039,0,0,1,0,22
1745918533.882751,0,0,0,0,11
1745918533.882751,0,0,0,0,11
1745918533.882751,0,0,0,0,11
1745918534.491219,0,0,0,1,16
1745918534.491219,0,0,0,1,16
1745918534.87995,0,0,0,0,11
1745918534.87995,0,0,0,0,11
1745918534.87995,0,0,0,0,11
1745918535.494178,0,0,0,0,22
1745918535.494178,0,0,0,0,22
1745918535.880641,0,0,0,0,13
1745918535.880641,0,0,0,0,13
1745918535.880641,0,0,0,0,13
1745918536.494002,0,0,0,0,22
1745918536.494002,0,0,0,0,22
1745918536.882152,0,0,0,0,14
1745918536.882152,0,0,0,0,14
1745918536.882152,0,0,0,0,14
1745918537.508553,0,0,0,0,17
1745918537.508553,0,0,0,0,17
1745918537.888379,0,0,0,0,8
1745918537.888379,0,0,0,0,8
1745918537.888379,0,0,0,0,8
1745918538.506482,0,0,0,0,17
1745918538.506482,0,0,0,0,17
1745918538.88341,0,0,0,0,17
1745918538.88341,0,0,0,0,17
1745918538.88341,0,0,0,0,17
1745918539.495124,0,0,1,0,18
1745918539.495124,0,0,1,0,18
1745918539.883381,0,0,0,0,19
1745918539.883381,0,0,0,0,19
1745918539.883381,0,0,0,0,19
1745918540.498274,0,0,0,1,10
1745918540.498274,0,0,0,1,10
1745918540.886406,0,0,0,0,24
1745918540.886406,0,0,0,0,24
1745918540.886406,0,0,0,0,24
1745918541.49722,0,0,0,1,22
1745918541.49722,0,0,0,1,22
1745918541.88563,0,0,0,0,13
1745918541.88563,0,0,0,0,13
1745918541.88563,0,0,0,0,13
1745918542.50657,0,0,0,0,26
1745918542.50657,0,0,0,0,26
1745918542.889122,0,0,0,0,16
1745918542.889122,0,0,0,0,16
1745918542.889122,0,0,0,0,16
1745918543.501839,0,0,0,0,20
1745918543.501839,0,0,0,0,20
1745918543.893259,0,0,0,0,21
1745918543.893259,0,0,0,0,21
1745918543.893259,0,0,0,0,21
1745918544.508249,0,0,0,1,20
1745918544.508249,0,0,0,1,20
1745918544.895985,0,0,0,1,15
1745918544.895985,0,0,0,1,15
1745918544.895985,0,0,0,1,15
1745918545.503079,0,0,1,0,7
1745918545.89045,0,0,0,0,8
1745918545.89045,0,0,0,0,8
1745918545.89045,0,0,0,0,8
1745918546.500804,0,0,1,1,17
1745918546.500804,0,0,1,1,17
1745918546.895003,0,0,0,0,10
1745918546.895003,0,0,0,0,10
1745918546.895003,0,0,0,0,10
1745918547.503665,0,0,0,0,10
1745918547.503665,0,0,0,0,10
1745918547.897485,0,0,0,0,19
1745918547.897485,0,0,0,0,19
1745918547.897485,0,0,0,0,19
1745918548.508691,0,0,0,0,26
1745918548.508691,0,0,0,0,26
1745918548.895439,0,0,0,0,12
1745918548.895439,0,0,0,0,12
1745918548.895439,0,0,0,0,12
1745918549.5119,0,0,0,0,24
1745918549.5119,0,0,0,0,24
1745918549.895342,0,0,0,0,15
1745918549.895342,0,0,0,0,15
1745918549.895342,0,0,0,0,15
1745918550.517372,0,0,0,1,21
1745918550.517372,0,0,0,1,21
1745918550.906288,0,0,0,0,6
1745918550.906288,0,0,0,0,6
1745918550.906288,0,0,0,0,6
1745918551.522159,0,0,0,0,15
1745918551.522159,0,0,0,0,15
1745918551.898146,0,0,0,0,7
1745918551.898146,0,0,0,0,7
1745918551.898146,0,0,0,0,7
1745918552.507992,0,0,0,0,29
1745918552.507992,0,0,0,0,29
1745918552.898053,0,0,0,0,8
1745918552.898053,0,0,0,0,8
1745918552.898053,0,0,0,0,8
1745918553.508421,0,0,0,1,23
1745918553.508421,0,0,0,1,23
1745918553.908683,0,0,1,0,19
1745918553.908683,0,0,1,0,19
1745918553.908683,0,0,1,0,19
1745918554.507639,0,0,0,0,18
1745918554.507639,0,0,0,0,18
1745918554.900171,0,0,0,0,10
1745918554.900171,0,0,0,0,10
1745918554.900171,0,0,0,0,10
1745918555.507297,0,0,0,0,19
1745918555.507297,0,0,0,0,19
1745918555.90687,0,0,0,0,15
1745918555.90687,0,0,0,0,15
1745918555.90687,0,0,0,0,15
1745918556.507596,0,0,0,0,27
1745918556.507596,0,0,0,0,27
1745918556.905543,0,0,0,0,6
1745918556.905543,0,0,0,0,6
1745918556.905543,0,0,0,0,6
1745918557.517292,0,0,0,0,21
1745918557.905619,0,0,0,0,9
1745918557.905619,0,0,0,0,9
1745918557.905619,0,0,0,0,9
1745918557.905619,0,0,0,0,9
1745918558.511018,0,0,1,0,13
1745918558.90989,0,0,0,0,6
1745918558.90989,0,0,0,0,6
1745918558.90989,0,0,0,0,6
1745918559.510066,0,0,0,0,11
1745918559.510066,0,0,0,0,11
1745918559.919201,0,0,0,0,9
1745918559.919201,0,0,0,0,9
1745918559.919201,0,0,0,0,9
1745918560.511949,0,0,1,0,12
1745918560.511949,0,0,1,0,12
1745918560.918803,0,0,0,0,9
1745918560.918803,0,0,0,0,9
1745918560.918803,0,0,0,0,9
1745918561.519393,0,0,0,0,14
1745918561.519393,0,0,0,0,14
1745918561.910523,0,0,0,0,11
1745918561.910523,0,0,0,0,11
1745918561.910523,0,0,0,0,11
1745918562.516541,0,0,2,0,15
1745918562.516541,0,0,2,0,15
1745918562.910007,0,0,0,0,7
1745918562.910007,0,0,0,0,7
1745918562.910007,0,0,0,0,7
1745918563.517961,0,0,0,0,20
1745918563.517961,0,0,0,0,20
1745918563.912786,0,0,0,0,11
1745918563.912786,0,0,0,0,11
1745918563.912786,0,0,0,0,11
1745918564.518554,0,0,1,0,26
1745918564.518554,0,0,1,0,26
1745918564.917669,0,0,0,0,23
1745918564.917669,0,0,0,0,23
1745918564.917669,0,0,0,0,23
1745918565.53774,0,0,0,0,18
1745918565.53774,0,0,0,0,18
1745918565.914682,0,0,0,1,16
1745918565.914682,0,0,0,1,16
1745918565.914682,0,0,0,1,16
1745918566.517315,0,0,0,0,13
1745918566.517315,0,0,0,0,13
1745918566.914619,0,0,0,0,12
1745918566.914619,0,0,0,0,12
1745918566.914619,0,0,0,0,12
1745918567.51906,0,0,0,0,13
1745918567.51906,0,0,0,0,13
1745918567.92896,0,0,0,0,8
1745918567.92896,0,0,0,0,8
1745918567.92896,0,0,0,0,8
1745918568.52027,0,0,1,0,11
1745918568.52027,0,0,1,0,11
1745918568.917277,0,0,1,0,17
1745918568.917277,0,0,1,0,17
1745918568.917277,0,0,1,0,17
1745918569.520478,0,0,1,0,12
1745918569.520478,0,0,1,0,12
1745918569.917976,0,0,0,0,21
1745918569.917976,0,0,0,0,21
1745918569.917976,0,0,0,0,21
1745918570.519667,0,0,1,0,22
1745918570.519667,0,0,1,0,22
1745918570.926872,0,0,0,0,15
1745918570.926872,0,0,0,0,15
1745918570.926872,0,0,0,0,15
1745918571.524754,0,0,0,0,10
1745918571.921732,0,0,0,0,15
1745918571.921732,0,0,0,0,15
1745918571.921732,0,0,0,0,15
1745918572.525902,0,0,0,1,25
1745918572.525902,0,0,0,1,25
1745918572.922712,0,0,0,0,8
1745918572.922712,0,0,0,0,8
1745918572.922712,0,0,0,0,8
1745918573.522996,0,0,0,0,20
1745918573.522996,0,0,0,0,20
1745918573.9414,0,0,0,0,10
1745918573.9414,0,0,0,0,10
1745918573.9414,0,0,0,0,10
1745918574.534035,0,0,0,0,24
1745918574.534035,0,0,0,0,24
1745918574.926865,0,0,0,0,13
1745918574.926865,0,0,0,0,13
1745918574.926865,0,0,0,0,13
1745918575.535922,0,0,0,0,14
1745918575.535922,0,0,0,0,14
1745918575.924855,0,0,0,0,10
1745918575.924855,0,0,0,0,10
1745918575.924855,0,0,0,0,10
1745918576.534387,0,0,0,1,14
1745918576.534387,0,0,0,1,14
1745918576.934568,0,0,0,0,10
1745918576.934568,0,0,0,0,10
1745918576.934568,0,0,0,0,10
1745918577.530588,0,0,0,0,20
1745918577.530588,0,0,0,0,20
1745918577.934221,0,0,0,0,15
1745918577.934221,0,0,0,0,15
1745918577.934221,0,0,0,0,15
1745918578.528904,0,0,0,1,13
1745918578.528904,0,0,0,1,13
1745918578.927751,0,0,0,0,7
1745918578.927751,0,0,0,0,7
1745918578.927751,0,0,0,0,7
1745918579.541513,0,0,0,0,14
1745918579.541513,0,0,0,0,14
1745918579.93058,0,0,0,0,17
1745918579.93058,0,0,0,0,17
1745918579.93058,0,0,0,0,17
1745918580.527829,0,0,0,0,16
1745918580.527829,0,0,0,0,16
1745918580.933523,0,0,0,0,4
1745918580.933523,0,0,0,0,4
1745918580.933523,0,0,0,0,4
1745918581.529524,0,0,0,0,17
1745918581.529524,0,0,0,0,17
1745918581.930028,0,0,1,0,6
1745918581.930028,0,0,1,0,6
1745918581.930028,0,0,1,0,6
1745918582.532822,0,0,1,0,30
1745918582.532822,0,0,1,0,30
1745918582.94185,0,0,1,0,16
1745918582.94185,0,0,1,0,16
1745918582.94185,0,0,1,0,16
1745918583.531294,0,0,0,0,20
1745918583.531294,0,0,0,0,20
1745918583.939697,0,0,0,0,7
1745918583.939697,0,0,0,0,7
1745918583.939697,0,0,0,0,7
1745918584.53719,0,0,0,0,11
1745918584.53719,0,0,0,0,11
1745918584.940416,0,0,0,0,9
1745918584.940416,0,0,0,0,9
1745918584.940416,0,0,0,0,9
1745918585.554454,0,0,0,0,11
1745918585.934522,0,0,0,0,15
1745918585.934522,0,0,0,0,15
1745918585.934522,0,0,0,0,15
1745918586.540862,0,0,1,0,19
1745918586.540862,0,0,1,0,19
1745918586.94499,0,0,0,0,20
1745918586.94499,0,0,0,0,20
1745918586.94499,0,0,0,0,20
1745918587.540083,0,0,0,0,13
1745918587.540083,0,0,0,0,13
1745918587.958808,0,0,0,0,7
1745918587.958808,0,0,0,0,7
1745918587.958808,0,0,0,0,7
1745918588.543429,0,0,2,0,22
1745918588.543429,0,0,2,0,22
1745918588.958943,0,0,0,0,8
1745918588.958943,0,0,0,0,8
1745918588.958943,0,0,0,0,8
1745918589.538173,0,0,1,0,16
1745918589.538173,0,0,1,0,16
1745918589.943732,0,0,0,0,11
1745918589.943732,0,0,0,0,11
1745918589.943732,0,0,0,0,11
1745918590.539001,0,0,0,0,12
1745918590.539001,0,0,0,0,12
1745918590.95388,0,0,1,0,8
1745918590.95388,0,0,1,0,8
1745918590.95388,0,0,1,0,8
1745918591.540595,0,0,0,0,11
1745918591.540595,0,0,0,0,11
1745918591.965162,0,0,0,0,9
1745918591.965162,0,0,0,0,9
1745918591.965162,0,0,0,0,9
1745918592.552546,0,0,1,0,15
1745918592.552546,0,0,1,0,15
1745918592.948098,0,0,0,0,14
1745918592.948098,0,0,0,0,14
1745918592.948098,0,0,0,0,14
1745918593.541107,0,0,1,0,34
1745918593.541107,0,0,1,0,34
1745918593.94769,0,0,0,0,33
1745918593.94769,0,0,0,0,33
1745918593.94769,0,0,0,0,33
1745918594.541766,0,0,1,0,15
1745918594.541766,0,0,1,0,15
1745918594.951743,0,0,1,0,20
1745918594.951743,0,0,1,0,20
1745918594.951743,0,0,1,0,20
1745918595.542931,0,0,0,1,15
1745918595.542931,0,0,0,1,15
1745918595.949859,0,0,2,0,14
1745918595.949859,0,0,2,0,14
1745918595.949859,0,0,2,0,14
1745918596.54412,0,0,0,0,23
1745918596.54412,0,0,0,0,23
1745918596.956796,0,0,0,0,6
1745918596.956796,0,0,0,0,6
1745918596.956796,0,0,0,0,6
1745918597.546531,0,0,0,0,23
1745918597.546531,0,0,0,0,23
1745918597.954264,0,0,3,0,6
1745918597.954264,0,0,3,0,6
1745918597.954264,0,0,3,0,6
1745918598.555849,0,0,0,0,23
1745918598.555849,0,0,0,0,23
1745918598.956489,0,0,0,0,12
1745918598.956489,0,0,0,0,12
1745918599.550195,0,0,1,0,25
1745918599.550195,0,0,1,0,25
1745918599.550195,0,0,1,0,25
1745918599.956804,0,0,0,0,18
1745918599.956804,0,0,0,0,18
1745918600.55378,0,0,1,0,14
1745918600.55378,0,0,1,0,14
1745918600.955742,0,0,0,0,6
1745918600.955742,0,0,0,0,6
1745918600.955742,0,0,0,0,6
1745918601.552875,0,0,0,0,13
1745918601.552875,0,0,0,0,13
1745918601.958456,0,0,0,0,13
1745918601.958456,0,0,0,0,13
1745918601.958456,0,0,0,0,13
1745918602.554677,0,0,1,0,16
1745918602.554677,0,0,1,0,16
1745918602.959686,0,0,0,0,28
1745918602.959686,0,0,0,0,28
1745918602.959686,0,0,0,0,28
1745918603.553897,0,0,0,0,20
1745918603.553897,0,0,0,0,20
1745918603.958858,0,0,0,0,19
1745918603.958858,0,0,0,0,19
1745918603.958858,0,0,0,0,19
1745918604.556259,0,0,1,0,21
1745918604.556259,0,0,1,0,21
1745918604.961204,0,0,0,0,13
1745918604.961204,0,0,0,0,13
1745918604.961204,0,0,0,0,13
1745918605.555766,0,0,0,0,9
1745918605.555766,0,0,0,0,9
1745918605.960833,0,0,0,0,12
1745918605.960833,0,0,0,0,12
1745918605.960833,0,0,0,0,12
1745918606.556676,0,0,2,0,36
1745918606.556676,0,0,2,0,36
1745918606.961563,0,0,1,0,15
1745918606.961563,0,0,1,0,15
1745918606.961563,0,0,1,0,15
1745918607.560507,0,0,0,0,17
1745918607.560507,0,0,0,0,17
1745918607.963411,0,0,0,0,10
1745918607.963411,0,0,0,0,10
1745918607.963411,0,0,0,0,10
1745918608.55957,0,0,1,0,23
1745918608.55957,0,0,1,0,23
1745918608.964718,0,0,0,0,19
1745918608.964718,0,0,0,0,19
1745918608.964718,0,0,0,0,19
1745918609.559774,0,0,1,0,17
1745918609.559774,0,0,1,0,17
1745918609.962953,0,0,0,0,9
1745918609.962953,0,0,0,0,9
1745918609.962953,0,0,0,0,9
1745918610.561245,0,0,0,0,13
1745918610.561245,0,0,0,0,13
1745918610.968887,0,0,0,0,14
1745918610.968887,0,0,0,0,14
1745918610.968887,0,0,0,0,14
1745918611.562759,0,0,0,0,21
1745918611.562759,0,0,0,0,21
1745918611.968565,0,0,0,1,14
1745918611.968565,0,0,0,1,14
1745918611.968565,0,0,0,1,14
1745918612.564179,0,0,0,0,21
1745918612.564179,0,0,0,0,21
1745918612.971933,0,0,0,0,8
1745918612.971933,0,0,0,0,8
1745918612.971933,0,0,0,0,8
1745918613.565908,0,0,0,1,17
1745918613.565908,0,0,0,1,17
1745918613.976439,0,0,0,0,14
1745918613.976439,0,0,0,0,14
1745918614.565548,0,0,0,0,12
1745918614.565548,0,0,0,0,12
1745918614.97309,0,0,0,0,21
1745918614.97309,0,0,0,0,21
1745918614.97309,0,0,0,0,21
1745918615.570246,0,0,1,0,14
1745918615.570246,0,0,1,0,14
1745918615.974052,0,0,1,0,8
1745918615.974052,0,0,1,0,8
1745918615.974052,0,0,1,0,8
1745918616.568556,0,0,0,0,19
1745918616.568556,0,0,0,0,19
1745918616.973584,0,0,0,0,8
1745918616.973584,0,0,0,0,8
1745918616.973584,0,0,0,0,8
1745918617.568979,0,0,0,0,16
1745918617.568979,0,0,0,0,16
1745918617.999088,0,0,0,0,12
1745918617.999088,0,0,0,0,12
1745918617.999088,0,0,0,0,12
1745918618.573465,0,0,0,0,18
1745918618.573465,0,0,0,0,18
1745918618.982945,0,0,1,1,12
1745918618.982945,0,0,1,1,12
1745918618.982945,0,0,1,1,12
1745918619.575537,0,0,0,0,16
1745918619.575537,0,0,0,0,16
1745918619.978943,0,0,0,0,8
1745918619.978943,0,0,0,0,8
1745918619.978943,0,0,0,0,8
1745918620.573093,0,0,0,0,37
1745918620.573093,0,0,0,0,37
1745918620.981899,0,0,0,0,6
1745918620.981899,0,0,0,0,6
1745918620.981899,0,0,0,0,6
1745918621.573955,0,0,0,0,15
1745918621.573955,0,0,0,0,15
1745918621.978259,0,0,0,0,18
1745918621.978259,0,0,0,0,18
1745918621.978259,0,0,0,0,18
1745918622.576259,0,0,0,0,16
1745918622.576259,0,0,0,0,16
1745918622.979878,0,0,1,0,23
1745918622.979878,0,0,1,0,23
1745918622.979878,0,0,1,0,23
1745918623.574504,0,0,0,0,27
1745918623.574504,0,0,0,0,27
1745918623.982363,0,0,2,0,7
1745918623.982363,0,0,2,0,7
1745918623.982363,0,0,2,0,7
1745918624.575621,0,0,0,0,18
1745918624.575621,0,0,0,0,18
1745918624.991721,0,0,0,0,4
1745918624.991721,0,0,0,0,4
1745918624.991721,0,0,0,0,4
1745918625.578133,0,0,0,0,17
1745918625.578133,0,0,0,0,17
1745918626.000011,0,0,0,0,12
1745918626.000011,0,0,0,0,12
1745918626.000011,0,0,0,0,12
1745918626.581432,0,0,0,0,10
1745918626.581432,0,0,0,0,10
1745918626.987857,0,0,0,0,11
1745918626.987857,0,0,0,0,11
1745918627.578419,0,0,0,0,19
1745918627.578419,0,0,0,0,19
1745918627.98466,0,0,1,0,18
1745918627.98466,0,0,1,0,18
1745918627.98466,0,0,1,0,18
1745918628.586276,0,0,0,0,18
1745918628.586276,0,0,0,0,18
1745918628.984069,0,0,0,0,8
1745918628.984069,0,0,0,0,8
1745918628.984069,0,0,0,0,8
1745918629.598455,0,0,0,0,16
1745918629.598455,0,0,0,0,16
1745918629.986952,0,0,0,0,18
1745918629.986952,0,0,0,0,18
1745918629.986952,0,0,0,0,18
1745918630.592107,0,0,0,0,17
1745918630.592107,0,0,0,0,17
1745918631.00532,0,0,0,0,12
1745918631.00532,0,0,0,0,12
1745918631.00532,0,0,0,0,12
1745918631.599885,0,0,0,0,16
1745918631.599885,0,0,0,0,16
1745918631.995557,0,0,0,0,7
1745918631.995557,0,0,0,0,7
1745918631.995557,0,0,0,0,7
1745918632.593239,0,0,0,0,19
1745918632.593239,0,0,0,0,19
1745918632.997485,0,0,1,0,8
1745918632.997485,0,0,1,0,8
1745918632.997485,0,0,1,0,8
1745918633.594814,0,0,2,0,17
1745918633.594814,0,0,2,0,17
1745918633.993193,0,0,0,0,15
1745918633.993193,0,0,0,0,15
1745918633.993193,0,0,0,0,15
1745918634.610461,0,0,0,0,30
1745918634.610461,0,0,0,0,30
1745918634.990379,0,0,0,0,12
1745918634.990379,0,0,0,0,12
1745918634.990379,0,0,0,0,12
1745918635.597622,0,0,0,0,18
1745918635.597622,0,0,0,0,18
1745918635.994721,0,0,1,0,11
1745918635.994721,0,0,1,0,11
1745918635.994721,0,0,1,0,11
1745918636.60135,0,0,0,1,13
1745918636.60135,0,0,0,1,13
1745918636.992118,0,0,0,0,12
1745918636.992118,0,0,0,0,12
1745918636.992118,0,0,0,0,12
1745918637.599178,0,0,0,0,15
1745918637.599178,0,0,0,0,15
1745918637.995021,0,0,0,0,8
1745918637.995021,0,0,0,0,8
1745918637.995021,0,0,0,0,8
1745918638.599499,0,0,0,0,12
1745918638.599499,0,0,0,0,12
1745918638.994314,0,0,0,1,15
1745918638.994314,0,0,0,1,15
1745918638.994314,0,0,0,1,15
1745918639.606108,0,0,3,1,20
1745918639.995048,0,0,0,0,7
1745918639.995048,0,0,0,0,7
1745918639.995048,0,0,0,0,7
1745918640.599818,0,0,0,0,20
1745918640.599818,0,0,0,0,20
1745918640.999735,0,0,1,0,18
1745918640.999735,0,0,1,0,18
1745918640.999735,0,0,1,0,18
1745918641.604201,0,0,0,0,23
1745918641.604201,0,0,0,0,23
1745918641.999565,0,0,0,0,6
1745918641.999565,0,0,0,0,6
1745918641.999565,0,0,0,0,6
1745918642.610286,0,0,0,0,27
1745918642.610286,0,0,0,0,27
1745918642.997287,0,0,0,0,14
1745918642.997287,0,0,0,0,14
1745918642.997287,0,0,0,0,14
1745918643.612556,0,0,0,0,21
1745918643.612556,0,0,0,0,21
1745918644.006217,0,0,1,0,4
1745918644.006217,0,0,1,0,4
1745918644.006217,0,0,1,0,4
1745918644.607554,0,0,1,0,18
1745918644.607554,0,0,1,0,18
1745918645.00082,0,0,0,0,18
1745918645.00082,0,0,0,0,18
1745918645.00082,0,0,0,0,18
1745918645.606422,0,0,0,0,16
1745918645.606422,0,0,0,0,16
1745918646.003808,0,0,0,0,7
1745918646.003808,0,0,0,0,7
1745918646.003808,0,0,0,0,7
1745918646.607935,0,0,1,0,10
1745918646.607935,0,0,1,0,10
1745918647.005288,0,0,1,2,13
1745918647.005288,0,0,1,2,13
1745918647.005288,0,0,1,2,13
1745918647.609782,0,0,0,0,27
1745918647.609782,0,0,0,0,27
1745918648.002555,0,0,0,0,6
1745918648.002555,0,0,0,0,6
1745918648.002555,0,0,0,0,6
1745918648.609481,0,0,0,0,12
1745918648.609481,0,0,0,0,12
1745918649.005769,0,0,0,0,14
1745918649.005769,0,0,0,0,14
1745918649.005769,0,0,0,0,14
1745918649.610624,0,0,0,2,10
1745918649.610624,0,0,0,2,10
1745918650.005427,0,0,0,0,24
1745918650.005427,0,0,0,0,24
1745918650.005427,0,0,0,0,24
1745918650.624693,0,0,0,0,26
1745918650.624693,0,0,0,0,26
1745918651.03624,0,0,0,0,23
1745918651.03624,0,0,0,0,23
1745918651.03624,0,0,0,0,23
1745918651.622235,0,0,0,0,11
1745918651.622235,0,0,0,0,11
1745918652.023373,0,0,0,0,12
1745918652.023373,0,0,0,0,12
1745918652.023373,0,0,0,0,12
1745918652.622065,0,0,0,0,14
1745918652.622065,0,0,0,0,14
1745918653.013322,0,0,0,0,12
1745918653.013322,0,0,0,0,12
1745918653.013322,0,0,0,0,12
1745918653.634973,0,0,1,0,16
1745918653.634973,0,0,1,0,16
1745918654.017351,0,0,0,0,11
1745918654.017351,0,0,0,0,11
1745918654.625796,0,0,2,0,6
1745918654.625796,0,0,2,0,6
1745918655.020089,0,0,0,1,18
1745918655.020089,0,0,0,1,18
1745918655.020089,0,0,0,1,18
1745918655.625967,0,0,1,0,17
1745918655.625967,0,0,1,0,17
1745918656.017784,0,0,0,0,15
1745918656.017784,0,0,0,0,15
1745918656.017784,0,0,0,0,15
1745918656.627748,0,0,1,0,18
1745918656.627748,0,0,1,0,18
1745918657.020442,0,0,0,0,10
1745918657.020442,0,0,0,0,10
1745918657.020442,0,0,0,0,10
1745918657.62996,0,0,0,1,17
1745918657.62996,0,0,0,1,17
1745918658.02168,0,0,0,0,3
1745918658.02168,0,0,0,0,3
1745918658.02168,0,0,0,0,3
1745918658.637087,0,0,1,0,9
1745918658.637087,0,0,1,0,9
1745918659.02564,0,0,0,0,8
1745918659.02564,0,0,0,0,8
1745918659.02564,0,0,0,0,8
1745918659.630037,0,0,1,0,19
1745918659.630037,0,0,1,0,19
1745918660.022035,0,0,0,0,14
1745918660.022035,0,0,0,0,14
1745918660.022035,0,0,0,0,14
1745918660.636415,0,0,0,0,15
1745918660.636415,0,0,0,0,15
1745918661.021608,0,0,0,0,7
1745918661.021608,0,0,0,0,7
1745918661.021608,0,0,0,0,7
1745918661.648697,0,0,0,0,25
1745918661.648697,0,0,0,0,25
1745918662.025087,0,0,0,0,12
1745918662.025087,0,0,0,0,12
1745918662.025087,0,0,0,0,12
1745918662.636171,0,0,2,0,30
1745918662.636171,0,0,2,0,30
1745918663.023444,0,0,0,1,9
1745918663.023444,0,0,0,1,9
1745918663.023444,0,0,0,1,9
1745918663.634854,0,0,0,0,26
1745918663.634854,0,0,0,0,26
1745918664.033875,0,0,0,0,10
1745918664.033875,0,0,0,0,10
1745918664.033875,0,0,0,0,10
1745918664.635551,0,0,0,0,19
1745918664.635551,0,0,0,0,19
1745918665.029872,0,0,1,0,13
1745918665.029872,0,0,1,0,13
1745918665.029872,0,0,1,0,13
1745918665.642631,0,0,0,0,21
1745918665.642631,0,0,0,0,21
1745918666.039263,0,0,0,0,12
1745918666.039263,0,0,0,0,12
1745918666.039263,0,0,0,0,12
1745918666.651104,0,0,0,0,25
1745918667.029904,0,0,0,0,9
1745918667.029904,0,0,0,0,9
1745918667.029904,0,0,0,0,9
1745918667.029904,0,0,0,0,9
1745918667.654738,0,0,3,0,14
1745918668.040563,0,0,0,0,11
1745918668.040563,0,0,0,0,11
1745918668.040563,0,0,0,0,11
1745918668.653344,0,0,0,0,21
1745918668.653344,0,0,0,0,21
1745918669.036758,0,0,1,0,19
1745918669.036758,0,0,1,0,19
1745918669.036758,0,0,1,0,19
1745918669.65523,0,0,0,0,21
1745918669.65523,0,0,0,0,21
1745918670.032617,0,0,0,0,10
1745918670.032617,0,0,0,0,10
1745918670.032617,0,0,0,0,10
1745918670.647074,0,0,0,1,12
1745918670.647074,0,0,0,1,12
1745918671.03992,0,0,0,0,7
1745918671.03992,0,0,0,0,7
1745918671.03992,0,0,0,0,7
1745918671.653088,0,0,0,0,14
1745918671.653088,0,0,0,0,14
1745918672.035673,0,0,0,0,15
1745918672.035673,0,0,0,0,15
1745918672.035673,0,0,0,0,15
1745918672.669859,0,0,0,0,24
1745918672.669859,0,0,0,0,24
1745918673.036503,0,0,0,0,25
1745918673.036503,0,0,0,0,25
1745918673.036503,0,0,0,0,25
1745918673.661591,0,0,0,0,21
1745918673.661591,0,0,0,0,21
1745918674.047291,0,0,0,0,14
1745918674.047291,0,0,0,0,14
1745918674.047291,0,0,0,0,14
1745918674.659976,0,0,0,0,14
1745918674.659976,0,0,0,0,14
1745918675.039782,0,0,0,0,13
1745918675.039782,0,0,0,0,13
1745918675.039782,0,0,0,0,13
1745918675.653422,0,0,1,0,22
1745918675.653422,0,0,1,0,22
1745918676.050133,0,0,0,0,15
1745918676.050133,0,0,0,0,15
1745918676.050133,0,0,0,0,15
1745918676.655296,0,0,1,0,11
1745918676.655296,0,0,1,0,11
1745918677.041188,0,0,0,0,19
1745918677.041188,0,0,0,0,19
1745918677.041188,0,0,0,0,19
1745918677.65593,0,0,0,0,26
1745918677.65593,0,0,0,0,26
1745918678.04731,0,0,0,0,17
1745918678.04731,0,0,0,0,17
1745918678.04731,0,0,0,0,17
1745918678.659874,0,0,1,0,11
1745918678.659874,0,0,1,0,11
1745918679.051009,0,0,0,0,7
1745918679.051009,0,0,0,0,7
1745918679.051009,0,0,0,0,7
1745918679.657368,0,0,0,0,26
1745918679.657368,0,0,0,0,26
1745918680.047571,0,0,0,0,11
1745918680.047571,0,0,0,0,11
1745918680.047571,0,0,0,0,11
1745918680.66104,0,0,0,0,24
1745918681.04492,0,0,0,0,7
1745918681.04492,0,0,0,0,7
1745918681.04492,0,0,0,0,7
1745918681.04492,0,0,0,0,7
1745918681.663732,0,0,0,1,8
1745918682.06718,0,0,0,0,12
1745918682.06718,0,0,0,0,12
1745918682.06718,0,0,0,0,12
1745918682.65976,0,0,0,0,14
1745918682.65976,0,0,0,0,14
1745918683.055411,0,0,0,0,9
1745918683.055411,0,0,0,0,9
1745918683.055411,0,0,0,0,9
1745918683.665976,0,0,1,0,19
1745918683.665976,0,0,1,0,19
1745918684.060667,0,0,0,0,14
1745918684.060667,0,0,0,0,14
1745918684.060667,0,0,0,0,14
1745918684.663251,0,0,0,0,28
1745918684.663251,0,0,0,0,28
1745918685.058394,0,0,0,0,20
1745918685.058394,0,0,0,0,20
1745918685.058394,0,0,0,0,20
1745918685.665615,0,0,1,1,22
1745918685.665615,0,0,1,1,22
1745918686.051093,0,0,0,0,20
1745918686.051093,0,0,0,0,20
1745918686.051093,0,0,0,0,20
1745918686.662717,0,0,0,0,15
1745918686.662717,0,0,0,0,15
1745918687.054725,0,0,0,0,8
1745918687.054725,0,0,0,0,8
1745918687.054725,0,0,0,0,8
1745918687.674663,0,0,1,0,14
1745918687.674663,0,0,1,0,14
1745918688.052127,0,0,1,0,6
1745918688.052127,0,0,1,0,6
1745918688.052127,0,0,1,0,6
1745918688.664627,0,0,0,0,11
1745918688.664627,0,0,0,0,11
1745918689.056668,0,0,0,0,11
1745918689.056668,0,0,0,0,11
1745918689.056668,0,0,0,0,11
1745918689.677224,0,0,0,0,24
1745918689.677224,0,0,0,0,24
1745918690.056524,0,0,0,0,12
1745918690.056524,0,0,0,0,12
1745918690.056524,0,0,0,0,12
1745918690.667089,0,0,0,0,17
1745918690.667089,0,0,0,0,17
1745918691.056447,0,0,0,0,13
1745918691.056447,0,0,0,0,13
1745918691.056447,0,0,0,0,13
1745918691.670174,0,0,0,0,16
1745918691.670174,0,0,0,0,16
1745918692.058334,0,0,0,0,17
1745918692.058334,0,0,0,0,17
1745918692.058334,0,0,0,0,17
1745918692.66866,0,0,1,1,26
1745918692.66866,0,0,1,1,26
1745918693.059037,0,0,0,0,11
1745918693.059037,0,0,0,0,11
1745918693.059037,0,0,0,0,11
1745918693.672222,0,0,0,0,13
1745918693.672222,0,0,0,0,13
1745918694.059908,0,0,0,0,11
1745918694.059908,0,0,0,0,11
1745918694.059908,0,0,0,0,11
1745918694.678612,0,0,0,0,25
1745918694.678612,0,0,0,0,25
1745918695.063191,0,0,0,0,10
1745918695.063191,0,0,0,0,10
1745918695.063191,0,0,0,0,10
1745918695.687897,0,0,0,0,19
1745918696.060953,0,0,0,0,12
1745918696.060953,0,0,0,0,12
1745918696.060953,0,0,0,0,12
1745918696.678909,0,0,1,1,17
1745918696.678909,0,0,1,1,17
1745918697.072442,0,0,1,0,7
1745918697.072442,0,0,1,0,7
1745918697.072442,0,0,1,0,7
1745918697.685144,0,0,0,0,26
1745918697.685144,0,0,0,0,26
1745918698.068288,0,0,1,0,15
1745918698.068288,0,0,1,0,15
1745918698.068288,0,0,1,0,15
1745918698.682936,0,0,1,0,17
1745918698.682936,0,0,1,0,17
1745918699.079288,0,0,0,0,12
1745918699.079288,0,0,0,0,12
1745918699.079288,0,0,0,0,12
1745918699.680982,0,0,0,0,17
1745918699.680982,0,0,0,0,17
1745918700.071181,0,0,0,0,11
1745918700.071181,0,0,0,0,11
1745918700.071181,0,0,0,0,11
1745918700.682098,0,0,0,1,15
1745918700.682098,0,0,0,1,15
1745918701.068402,0,0,1,0,5
1745918701.068402,0,0,1,0,5
1745918701.068402,0,0,1,0,5
1745918701.682851,0,0,0,0,18
1745918701.682851,0,0,0,0,18
1745918702.068454,0,0,0,0,14
1745918702.068454,0,0,0,0,14
1745918702.068454,0,0,0,0,14
1745918702.684165,0,0,1,0,18
1745918702.684165,0,0,1,0,18
1745918703.069861,0,0,1,1,15
1745918703.069861,0,0,1,1,15
1745918703.069861,0,0,1,1,15
1745918703.695114,0,0,0,0,13
1745918703.695114,0,0,0,0,13
1745918704.068873,0,0,0,0,16
1745918704.068873,0,0,0,0,16
1745918704.068873,0,0,0,0,16
1745918704.686311,0,0,0,0,22
1745918704.686311,0,0,0,0,22
1745918705.069858,0,0,0,0,14
1745918705.069858,0,0,0,0,14
1745918705.069858,0,0,0,0,14
1745918705.690302,0,0,1,0,23
1745918705.690302,0,0,1,0,23
1745918706.070201,0,0,0,0,5
1745918706.070201,0,0,0,0,5
1745918706.070201,0,0,0,0,5
1745918706.690092,0,0,1,0,10
1745918706.690092,0,0,1,0,10
1745918707.077981,0,0,0,0,14
1745918707.077981,0,0,0,0,14
1745918707.077981,0,0,0,0,14
1745918707.688373,0,0,0,0,13
1745918707.688373,0,0,0,0,13
1745918708.075708,0,0,1,0,8
1745918708.075708,0,0,1,0,8
1745918708.075708,0,0,1,0,8
1745918708.699956,0,0,0,0,24
1745918709.073234,0,0,0,0,17
1745918709.073234,0,0,0,0,17
1745918709.073234,0,0,0,0,17
1745918709.073234,0,0,0,0,17
1745918709.699952,0,0,0,0,13
1745918710.077129,0,0,0,0,6
1745918710.077129,0,0,0,0,6
1745918710.077129,0,0,0,0,6
1745918710.700624,0,0,0,1,25
1745918710.700624,0,0,0,1,25
1745918711.076525,0,0,0,0,9
1745918711.076525,0,0,0,0,9
1745918711.076525,0,0,0,0,9
1745918711.698673,0,0,0,0,10
1745918711.698673,0,0,0,0,10
1745918712.081498,0,0,0,0,12
1745918712.081498,0,0,0,0,12
1745918712.081498,0,0,0,0,12
1745918712.699065,0,0,1,0,14
1745918712.699065,0,0,1,0,14
1745918713.077994,0,0,1,0,13
1745918713.077994,0,0,1,0,13
1745918713.077994,0,0,1,0,13
1745918713.699728,0,0,0,0,36
1745918713.699728,0,0,0,0,36
1745918714.085228,0,0,0,0,18
1745918714.085228,0,0,0,0,18
1745918714.085228,0,0,0,0,18
1745918714.721384,0,0,0,1,14
1745918714.721384,0,0,0,1,14
1745918715.081912,0,0,1,0,14
1745918715.081912,0,0,1,0,14
1745918715.081912,0,0,1,0,14
1745918715.706942,0,0,0,0,21
1745918715.706942,0,0,0,0,21
1745918716.084028,0,0,0,0,18
1745918716.084028,0,0,0,0,18
1745918716.084028,0,0,0,0,18
1745918716.72402,0,0,0,0,16
1745918716.72402,0,0,0,0,16
1745918717.080356,0,0,0,0,6
1745918717.080356,0,0,0,0,6
1745918717.080356,0,0,0,0,6
1745918717.703543,0,0,0,0,9
1745918717.703543,0,0,0,0,9
1745918718.086045,0,0,0,0,13
1745918718.086045,0,0,0,0,13
1745918718.086045,0,0,0,0,13
1745918718.707203,0,0,0,0,16
1745918718.707203,0,0,0,0,16
1745918719.085042,0,0,0,0,20
1745918719.085042,0,0,0,0,20
1745918719.085042,0,0,0,0,20
1745918719.704986,0,0,0,0,25
1745918719.704986,0,0,0,0,25
1745918720.096053,0,0,1,1,7
1745918720.096053,0,0,1,1,7
1745918720.096053,0,0,1,1,7
1745918720.708445,0,0,0,0,19
1745918720.708445,0,0,0,0,19
1745918721.095774,0,0,1,0,14
1745918721.095774,0,0,1,0,14
1745918721.095774,0,0,1,0,14
1745918721.707125,0,0,0,0,8
1745918721.707125,0,0,0,0,8
1745918722.092914,0,0,1,0,6
1745918722.092914,0,0,1,0,6
1745918722.092914,0,0,1,0,6
1745918722.713153,0,0,0,0,13
1745918723.093319,0,0,0,0,12
1745918723.093319,0,0,0,0,12
1745918723.093319,0,0,0,0,12
1745918723.093319,0,0,0,0,12
1745918723.713998,0,0,1,0,15
1745918724.089777,0,0,0,0,7
1745918724.089777,0,0,0,0,7
1745918724.089777,0,0,0,0,7
1745918724.715976,0,0,0,0,21
1745918724.715976,0,0,0,0,21
1745918725.091235,0,0,0,0,9
1745918725.091235,0,0,0,0,9
1745918725.091235,0,0,0,0,9
1745918725.716483,0,0,0,0,19
1745918725.716483,0,0,0,0,19
1745918726.091608,0,0,0,0,9
1745918726.091608,0,0,0,0,9
1745918726.091608,0,0,0,0,9
1745918726.714265,0,0,0,2,22
1745918726.714265,0,0,0,2,22
1745918727.098208,0,0,0,0,3
1745918727.098208,0,0,0,0,3
1745918727.098208,0,0,0,0,3
1745918727.713397,0,0,0,0,21
1745918727.713397,0,0,0,0,21
1745918728.100814,0,0,0,0,20
1745918728.100814,0,0,0,0,20
1745918728.100814,0,0,0,0,20
1745918728.71414,0,0,0,0,14
1745918728.71414,0,0,0,0,14
1745918729.100293,0,0,0,0,13
1745918729.100293,0,0,0,0,13
1745918729.100293,0,0,0,0,13
1745918729.734093,0,0,0,0,18
1745918729.734093,0,0,0,0,18
1745918730.103223,0,0,0,0,9
1745918730.103223,0,0,0,0,9
1745918730.103223,0,0,0,0,9
1745918730.726123,0,0,0,0,14
1745918730.726123,0,0,0,0,14
1745918731.099177,0,0,0,0,10
1745918731.099177,0,0,0,0,10
1745918731.099177,0,0,0,0,10
1745918731.718902,0,0,0,1,17
1745918731.718902,0,0,0,1,17
1745918732.103119,0,0,1,0,9
1745918732.103119,0,0,1,0,9
1745918732.103119,0,0,1,0,9
1745918732.720414,0,0,2,0,18
1745918732.720414,0,0,2,0,18
1745918733.10924,0,0,0,0,16
1745918733.10924,0,0,0,0,16
1745918733.10924,0,0,0,0,16
1745918733.720375,0,0,0,1,15
1745918733.720375,0,0,0,1,15
1745918734.104383,0,0,0,0,13
1745918734.104383,0,0,0,0,13
1745918734.104383,0,0,0,0,13
1745918734.719794,0,0,0,0,15
1745918734.719794,0,0,0,0,15
1745918735.102395,0,0,0,0,16
1745918735.102395,0,0,0,0,16
1745918735.102395,0,0,0,0,16
1745918735.732679,0,0,0,0,21
1745918735.732679,0,0,0,0,21
1745918736.110383,0,0,0,0,5
1745918736.110383,0,0,0,0,5
1745918736.110383,0,0,0,0,5
1745918736.726489,0,0,0,0,17
1745918736.726489,0,0,0,0,17
1745918737.109823,0,0,1,2,10
1745918737.109823,0,0,1,2,10
1745918737.109823,0,0,1,2,10
1745918737.726299,0,0,1,0,24
1745918738.107559,0,0,0,1,7
1745918738.107559,0,0,0,1,7
1745918738.107559,0,0,0,1,7
1745918738.723587,0,0,0,0,30
1745918738.723587,0,0,0,0,30
1745918739.106755,0,0,0,1,2
1745918739.106755,0,0,0,1,2
1745918739.106755,0,0,0,1,2
1745918739.724089,0,0,1,0,16
1745918739.724089,0,0,1,0,16
1745918740.109825,0,0,1,0,21
1745918740.109825,0,0,1,0,21
1745918740.109825,0,0,1,0,21
1745918740.727497,0,0,0,0,21
1745918740.727497,0,0,0,0,21
1745918741.114817,0,0,0,0,7
1745918741.114817,0,0,0,0,7
1745918741.114817,0,0,0,0,7
1745918741.725254,0,0,0,0,21
1745918741.725254,0,0,0,0,21
1745918742.11313,0,0,1,0,18
1745918742.11313,0,0,1,0,18
1745918742.11313,0,0,1,0,18
1745918742.743269,0,0,1,0,15
1745918742.743269,0,0,1,0,15
1745918743.110583,0,0,0,0,6
1745918743.110583,0,0,0,0,6
1745918743.110583,0,0,0,0,6
1745918743.72658,0,0,0,0,12
1745918743.72658,0,0,0,0,12
1745918744.114795,0,0,0,0,11
1745918744.114795,0,0,0,0,11
1745918744.114795,0,0,0,0,11
1745918744.75896,0,0,0,0,16
1745918744.75896,0,0,0,0,16
1745918745.113462,0,0,1,0,13
1745918745.113462,0,0,1,0,13
1745918745.113462,0,0,1,0,13
1745918745.73753,0,0,0,1,14
1745918745.73753,0,0,0,1,14
1745918746.11448,0,0,1,0,9
1745918746.11448,0,0,1,0,9
1745918746.11448,0,0,1,0,9
1745918746.738702,0,0,4,0,13
1745918746.738702,0,0,4,0,13
1745918747.123156,0,0,0,0,6
1745918747.123156,0,0,0,0,6
1745918747.123156,0,0,0,0,6
1745918747.738867,0,0,0,0,15
1745918747.738867,0,0,0,0,15
1745918748.116608,0,0,1,0,14
1745918748.116608,0,0,1,0,14
1745918748.116608,0,0,1,0,14
1745918748.740107,0,0,0,0,14
1745918748.740107,0,0,0,0,14
1745918749.118029,0,0,0,0,16
1745918749.118029,0,0,0,0,16
1745918749.118029,0,0,0,0,16
1745918749.745013,0,0,0,0,13
1745918749.745013,0,0,0,0,13
1745918750.124437,0,0,0,0,8
1745918750.124437,0,0,0,0,8
1745918750.124437,0,0,0,0,8
1745918750.746366,0,0,1,0,10
1745918751.11935,0,0,0,0,10
1745918751.11935,0,0,0,0,10
1745918751.11935,0,0,0,0,10
1745918751.11935,0,0,0,0,10
1745918751.750896,0,0,0,0,12
1745918752.132765,0,0,1,0,12
1745918752.132765,0,0,1,0,12
1745918752.132765,0,0,1,0,12
1745918752.753477,0,0,0,0,16
1745918752.753477,0,0,0,0,16
1745918753.120603,0,0,1,0,8
1745918753.120603,0,0,1,0,8
1745918753.120603,0,0,1,0,8
1745918753.753536,0,0,1,1,14
1745918753.753536,0,0,1,1,14
1745918754.123368,0,0,0,0,14
1745918754.123368,0,0,0,0,14
1745918754.123368,0,0,0,0,14
1745918754.75419,0,0,0,0,18
1745918754.75419,0,0,0,0,18
1745918755.126566,0,0,0,0,11
1745918755.126566,0,0,0,0,11
1745918755.126566,0,0,0,0,11
1745918755.751076,0,0,0,0,20
1745918755.751076,0,0,0,0,20
1745918756.124205,0,0,0,0,6
1745918756.124205,0,0,0,0,6
1745918756.124205,0,0,0,0,6
1745918756.752314,0,0,0,0,20
1745918756.752314,0,0,0,0,20
1745918757.125156,0,0,0,0,14
1745918757.125156,0,0,0,0,14
1745918757.125156,0,0,0,0,14
1745918757.755551,0,0,0,0,20
1745918757.755551,0,0,0,0,20
1745918758.128394,0,0,0,0,17
1745918758.128394,0,0,0,0,17
1745918758.128394,0,0,0,0,17
1745918758.755116,0,0,0,0,7
1745918758.755116,0,0,0,0,7
1745918759.128419,0,0,0,0,16
1745918759.128419,0,0,0,0,16
1745918759.128419,0,0,0,0,16
1745918759.757107,0,0,0,0,13
1745918759.757107,0,0,0,0,13
1745918760.129766,0,0,0,0,10
1745918760.129766,0,0,0,0,10
1745918760.129766,0,0,0,0,10
1745918760.755438,0,0,0,1,28
1745918760.755438,0,0,0,1,28
1745918761.138582,0,0,0,0,14
1745918761.138582,0,0,0,0,14
1745918761.138582,0,0,0,0,14
1745918761.755425,0,0,0,0,13
1745918761.755425,0,0,0,0,13
1745918762.140911,0,0,0,0,15
1745918762.140911,0,0,0,0,15
1745918762.140911,0,0,0,0,15
1745918762.767138,0,0,0,0,13
1745918763.130638,0,0,0,0,10
1745918763.130638,0,0,0,0,10
1745918763.130638,0,0,0,0,10
1745918763.130638,0,0,0,0,10
1745918763.758538,0,0,1,0,24
1745918764.131448,0,0,0,0,19
1745918764.131448,0,0,0,0,19
1745918764.131448,0,0,0,0,19
1745918764.131448,0,0,0,0,19
1745918764.77119,0,0,0,0,17
1745918765.140598,0,0,0,0,17
1745918765.140598,0,0,0,0,17
1745918765.140598,0,0,0,0,17
1745918765.76577,0,0,1,0,18
1745918765.76577,0,0,1,0,18
1745918766.136457,0,0,1,0,7
1745918766.136457,0,0,1,0,7
1745918766.136457,0,0,1,0,7
1745918766.761674,0,0,1,0,25
1745918766.761674,0,0,1,0,25
1745918767.13741,0,0,0,0,11
1745918767.13741,0,0,0,0,11
1745918767.13741,0,0,0,0,11
1745918767.764237,0,0,0,0,24
1745918767.764237,0,0,0,0,24
1745918768.133856,0,0,2,0,14
1745918768.133856,0,0,2,0,14
1745918768.133856,0,0,2,0,14
1745918768.761206,0,0,1,0,19
1745918768.761206,0,0,1,0,19
1745918769.146171,0,0,0,0,9
1745918769.146171,0,0,0,0,9
1745918769.146171,0,0,0,0,9
1745918769.775945,0,0,0,0,16
1745918769.775945,0,0,0,0,16
1745918770.145552,0,0,1,0,15
1745918770.145552,0,0,1,0,15
1745918770.145552,0,0,1,0,15
1745918770.767955,0,0,0,0,12
1745918770.767955,0,0,0,0,12
1745918771.142757,0,0,0,0,14
1745918771.142757,0,0,0,0,14
1745918771.142757,0,0,0,0,14
1745918771.773835,0,0,1,0,19
1745918771.773835,0,0,1,0,19
1745918772.139828,0,0,2,0,23
1745918772.139828,0,0,2,0,23
1745918772.139828,0,0,2,0,23
1745918772.774797,0,0,0,0,20
1745918772.774797,0,0,0,0,20
1745918773.138956,0,0,0,0,8
1745918773.138956,0,0,0,0,8
1745918773.138956,0,0,0,0,8
1745918773.76676,0,0,0,0,17
1745918773.76676,0,0,0,0,17
1745918774.139931,0,0,1,0,6
1745918774.139931,0,0,1,0,6
1745918774.139931,0,0,1,0,6
1745918774.767443,0,0,1,0,6
1745918774.767443,0,0,1,0,6
1745918775.143426,0,0,0,0,5
1745918775.143426,0,0,0,0,5
1745918775.143426,0,0,0,0,5
1745918775.767115,0,0,1,2,21
1745918775.767115,0,0,1,2,21
1745918776.147049,0,0,0,0,12
1745918776.147049,0,0,0,0,12
1745918776.147049,0,0,0,0,12
1745918776.771181,0,0,1,1,18
1745918777.143691,0,0,0,0,28
1745918777.143691,0,0,0,0,28
1745918777.143691,0,0,0,0,28
1745918777.143691,0,0,0,0,28
1745918777.769537,0,0,0,0,18
1745918778.147146,0,0,1,0,6
1745918778.147146,0,0,1,0,6
1745918778.147146,0,0,1,0,6
1745918778.77804,0,0,0,0,20
1745918778.77804,0,0,0,0,20
1745918779.145756,0,0,0,0,22
1745918779.145756,0,0,0,0,22
1745918779.145756,0,0,0,0,22
1745918779.77758,0,0,0,0,22
1745918779.77758,0,0,0,0,22
1745918780.146874,0,0,0,0,4
1745918780.146874,0,0,0,0,4
1745918780.146874,0,0,0,0,4
1745918780.776663,0,0,0,0,24
1745918780.776663,0,0,0,0,24
1745918781.150827,0,0,0,0,12
1745918781.150827,0,0,0,0,12
1745918781.150827,0,0,0,0,12
1745918781.787026,0,0,0,0,16
1745918781.787026,0,0,0,0,16
1745918782.155022,0,0,0,0,8
1745918782.155022,0,0,0,0,8
1745918782.155022,0,0,0,0,8
1745918782.781628,0,0,0,0,11
1745918782.781628,0,0,0,0,11
1745918783.153784,0,0,0,0,6
1745918783.153784,0,0,0,0,6
1745918783.153784,0,0,0,0,6
1745918783.795389,0,0,0,0,6
1745918783.795389,0,0,0,0,6
1745918784.148309,0,0,1,0,19
1745918784.148309,0,0,1,0,19
1745918784.148309,0,0,1,0,19
1745918784.780887,0,0,1,0,18
1745918784.780887,0,0,1,0,18
1745918785.148128,0,0,0,0,10
1745918785.148128,0,0,0,0,10
1745918785.148128,0,0,0,0,10
1745918785.783638,0,0,2,0,8
1745918785.783638,0,0,2,0,8
1745918786.148579,0,0,0,0,6
1745918786.148579,0,0,0,0,6
1745918786.148579,0,0,0,0,6
1745918786.785545,0,0,1,0,14
1745918786.785545,0,0,1,0,14
1745918787.149147,0,0,2,1,14
1745918787.149147,0,0,2,1,14
1745918787.149147,0,0,2,1,14
1745918787.783719,0,0,0,0,18
1745918787.783719,0,0,0,0,18
1745918788.159589,0,0,0,0,19
1745918788.159589,0,0,0,0,19
1745918788.159589,0,0,0,0,19
1745918788.788355,0,0,1,0,32
1745918789.15409,0,0,0,0,4
1745918789.15409,0,0,0,0,4
1745918789.15409,0,0,0,0,4
1745918789.15409,0,0,0,0,4
1745918789.793923,0,0,1,0,16
1745918790.165488,0,0,1,0,16
1745918790.165488,0,0,1,0,16
1745918790.165488,0,0,1,0,16
1745918790.786069,0,0,0,0,13
1745918790.786069,0,0,0,0,13
1745918791.169117,0,0,2,0,9
1745918791.169117,0,0,2,0,9
1745918791.169117,0,0,2,0,9
1745918791.78887,0,0,1,0,23
1745918791.78887,0,0,1,0,23
1745918792.152509,0,0,0,0,11
1745918792.152509,0,0,0,0,11
1745918792.152509,0,0,0,0,11
1745918792.789947,0,0,1,0,18
1745918792.789947,0,0,1,0,18
1745918793.156087,0,0,0,0,8
1745918793.156087,0,0,0,0,8
1745918793.156087,0,0,0,0,8
1745918793.789168,0,0,1,0,18
1745918793.789168,0,0,1,0,18
1745918794.165204,0,0,0,2,8
1745918794.165204,0,0,0,2,8
1745918794.165204,0,0,0,2,8
1745918794.79378,0,0,0,0,26
1745918794.79378,0,0,0,0,26
1745918795.1556,0,0,0,0,11
1745918795.1556,0,0,0,0,11
1745918795.1556,0,0,0,0,11
1745918795.790002,0,0,1,1,18
1745918795.790002,0,0,1,1,18
1745918796.163475,0,0,0,0,14
1745918796.163475,0,0,0,0,14
1745918796.163475,0,0,0,0,14
1745918796.796853,0,0,0,0,32
1745918796.796853,0,0,0,0,32
1745918797.160517,0,0,0,0,13
1745918797.160517,0,0,0,0,13
1745918797.160517,0,0,0,0,13
1745918797.797957,0,0,0,0,32
1745918797.797957,0,0,0,0,32
1745918798.17535,0,0,0,0,7
1745918798.17535,0,0,0,0,7
1745918798.17535,0,0,0,0,7
1745918798.806048,0,0,2,0,14
1745918798.806048,0,0,2,0,14
1745918799.158341,0,0,1,0,7
1745918799.158341,0,0,1,0,7
1745918799.158341,0,0,1,0,7
1745918799.793712,0,0,0,0,22
1745918799.793712,0,0,0,0,22
1745918800.175558,0,0,0,0,11
1745918800.175558,0,0,0,0,11
1745918800.175558,0,0,0,0,11
1745918800.80403,0,0,0,0,17
1745918800.80403,0,0,0,0,17
1745918801.164415,0,0,0,0,8
1745918801.164415,0,0,0,0,8
1745918801.164415,0,0,0,0,8
1745918801.794478,0,0,0,0,12
1745918801.794478,0,0,0,0,12
1745918802.168646,0,0,0,0,3
1745918802.168646,0,0,0,0,3
1745918802.168646,0,0,0,0,3
1745918802.796203,0,0,1,0,21
1745918803.163685,0,0,0,0,11
1745918803.163685,0,0,0,0,11
1745918803.163685,0,0,0,0,11
1745918803.163685,0,0,0,0,11
1745918803.806476,0,0,0,0,24
1745918804.165696,0,0,0,0,12
1745918804.165696,0,0,0,0,12
1745918804.165696,0,0,0,0,12
1745918804.801968,0,0,1,0,13
1745918804.801968,0,0,1,0,13
1745918805.169827,0,0,1,0,10
1745918805.169827,0,0,1,0,10
1745918805.169827,0,0,1,0,10
1745918805.80329,0,0,0,0,16
1745918805.80329,0,0,0,0,16
1745918806.167748,0,0,0,0,18
1745918806.167748,0,0,0,0,18
1745918806.167748,0,0,0,0,18
1745918806.803187,0,0,0,0,12
1745918806.803187,0,0,0,0,12
1745918807.175024,0,0,0,0,8
1745918807.175024,0,0,0,0,8
1745918807.175024,0,0,0,0,8
1745918807.824211,0,0,1,0,10
1745918807.824211,0,0,1,0,10
1745918808.17006,0,0,0,0,8
1745918808.17006,0,0,0,0,8
1745918808.17006,0,0,0,0,8
1745918808.810973,0,0,1,0,11
1745918808.810973,0,0,1,0,11
1745918809.168903,0,0,1,0,7
1745918809.168903,0,0,1,0,7
1745918809.168903,0,0,1,0,7
1745918809.813708,0,0,0,0,21
1745918809.813708,0,0,0,0,21
1745918810.169684,0,0,0,0,8
1745918810.169684,0,0,0,0,8
1745918810.169684,0,0,0,0,8
1745918810.813279,0,0,0,0,17
1745918810.813279,0,0,0,0,17
1745918811.172752,0,0,0,0,7
1745918811.172752,0,0,0,0,7
1745918811.172752,0,0,0,0,7
1745918811.815271,0,0,0,0,21
1745918811.815271,0,0,0,0,21
1745918812.173019,0,0,0,0,14
1745918812.173019,0,0,0,0,14
1745918812.173019,0,0,0,0,14
1745918812.816133,0,0,1,0,8
1745918812.816133,0,0,1,0,8
1745918813.175991,0,0,0,0,13
1745918813.175991,0,0,0,0,13
1745918813.175991,0,0,0,0,13
1745918813.827269,0,0,1,0,15
1745918814.174308,0,0,1,0,8
1745918814.174308,0,0,1,0,8
1745918814.174308,0,0,1,0,8
1745918814.174308,0,0,1,0,8
1745918814.821543,0,0,0,0,17
1745918815.172992,0,0,0,0,19
1745918815.172992,0,0,0,0,19
1745918815.172992,0,0,0,0,19
1745918815.172992,0,0,0,0,19
1745918815.821626,0,0,0,0,22
1745918816.174221,0,0,0,0,11
1745918816.174221,0,0,0,0,11
1745918816.174221,0,0,0,0,11
1745918816.821933,0,0,0,0,23
1745918816.821933,0,0,0,0,23
1745918817.174581,0,0,0,1,9
1745918817.174581,0,0,0,1,9
1745918817.174581,0,0,0,1,9
1745918817.821534,0,0,1,0,21
1745918817.821534,0,0,1,0,21
1745918818.176899,0,0,1,0,9
1745918818.176899,0,0,1,0,9
1745918818.176899,0,0,1,0,9
1745918818.82236,0,0,0,0,13
1745918818.82236,0,0,0,0,13
1745918819.198955,0,0,0,0,8
1745918819.198955,0,0,0,0,8
1745918819.198955,0,0,0,0,8
1745918819.825971,0,0,0,0,26
1745918819.825971,0,0,0,0,26
1745918820.177135,0,0,1,0,17
1745918820.177135,0,0,1,0,17
1745918820.177135,0,0,1,0,17
1745918820.826799,0,0,0,0,14
1745918820.826799,0,0,0,0,14
1745918821.182137,0,0,1,0,14
1745918821.182137,0,0,1,0,14
1745918821.182137,0,0,1,0,14
1745918821.826748,0,0,0,1,16
1745918821.826748,0,0,0,1,16
1745918822.180211,0,0,1,0,10
1745918822.180211,0,0,1,0,10
1745918822.180211,0,0,1,0,10
1745918822.831664,0,0,1,1,21
1745918822.831664,0,0,1,1,21
1745918823.181346,0,0,0,0,2
1745918823.181346,0,0,0,0,2
1745918823.181346,0,0,0,0,2
1745918823.831325,0,0,0,0,15
1745918823.831325,0,0,0,0,15
1745918824.18169,0,0,0,2,9
1745918824.18169,0,0,0,2,9
1745918824.18169,0,0,0,2,9
1745918824.830181,0,0,1,0,25
1745918824.830181,0,0,1,0,25
1745918825.193968,0,0,0,0,6
1745918825.193968,0,0,0,0,6
1745918825.193968,0,0,0,0,6
1745918825.831719,0,0,0,0,8
1745918825.831719,0,0,0,0,8
1745918826.202099,0,0,1,0,16
1745918826.202099,0,0,1,0,16
1745918826.202099,0,0,1,0,16
1745918826.833023,0,0,1,0,23
1745918826.833023,0,0,1,0,23
1745918827.188843,0,0,0,0,14
1745918827.188843,0,0,0,0,14
1745918827.188843,0,0,0,0,14
1745918827.835969,0,0,0,1,11
1745918828.183309,0,0,0,0,8
1745918828.183309,0,0,0,0,8
1745918828.183309,0,0,0,0,8
1745918828.183309,0,0,0,0,8
1745918828.841889,0,0,0,1,23
1745918829.185521,0,0,0,0,10
1745918829.185521,0,0,0,0,10
1745918829.185521,0,0,0,0,10
1745918829.185521,0,0,0,0,10
1745918829.835754,0,0,1,0,13
1745918830.189352,0,0,0,0,4
1745918830.189352,0,0,0,0,4
1745918830.189352,0,0,0,0,4
1745918830.836788,0,0,0,0,23
1745918830.836788,0,0,0,0,23
1745918831.189249,0,0,0,0,10
1745918831.189249,0,0,0,0,10
1745918831.189249,0,0,0,0,10
1745918831.836541,0,0,0,0,17
1745918831.836541,0,0,0,0,17
1745918832.189006,0,0,0,0,11
1745918832.189006,0,0,0,0,11
1745918832.189006,0,0,0,0,11
1745918832.835876,0,0,1,0,17
1745918832.835876,0,0,1,0,17
1745918833.201693,0,0,0,0,4
1745918833.201693,0,0,0,0,4
1745918833.201693,0,0,0,0,4
1745918833.839404,0,0,0,0,8
1745918833.839404,0,0,0,0,8
1745918834.191663,0,0,0,0,12
1745918834.191663,0,0,0,0,12
1745918834.191663,0,0,0,0,12
1745918834.838042,0,0,0,1,17
1745918834.838042,0,0,0,1,17
1745918835.193948,0,0,0,0,7
1745918835.193948,0,0,0,0,7
1745918835.193948,0,0,0,0,7
1745918835.837465,0,0,3,0,17
1745918835.837465,0,0,3,0,17
1745918836.193235,0,0,0,0,9
1745918836.193235,0,0,0,0,9
1745918836.193235,0,0,0,0,9
1745918836.837758,0,0,0,2,13
1745918836.837758,0,0,0,2,13
1745918837.196056,0,0,0,0,16
1745918837.196056,0,0,0,0,16
1745918837.196056,0,0,0,0,16
1745918837.838377,0,0,0,0,26
1745918837.838377,0,0,0,0,26
1745918838.19702,0,0,0,0,12
1745918838.19702,0,0,0,0,12
1745918838.19702,0,0,0,0,12
1745918838.842727,0,0,0,0,26
1745918838.842727,0,0,0,0,26
1745918839.203,0,0,0,0,13
1745918839.203,0,0,0,0,13
1745918839.203,0,0,0,0,13
1745918839.845591,0,0,1,0,5
1745918839.845591,0,0,1,0,5
1745918840.201065,0,0,0,0,9
1745918840.201065,0,0,0,0,9
1745918840.201065,0,0,0,0,9
1745918840.845177,0,0,0,0,8
1745918841.201646,0,0,0,0,8
1745918841.201646,0,0,0,0,8
1745918841.201646,0,0,0,0,8
1745918841.201646,0,0,0,0,8
1745918841.84655,0,0,0,0,16
1745918842.203652,0,0,0,0,10
1745918842.203652,0,0,0,0,10
1745918842.203652,0,0,0,0,10
1745918842.203652,0,0,0,0,10
1745918842.849219,0,0,1,0,17
1745918843.204869,0,0,0,0,12
1745918843.204869,0,0,0,0,12
1745918843.204869,0,0,0,0,12
1745918843.204869,0,0,0,0,12
1745918843.855317,0,0,0,0,26
1745918844.212632,0,0,0,0,5
1745918844.212632,0,0,0,0,5
1745918844.212632,0,0,0,0,5
1745918844.851244,0,0,0,0,22
1745918844.851244,0,0,0,0,22
1745918845.208375,0,0,0,0,17
1745918845.208375,0,0,0,0,17
1745918845.208375,0,0,0,0,17
1745918845.861116,0,0,0,0,18
1745918845.861116,0,0,0,0,18
1745918846.217797,0,0,0,0,16
1745918846.217797,0,0,0,0,16
1745918846.217797,0,0,0,0,16
1745918846.871856,0,0,1,0,11
1745918846.871856,0,0,1,0,11
1745918847.217656,0,0,0,0,13
1745918847.217656,0,0,0,0,13
1745918847.217656,0,0,0,0,13
1745918847.849342,0,0,0,0,23
1745918847.849342,0,0,0,0,23
1745918848.208984,0,0,0,0,14
1745918848.208984,0,0,0,0,14
1745918848.208984,0,0,0,0,14
1745918848.852364,0,0,2,0,12
1745918848.852364,0,0,2,0,12
1745918849.215866,0,0,1,0,12
1745918849.215866,0,0,1,0,12
1745918849.215866,0,0,1,0,12
1745918849.853099,0,0,0,0,13
1745918849.853099,0,0,0,0,13
1745918850.21066,0,0,0,0,18
1745918850.21066,0,0,0,0,18
1745918850.21066,0,0,0,0,18
1745918850.858145,0,0,1,0,23
1745918850.858145,0,0,1,0,23
1745918851.215348,0,0,0,0,11
1745918851.215348,0,0,0,0,11
1745918851.215348,0,0,0,0,11
1745918851.854292,0,0,0,0,23
1745918851.854292,0,0,0,0,23
1745918852.214061,0,0,0,0,5
1745918852.214061,0,0,0,0,5
1745918852.214061,0,0,0,0,5
1745918852.860897,0,0,0,0,22
1745918852.860897,0,0,0,0,22
1745918853.218551,0,0,0,0,12
1745918853.218551,0,0,0,0,12
1745918853.218551,0,0,0,0,12
1745918853.862444,0,0,0,0,20
1745918853.862444,0,0,0,0,20
1745918854.214108,0,0,1,0,7
1745918854.214108,0,0,1,0,7
1745918854.214108,0,0,1,0,7
1745918854.861007,0,0,1,0,13
1745918855.21345,0,0,0,1,10
1745918855.21345,0,0,0,1,10
1745918855.21345,0,0,0,1,10
1745918855.21345,0,0,0,1,10
1745918855.863669,0,0,1,0,24
1745918856.214149,0,0,0,0,13
1745918856.214149,0,0,0,0,13
1745918856.214149,0,0,0,0,13
1745918856.214149,0,0,0,0,13
1745918856.868997,0,0,1,0,30
1745918857.216468,0,0,0,0,10
1745918857.216468,0,0,0,0,10
1745918857.216468,0,0,0,0,10
1745918857.884467,0,0,0,1,20
1745918857.884467,0,0,0,1,20
1745918858.221098,0,0,0,0,14
1745918858.221098,0,0,0,0,14
1745918858.221098,0,0,0,0,14
1745918858.884863,0,0,0,2,30
1745918858.884863,0,0,0,2,30
1745918859.21965,0,0,0,0,13
1745918859.21965,0,0,0,0,13
1745918859.21965,0,0,0,0,13
1745918859.870337,0,0,0,0,14
1745918859.870337,0,0,0,0,14
1745918860.215819,0,0,0,0,6
1745918860.215819,0,0,0,0,6
1745918860.215819,0,0,0,0,6
1745918860.870413,0,0,0,1,21
1745918860.870413,0,0,0,1,21
1745918861.220077,0,0,0,0,10
1745918861.220077,0,0,0,0,10
1745918861.220077,0,0,0,0,10
1745918861.877224,0,0,1,0,23
1745918861.877224,0,0,1,0,23
1745918862.220077,0,0,0,0,10
1745918862.220077,0,0,0,0,10
1745918862.220077,0,0,0,0,10
1745918862.870903,0,0,0,0,26
1745918862.870903,0,0,0,0,26
1745918863.220244,0,0,0,0,10
1745918863.220244,0,0,0,0,10
1745918863.220244,0,0,0,0,10
1745918863.869072,0,0,0,0,31
1745918863.869072,0,0,0,0,31
1745918864.21941,0,0,0,1,14
1745918864.21941,0,0,0,1,14
1745918864.21941,0,0,0,1,14
1745918864.871725,0,0,0,0,17
1745918864.871725,0,0,0,0,17
1745918865.220798,0,0,0,0,14
1745918865.220798,0,0,0,0,14
1745918865.220798,0,0,0,0,14
1745918865.871706,0,0,1,0,16
1745918865.871706,0,0,1,0,16
1745918866.224218,0,0,0,0,8
1745918866.224218,0,0,0,0,8
1745918866.224218,0,0,0,0,8
1745918866.874005,0,0,0,0,12
1745918866.874005,0,0,0,0,12
1745918867.231605,0,0,1,0,11
1745918867.231605,0,0,1,0,11
1745918867.231605,0,0,1,0,11
1745918867.874297,0,0,0,0,16
1745918868.2251,0,0,1,0,7
1745918868.2251,0,0,1,0,7
1745918868.2251,0,0,1,0,7
1745918868.2251,0,0,1,0,7
1745918868.87537,0,0,0,0,9
1745918869.235525,0,0,1,1,10
1745918869.235525,0,0,1,1,10
1745918869.235525,0,0,1,1,10
1745918869.235525,0,0,1,1,10
1745918869.884238,0,0,1,0,22
1745918870.240593,0,0,0,0,11
1745918870.240593,0,0,0,0,11
1745918870.240593,0,0,0,0,11
1745918870.875863,0,0,1,1,37
1745918870.875863,0,0,1,1,37
1745918871.227795,0,0,0,0,10
1745918871.227795,0,0,0,0,10
1745918871.227795,0,0,0,0,10
1745918871.880177,0,0,0,0,15
1745918871.880177,0,0,0,0,15
1745918872.230074,0,0,0,0,19
1745918872.230074,0,0,0,0,19
1745918872.230074,0,0,0,0,19
1745918872.880008,0,0,0,0,24
1745918872.880008,0,0,0,0,24
1745918873.230631,0,0,0,0,18
1745918873.230631,0,0,0,0,18
1745918873.230631,0,0,0,0,18
1745918873.877476,0,0,0,0,16
1745918873.877476,0,0,0,0,16
1745918874.245175,0,0,0,0,17
1745918874.245175,0,0,0,0,17
1745918874.245175,0,0,0,0,17
1745918874.884622,0,0,0,0,22
1745918874.884622,0,0,0,0,22
1745918875.229154,0,0,2,0,5
1745918875.229154,0,0,2,0,5
1745918875.229154,0,0,2,0,5
1745918875.886954,0,0,1,0,16
1745918875.886954,0,0,1,0,16
1745918876.232893,0,0,0,0,16
1745918876.232893,0,0,0,0,16
1745918876.232893,0,0,0,0,16
1745918876.886452,0,0,0,1,20
1745918876.886452,0,0,0,1,20
1745918877.230382,0,0,0,0,11
1745918877.230382,0,0,0,0,11
1745918877.230382,0,0,0,0,11
1745918877.882867,0,0,0,0,29
1745918877.882867,0,0,0,0,29
1745918878.230663,0,0,0,0,11
1745918878.230663,0,0,0,0,11
1745918878.230663,0,0,0,0,11
1745918878.883037,0,0,1,0,10
1745918878.883037,0,0,1,0,10
1745918879.232127,0,0,0,0,9
1745918879.232127,0,0,0,0,9
1745918879.232127,0,0,0,0,9
1745918879.885066,0,0,0,0,22
1745918879.885066,0,0,0,0,22
1745918880.243448,0,0,0,0,10
1745918880.243448,0,0,0,0,10
1745918880.243448,0,0,0,0,10
1745918880.884412,0,0,1,0,19
1745918881.255022,0,0,0,0,16
1745918881.255022,0,0,0,0,16
1745918881.255022,0,0,0,0,16
1745918881.255022,0,0,0,0,16
1745918881.893953,0,0,1,1,13
1745918882.234785,0,0,0,0,10
1745918882.234785,0,0,0,0,10
1745918882.234785,0,0,0,0,10
1745918882.234785,0,0,0,0,10
1745918882.885442,0,0,1,0,13
1745918883.236415,0,0,0,0,6
1745918883.236415,0,0,0,0,6
1745918883.236415,0,0,0,0,6
1745918883.236415,0,0,0,0,6
1745918883.889018,0,0,0,0,26
1745918884.239534,0,0,0,0,9
1745918884.239534,0,0,0,0,9
1745918884.239534,0,0,0,0,9
1745918884.886579,0,0,1,0,17
1745918884.886579,0,0,1,0,17
1745918885.239353,0,0,0,0,11
1745918885.239353,0,0,0,0,11
1745918885.239353,0,0,0,0,11
1745918885.89347,0,0,0,0,15
1745918885.89347,0,0,0,0,15
1745918886.238725,0,0,0,0,11
1745918886.238725,0,0,0,0,11
1745918886.238725,0,0,0,0,11
1745918886.88935,0,0,0,0,23
1745918886.88935,0,0,0,0,23
1745918887.240407,0,0,0,0,12
1745918887.240407,0,0,0,0,12
1745918887.240407,0,0,0,0,12
1745918887.889764,0,0,1,0,25
1745918887.889764,0,0,1,0,25
1745918888.256099,0,0,0,0,6
1745918888.256099,0,0,0,0,6
1745918888.256099,0,0,0,0,6
1745918888.894724,0,0,0,0,18
1745918888.894724,0,0,0,0,18
1745918889.245141,0,0,0,0,15
1745918889.245141,0,0,0,0,15
1745918889.245141,0,0,0,0,15
1745918889.912363,0,0,0,0,19
1745918889.912363,0,0,0,0,19
1745918890.24202,0,0,0,0,6
1745918890.24202,0,0,0,0,6
1745918890.24202,0,0,0,0,6
1745918890.892169,0,0,0,0,14
1745918890.892169,0,0,0,0,14
1745918891.243829,0,0,0,0,10
1745918891.243829,0,0,0,0,10
1745918891.243829,0,0,0,0,10
1745918891.892456,0,0,0,0,21
1745918891.892456,0,0,0,0,21
1745918892.246808,0,0,0,0,10
1745918892.246808,0,0,0,0,10
1745918892.246808,0,0,0,0,10
1745918892.892658,0,0,0,0,11
1745918892.892658,0,0,0,0,11
1745918893.248034,0,0,0,0,12
1745918893.248034,0,0,0,0,12
1745918893.248034,0,0,0,0,12
1745918893.893069,0,0,1,0,12
1745918893.893069,0,0,1,0,12
1745918894.262645,0,0,0,0,7
1745918894.262645,0,0,0,0,7
1745918894.262645,0,0,0,0,7
1745918894.894454,0,0,2,0,23
1745918895.250581,0,0,1,0,10
1745918895.250581,0,0,1,0,10
1745918895.250581,0,0,1,0,10
1745918895.250581,0,0,1,0,10
1745918895.89648,0,0,0,0,16
1745918896.249545,0,0,1,0,12
1745918896.249545,0,0,1,0,12
1745918896.249545,0,0,1,0,12
1745918896.249545,0,0,1,0,12
1745918896.896172,0,0,1,0,26
1745918897.249865,0,0,0,0,18
1745918897.249865,0,0,0,0,18
1745918897.249865,0,0,0,0,18
1745918897.896351,0,0,0,2,14
1745918897.896351,0,0,0,2,14
1745918898.249609,0,0,0,0,8
1745918898.249609,0,0,0,0,8
1745918898.249609,0,0,0,0,8
1745918898.898934,0,0,0,1,16
1745918898.898934,0,0,0,1,16
1745918899.253666,0,0,1,0,11
1745918899.253666,0,0,1,0,11
1745918899.253666,0,0,1,0,11
1745918899.899476,0,0,0,0,20
1745918899.899476,0,0,0,0,20
1745918900.257268,0,0,0,0,15
1745918900.257268,0,0,0,0,15
1745918900.257268,0,0,0,0,15
1745918900.902593,0,0,0,1,21
1745918900.902593,0,0,0,1,21
1745918901.263432,0,0,0,0,9
1745918901.263432,0,0,0,0,9
1745918901.263432,0,0,0,0,9
1745918901.902923,0,0,0,0,24
1745918901.902923,0,0,0,0,24
1745918902.255183,0,0,1,0,6
1745918902.255183,0,0,1,0,6
1745918902.255183,0,0,1,0,6
1745918902.913545,0,0,2,0,21
1745918902.913545,0,0,2,0,21
1745918903.255409,0,0,1,0,11
1745918903.255409,0,0,1,0,11
1745918903.255409,0,0,1,0,11
1745918903.902091,0,0,0,0,39
1745918903.902091,0,0,0,0,39
1745918904.264098,0,0,0,0,13
1745918904.264098,0,0,0,0,13
1745918904.264098,0,0,0,0,13
1745918904.907253,0,0,0,0,28
1745918904.907253,0,0,0,0,28
1745918905.261406,0,0,0,0,7
1745918905.261406,0,0,0,0,7
1745918905.261406,0,0,0,0,7
1745918905.903813,0,0,0,0,15
1745918905.903813,0,0,0,0,15
1745918906.266399,0,0,0,0,5
1745918906.266399,0,0,0,0,5
1745918906.266399,0,0,0,0,5
1745918906.904344,0,0,0,0,17
1745918906.904344,0,0,0,0,17
1745918907.275367,0,0,0,0,14
1745918907.275367,0,0,0,0,14
1745918907.275367,0,0,0,0,14
1745918907.911656,0,0,0,1,19
1745918908.266345,0,0,0,1,8
1745918908.266345,0,0,0,1,8
1745918908.266345,0,0,0,1,8
1745918908.266345,0,0,0,1,8
1745918908.915294,0,0,0,1,22
1745918909.269238,0,0,1,0,20
1745918909.269238,0,0,1,0,20
1745918909.269238,0,0,1,0,20
1745918909.269238,0,0,1,0,20
1745918909.912885,0,0,0,0,19
1745918910.27277,0,0,0,0,12
1745918910.27277,0,0,0,0,12
1745918910.27277,0,0,0,0,12
1745918910.27277,0,0,0,0,12
1745918910.912218,0,0,0,0,13
1745918911.271246,0,0,0,0,8
1745918911.271246,0,0,0,0,8
1745918911.271246,0,0,0,0,8
1745918911.910476,0,0,0,0,26
1745918911.910476,0,0,0,0,26
1745918912.267543,0,0,0,1,16
1745918912.267543,0,0,0,1,16
1745918912.267543,0,0,0,1,16
1745918912.916901,0,0,2,0,11
1745918912.916901,0,0,2,0,11
1745918913.270313,0,0,0,0,16
1745918913.270313,0,0,0,0,16
1745918913.270313,0,0,0,0,16
1745918913.912,0,0,1,0,16
1745918913.912,0,0,1,0,16
1745918914.275499,0,0,1,0,7
1745918914.275499,0,0,1,0,7
1745918914.275499,0,0,1,0,7
1745918914.915252,0,0,1,0,13
1745918914.915252,0,0,1,0,13
1745918915.280285,0,0,0,0,5
1745918915.280285,0,0,0,0,5
1745918915.280285,0,0,0,0,5
1745918915.919998,0,0,0,0,15
1745918915.919998,0,0,0,0,15
1745918916.274851,0,0,1,0,18
1745918916.274851,0,0,1,0,18
1745918916.274851,0,0,1,0,18
1745918916.921226,0,0,1,0,19
1745918916.921226,0,0,1,0,19
1745918917.275725,0,0,0,0,8
1745918917.275725,0,0,0,0,8
1745918917.275725,0,0,0,0,8
1745918917.926302,0,0,0,0,17
1745918917.926302,0,0,0,0,17
1745918918.276198,0,0,0,0,16
1745918918.276198,0,0,0,0,16
1745918918.276198,0,0,0,0,16
1745918918.91668,0,0,0,0,27
1745918918.91668,0,0,0,0,27
1745918919.27619,0,0,0,0,11
1745918919.27619,0,0,0,0,11
1745918919.27619,0,0,0,0,11
1745918919.914537,0,0,0,0,11
1745918919.914537,0,0,0,0,11
1745918920.287364,0,0,0,1,8
1745918920.287364,0,0,0,1,8
1745918920.287364,0,0,0,1,8
1745918920.917323,0,0,1,0,18
1745918920.917323,0,0,1,0,18
1745918921.287041,0,0,0,0,7
1745918921.287041,0,0,0,0,7
1745918921.287041,0,0,0,0,7
1745918921.919301,0,0,0,0,11
1745918922.284912,0,0,0,0,11
1745918922.284912,0,0,0,0,11
1745918922.284912,0,0,0,0,11
1745918922.284912,0,0,0,0,11
1745918922.923161,0,0,0,0,31
1745918923.282306,0,0,0,1,3
1745918923.282306,0,0,0,1,3
1745918923.282306,0,0,0,1,3
1745918923.282306,0,0,0,1,3
1745918923.927185,0,0,1,0,24
1745918924.280767,0,0,0,0,3
1745918924.280767,0,0,0,0,3
1745918924.280767,0,0,0,0,3
1745918924.280767,0,0,0,0,3
1745918924.939041,0,0,0,0,13
1745918925.286044,0,0,0,0,8
1745918925.286044,0,0,0,0,8
1745918925.286044,0,0,0,0,8
1745918925.928008,0,0,1,0,22
1745918925.928008,0,0,1,0,22
1745918926.283255,0,0,0,0,7
1745918926.283255,0,0,0,0,7
1745918926.283255,0,0,0,0,7
1745918926.93156,0,0,0,0,29
1745918926.93156,0,0,0,0,29
1745918927.30084,0,0,0,0,10
1745918927.30084,0,0,0,0,10
1745918927.30084,0,0,0,0,10
1745918927.928289,0,0,1,0,16
1745918927.928289,0,0,1,0,16
1745918928.287963,0,0,0,0,3
1745918928.287963,0,0,0,0,3
1745918928.287963,0,0,0,0,3
1745918928.932315,0,0,0,0,23
1745918928.932315,0,0,0,0,23
1745918929.283766,0,0,0,0,11
1745918929.283766,0,0,0,0,11
1745918929.283766,0,0,0,0,11
1745918929.957274,0,0,0,0,14
1745918929.957274,0,0,0,0,14
1745918930.284096,0,0,0,0,12
1745918930.284096,0,0,0,0,12
1745918930.284096,0,0,0,0,12
1745918930.955759,0,0,0,0,19
1745918930.955759,0,0,0,0,19
1745918931.321292,0,0,1,0,14
1745918931.321292,0,0,1,0,14
1745918931.321292,0,0,1,0,14
1745918931.951562,0,0,0,0,9
1745918931.951562,0,0,0,0,9
1745918932.293439,0,0,0,0,3
1745918932.293439,0,0,0,0,3
1745918932.293439,0,0,0,0,3
1745918932.949352,0,0,0,0,21
1745918932.949352,0,0,0,0,21
1745918933.29536,0,0,0,0,5
1745918933.29536,0,0,0,0,5
1745918933.29536,0,0,0,0,5
1745918933.939296,0,0,1,0,13
1745918933.939296,0,0,1,0,13
1745918934.297497,0,0,0,0,7
1745918934.297497,0,0,0,0,7
1745918934.297497,0,0,0,0,7
1745918934.943167,0,0,0,0,12
1745918934.943167,0,0,0,0,12
1745918935.301041,0,0,0,0,5
1745918935.301041,0,0,0,0,5
1745918935.301041,0,0,0,0,5
1745918935.952882,0,0,0,0,25
1745918935.952882,0,0,0,0,25
1745918936.300887,0,0,0,0,14
1745918936.300887,0,0,0,0,14
1745918936.300887,0,0,0,0,14
1745918936.951508,0,0,0,0,11
1745918937.320024,0,0,0,0,9
1745918937.320024,0,0,0,0,9
1745918937.320024,0,0,0,0,9
1745918937.320024,0,0,0,0,9
1745918937.956641,0,0,1,0,20
1745918938.307675,0,0,0,0,14
1745918938.307675,0,0,0,0,14
1745918938.307675,0,0,0,0,14
1745918938.307675,0,0,0,0,14
1745918938.961593,0,0,0,0,11
1745918939.305102,0,0,0,0,13
1745918939.305102,0,0,0,0,13
1745918939.305102,0,0,0,0,13
1745918939.953329,0,0,1,0,18
1745918939.953329,0,0,1,0,18
1745918940.32593,0,0,0,0,12
1745918940.32593,0,0,0,0,12
1745918940.32593,0,0,0,0,12
1745918940.966984,0,0,0,1,17
1745918940.966984,0,0,0,1,17
1745918941.309796,0,0,0,0,7
1745918941.309796,0,0,0,0,7
1745918941.309796,0,0,0,0,7
1745918941.955133,0,0,0,0,15
1745918941.955133,0,0,0,0,15
1745918942.324269,0,0,0,0,8
1745918942.324269,0,0,0,0,8
1745918942.324269,0,0,0,0,8
1745918942.952423,0,0,0,0,14
1745918942.952423,0,0,0,0,14
1745918943.309689,0,0,0,0,15
1745918943.309689,0,0,0,0,15
1745918943.309689,0,0,0,0,15
1745918943.955741,0,0,0,0,26
1745918943.955741,0,0,0,0,26
1745918944.306674,0,0,0,0,8
1745918944.306674,0,0,0,0,8
1745918944.306674,0,0,0,0,8
1745918944.970381,0,0,0,0,14
1745918944.970381,0,0,0,0,14
1745918945.309442,0,0,0,1,6
1745918945.309442,0,0,0,1,6
1745918945.309442,0,0,0,1,6
1745918945.959541,0,0,0,0,17
1745918945.959541,0,0,0,0,17
1745918946.310799,0,0,0,0,8
1745918946.310799,0,0,0,0,8
1745918946.310799,0,0,0,0,8
1745918946.960998,0,0,0,0,18
1745918946.960998,0,0,0,0,18
1745918947.311216,0,0,0,0,11
1745918947.311216,0,0,0,0,11
1745918947.311216,0,0,0,0,11
1745918947.958712,0,0,0,1,12
1745918947.958712,0,0,0,1,12
1745918948.311916,0,0,0,1,19
1745918948.311916,0,0,0,1,19
1745918948.311916,0,0,0,1,19
1745918948.960947,0,0,0,0,11
1745918948.960947,0,0,0,0,11
1745918949.319146,0,0,0,0,3
1745918949.319146,0,0,0,0,3
1745918949.319146,0,0,0,0,3
1745918949.959307,0,0,1,0,23
1745918949.959307,0,0,1,0,23
1745918950.32207,0,0,0,0,8
1745918950.32207,0,0,0,0,8
1745918950.32207,0,0,0,0,8
1745918950.963191,0,0,1,0,12
1745918951.317929,0,0,1,0,11
1745918951.317929,0,0,1,0,11
1745918951.317929,0,0,1,0,11
1745918951.317929,0,0,1,0,11
1745918951.965948,0,0,2,0,14
1745918952.320111,0,0,0,0,17
1745918952.320111,0,0,0,0,17
1745918952.320111,0,0,0,0,17
1745918952.320111,0,0,0,0,17
1745918952.961328,0,0,0,0,8
1745918953.324446,0,0,0,0,6
1745918953.324446,0,0,0,0,6
1745918953.324446,0,0,0,0,6
1745918953.962113,0,0,0,0,11
1745918953.962113,0,0,0,0,11
1745918954.322675,0,0,0,0,16
1745918954.322675,0,0,0,0,16
1745918954.322675,0,0,0,0,16
1745918954.96973,0,0,0,0,21
1745918954.96973,0,0,0,0,21
1745918955.32509,0,0,0,0,12
1745918955.32509,0,0,0,0,12
1745918955.32509,0,0,0,0,12
1745918955.965431,0,0,0,0,14
1745918955.965431,0,0,0,0,14
1745918956.331026,0,0,1,0,14
1745918956.331026,0,0,1,0,14
1745918956.331026,0,0,1,0,14
1745918956.963653,0,0,0,0,14
1745918956.963653,0,0,0,0,14
1745918957.331076,0,0,1,1,2
1745918957.331076,0,0,1,1,2
1745918957.331076,0,0,1,1,2
1745918957.970336,0,0,0,0,17
1745918957.970336,0,0,0,0,17
1745918958.325176,0,0,0,0,8
1745918958.325176,0,0,0,0,8
1745918958.325176,0,0,0,0,8
1745918958.972245,0,0,0,1,19
1745918958.972245,0,0,0,1,19
1745918959.327091,0,0,0,0,18
1745918959.327091,0,0,0,0,18
1745918959.327091,0,0,0,0,18
1745918959.971291,0,0,0,0,16
1745918959.971291,0,0,0,0,16
1745918960.326867,0,0,0,0,9
1745918960.326867,0,0,0,0,9
1745918960.326867,0,0,0,0,9
1745918960.968904,0,0,0,0,21
1745918960.968904,0,0,0,0,21
1745918961.330646,0,0,0,0,12
1745918961.330646,0,0,0,0,12
1745918961.330646,0,0,0,0,12
1745918961.972302,0,0,0,0,19
1745918961.972302,0,0,0,0,19
1745918962.328792,0,0,0,1,14
1745918962.328792,0,0,0,1,14
1745918962.328792,0,0,0,1,14
1745918962.972604,0,0,1,0,21
1745918962.972604,0,0,1,0,21
1745918963.332985,0,0,1,0,10
1745918963.332985,0,0,1,0,10
1745918963.332985,0,0,1,0,10
1745918963.972106,0,0,1,0,10
1745918963.972106,0,0,1,0,10
1745918964.332213,0,0,0,0,12
1745918964.332213,0,0,0,0,12
1745918964.332213,0,0,0,0,12
1745918964.972474,0,0,0,0,15
1745918965.332486,0,0,0,0,15
1745918965.332486,0,0,0,0,15
1745918965.332486,0,0,0,0,15
1745918965.332486,0,0,0,0,15
1745918965.975129,0,0,0,0,26
1745918966.333097,0,0,0,1,8
1745918966.333097,0,0,0,1,8
1745918966.333097,0,0,0,1,8
1745918966.333097,0,0,0,1,8
1745918966.978183,0,0,0,0,18
1745918967.339774,0,0,0,1,7
1745918967.339774,0,0,0,1,7
1745918967.339774,0,0,0,1,7
1745918967.979802,0,0,0,0,17
1745918967.979802,0,0,0,0,17
1745918968.33829,0,0,0,0,11
1745918968.33829,0,0,0,0,11
1745918968.33829,0,0,0,0,11
1745918968.980881,0,0,0,0,17
1745918968.980881,0,0,0,0,17
1745918969.333946,0,0,0,0,15
1745918969.333946,0,0,0,0,15
1745918969.333946,0,0,0,0,15
1745918969.979962,0,0,1,0,22
1745918969.979962,0,0,1,0,22
1745918970.338805,0,0,0,0,10
1745918970.338805,0,0,0,0,10
1745918970.338805,0,0,0,0,10
1745918970.989235,0,0,0,0,19
1745918970.989235,0,0,0,0,19
1745918971.339104,0,0,1,0,7
1745918971.339104,0,0,1,0,7
1745918971.339104,0,0,1,0,7
1745918971.987455,0,0,1,1,18
1745918971.987455,0,0,1,1,18
1745918972.340298,0,0,0,0,15
1745918972.340298,0,0,0,0,15
1745918972.340298,0,0,0,0,15
1745918972.977934,0,0,0,0,26
1745918972.977934,0,0,0,0,26
1745918973.337911,0,0,0,0,13
1745918973.337911,0,0,0,0,13
1745918973.337911,0,0,0,0,13
1745918973.981925,0,0,1,0,22
1745918973.981925,0,0,1,0,22
1745918974.340524,0,0,0,0,7
1745918974.340524,0,0,0,0,7
1745918974.340524,0,0,0,0,7
1745918974.985607,0,0,0,1,18
1745918974.985607,0,0,0,1,18
1745918975.34005,0,0,0,0,5
1745918975.34005,0,0,0,0,5
1745918975.34005,0,0,0,0,5
1745918975.981471,0,0,0,1,14
1745918975.981471,0,0,0,1,14
1745918976.341611,0,0,0,0,7
1745918976.341611,0,0,0,0,7
1745918976.341611,0,0,0,0,7
1745918976.98214,0,0,0,1,20
1745918976.98214,0,0,0,1,20
1745918977.34839,0,0,0,0,9
1745918977.34839,0,0,0,0,9
1745918977.34839,0,0,0,0,9
1745918977.982613,0,0,0,0,12
1745918977.982613,0,0,0,0,12
1745918978.348672,0,0,0,0,14
1745918978.348672,0,0,0,0,14
1745918978.348672,0,0,0,0,14
1745918978.98847,0,0,0,0,31
1745918979.364357,0,0,0,1,8
1745918979.364357,0,0,0,1,8
1745918979.364357,0,0,0,1,8
1745918979.364357,0,0,0,1,8
1745918979.998146,0,0,0,0,19
1745918980.347557,0,0,0,1,11
1745918980.347557,0,0,0,1,11
1745918980.347557,0,0,0,1,11
1745918980.347557,0,0,0,1,11
1745918981.001086,0,0,1,0,26
1745918981.35037,0,0,0,0,8
1745918981.35037,0,0,0,0,8
1745918981.35037,0,0,0,0,8
1745918981.99059,0,0,0,0,25
1745918981.99059,0,0,0,0,25
1745918982.35251,0,0,0,0,16
1745918982.35251,0,0,0,0,16
1745918982.35251,0,0,0,0,16
1745918982.989125,0,0,1,0,20
1745918982.989125,0,0,1,0,20
1745918983.363289,0,0,0,0,3
1745918983.363289,0,0,0,0,3
1745918983.363289,0,0,0,0,3
1745918983.987558,0,0,0,0,10
1745918983.987558,0,0,0,0,10
1745918984.359023,0,0,1,0,11
1745918984.359023,0,0,1,0,11
1745918984.359023,0,0,1,0,11
1745918984.991739,0,0,1,0,16
1745918984.991739,0,0,1,0,16
1745918985.37,0,0,0,0,3
1745918985.37,0,0,0,0,3
1745918985.37,0,0,0,0,3
1745918986.000844,0,0,0,0,30
1745918986.000844,0,0,0,0,30
1745918986.355061,0,0,0,0,19
1745918986.355061,0,0,0,0,19
1745918986.355061,0,0,0,0,19
1745918987.006546,0,0,0,0,20
1745918987.006546,0,0,0,0,20
1745918987.35536,0,0,0,0,22
1745918987.35536,0,0,0,0,22
1745918987.35536,0,0,0,0,22
1745918987.98985,0,0,0,0,26
1745918987.98985,0,0,0,0,26
1745918988.356095,0,0,0,0,15
1745918988.356095,0,0,0,0,15
1745918988.356095,0,0,0,0,15
1745918988.993328,0,0,0,1,12
1745918988.993328,0,0,0,1,12
1745918989.357071,0,0,0,0,11
1745918989.357071,0,0,0,0,11
1745918989.357071,0,0,0,0,11
1745918990.014604,0,0,0,0,16
1745918990.014604,0,0,0,0,16
1745918990.356618,0,0,0,0,8
1745918990.356618,0,0,0,0,8
1745918990.356618,0,0,0,0,8
1745918990.994092,0,0,0,0,21
1745918990.994092,0,0,0,0,21
1745918991.360364,0,0,0,0,12
1745918991.360364,0,0,0,0,12
1745918991.360364,0,0,0,0,12
1745918991.993703,0,0,0,3,12
1745918992.365909,0,0,0,0,9
1745918992.365909,0,0,0,0,9
1745918992.365909,0,0,0,0,9
1745918992.365909,0,0,0,0,9
1745918993.00339,0,0,1,0,29
1745918993.36493,0,0,0,0,6
1745918993.36493,0,0,0,0,6
1745918993.36493,0,0,0,0,6
1745918993.36493,0,0,0,0,6
1745918994.005394,0,0,0,0,33
1745918994.359974,0,0,0,0,11
1745918994.359974,0,0,0,0,11
1745918994.359974,0,0,0,0,11
1745918995.001949,0,0,0,0,10
1745918995.001949,0,0,0,0,10
1745918995.36046,0,0,0,0,11
1745918995.36046,0,0,0,0,11
1745918995.36046,0,0,0,0,11
1745918996.00066,0,0,0,0,18
1745918996.00066,0,0,0,0,18
1745918996.371035,0,0,0,0,13
1745918996.371035,0,0,0,0,13
1745918996.371035,0,0,0,0,13
1745918997.006184,0,0,1,0,23
1745918997.006184,0,0,1,0,23
1745918997.366803,0,0,1,0,15
1745918997.366803,0,0,1,0,15
1745918997.366803,0,0,1,0,15
1745918998.000917,0,0,0,0,18
1745918998.000917,0,0,0,0,18
1745918998.375682,0,0,0,0,8
1745918998.375682,0,0,0,0,8
1745918998.375682,0,0,0,0,8
1745918999.004982,0,0,0,0,10
1745918999.004982,0,0,0,0,10
1745918999.366016,0,0,0,0,16
1745918999.366016,0,0,0,0,16
1745918999.366016,0,0,0,0,16
1745919000.023281,0,0,0,0,33
1745919000.023281,0,0,0,0,33
1745919000.367191,0,0,1,0,6
1745919000.367191,0,0,1,0,6
1745919000.367191,0,0,1,0,6
1745919001.015652,0,0,1,0,19
1745919001.015652,0,0,1,0,19
1745919001.366067,0,0,0,0,16
1745919001.366067,0,0,0,0,16
1745919001.366067,0,0,0,0,16
1745919002.011939,0,0,0,1,11
1745919002.011939,0,0,0,1,11
1745919002.366288,0,0,0,0,9
1745919002.366288,0,0,0,0,9
1745919002.366288,0,0,0,0,9
1745919003.008184,0,0,0,0,16
1745919003.008184,0,0,0,0,16
1745919003.368182,0,0,0,0,2
1745919003.368182,0,0,0,0,2
1745919003.368182,0,0,0,0,2
1745919004.011987,0,0,0,0,14
1745919004.011987,0,0,0,0,14
1745919004.370591,0,0,0,1,6
1745919004.370591,0,0,0,1,6
1745919004.370591,0,0,0,1,6
1745919005.012497,0,0,0,0,16
1745919005.012497,0,0,0,0,16
1745919005.384445,0,0,0,0,7
1745919005.384445,0,0,0,0,7
1745919005.384445,0,0,0,0,7
1745919006.012013,0,0,0,0,22
1745919006.012013,0,0,0,0,22
1745919006.384066,0,0,0,0,19
1745919006.384066,0,0,0,0,19
1745919006.384066,0,0,0,0,19
1745919007.020528,0,0,2,0,33
1745919007.382131,0,0,0,0,8
1745919007.382131,0,0,0,0,8
1745919007.382131,0,0,0,0,8
1745919007.382131,0,0,0,0,8
1745919008.023083,0,0,1,0,24
1745919008.3754,0,0,0,0,6
1745919008.3754,0,0,0,0,6
1745919008.3754,0,0,0,0,6
1745919008.3754,0,0,0,0,6
1745919009.024897,0,0,0,0,19
1745919009.377531,0,0,0,0,8
1745919009.377531,0,0,0,0,8
1745919009.377531,0,0,0,0,8
1745919010.026584,0,0,1,0,28
1745919010.026584,0,0,1,0,28
1745919010.3764,0,0,0,0,10
1745919010.3764,0,0,0,0,10
1745919010.3764,0,0,0,0,10
1745919011.016768,0,0,0,0,21
1745919011.016768,0,0,0,0,21
1745919011.38442,0,0,0,0,7
1745919011.38442,0,0,0,0,7
1745919011.38442,0,0,0,0,7
1745919012.029157,0,0,1,0,19
1745919012.029157,0,0,1,0,19
1745919012.383773,0,0,0,0,5
1745919012.383773,0,0,0,0,5
1745919012.383773,0,0,0,0,5
1745919013.024708,0,0,0,1,14
1745919013.024708,0,0,0,1,14
1745919013.383372,0,0,0,0,6
1745919013.383372,0,0,0,0,6
1745919013.383372,0,0,0,0,6
1745919014.033848,0,0,0,0,10
1745919014.033848,0,0,0,0,10
1745919014.382929,0,0,0,0,13
1745919014.382929,0,0,0,0,13
1745919014.382929,0,0,0,0,13
1745919015.022031,0,0,0,1,28
1745919015.022031,0,0,0,1,28
1745919015.385949,0,0,0,0,22
1745919015.385949,0,0,0,0,22
1745919015.385949,0,0,0,0,22
1745919016.024863,0,0,0,1,18
1745919016.024863,0,0,0,1,18
1745919016.386644,0,0,0,0,9
1745919016.386644,0,0,0,0,9
1745919016.386644,0,0,0,0,9
1745919017.023193,0,0,2,0,17
1745919017.023193,0,0,2,0,17
1745919017.38501,0,0,0,0,8
1745919017.38501,0,0,0,0,8
1745919017.38501,0,0,0,0,8
1745919018.028222,0,0,0,0,17
1745919018.028222,0,0,0,0,17
1745919018.386396,0,0,0,0,7
1745919018.386396,0,0,0,0,7
1745919018.386396,0,0,0,0,7
1745919019.028081,0,0,0,0,20
1745919019.028081,0,0,0,0,20
1745919019.391821,0,0,0,0,9
1745919019.391821,0,0,0,0,9
1745919019.391821,0,0,0,0,9
1745919020.031484,0,0,2,1,39
1745919020.031484,0,0,2,1,39
1745919020.39034,0,0,0,0,12
1745919020.39034,0,0,0,0,12
1745919020.39034,0,0,0,0,12
1745919021.037822,0,0,0,0,7
1745919021.393989,0,0,0,0,7
1745919021.393989,0,0,0,0,7
1745919021.393989,0,0,0,0,7
1745919021.393989,0,0,0,0,7
1745919022.032174,0,0,0,0,17
1745919022.395046,0,0,0,0,4
1745919022.395046,0,0,0,0,4
1745919022.395046,0,0,0,0,4
1745919023.031752,0,0,0,0,14
1745919023.031752,0,0,0,0,14
1745919023.392098,0,0,0,0,14
1745919023.392098,0,0,0,0,14
1745919023.392098,0,0,0,0,14
1745919024.051942,0,0,0,0,27
1745919024.051942,0,0,0,0,27
1745919024.419081,0,0,0,0,9
1745919024.419081,0,0,0,0,9
1745919024.419081,0,0,0,0,9
1745919025.052674,0,0,0,0,15
1745919025.052674,0,0,0,0,15
1745919025.394021,0,0,0,0,6
1745919025.394021,0,0,0,0,6
1745919025.394021,0,0,0,0,6
1745919026.046946,0,0,0,0,22
1745919026.046946,0,0,0,0,22
1745919026.395389,0,0,0,0,15
1745919026.395389,0,0,0,0,15
1745919026.395389,0,0,0,0,15
1745919027.035094,0,0,0,0,8
1745919027.035094,0,0,0,0,8
1745919027.398231,0,0,0,0,5
1745919027.398231,0,0,0,0,5
1745919027.398231,0,0,0,0,5
1745919028.042648,0,0,0,0,9
1745919028.042648,0,0,0,0,9
1745919028.400578,0,0,1,0,11
1745919028.400578,0,0,1,0,11
1745919028.400578,0,0,1,0,11
1745919029.038899,0,0,0,0,17
1745919029.038899,0,0,0,0,17
1745919029.397239,0,0,0,0,7
1745919029.397239,0,0,0,0,7
1745919029.397239,0,0,0,0,7
1745919030.039489,0,0,0,0,27
1745919030.039489,0,0,0,0,27
1745919030.398784,0,0,1,0,6
1745919030.398784,0,0,1,0,6
1745919030.398784,0,0,1,0,6
1745919031.041064,0,0,1,1,22
1745919031.041064,0,0,1,1,22
1745919031.405241,0,0,0,1,18
1745919031.405241,0,0,0,1,18
1745919031.405241,0,0,0,1,18
1745919032.042313,0,0,0,0,19
1745919032.042313,0,0,0,0,19
1745919032.409118,0,0,0,0,10
1745919032.409118,0,0,0,0,10
1745919032.409118,0,0,0,0,10
1745919033.045075,0,0,1,0,10
1745919033.411753,0,0,0,0,11
1745919033.411753,0,0,0,0,11
1745919033.411753,0,0,0,0,11
1745919033.411753,0,0,0,0,11
1745919034.044819,0,0,0,0,9
1745919034.404253,0,0,0,0,12
1745919034.404253,0,0,0,0,12
1745919034.404253,0,0,0,0,12
1745919034.404253,0,0,0,0,12
1745919035.062273,0,0,0,0,15
1745919035.40562,0,0,0,0,22
1745919035.40562,0,0,0,0,22
1745919035.40562,0,0,0,0,22
1745919035.40562,0,0,0,0,22
1745919036.053608,0,0,1,0,14
1745919036.405091,0,0,0,0,12
1745919036.405091,0,0,0,0,12
1745919036.405091,0,0,0,0,12
1745919037.050826,0,0,0,0,16
1745919037.050826,0,0,0,0,16
1745919037.408335,0,0,0,0,10
1745919037.408335,0,0,0,0,10
1745919037.408335,0,0,0,0,10
1745919038.051608,0,0,3,0,37
1745919038.051608,0,0,3,0,37
1745919038.428017,0,0,0,1,8
1745919038.428017,0,0,0,1,8
1745919038.428017,0,0,0,1,8
1745919039.061135,0,0,0,1,15
1745919039.061135,0,0,0,1,15
1745919039.410633,0,0,0,0,14
1745919039.410633,0,0,0,0,14
1745919039.410633,0,0,0,0,14
1745919040.066002,0,0,1,0,23
1745919040.066002,0,0,1,0,23
1745919040.412719,0,0,0,0,6
1745919040.412719,0,0,0,0,6
1745919040.412719,0,0,0,0,6
1745919041.061604,0,0,0,0,15
1745919041.061604,0,0,0,0,15
1745919041.412615,0,0,0,0,7
1745919041.412615,0,0,0,0,7
1745919041.412615,0,0,0,0,7
1745919042.062769,0,0,2,0,17
1745919042.062769,0,0,2,0,17
1745919042.41227,0,0,0,0,13
1745919042.41227,0,0,0,0,13
1745919042.41227,0,0,0,0,13
1745919043.064217,0,0,0,0,20
1745919043.064217,0,0,0,0,20
1745919043.412784,0,0,0,1,17
1745919043.412784,0,0,0,1,17
1745919043.412784,0,0,0,1,17
1745919044.059591,0,0,0,0,17
1745919044.059591,0,0,0,0,17
1745919044.412363,0,0,0,0,14
1745919044.412363,0,0,0,0,14
1745919044.412363,0,0,0,0,14
1745919045.062432,0,0,0,0,16
1745919045.062432,0,0,0,0,16
1745919045.424854,0,0,0,0,9
1745919045.424854,0,0,0,0,9
1745919045.424854,0,0,0,0,9
1745919046.065098,0,0,0,0,21
1745919046.065098,0,0,0,0,21
1745919046.419219,0,0,0,0,12
1745919046.419219,0,0,0,0,12
1745919046.419219,0,0,0,0,12
1745919047.069059,0,0,0,1,23
1745919047.433596,0,0,0,0,11
1745919047.433596,0,0,0,0,11
1745919047.433596,0,0,0,0,11
1745919047.433596,0,0,0,0,11
1745919048.06702,0,0,0,0,33
1745919048.424415,0,0,0,0,2
1745919048.424415,0,0,0,0,2
1745919048.424415,0,0,0,0,2
1745919048.424415,0,0,0,0,2
1745919049.071624,0,0,0,0,23
1745919049.424998,0,0,0,0,6
1745919049.424998,0,0,0,0,6
1745919049.424998,0,0,0,0,6
1745919050.06823,0,0,0,0,12
1745919050.06823,0,0,0,0,12
1745919050.422004,0,0,0,0,6
1745919050.422004,0,0,0,0,6
1745919050.422004,0,0,0,0,6
1745919051.075925,0,0,1,0,20
1745919051.075925,0,0,1,0,20
1745919051.423041,0,0,0,1,7
1745919051.423041,0,0,0,1,7
1745919051.423041,0,0,0,1,7
1745919052.07643,0,0,1,0,13
1745919052.07643,0,0,1,0,13
1745919052.439854,0,0,0,0,7
1745919052.439854,0,0,0,0,7
1745919052.439854,0,0,0,0,7
1745919053.0866,0,0,0,0,27
1745919053.0866,0,0,0,0,27
1745919053.444717,0,0,0,0,8
1745919053.444717,0,0,0,0,8
1745919053.444717,0,0,0,0,8
1745919054.080519,0,0,0,0,17
1745919054.080519,0,0,0,0,17
1745919054.429296,0,0,0,0,7
1745919054.429296,0,0,0,0,7
1745919054.429296,0,0,0,0,7
1745919055.086905,0,0,0,0,24
1745919055.086905,0,0,0,0,24
1745919055.425313,0,0,0,0,9
1745919055.425313,0,0,0,0,9
1745919055.425313,0,0,0,0,9
1745919056.078877,0,0,0,0,21
1745919056.078877,0,0,0,0,21
1745919056.429847,0,0,1,0,6
1745919056.429847,0,0,1,0,6
1745919056.429847,0,0,1,0,6
1745919057.08183,0,0,0,0,23
1745919057.08183,0,0,0,0,23
1745919057.427488,0,0,0,0,7
1745919057.427488,0,0,0,0,7
1745919057.427488,0,0,0,0,7
1745919058.078422,0,0,0,2,16
1745919058.078422,0,0,0,2,16
1745919058.43079,0,0,0,0,6
1745919058.43079,0,0,0,0,6
1745919058.43079,0,0,0,0,6
1745919059.08063,0,0,0,2,11
1745919059.08063,0,0,0,2,11
1745919059.435819,0,0,0,0,7
1745919059.435819,0,0,0,0,7
1745919059.435819,0,0,0,0,7
1745919060.079391,0,0,0,0,19
1745919060.079391,0,0,0,0,19
1745919060.438132,0,0,0,0,12
1745919060.438132,0,0,0,0,12
1745919060.438132,0,0,0,0,12
1745919061.084417,0,0,0,0,19
1745919061.436564,0,0,0,0,13
1745919061.436564,0,0,0,0,13
1745919061.436564,0,0,0,0,13
1745919061.436564,0,0,0,0,13
1745919062.079707,0,0,1,0,23
1745919062.445155,0,0,1,0,9
1745919062.445155,0,0,1,0,9
1745919062.445155,0,0,1,0,9
1745919062.445155,0,0,1,0,9
1745919063.083185,0,0,0,0,24
1745919063.438717,0,0,0,0,6
1745919063.438717,0,0,0,0,6
1745919063.438717,0,0,0,0,6
1745919064.08403,0,0,0,0,24
1745919064.08403,0,0,0,0,24
1745919064.437128,0,0,0,0,6
1745919064.437128,0,0,0,0,6
1745919064.437128,0,0,0,0,6
1745919065.082962,0,0,1,0,18
1745919065.082962,0,0,1,0,18
1745919065.439042,0,0,1,0,6
1745919065.439042,0,0,1,0,6
1745919065.439042,0,0,1,0,6
1745919066.091111,0,0,0,0,13
1745919066.091111,0,0,0,0,13
1745919066.460366,0,0,0,0,4
1745919066.460366,0,0,0,0,4
1745919066.460366,0,0,0,0,4
1745919067.09389,0,0,0,0,21
1745919067.09389,0,0,0,0,21
1745919067.44375,0,0,0,0,13
1745919067.44375,0,0,0,0,13
1745919067.44375,0,0,0,0,13
1745919068.101494,0,0,1,0,22
1745919068.101494,0,0,1,0,22
1745919068.441952,0,0,0,0,13
1745919068.441952,0,0,0,0,13
1745919068.441952,0,0,0,0,13
1745919069.099048,0,0,0,0,15
1745919069.099048,0,0,0,0,15
1745919069.441106,0,0,1,0,3
1745919069.441106,0,0,1,0,3
1745919069.441106,0,0,1,0,3
1745919070.096076,0,0,0,0,10
1745919070.096076,0,0,0,0,10
1745919070.44118,0,0,0,0,13
1745919070.44118,0,0,0,0,13
1745919070.44118,0,0,0,0,13
1745919071.094973,0,0,1,0,29
1745919071.094973,0,0,1,0,29
1745919071.443392,0,0,0,0,13
1745919071.443392,0,0,0,0,13
1745919071.443392,0,0,0,0,13
1745919072.096259,0,0,0,0,23
1745919072.096259,0,0,0,0,23
1745919072.448457,0,0,0,0,10
1745919072.448457,0,0,0,0,10
1745919072.448457,0,0,0,0,10
1745919073.096489,0,0,1,1,18
1745919073.096489,0,0,1,1,18
1745919073.446738,0,0,0,0,10
1745919073.446738,0,0,0,0,10
1745919073.446738,0,0,0,0,10
1745919074.097346,0,0,0,0,16
1745919074.444988,0,0,0,0,9
1745919074.444988,0,0,0,0,9
1745919074.444988,0,0,0,0,9
1745919074.444988,0,0,0,0,9
1745919075.11549,0,0,0,0,16
1745919075.447155,0,0,0,0,13
1745919075.447155,0,0,0,0,13
1745919075.447155,0,0,0,0,13
1745919075.447155,0,0,0,0,13
1745919076.097465,0,0,0,0,25
1745919076.445827,0,0,1,0,11
1745919076.445827,0,0,1,0,11
1745919076.445827,0,0,1,0,11
1745919076.445827,0,0,1,0,11
1745919077.103729,0,0,0,0,16
1745919077.467381,0,0,0,0,17
1745919077.467381,0,0,0,0,17
1745919077.467381,0,0,0,0,17
1745919078.099916,0,0,0,0,23
1745919078.099916,0,0,0,0,23
1745919078.464224,0,0,0,0,17
1745919078.464224,0,0,0,0,17
1745919078.464224,0,0,0,0,17
1745919079.115754,0,0,0,0,20
1745919079.115754,0,0,0,0,20
1745919079.450487,0,0,0,0,17
1745919079.450487,0,0,0,0,17
1745919079.450487,0,0,0,0,17
1745919080.112151,0,0,1,0,22
1745919080.112151,0,0,1,0,22
1745919080.456187,0,0,0,0,19
1745919080.456187,0,0,0,0,19
1745919080.456187,0,0,0,0,19
1745919081.098607,0,0,0,0,7
1745919081.098607,0,0,0,0,7
1745919081.454693,0,0,0,0,11
1745919081.454693,0,0,0,0,11
1745919081.454693,0,0,0,0,11
1745919082.109678,0,0,0,0,25
1745919082.109678,0,0,0,0,25
1745919082.45409,0,0,0,0,17
1745919082.45409,0,0,0,0,17
1745919082.45409,0,0,0,0,17
1745919083.105329,0,0,0,1,15
1745919083.105329,0,0,0,1,15
1745919083.457145,0,0,0,0,9
1745919083.457145,0,0,0,0,9
1745919083.457145,0,0,0,0,9
1745919084.107034,0,0,0,0,25
1745919084.107034,0,0,0,0,25
1745919084.457164,0,0,0,0,7
1745919084.457164,0,0,0,0,7
1745919084.457164,0,0,0,0,7
1745919085.107601,0,0,0,0,14
1745919085.107601,0,0,0,0,14
1745919085.457238,0,0,0,0,4
1745919085.457238,0,0,0,0,4
1745919085.457238,0,0,0,0,4
1745919086.104284,0,0,0,0,19
1745919086.104284,0,0,0,0,19
1745919086.472034,0,0,1,0,8
1745919086.472034,0,0,1,0,8
1745919086.472034,0,0,1,0,8
1745919087.112791,0,0,0,0,18
1745919087.112791,0,0,0,0,18
1745919087.460393,0,0,0,0,5
1745919087.460393,0,0,0,0,5
1745919087.460393,0,0,0,0,5
1745919088.109406,0,0,0,0,28
1745919088.457811,0,0,0,0,5
1745919088.457811,0,0,0,0,5
1745919088.457811,0,0,0,0,5
1745919088.457811,0,0,0,0,5
1745919089.110085,0,0,0,0,23
1745919089.459208,0,0,0,0,26
1745919089.459208,0,0,0,0,26
1745919089.459208,0,0,0,0,26
1745919089.459208,0,0,0,0,26
1745919090.11328,0,0,0,3,19
1745919090.460986,0,0,0,0,12
1745919090.460986,0,0,0,0,12
1745919090.460986,0,0,0,0,12
1745919090.460986,0,0,0,0,12
1745919091.122467,0,0,0,0,27
1745919091.463074,0,0,0,0,8
1745919091.463074,0,0,0,0,8
1745919091.463074,0,0,0,0,8
1745919092.113287,0,0,0,1,19
1745919092.113287,0,0,0,1,19
1745919092.473093,0,0,0,0,18
1745919092.473093,0,0,0,0,18
1745919092.473093,0,0,0,0,18
1745919093.125088,0,0,0,0,15
1745919093.125088,0,0,0,0,15
1745919093.474406,0,0,0,0,13
1745919093.474406,0,0,0,0,13
1745919093.474406,0,0,0,0,13
1745919094.122388,0,0,0,0,22
1745919094.122388,0,0,0,0,22
1745919094.468865,0,0,0,0,7
1745919094.468865,0,0,0,0,7
1745919094.468865,0,0,0,0,7
1745919095.115556,0,0,0,0,34
1745919095.115556,0,0,0,0,34
1745919095.473153,0,0,0,0,13
1745919095.473153,0,0,0,0,13
1745919095.473153,0,0,0,0,13
1745919096.120051,0,0,0,0,10
1745919096.120051,0,0,0,0,10
1745919096.468729,0,0,0,0,9
1745919096.468729,0,0,0,0,9
1745919096.468729,0,0,0,0,9
1745919097.120456,0,0,3,0,18
1745919097.120456,0,0,3,0,18
1745919097.479725,0,0,0,0,5
1745919097.479725,0,0,0,0,5
1745919097.479725,0,0,0,0,5
1745919098.133827,0,0,1,0,14
1745919098.133827,0,0,1,0,14
1745919098.472073,0,0,0,0,14
1745919098.472073,0,0,0,0,14
1745919098.472073,0,0,0,0,14
1745919099.125456,0,0,1,0,23
1745919099.125456,0,0,1,0,23
1745919099.472236,0,0,0,0,8
1745919099.472236,0,0,0,0,8
1745919099.472236,0,0,0,0,8
1745919100.130973,0,0,0,0,16
1745919100.130973,0,0,0,0,16
1745919100.476549,0,0,1,0,17
1745919100.476549,0,0,1,0,17
1745919100.476549,0,0,1,0,17
1745919101.124628,0,0,1,0,26
1745919101.124628,0,0,1,0,26
1745919101.483724,0,0,0,0,5
1745919101.483724,0,0,0,0,5
1745919101.483724,0,0,0,0,5
1745919102.135869,0,0,0,0,14
1745919102.476094,0,0,0,0,8
1745919102.476094,0,0,0,0,8
1745919102.476094,0,0,0,0,8
1745919102.476094,0,0,0,0,8
1745919103.125579,0,0,0,0,21
1745919103.478122,0,0,0,0,7
1745919103.478122,0,0,0,0,7
1745919103.478122,0,0,0,0,7
1745919103.478122,0,0,0,0,7
1745919104.135678,0,0,0,0,19
1745919104.479022,0,0,1,0,16
1745919104.479022,0,0,1,0,16
1745919104.479022,0,0,1,0,16
1745919104.479022,0,0,1,0,16
1745919105.137318,0,0,0,1,29
1745919105.481546,0,0,0,0,8
1745919105.481546,0,0,0,0,8
1745919105.481546,0,0,0,0,8
1745919106.12946,0,0,0,0,31
1745919106.12946,0,0,0,0,31
1745919106.500986,0,0,0,0,18
1745919106.500986,0,0,0,0,18
1745919106.500986,0,0,0,0,18
1745919107.13842,0,0,0,0,24
1745919107.13842,0,0,0,0,24
1745919107.481583,0,0,0,0,16
1745919107.481583,0,0,0,0,16
1745919107.481583,0,0,0,0,16
1745919108.130112,0,0,2,0,20
1745919108.130112,0,0,2,0,20
1745919108.480251,0,0,1,0,5
1745919108.480251,0,0,1,0,5
1745919108.480251,0,0,1,0,5
1745919109.132,0,0,1,1,18
1745919109.132,0,0,1,1,18
1745919109.482175,0,0,0,0,12
1745919109.482175,0,0,0,0,12
1745919109.482175,0,0,0,0,12
1745919110.143475,0,0,0,0,14
1745919110.143475,0,0,0,0,14
1745919110.481523,0,0,0,0,10
1745919110.481523,0,0,0,0,10
1745919110.481523,0,0,0,0,10
1745919111.136387,0,0,0,0,17
1745919111.136387,0,0,0,0,17
1745919111.483094,0,0,0,0,6
1745919111.483094,0,0,0,0,6
1745919111.483094,0,0,0,0,6
1745919112.151074,0,0,0,0,14
1745919112.151074,0,0,0,0,14
1745919112.487392,0,0,1,0,3
1745919112.487392,0,0,1,0,3
1745919112.487392,0,0,1,0,3
1745919113.140231,0,0,0,0,26
1745919113.140231,0,0,0,0,26
1745919113.487216,0,0,0,0,15
1745919113.487216,0,0,0,0,15
1745919113.487216,0,0,0,0,15
1745919114.142782,0,0,0,1,12
1745919114.142782,0,0,0,1,12
1745919114.49958,0,0,0,0,13
1745919114.49958,0,0,0,0,13
1745919114.49958,0,0,0,0,13
1745919115.139862,0,0,1,0,28
1745919115.139862,0,0,1,0,28
1745919115.489,0,0,0,1,7
1745919115.489,0,0,0,1,7
1745919115.489,0,0,0,1,7
1745919116.139674,0,0,0,0,13
1745919116.487851,0,0,0,1,4
1745919116.487851,0,0,0,1,4
1745919116.487851,0,0,0,1,4
1745919116.487851,0,0,0,1,4
1745919117.141812,0,0,0,0,20
1745919117.49146,0,0,0,0,5
1745919117.49146,0,0,0,0,5
1745919117.49146,0,0,0,0,5
1745919117.49146,0,0,0,0,5
1745919118.143796,0,0,0,0,16
1745919118.499767,0,0,0,0,9
1745919118.499767,0,0,0,0,9
1745919118.499767,0,0,0,0,9
1745919118.499767,0,0,0,0,9
1745919119.146727,0,0,0,0,25
1745919119.497855,0,0,0,0,13
1745919119.497855,0,0,0,0,13
1745919119.497855,0,0,0,0,13
1745919120.147641,0,0,1,1,21
1745919120.147641,0,0,1,1,21
1745919120.493557,0,0,0,0,9
1745919120.493557,0,0,0,0,9
1745919120.493557,0,0,0,0,9
1745919121.150435,0,0,2,0,24
1745919121.150435,0,0,2,0,24
1745919121.500846,0,0,0,0,2
1745919121.500846,0,0,0,0,2
1745919121.500846,0,0,0,0,2
1745919122.156003,0,0,0,0,17
1745919122.156003,0,0,0,0,17
1745919122.494047,0,0,0,0,9
1745919122.494047,0,0,0,0,9
1745919122.494047,0,0,0,0,9
1745919123.146312,0,0,0,0,16
1745919123.146312,0,0,0,0,16
1745919123.491454,0,0,1,0,6
1745919123.491454,0,0,1,0,6
1745919123.491454,0,0,1,0,6
1745919124.158889,0,0,1,0,13
1745919124.158889,0,0,1,0,13
1745919124.497092,0,0,0,0,10
1745919124.497092,0,0,0,0,10
1745919124.497092,0,0,0,0,10
1745919125.154925,0,0,0,0,21
1745919125.154925,0,0,0,0,21
1745919125.501293,0,0,0,0,7
1745919125.501293,0,0,0,0,7
1745919125.501293,0,0,0,0,7
1745919126.156002,0,0,0,0,31
1745919126.156002,0,0,0,0,31
1745919126.496689,0,0,0,0,8
1745919126.496689,0,0,0,0,8
1745919126.496689,0,0,0,0,8
1745919127.153814,0,0,0,0,17
1745919127.153814,0,0,0,0,17
1745919127.496673,0,0,0,0,7
1745919127.496673,0,0,0,0,7
1745919127.496673,0,0,0,0,7
1745919128.172008,0,0,1,0,24
1745919128.172008,0,0,1,0,24
1745919128.504521,0,0,0,0,13
1745919128.504521,0,0,0,0,13
1745919128.504521,0,0,0,0,13
1745919129.157663,0,0,0,0,28
1745919129.157663,0,0,0,0,28
1745919129.514806,0,0,0,0,5
1745919129.514806,0,0,0,0,5
1745919129.514806,0,0,0,0,5
1745919130.162001,0,0,0,0,18
1745919130.505472,0,0,0,0,12
1745919130.505472,0,0,0,0,12
1745919130.505472,0,0,0,0,12
1745919130.505472,0,0,0,0,12
1745919131.181609,0,0,0,0,20
1745919131.506675,0,0,1,0,5
1745919131.506675,0,0,1,0,5
1745919131.506675,0,0,1,0,5
1745919131.506675,0,0,1,0,5
1745919132.166136,0,0,0,0,26
1745919132.50682,0,0,0,0,15
1745919132.50682,0,0,0,0,15
1745919132.50682,0,0,0,0,15
1745919133.162125,0,0,0,0,22
1745919133.162125,0,0,0,0,22
1745919133.520651,0,0,0,0,5
1745919133.520651,0,0,0,0,5
1745919133.520651,0,0,0,0,5
1745919134.16374,0,0,1,0,16
1745919134.16374,0,0,1,0,16
1745919134.509358,0,0,1,0,11
1745919134.509358,0,0,1,0,11
1745919134.509358,0,0,1,0,11
1745919135.180605,0,0,2,0,22
1745919135.180605,0,0,2,0,22
1745919135.521894,0,0,1,0,11
1745919135.521894,0,0,1,0,11
1745919135.521894,0,0,1,0,11
1745919136.178186,0,0,0,0,21
1745919136.178186,0,0,0,0,21
1745919136.506318,0,0,1,0,12
1745919136.506318,0,0,1,0,12
1745919136.506318,0,0,1,0,12
1745919137.167518,0,0,0,1,17
1745919137.167518,0,0,0,1,17
1745919137.509204,0,0,0,0,4
1745919137.509204,0,0,0,0,4
1745919137.509204,0,0,0,0,4
1745919138.172778,0,0,0,0,11
1745919138.172778,0,0,0,0,11
1745919138.513032,0,0,0,0,8
1745919138.513032,0,0,0,0,8
1745919138.513032,0,0,0,0,8
1745919139.167123,0,0,0,0,15
1745919139.167123,0,0,0,0,15
1745919139.508005,0,0,0,0,4
1745919139.508005,0,0,0,0,4
1745919139.508005,0,0,0,0,4
1745919140.171332,0,0,1,1,28
1745919140.171332,0,0,1,1,28
1745919140.512593,0,0,0,0,13
1745919140.512593,0,0,0,0,13
1745919140.512593,0,0,0,0,13
1745919141.171713,0,0,1,1,15
1745919141.171713,0,0,1,1,15
1745919141.52396,0,0,1,0,7
1745919141.52396,0,0,1,0,7
1745919141.52396,0,0,1,0,7
1745919142.171469,0,0,0,0,22
1745919142.171469,0,0,0,0,22
1745919142.517304,0,0,0,0,5
1745919142.517304,0,0,0,0,5
1745919142.517304,0,0,0,0,5
1745919143.180135,0,0,1,0,19
1745919143.180135,0,0,1,0,19
1745919143.517349,0,0,0,0,11
1745919143.517349,0,0,0,0,11
1745919143.517349,0,0,0,0,11
1745919144.171026,0,0,0,0,18
1745919144.518314,0,0,0,1,14
1745919144.518314,0,0,0,1,14
1745919144.518314,0,0,0,1,14
1745919144.518314,0,0,0,1,14
1745919145.172093,0,0,0,0,20
1745919145.527099,0,0,0,0,18
1745919145.527099,0,0,0,0,18
1745919145.527099,0,0,0,0,18
1745919145.527099,0,0,0,0,18
1745919146.173274,0,0,1,0,12
1745919146.521154,0,0,0,0,4
1745919146.521154,0,0,0,0,4
1745919146.521154,0,0,0,0,4
1745919146.521154,0,0,0,0,4
1745919147.174733,0,0,0,0,23
1745919147.525716,0,0,1,0,13
1745919147.525716,0,0,1,0,13
1745919147.525716,0,0,1,0,13
1745919148.178679,0,0,1,0,8
1745919148.178679,0,0,1,0,8
1745919148.548587,0,0,0,0,7
1745919148.548587,0,0,0,0,7
1745919148.548587,0,0,0,0,7
1745919149.176724,0,0,0,0,20
1745919149.176724,0,0,0,0,20
1745919149.541101,0,0,0,0,9
1745919149.541101,0,0,0,0,9
1745919149.541101,0,0,0,0,9
1745919150.188268,0,0,0,1,12
1745919150.188268,0,0,0,1,12
1745919150.535215,0,0,2,0,6
1745919150.535215,0,0,2,0,6
1745919150.535215,0,0,2,0,6
1745919151.184646,0,0,0,1,26
1745919151.184646,0,0,0,1,26
1745919151.530167,0,0,0,1,13
1745919151.530167,0,0,0,1,13
1745919151.530167,0,0,0,1,13
1745919152.185377,0,0,0,0,31
1745919152.185377,0,0,0,0,31
1745919152.532056,0,0,0,0,8
1745919152.532056,0,0,0,0,8
1745919152.532056,0,0,0,0,8
1745919153.19999,0,0,0,1,23
1745919153.19999,0,0,0,1,23
1745919153.535046,0,0,0,1,24
1745919153.535046,0,0,0,1,24
1745919153.535046,0,0,0,1,24
1745919154.186488,0,0,1,0,22
1745919154.186488,0,0,1,0,22
1745919154.542436,0,0,0,0,9
1745919154.542436,0,0,0,0,9
1745919154.542436,0,0,0,0,9
1745919155.193526,0,0,0,0,22
1745919155.193526,0,0,0,0,22
1745919155.541585,0,0,0,0,12
1745919155.541585,0,0,0,0,12
1745919155.541585,0,0,0,0,12
1745919156.190184,0,0,1,0,14
1745919156.190184,0,0,1,0,14
1745919156.539475,0,0,0,1,15
1745919156.539475,0,0,0,1,15
1745919156.539475,0,0,0,1,15
1745919157.184772,0,0,1,0,16
1745919157.184772,0,0,1,0,16
1745919157.538942,0,0,0,0,16
1745919157.538942,0,0,0,0,16
1745919157.538942,0,0,0,0,16
1745919158.198509,0,0,1,0,10
1745919158.538502,0,0,1,0,11
1745919158.538502,0,0,1,0,11
1745919158.538502,0,0,1,0,11
1745919158.538502,0,0,1,0,11
1745919159.18973,0,0,0,0,22
1745919159.542529,0,0,0,0,8
1745919159.542529,0,0,0,0,8
1745919159.542529,0,0,0,0,8
1745919159.542529,0,0,0,0,8
1745919160.192029,0,0,0,0,17
1745919160.555293,0,0,0,0,3
1745919160.555293,0,0,0,0,3
1745919160.555293,0,0,0,0,3
1745919160.555293,0,0,0,0,3
1745919161.194372,0,0,0,0,29
1745919161.547839,0,0,1,0,8
1745919161.547839,0,0,1,0,8
1745919161.547839,0,0,1,0,8
1745919162.200058,0,0,0,0,16
1745919162.200058,0,0,0,0,16
1745919162.541911,0,0,0,0,25
1745919162.541911,0,0,0,0,25
1745919162.541911,0,0,0,0,25
1745919163.196345,0,0,1,0,19
1745919163.196345,0,0,1,0,19
1745919163.544073,0,0,0,0,12
1745919163.544073,0,0,0,0,12
1745919163.544073,0,0,0,0,12
1745919164.195034,0,0,1,0,16
1745919164.195034,0,0,1,0,16
1745919164.558638,0,0,0,0,14
1745919164.558638,0,0,0,0,14
1745919164.558638,0,0,0,0,14
1745919165.194115,0,0,0,0,16
1745919165.194115,0,0,0,0,16
1745919165.545099,0,0,0,0,9
1745919165.545099,0,0,0,0,9
1745919165.545099,0,0,0,0,9
1745919166.196498,0,0,1,1,16
1745919166.196498,0,0,1,1,16
1745919166.546987,0,0,0,0,9
1745919166.546987,0,0,0,0,9
1745919166.546987,0,0,0,0,9
1745919167.197405,0,0,1,0,18
1745919167.197405,0,0,1,0,18
1745919167.549737,0,0,0,1,12
1745919167.549737,0,0,0,1,12
1745919167.549737,0,0,0,1,12
1745919168.197309,0,0,1,0,20
1745919168.197309,0,0,1,0,20
1745919168.550819,0,0,0,1,15
1745919168.550819,0,0,0,1,15
1745919168.550819,0,0,0,1,15
1745919169.203774,0,0,0,1,32
1745919169.203774,0,0,0,1,32
1745919169.553259,0,0,0,0,11
1745919169.553259,0,0,0,0,11
1745919169.553259,0,0,0,0,11
1745919170.194802,0,0,1,0,18
1745919170.194802,0,0,1,0,18
1745919170.551354,0,0,0,0,7
1745919170.551354,0,0,0,0,7
1745919170.551354,0,0,0,0,7
1745919171.196439,0,0,0,0,12
1745919171.196439,0,0,0,0,12
1745919171.553917,0,0,0,1,10
1745919171.553917,0,0,0,1,10
1745919171.553917,0,0,0,1,10
1745919172.196711,0,0,1,0,29
1745919172.559094,0,0,1,0,16
1745919172.559094,0,0,1,0,16
1745919172.559094,0,0,1,0,16
1745919172.559094,0,0,1,0,16
1745919173.196289,0,0,0,0,24
1745919173.560192,0,0,0,0,8
1745919173.560192,0,0,0,0,8
1745919173.560192,0,0,0,0,8
1745919173.560192,0,0,0,0,8
1745919174.220115,0,0,1,0,12
1745919174.569867,0,0,0,0,11
1745919174.569867,0,0,0,0,11
1745919174.569867,0,0,0,0,11
1745919175.198367,0,0,0,0,17
1745919175.198367,0,0,0,0,17
1745919175.564187,0,0,0,0,7
1745919175.564187,0,0,0,0,7
1745919175.564187,0,0,0,0,7
1745919176.217148,0,0,0,0,21
1745919176.217148,0,0,0,0,21
1745919176.566782,0,0,0,0,7
1745919176.566782,0,0,0,0,7
1745919176.566782,0,0,0,0,7
1745919177.217698,0,0,0,1,26
1745919177.217698,0,0,0,1,26
1745919177.563019,0,0,0,0,16
1745919177.563019,0,0,0,0,16
1745919177.563019,0,0,0,0,16
1745919178.20554,0,0,1,0,21
1745919178.20554,0,0,1,0,21
1745919178.563698,0,0,0,0,9
1745919178.563698,0,0,0,0,9
1745919178.563698,0,0,0,0,9
1745919179.21182,0,0,0,0,13
1745919179.21182,0,0,0,0,13
1745919179.567697,0,0,0,0,7
1745919179.567697,0,0,0,0,7
1745919179.567697,0,0,0,0,7
1745919180.210426,0,0,0,0,17
1745919180.210426,0,0,0,0,17
1745919180.567816,0,0,0,0,12
1745919180.567816,0,0,0,0,12
1745919180.567816,0,0,0,0,12
1745919181.207512,0,0,0,0,34
1745919181.207512,0,0,0,0,34
1745919181.570226,0,0,1,0,13
1745919181.570226,0,0,1,0,13
1745919181.570226,0,0,1,0,13
1745919182.209469,0,0,1,0,22
1745919182.209469,0,0,1,0,22
1745919182.566699,0,0,0,0,7
1745919182.566699,0,0,0,0,7
1745919182.566699,0,0,0,0,7
1745919183.211312,0,0,1,0,29
1745919183.211312,0,0,1,0,29
1745919183.567482,0,0,0,0,10
1745919183.567482,0,0,0,0,10
1745919183.567482,0,0,0,0,10
1745919184.208242,0,0,0,0,11
1745919184.208242,0,0,0,0,11
1745919184.568123,0,0,1,1,8
1745919184.568123,0,0,1,1,8
1745919184.568123,0,0,1,1,8
1745919185.209096,0,0,0,0,19
1745919185.209096,0,0,0,0,19
1745919185.574329,0,0,1,0,21
1745919185.574329,0,0,1,0,21
1745919185.574329,0,0,1,0,21
1745919186.209903,0,0,0,1,30
1745919186.579569,0,0,1,0,9
1745919186.579569,0,0,1,0,9
1745919186.579569,0,0,1,0,9
1745919186.579569,0,0,1,0,9
1745919187.211489,0,0,0,0,14
1745919187.573133,0,0,0,0,24
1745919187.573133,0,0,0,0,24
1745919187.573133,0,0,0,0,24
1745919187.573133,0,0,0,0,24
1745919188.233694,0,0,1,0,20
1745919188.585228,0,0,1,0,13
1745919188.585228,0,0,1,0,13
1745919188.585228,0,0,1,0,13
1745919188.585228,0,0,1,0,13
1745919189.214631,0,0,0,0,28
1745919189.574593,0,0,0,0,25
1745919189.574593,0,0,0,0,25
1745919189.574593,0,0,0,0,25
1745919189.574593,0,0,0,0,25
1745919190.232147,0,0,0,0,16
1745919190.574723,0,0,0,0,3
1745919190.574723,0,0,0,0,3
1745919190.574723,0,0,0,0,3
1745919191.224944,0,0,0,1,18
1745919191.224944,0,0,0,1,18
1745919191.574769,0,0,0,0,12
1745919191.574769,0,0,0,0,12
1745919191.574769,0,0,0,0,12
1745919192.218175,0,0,0,0,14
1745919192.218175,0,0,0,0,14
1745919192.581323,0,0,0,0,9
1745919192.581323,0,0,0,0,9
1745919192.581323,0,0,0,0,9
1745919193.227174,0,0,0,0,15
1745919193.227174,0,0,0,0,15
1745919193.598785,0,0,2,0,8
1745919193.598785,0,0,2,0,8
1745919193.598785,0,0,2,0,8
1745919194.242156,0,0,0,0,26
1745919194.242156,0,0,0,0,26
1745919194.575434,0,0,1,1,12
1745919194.575434,0,0,1,1,12
1745919194.575434,0,0,1,1,12
1745919195.224154,0,0,0,0,11
1745919195.224154,0,0,0,0,11
1745919195.575894,0,0,0,0,11
1745919195.575894,0,0,0,0,11
1745919195.575894,0,0,0,0,11
1745919196.225637,0,0,0,1,20
1745919196.225637,0,0,0,1,20
1745919196.577787,0,0,0,0,13
1745919196.577787,0,0,0,0,13
1745919196.577787,0,0,0,0,13
1745919197.223753,0,0,0,0,17
1745919197.223753,0,0,0,0,17
1745919197.577184,0,0,0,0,13
1745919197.577184,0,0,0,0,13
1745919197.577184,0,0,0,0,13
1745919198.225087,0,0,0,1,27
1745919198.225087,0,0,0,1,27
1745919198.580664,0,0,0,0,23
1745919198.580664,0,0,0,0,23
1745919198.580664,0,0,0,0,23
1745919199.225527,0,0,0,0,11
1745919199.225527,0,0,0,0,11
1745919199.602496,0,0,0,0,14
1745919199.602496,0,0,0,0,14
1745919199.602496,0,0,0,0,14
1745919200.22593,0,0,0,1,17
1745919200.58607,0,0,0,0,8
1745919200.58607,0,0,0,0,8
1745919200.58607,0,0,0,0,8
1745919200.58607,0,0,0,0,8
1745919201.231336,0,0,1,0,17
1745919201.59355,0,0,1,0,26
1745919201.59355,0,0,1,0,26
1745919201.59355,0,0,1,0,26
1745919201.59355,0,0,1,0,26
1745919202.23453,0,0,1,2,15
1745919202.585049,0,0,0,0,6
1745919202.585049,0,0,0,0,6
1745919202.585049,0,0,0,0,6
1745919202.585049,0,0,0,0,6
1745919203.240398,0,0,0,0,22
1745919203.585847,0,0,0,0,12
1745919203.585847,0,0,0,0,12
1745919203.585847,0,0,0,0,12
1745919204.230913,0,0,0,0,15
1745919204.230913,0,0,0,0,15
1745919204.585348,0,0,0,0,6
1745919204.585348,0,0,0,0,6
1745919204.585348,0,0,0,0,6
1745919205.232203,0,0,0,0,14
1745919205.232203,0,0,0,0,14
1745919205.609034,0,0,0,0,9
1745919205.609034,0,0,0,0,9
1745919205.609034,0,0,0,0,9
1745919206.23252,0,0,0,0,7
1745919206.23252,0,0,0,0,7
1745919206.594982,0,0,0,1,11
1745919206.594982,0,0,0,1,11
1745919206.594982,0,0,0,1,11
1745919207.235741,0,0,0,0,8
1745919207.235741,0,0,0,0,8
1745919207.61041,0,0,0,0,9
1745919207.61041,0,0,0,0,9
1745919207.61041,0,0,0,0,9
1745919208.244945,0,0,0,0,12
1745919208.244945,0,0,0,0,12
1745919208.592599,0,0,0,0,5
1745919208.592599,0,0,0,0,5
1745919208.592599,0,0,0,0,5
1745919209.259489,0,0,0,0,15
1745919209.259489,0,0,0,0,15
1745919209.59015,0,0,0,0,14
1745919209.59015,0,0,0,0,14
1745919209.59015,0,0,0,0,14
1745919210.239127,0,0,0,1,15
1745919210.239127,0,0,0,1,15
1745919210.590957,0,0,0,0,10
1745919210.590957,0,0,0,0,10
1745919210.590957,0,0,0,0,10
1745919211.248166,0,0,0,0,17
1745919211.248166,0,0,0,0,17
1745919211.617622,0,0,0,0,13
1745919211.617622,0,0,0,0,13
1745919211.617622,0,0,0,0,13
1745919212.23783,0,0,0,0,31
1745919212.23783,0,0,0,0,31
1745919212.60231,0,0,0,0,9
1745919212.60231,0,0,0,0,9
1745919212.60231,0,0,0,0,9
1745919213.241685,0,0,0,0,15
1745919213.596318,0,0,0,0,16
1745919213.596318,0,0,0,0,16
1745919213.596318,0,0,0,0,16
1745919213.596318,0,0,0,0,16
1745919214.239477,0,0,1,0,23
1745919214.239477,0,0,1,0,23
1745919214.612833,0,0,0,0,24
1745919214.612833,0,0,0,0,24
1745919214.612833,0,0,0,0,24
1745919215.244126,0,0,0,0,23
1745919215.60616,0,0,0,0,15
1745919215.60616,0,0,0,0,15
1745919215.60616,0,0,0,0,15
1745919215.60616,0,0,0,0,15
1745919216.260011,0,0,1,1,23
1745919216.604064,0,0,1,0,24
1745919216.604064,0,0,1,0,24
1745919216.604064,0,0,1,0,24
1745919217.243503,0,0,1,1,22
1745919217.243503,0,0,1,1,22
1745919217.609051,0,0,0,0,8
1745919217.609051,0,0,0,0,8
1745919217.609051,0,0,0,0,8
1745919218.245815,0,0,1,0,13
1745919218.245815,0,0,1,0,13
1745919218.606751,0,0,0,0,15
1745919218.606751,0,0,0,0,15
1745919218.606751,0,0,0,0,15
1745919219.243176,0,0,0,0,19
1745919219.243176,0,0,0,0,19
1745919219.611684,0,0,0,0,8
1745919219.611684,0,0,0,0,8
1745919219.611684,0,0,0,0,8
1745919220.253414,0,0,1,0,9
1745919220.253414,0,0,1,0,9
1745919220.613038,0,0,0,0,13
1745919220.613038,0,0,0,0,13
1745919220.613038,0,0,0,0,13
1745919221.248624,0,0,0,0,22
1745919221.248624,0,0,0,0,22
1745919221.610703,0,0,0,1,7
1745919221.610703,0,0,0,1,7
1745919221.610703,0,0,0,1,7
1745919222.253007,0,0,0,0,17
1745919222.253007,0,0,0,0,17
1745919222.613123,0,0,0,0,5
1745919222.613123,0,0,0,0,5
1745919222.613123,0,0,0,0,5
1745919223.245669,0,0,0,0,26
1745919223.245669,0,0,0,0,26
1745919223.608046,0,0,0,0,11
1745919223.608046,0,0,0,0,11
1745919223.608046,0,0,0,0,11
1745919224.247686,0,0,0,0,32
1745919224.247686,0,0,0,0,32
1745919224.610475,0,0,0,1,12
1745919224.610475,0,0,0,1,12
1745919224.610475,0,0,0,1,12
1745919225.248315,0,0,0,0,17
1745919225.248315,0,0,0,0,17
1745919225.612271,0,0,0,0,10
1745919225.612271,0,0,0,0,10
1745919225.612271,0,0,0,0,10
1745919226.249195,0,0,0,0,25
1745919226.249195,0,0,0,0,25
1745919226.612694,0,0,0,0,8
1745919226.612694,0,0,0,0,8
1745919226.612694,0,0,0,0,8
1745919227.25001,0,0,0,0,14
1745919227.25001,0,0,0,0,14
1745919227.61908,0,0,0,0,15
1745919227.61908,0,0,0,0,15
1745919227.61908,0,0,0,0,15
1745919228.257055,0,0,0,1,12
1745919228.612131,0,0,0,0,7
1745919228.612131,0,0,0,0,7
1745919228.612131,0,0,0,0,7
1745919228.612131,0,0,0,0,7
1745919229.257078,0,0,0,0,20
1745919229.612576,0,0,0,0,13
1745919229.612576,0,0,0,0,13
1745919229.612576,0,0,0,0,13
1745919229.612576,0,0,0,0,13
1745919230.258079,0,0,1,0,25
1745919230.631818,0,0,0,0,2
1745919230.631818,0,0,0,0,2
1745919230.631818,0,0,0,0,2
1745919231.255467,0,0,1,0,29
1745919231.255467,0,0,1,0,29
1745919231.626224,0,0,0,0,3
1745919231.626224,0,0,0,0,3
1745919231.626224,0,0,0,0,3
1745919232.256427,0,0,0,0,13
1745919232.256427,0,0,0,0,13
1745919232.619013,0,0,0,0,6
1745919232.619013,0,0,0,0,6
1745919232.619013,0,0,0,0,6
1745919233.272372,0,0,0,0,15
1745919233.272372,0,0,0,0,15
1745919233.619476,0,0,0,0,9
1745919233.619476,0,0,0,0,9
1745919233.619476,0,0,0,0,9
1745919234.257556,0,0,0,0,14
1745919234.257556,0,0,0,0,14
1745919234.618016,0,0,0,0,15
1745919234.618016,0,0,0,0,15
1745919234.618016,0,0,0,0,15
1745919235.272355,0,0,0,0,9
1745919235.272355,0,0,0,0,9
1745919235.622968,0,0,0,0,12
1745919235.622968,0,0,0,0,12
1745919235.622968,0,0,0,0,12
1745919236.275508,0,0,1,0,27
1745919236.275508,0,0,1,0,27
1745919236.624281,0,0,0,0,11
1745919236.624281,0,0,0,0,11
1745919236.624281,0,0,0,0,11
1745919237.267304,0,0,1,0,19
1745919237.267304,0,0,1,0,19
1745919237.620868,0,0,0,0,5
1745919237.620868,0,0,0,0,5
1745919237.620868,0,0,0,0,5
1745919238.263831,0,0,0,0,10
1745919238.263831,0,0,0,0,10
1745919238.620413,0,0,0,0,6
1745919238.620413,0,0,0,0,6
1745919238.620413,0,0,0,0,6
1745919239.267607,0,0,0,0,9
1745919239.267607,0,0,0,0,9
1745919239.620447,0,0,1,0,25
1745919239.620447,0,0,1,0,25
1745919239.620447,0,0,1,0,25
1745919240.265953,0,0,0,0,14
1745919240.265953,0,0,0,0,14
1745919240.624079,0,0,0,0,9
1745919240.624079,0,0,0,0,9
1745919240.624079,0,0,0,0,9
1745919241.276256,0,0,0,0,17
1745919241.276256,0,0,0,0,17
1745919241.627839,0,0,0,0,10
1745919241.627839,0,0,0,0,10
1745919241.627839,0,0,0,0,10
1745919242.272942,0,0,0,0,16
1745919242.624139,0,0,0,0,7
1745919242.624139,0,0,0,0,7
1745919242.624139,0,0,0,0,7
1745919242.624139,0,0,0,0,7
1745919243.273764,0,0,1,0,19
1745919243.642976,0,0,0,0,5
1745919243.642976,0,0,0,0,5
1745919243.642976,0,0,0,0,5
1745919243.642976,0,0,0,0,5
1745919244.280477,0,0,0,1,20
1745919244.625374,0,0,0,0,14
1745919244.625374,0,0,0,0,14
1745919244.625374,0,0,0,0,14
1745919245.274871,0,0,0,0,28
1745919245.274871,0,0,0,0,28
1745919245.62749,0,0,0,3,11
1745919245.62749,0,0,0,3,11
1745919245.62749,0,0,0,3,11
1745919246.278212,0,0,0,0,11
1745919246.278212,0,0,0,0,11
1745919246.630584,0,0,0,0,12
1745919246.630584,0,0,0,0,12
1745919246.630584,0,0,0,0,12
1745919247.277671,0,0,0,0,21
1745919247.277671,0,0,0,0,21
1745919247.629531,0,0,0,0,11
1745919247.629531,0,0,0,0,11
1745919247.629531,0,0,0,0,11
1745919248.283132,0,0,1,0,26
1745919248.283132,0,0,1,0,26
1745919248.634041,0,0,0,0,10
1745919248.634041,0,0,0,0,10
1745919248.634041,0,0,0,0,10
1745919249.285219,0,0,0,1,13
1745919249.285219,0,0,0,1,13
1745919249.636517,0,0,0,0,8
1745919249.636517,0,0,0,0,8
1745919249.636517,0,0,0,0,8
1745919250.297666,0,0,1,0,26
1745919250.297666,0,0,1,0,26
1745919250.632115,0,0,0,0,12
1745919250.632115,0,0,0,0,12
1745919250.632115,0,0,0,0,12
1745919251.280406,0,0,1,0,14
1745919251.280406,0,0,1,0,14
1745919251.634167,0,0,0,0,13
1745919251.634167,0,0,0,0,13
1745919251.634167,0,0,0,0,13
1745919252.283319,0,0,0,0,23
1745919252.283319,0,0,0,0,23
1745919252.636452,0,0,0,0,10
1745919252.636452,0,0,0,0,10
1745919252.636452,0,0,0,0,10
1745919253.284069,0,0,1,0,15
1745919253.284069,0,0,1,0,15
1745919253.643595,0,0,0,0,11
1745919253.643595,0,0,0,0,11
1745919253.643595,0,0,0,0,11
1745919254.287399,0,0,0,0,17
1745919254.287399,0,0,0,0,17
1745919254.645981,0,0,1,1,6
1745919254.645981,0,0,1,1,6
1745919254.645981,0,0,1,1,6
1745919255.286638,0,0,0,0,18
1745919255.641867,0,0,0,1,5
1745919255.641867,0,0,0,1,5
1745919255.641867,0,0,0,1,5
1745919255.641867,0,0,0,1,5
1745919256.290326,0,0,0,0,23
1745919256.648266,0,0,1,0,12
1745919256.648266,0,0,1,0,12
1745919256.648266,0,0,1,0,12
1745919256.648266,0,0,1,0,12
1745919257.290693,0,0,0,0,29
1745919257.642938,0,0,1,0,11
1745919257.642938,0,0,1,0,11
1745919257.642938,0,0,1,0,11
1745919258.297479,0,0,0,0,20
1745919258.297479,0,0,0,0,20
1745919258.648855,0,0,0,0,7
1745919258.648855,0,0,0,0,7
1745919258.648855,0,0,0,0,7
1745919259.293616,0,0,0,0,21
1745919259.293616,0,0,0,0,21
1745919259.650317,0,0,0,0,8
1745919259.650317,0,0,0,0,8
1745919259.650317,0,0,0,0,8
1745919260.292503,0,0,0,0,16
1745919260.292503,0,0,0,0,16
1745919260.650234,0,0,0,0,10
1745919260.650234,0,0,0,0,10
1745919260.650234,0,0,0,0,10
1745919261.300039,0,0,0,0,26
1745919261.300039,0,0,0,0,26
1745919261.656886,0,0,0,0,6
1745919261.656886,0,0,0,0,6
1745919261.656886,0,0,0,0,6
1745919262.295617,0,0,1,0,24
1745919262.295617,0,0,1,0,24
1745919262.649213,0,0,0,0,6
1745919262.649213,0,0,0,0,6
1745919262.649213,0,0,0,0,6
1745919263.299793,0,0,0,0,12
1745919263.299793,0,0,0,0,12
1745919263.652172,0,0,0,0,15
1745919263.652172,0,0,0,0,15
1745919263.652172,0,0,0,0,15
1745919264.300184,0,0,1,0,21
1745919264.300184,0,0,1,0,21
1745919264.650742,0,0,0,0,11
1745919264.650742,0,0,0,0,11
1745919264.650742,0,0,0,0,11
1745919265.299789,0,0,0,1,15
1745919265.299789,0,0,0,1,15
1745919265.665035,0,0,0,0,8
1745919265.665035,0,0,0,0,8
1745919265.665035,0,0,0,0,8
1745919266.295269,0,0,0,0,25
1745919266.295269,0,0,0,0,25
1745919266.655073,0,0,1,0,6
1745919266.655073,0,0,1,0,6
1745919266.655073,0,0,1,0,6
1745919267.296485,0,0,0,0,29
1745919267.296485,0,0,0,0,29
1745919267.657047,0,0,2,1,11
1745919267.657047,0,0,2,1,11
1745919267.657047,0,0,2,1,11
1745919268.297158,0,0,0,1,22
1745919268.659551,0,0,0,0,9
1745919268.659551,0,0,0,0,9
1745919268.659551,0,0,0,0,9
1745919268.659551,0,0,0,0,9
1745919269.297571,0,0,0,1,22
1745919269.665957,0,0,0,0,8
1745919269.665957,0,0,0,0,8
1745919269.665957,0,0,0,0,8
1745919269.665957,0,0,0,0,8
1745919270.305674,0,0,1,0,8
1745919270.681463,0,0,0,0,7
1745919270.681463,0,0,0,0,7
1745919270.681463,0,0,0,0,7
1745919270.681463,0,0,0,0,7
1745919271.324701,0,0,0,0,14
1745919271.66754,0,0,1,0,4
1745919271.66754,0,0,1,0,4
1745919271.66754,0,0,1,0,4
1745919271.66754,0,0,1,0,4
1745919272.315383,0,0,0,0,20
1745919272.663697,0,0,1,0,11
1745919272.663697,0,0,1,0,11
1745919272.663697,0,0,1,0,11
1745919273.30305,0,0,0,0,17
1745919273.30305,0,0,0,0,17
1745919273.678499,0,0,2,0,16
1745919273.678499,0,0,2,0,16
1745919273.678499,0,0,2,0,16
1745919274.30566,0,0,0,1,10
1745919274.30566,0,0,0,1,10
1745919274.664999,0,0,0,0,7
1745919274.664999,0,0,0,0,7
1745919274.664999,0,0,0,0,7
1745919275.310269,0,0,0,0,23
1745919275.310269,0,0,0,0,23
1745919275.667927,0,0,1,0,13
1745919275.667927,0,0,1,0,13
1745919275.667927,0,0,1,0,13
1745919276.313844,0,0,0,0,17
1745919276.313844,0,0,0,0,17
1745919276.685361,0,0,1,0,17
1745919276.685361,0,0,1,0,17
1745919276.685361,0,0,1,0,17
1745919277.31176,0,0,1,0,20
1745919277.31176,0,0,1,0,20
1745919277.66787,0,0,0,0,12
1745919277.66787,0,0,0,0,12
1745919277.66787,0,0,0,0,12
1745919278.335003,0,0,1,0,24
1745919278.335003,0,0,1,0,24
1745919278.669481,0,0,0,0,10
1745919278.669481,0,0,0,0,10
1745919278.669481,0,0,0,0,10
1745919279.319496,0,0,0,0,24
1745919279.319496,0,0,0,0,24
1745919279.668756,0,0,0,0,13
1745919279.668756,0,0,0,0,13
1745919279.668756,0,0,0,0,13
1745919280.311811,0,0,0,1,17
1745919280.311811,0,0,0,1,17
1745919280.66944,0,0,0,0,10
1745919280.66944,0,0,0,0,10
1745919280.66944,0,0,0,0,10
1745919281.31107,0,0,0,0,21
1745919281.31107,0,0,0,0,21
1745919281.678366,0,0,0,0,12
1745919281.678366,0,0,0,0,12
1745919281.678366,0,0,0,0,12
1745919282.312401,0,0,1,0,25
1745919282.312401,0,0,1,0,25
1745919282.67293,0,0,0,0,14
1745919282.67293,0,0,0,0,14
1745919282.67293,0,0,0,0,14
1745919283.312116,0,0,0,0,10
1745919283.673109,0,0,0,0,12
1745919283.673109,0,0,0,0,12
1745919283.673109,0,0,0,0,12
1745919283.673109,0,0,0,0,12
1745919284.324043,0,0,0,0,22
1745919284.673473,0,0,0,0,10
1745919284.673473,0,0,0,0,10
1745919284.673473,0,0,0,0,10
1745919284.673473,0,0,0,0,10
1745919285.319921,0,0,0,0,21
1745919285.67419,0,0,0,0,5
1745919285.67419,0,0,0,0,5
1745919285.67419,0,0,0,0,5
1745919286.318093,0,0,0,0,15
1745919286.318093,0,0,0,0,15
1745919286.676755,0,0,1,0,16
1745919286.676755,0,0,1,0,16
1745919286.676755,0,0,1,0,16
1745919287.319275,0,0,1,0,18
1745919287.319275,0,0,1,0,18
1745919287.676005,0,0,0,0,10
1745919287.676005,0,0,0,0,10
1745919287.676005,0,0,0,0,10
1745919288.319069,0,0,0,0,28
1745919288.319069,0,0,0,0,28
1745919288.677649,0,0,0,1,3
1745919288.677649,0,0,0,1,3
1745919288.677649,0,0,0,1,3
1745919289.319316,0,0,0,1,17
1745919289.319316,0,0,0,1,17
1745919289.680207,0,0,0,0,13
1745919289.680207,0,0,0,0,13
1745919289.680207,0,0,0,0,13
1745919290.319024,0,0,2,0,11
1745919290.319024,0,0,2,0,11
1745919290.677613,0,0,1,0,12
1745919290.677613,0,0,1,0,12
1745919290.677613,0,0,1,0,12
1745919291.328522,0,0,1,0,27
1745919291.328522,0,0,1,0,27
1745919291.678663,0,0,0,0,15
1745919291.678663,0,0,0,0,15
1745919291.678663,0,0,0,0,15
1745919292.338648,0,0,0,0,10
1745919292.338648,0,0,0,0,10
1745919292.679304,0,0,0,0,0
1745919292.679304,0,0,0,0,0
1745919292.679304,0,0,0,0,0
1745919293.325125,0,0,0,1,18
1745919293.325125,0,0,0,1,18
1745919293.681156,0,0,1,0,7
1745919293.681156,0,0,1,0,7
1745919293.681156,0,0,1,0,7
1745919294.324752,0,0,1,1,33
1745919294.324752,0,0,1,1,33
1745919294.680112,0,0,0,0,14
1745919294.680112,0,0,0,0,14
1745919294.680112,0,0,0,0,14
1745919295.327503,0,0,1,0,26
1745919295.327503,0,0,1,0,26
1745919295.686,0,0,1,0,12
1745919295.686,0,0,1,0,12
1745919295.686,0,0,1,0,12
1745919296.326671,0,0,0,0,15
1745919296.326671,0,0,0,0,15
1745919296.699559,0,0,1,0,5
1745919296.699559,0,0,1,0,5
1745919296.699559,0,0,1,0,5
1745919297.338979,0,0,1,0,29
1745919297.69819,0,0,1,0,3
1745919297.69819,0,0,1,0,3
1745919297.69819,0,0,1,0,3
1745919297.69819,0,0,1,0,3
1745919298.338865,0,0,0,0,23
1745919298.689758,0,0,0,0,6
1745919298.689758,0,0,0,0,6
1745919298.689758,0,0,0,0,6
1745919298.689758,0,0,0,0,6
1745919299.334114,0,0,1,0,15
1745919299.688044,0,0,0,0,10
1745919299.688044,0,0,0,0,10
1745919299.688044,0,0,0,0,10
1745919300.335076,0,0,0,0,17
1745919300.335076,0,0,0,0,17
1745919300.688853,0,0,0,0,10
1745919300.688853,0,0,0,0,10
1745919300.688853,0,0,0,0,10
1745919301.337075,0,0,0,0,22
1745919301.337075,0,0,0,0,22
1745919301.689203,0,0,0,0,10
1745919301.689203,0,0,0,0,10
1745919301.689203,0,0,0,0,10
1745919302.334739,0,0,0,0,20
1745919302.334739,0,0,0,0,20
1745919302.695067,0,0,1,1,10
1745919302.695067,0,0,1,1,10
1745919302.695067,0,0,1,1,10
1745919303.334999,0,0,0,1,20
1745919303.334999,0,0,0,1,20
1745919303.692055,0,0,0,0,5
1745919303.692055,0,0,0,0,5
1745919303.692055,0,0,0,0,5
1745919304.338521,0,0,0,1,19
1745919304.338521,0,0,0,1,19
1745919304.695753,0,0,0,0,10
1745919304.695753,0,0,0,0,10
1745919304.695753,0,0,0,0,10
1745919305.34432,0,0,0,0,23
1745919305.34432,0,0,0,0,23
1745919305.691497,0,0,0,0,6
1745919305.691497,0,0,0,0,6
1745919305.691497,0,0,0,0,6
1745919306.344619,0,0,0,0,17
1745919306.344619,0,0,0,0,17
1745919306.693525,0,0,1,0,12
1745919306.693525,0,0,1,0,12
1745919306.693525,0,0,1,0,12
1745919307.341655,0,0,0,0,25
1745919307.341655,0,0,0,0,25
1745919307.693026,0,0,0,0,8
1745919307.693026,0,0,0,0,8
1745919307.693026,0,0,0,0,8
1745919308.350762,0,0,0,0,31
1745919308.350762,0,0,0,0,31
1745919308.69282,0,0,0,0,16
1745919308.69282,0,0,0,0,16
1745919308.69282,0,0,0,0,16
1745919309.343091,0,0,0,0,20
1745919309.343091,0,0,0,0,20
1745919309.698644,0,0,0,0,13
1745919309.698644,0,0,0,0,13
1745919309.698644,0,0,0,0,13
1745919310.345548,0,0,0,0,14
1745919310.718114,0,0,0,0,3
1745919310.718114,0,0,0,0,3
1745919310.718114,0,0,0,0,3
1745919310.718114,0,0,0,0,3
1745919311.345118,0,0,0,1,14
1745919311.704231,0,0,0,0,3
1745919311.704231,0,0,0,0,3
1745919311.704231,0,0,0,0,3
1745919311.704231,0,0,0,0,3
1745919312.352918,0,0,1,0,7
1745919312.699933,0,0,0,1,5
1745919312.699933,0,0,0,1,5
1745919312.699933,0,0,0,1,5
1745919312.699933,0,0,0,1,5
1745919313.357755,0,0,0,0,26
1745919313.700627,0,0,0,1,7
1745919313.700627,0,0,0,1,7
1745919313.700627,0,0,0,1,7
1745919314.349459,0,0,0,0,25
1745919314.349459,0,0,0,0,25
1745919314.703734,0,0,0,0,10
1745919314.703734,0,0,0,0,10
1745919314.703734,0,0,0,0,10
1745919315.348873,0,0,0,0,19
1745919315.348873,0,0,0,0,19
1745919315.703641,0,0,0,0,12
1745919315.703641,0,0,0,0,12
1745919315.703641,0,0,0,0,12
1745919316.350222,0,0,0,0,20
1745919316.350222,0,0,0,0,20
1745919316.70821,0,0,0,0,13
1745919316.70821,0,0,0,0,13
1745919316.70821,0,0,0,0,13
1745919317.367105,0,0,1,0,15
1745919317.367105,0,0,1,0,15
1745919317.711895,0,0,1,0,6
1745919317.711895,0,0,1,0,6
1745919317.711895,0,0,1,0,6
1745919318.351119,0,0,1,0,19
1745919318.351119,0,0,1,0,19
1745919318.705131,0,0,0,0,20
1745919318.705131,0,0,0,0,20
1745919318.705131,0,0,0,0,20
1745919319.368281,0,0,0,0,11
1745919319.368281,0,0,0,0,11
1745919319.706127,0,0,0,0,4
1745919319.706127,0,0,0,0,4
1745919319.706127,0,0,0,0,4
1745919320.37007,0,0,0,0,19
1745919320.37007,0,0,0,0,19
1745919320.707119,0,0,0,0,9
1745919320.707119,0,0,0,0,9
1745919320.707119,0,0,0,0,9
1745919321.353936,0,0,0,0,24
1745919321.353936,0,0,0,0,24
1745919321.70765,0,0,0,0,13
1745919321.70765,0,0,0,0,13
1745919321.70765,0,0,0,0,13
1745919322.356012,0,0,0,1,24
1745919322.356012,0,0,0,1,24
1745919322.714062,0,0,0,0,25
1745919322.714062,0,0,0,0,25
1745919322.714062,0,0,0,0,25
1745919323.355136,0,0,0,0,18
1745919323.712151,0,0,0,0,16
1745919323.712151,0,0,0,0,16
1745919323.712151,0,0,0,0,16
1745919323.712151,0,0,0,0,16
1745919324.357612,0,0,0,1,14
1745919324.715391,0,0,0,0,16
1745919324.715391,0,0,0,0,16
1745919324.715391,0,0,0,0,16
1745919324.715391,0,0,0,0,16
1745919325.357801,0,0,0,0,14
1745919325.721751,0,0,0,0,19
1745919325.721751,0,0,0,0,19
1745919325.721751,0,0,0,0,19
1745919325.721751,0,0,0,0,19
1745919326.377592,0,0,0,0,21
1745919326.719914,0,0,0,0,17
1745919326.719914,0,0,0,0,17
1745919326.719914,0,0,0,0,17
1745919327.364841,0,0,0,1,12
1745919327.364841,0,0,0,1,12
1745919327.72761,0,0,0,0,5
1745919327.72761,0,0,0,0,5
1745919327.72761,0,0,0,0,5
1745919328.359414,0,0,0,0,18
1745919328.359414,0,0,0,0,18
1745919328.725783,0,0,0,0,10
1745919328.725783,0,0,0,0,10
1745919328.725783,0,0,0,0,10
1745919329.360283,0,0,1,0,17
1745919329.360283,0,0,1,0,17
1745919329.725929,0,0,1,0,9
1745919329.725929,0,0,1,0,9
1745919329.725929,0,0,1,0,9
1745919330.369536,0,0,1,0,19
1745919330.369536,0,0,1,0,19
1745919330.732375,0,0,0,0,16
1745919330.732375,0,0,0,0,16
1745919330.732375,0,0,0,0,16
1745919331.365779,0,0,0,0,14
1745919331.365779,0,0,0,0,14
1745919331.736025,0,0,1,0,14
1745919331.736025,0,0,1,0,14
1745919331.736025,0,0,1,0,14
1745919332.376031,0,0,1,0,29
1745919332.376031,0,0,1,0,29
1745919332.728075,0,0,0,0,9
1745919332.728075,0,0,0,0,9
1745919332.728075,0,0,0,0,9
1745919333.380474,0,0,1,1,17
1745919333.380474,0,0,1,1,17
1745919333.727759,0,0,0,0,14
1745919333.727759,0,0,0,0,14
1745919333.727759,0,0,0,0,14
1745919334.372166,0,0,0,1,14
1745919334.372166,0,0,0,1,14
1745919334.728447,0,0,0,0,11
1745919334.728447,0,0,0,0,11
1745919334.728447,0,0,0,0,11
1745919335.373952,0,0,0,1,17
1745919335.373952,0,0,0,1,17
1745919335.72854,0,0,2,0,8
1745919335.72854,0,0,2,0,8
1745919335.72854,0,0,2,0,8
1745919336.368547,0,0,0,0,23
1745919336.368547,0,0,0,0,23
1745919336.738858,0,0,1,0,6
1745919336.738858,0,0,1,0,6
1745919336.738858,0,0,1,0,6
1745919337.369707,0,0,0,0,20
1745919337.369707,0,0,0,0,20
1745919337.745741,0,0,0,0,9
1745919337.745741,0,0,0,0,9
1745919337.745741,0,0,0,0,9
1745919338.370789,0,0,0,1,12
1745919338.736114,0,0,1,0,7
1745919338.736114,0,0,1,0,7
1745919338.736114,0,0,1,0,7
1745919338.736114,0,0,1,0,7
1745919339.378334,0,0,1,0,24
1745919339.755889,0,0,0,0,11
1745919339.755889,0,0,0,0,11
1745919339.755889,0,0,0,0,11
1745919339.755889,0,0,0,0,11
1745919340.376519,0,0,0,0,11
1745919340.746977,0,0,0,0,10
1745919340.746977,0,0,0,0,10
1745919340.746977,0,0,0,0,10
1745919341.390331,0,0,0,0,21
1745919341.390331,0,0,0,0,21
1745919341.736426,0,0,0,0,15
1745919341.736426,0,0,0,0,15
1745919341.736426,0,0,0,0,15
1745919342.381422,0,0,1,0,11
1745919342.381422,0,0,1,0,11
1745919342.738385,0,0,0,0,15
1745919342.738385,0,0,0,0,15
1745919342.738385,0,0,0,0,15
1745919343.377836,0,0,0,0,14
1745919343.377836,0,0,0,0,14
1745919343.739066,0,0,1,0,9
1745919343.739066,0,0,1,0,9
1745919343.739066,0,0,1,0,9
1745919344.381878,0,0,0,0,17
1745919344.381878,0,0,0,0,17
1745919344.73673,0,0,1,0,11
1745919344.73673,0,0,1,0,11
1745919344.73673,0,0,1,0,11
1745919345.379991,0,0,1,0,15
1745919345.379991,0,0,1,0,15
1745919345.757363,0,0,0,0,15
1745919345.757363,0,0,0,0,15
1745919345.757363,0,0,0,0,15
1745919346.399353,0,0,0,0,15
1745919346.399353,0,0,0,0,15
1745919346.743342,0,0,0,0,11
1745919346.743342,0,0,0,0,11
1745919346.743342,0,0,0,0,11
1745919347.387767,0,0,0,0,28
1745919347.387767,0,0,0,0,28
1745919347.739369,0,0,0,0,7
1745919347.739369,0,0,0,0,7
1745919347.739369,0,0,0,0,7
1745919348.383609,0,0,2,0,23
1745919348.383609,0,0,2,0,23
1745919348.739944,0,0,1,0,8
1745919348.739944,0,0,1,0,8
1745919348.739944,0,0,1,0,8
1745919349.38367,0,0,1,0,23
1745919349.38367,0,0,1,0,23
1745919349.747269,0,0,0,0,6
1745919349.747269,0,0,0,0,6
1745919349.747269,0,0,0,0,6
1745919350.383681,0,0,0,0,15
1745919350.383681,0,0,0,0,15
1745919350.744686,0,0,0,0,9
1745919350.744686,0,0,0,0,9
1745919350.744686,0,0,0,0,9
1745919351.384748,0,0,0,0,13
1745919351.746498,0,0,0,0,5
1745919351.746498,0,0,0,0,5
1745919351.746498,0,0,0,0,5
1745919351.746498,0,0,0,0,5
1745919352.387561,0,0,0,0,21
1745919352.765767,0,0,0,0,15
1745919352.765767,0,0,0,0,15
1745919352.765767,0,0,0,0,15
1745919352.765767,0,0,0,0,15
1745919353.387675,0,0,0,0,32
1745919353.746719,0,0,1,0,8
1745919353.746719,0,0,1,0,8
1745919353.746719,0,0,1,0,8
1745919353.746719,0,0,1,0,8
1745919354.406884,0,0,1,0,29
1745919354.749844,0,0,0,0,6
1745919354.749844,0,0,0,0,6
1745919354.749844,0,0,0,0,6
1745919355.388802,0,0,1,1,21
1745919355.388802,0,0,1,1,21
1745919355.753534,0,0,1,0,6
1745919355.753534,0,0,1,0,6
1745919355.753534,0,0,1,0,6
1745919356.390281,0,0,0,0,13
1745919356.390281,0,0,0,0,13
1745919356.762495,0,0,0,1,5
1745919356.762495,0,0,0,1,5
1745919356.762495,0,0,0,1,5
1745919357.394369,0,0,0,0,17
1745919357.394369,0,0,0,0,17
1745919357.752827,0,0,0,0,5
1745919357.752827,0,0,0,0,5
1745919357.752827,0,0,0,0,5
1745919358.394315,0,0,2,0,29
1745919358.394315,0,0,2,0,29
1745919358.751804,0,0,0,0,5
1745919358.751804,0,0,0,0,5
1745919358.751804,0,0,0,0,5
1745919359.397181,0,0,0,0,21
1745919359.397181,0,0,0,0,21
1745919359.753127,0,0,0,0,15
1745919359.753127,0,0,0,0,15
1745919359.753127,0,0,0,0,15
1745919360.399204,0,0,1,0,16
1745919360.399204,0,0,1,0,16
1745919360.752612,0,0,0,0,10
1745919360.752612,0,0,0,0,10
1745919360.752612,0,0,0,0,10
1745919361.400319,0,0,1,1,17
1745919361.400319,0,0,1,1,17
1745919361.753699,0,0,1,1,11
1745919361.753699,0,0,1,1,11
1745919361.753699,0,0,1,1,11
1745919362.397263,0,0,0,1,24
1745919362.397263,0,0,0,1,24
1745919362.755285,0,0,0,1,10
1745919362.755285,0,0,0,1,10
1745919362.755285,0,0,0,1,10
1745919363.40255,0,0,0,1,10
1745919363.40255,0,0,0,1,10
1745919363.755116,0,0,0,0,6
1745919363.755116,0,0,0,0,6
1745919363.755116,0,0,0,0,6
1745919364.397937,0,0,0,0,23
1745919364.397937,0,0,0,0,23
1745919364.75685,0,0,0,1,9
1745919364.75685,0,0,0,1,9
1745919364.75685,0,0,0,1,9
1745919365.399273,0,0,1,0,26
1745919365.774396,0,0,0,0,6
1745919365.774396,0,0,0,0,6
1745919365.774396,0,0,0,0,6
1745919365.774396,0,0,0,0,6
1745919366.401642,0,0,0,0,9
1745919366.775668,0,0,0,0,11
1745919366.775668,0,0,0,0,11
1745919366.775668,0,0,0,0,11
1745919366.775668,0,0,0,0,11
1745919367.409964,0,0,0,0,13
1745919367.767218,0,0,1,0,17
1745919367.767218,0,0,1,0,17
1745919367.767218,0,0,1,0,17
1745919367.767218,0,0,1,0,17
1745919368.405068,0,0,0,0,10
1745919368.761523,0,0,0,0,8
1745919368.761523,0,0,0,0,8
1745919368.761523,0,0,0,0,8
1745919369.403147,0,0,0,0,14
1745919369.403147,0,0,0,0,14
1745919369.762799,0,0,0,0,7
1745919369.762799,0,0,0,0,7
1745919369.762799,0,0,0,0,7
1745919370.408997,0,0,1,1,32
1745919370.408997,0,0,1,1,32
1745919370.766043,0,0,0,0,6
1745919370.766043,0,0,0,0,6
1745919370.766043,0,0,0,0,6
1745919371.423477,0,0,0,0,13
1745919371.423477,0,0,0,0,13
1745919371.767975,0,0,0,0,9
1745919371.767975,0,0,0,0,9
1745919371.767975,0,0,0,0,9
1745919372.409691,0,0,2,0,15
1745919372.409691,0,0,2,0,15
1745919372.780964,0,0,0,0,14
1745919372.780964,0,0,0,0,14
1745919372.780964,0,0,0,0,14
1745919373.417223,0,0,2,0,18
1745919373.417223,0,0,2,0,18
1745919373.767642,0,0,0,0,6
1745919373.767642,0,0,0,0,6
1745919373.767642,0,0,0,0,6
1745919374.413809,0,0,0,0,27
1745919374.413809,0,0,0,0,27
1745919374.768378,0,0,0,0,10
1745919374.768378,0,0,0,0,10
1745919374.768378,0,0,0,0,10
1745919375.410364,0,0,1,0,12
1745919375.410364,0,0,1,0,12
1745919375.768996,0,0,0,0,6
1745919375.768996,0,0,0,0,6
1745919375.768996,0,0,0,0,6
1745919376.40927,0,0,0,0,28
1745919376.40927,0,0,0,0,28
1745919376.773158,0,0,1,0,10
1745919376.773158,0,0,1,0,10
1745919376.773158,0,0,1,0,10
1745919377.412095,0,0,0,0,25
1745919377.412095,0,0,0,0,25
1745919377.775207,0,0,0,0,10
1745919377.775207,0,0,0,0,10
1745919377.775207,0,0,0,0,10
1745919378.409358,0,0,0,0,21
1745919378.409358,0,0,0,0,21
1745919378.788018,0,0,0,0,14
1745919378.788018,0,0,0,0,14
1745919378.788018,0,0,0,0,14
1745919379.411394,0,0,0,0,16
1745919379.411394,0,0,0,0,16
1745919379.799724,0,0,1,0,5
1745919379.799724,0,0,1,0,5
1745919379.799724,0,0,1,0,5
1745919380.414741,0,0,0,0,14
1745919380.776234,0,0,0,0,8
1745919380.776234,0,0,0,0,8
1745919380.776234,0,0,0,0,8
1745919380.776234,0,0,0,0,8
1745919381.413822,0,0,0,0,22
1745919381.780292,0,0,0,0,8
1745919381.780292,0,0,0,0,8
1745919381.780292,0,0,0,0,8
1745919382.413299,0,0,0,0,19
1745919382.413299,0,0,0,0,19
1745919382.792892,0,0,1,0,14
1745919382.792892,0,0,1,0,14
1745919382.792892,0,0,1,0,14
1745919383.415781,0,0,1,0,23
1745919383.415781,0,0,1,0,23
1745919383.777568,0,0,0,0,5
1745919383.777568,0,0,0,0,5
1745919383.777568,0,0,0,0,5
1745919384.42297,0,0,0,0,18
1745919384.42297,0,0,0,0,18
1745919384.778787,0,0,0,0,16
1745919384.778787,0,0,0,0,16
1745919384.778787,0,0,0,0,16
1745919385.418741,0,0,1,0,17
1745919385.418741,0,0,1,0,17
1745919385.785379,0,0,0,0,16
1745919385.785379,0,0,0,0,16
1745919385.785379,0,0,0,0,16
1745919386.419325,0,0,0,0,33
1745919386.419325,0,0,0,0,33
1745919386.786082,0,0,1,1,12
1745919386.786082,0,0,1,1,12
1745919386.786082,0,0,1,1,12
1745919387.421064,0,0,0,0,18
1745919387.421064,0,0,0,0,18
1745919387.782948,0,0,0,0,20
1745919387.782948,0,0,0,0,20
1745919387.782948,0,0,0,0,20
1745919388.427251,0,0,0,0,20
1745919388.427251,0,0,0,0,20
1745919388.78406,0,0,0,0,8
1745919388.78406,0,0,0,0,8
1745919388.78406,0,0,0,0,8
1745919389.421007,0,0,0,0,11
1745919389.421007,0,0,0,0,11
1745919389.78763,0,0,0,0,3
1745919389.78763,0,0,0,0,3
1745919389.78763,0,0,0,0,3
1745919390.422456,0,0,0,0,23
1745919390.422456,0,0,0,0,23
1745919390.783724,0,0,0,0,13
1745919390.783724,0,0,0,0,13
1745919390.783724,0,0,0,0,13
1745919391.424012,0,0,1,0,9
1745919391.424012,0,0,1,0,9
1745919391.793057,0,0,1,0,19
1745919391.793057,0,0,1,0,19
1745919391.793057,0,0,1,0,19
1745919392.426426,0,0,0,0,27
1745919392.426426,0,0,0,0,27
1745919392.791569,0,0,0,0,11
1745919392.791569,0,0,0,0,11
1745919392.791569,0,0,0,0,11
1745919393.427159,0,0,0,0,12
1745919393.427159,0,0,0,0,12
1745919393.793821,0,0,1,0,14
1745919393.793821,0,0,1,0,14
1745919393.793821,0,0,1,0,14
1745919394.439554,0,0,1,0,14
1745919394.790804,0,0,0,0,14
1745919394.790804,0,0,0,0,14
1745919394.790804,0,0,0,0,14
1745919394.790804,0,0,0,0,14
1745919395.433488,0,0,0,0,17
1745919395.797055,0,0,0,0,7
1745919395.797055,0,0,0,0,7
1745919395.797055,0,0,0,0,7
1745919396.428345,0,0,0,0,18
1745919396.428345,0,0,0,0,18
1745919396.792857,0,0,0,0,17
1745919396.792857,0,0,0,0,17
1745919396.792857,0,0,0,0,17
1745919397.429214,0,0,0,0,18
1745919397.429214,0,0,0,0,18
1745919397.811029,0,0,0,0,10
1745919397.811029,0,0,0,0,10
1745919397.811029,0,0,0,0,10
1745919398.434193,0,0,0,0,21
1745919398.434193,0,0,0,0,21
1745919398.808,0,0,0,0,11
1745919398.808,0,0,0,0,11
1745919398.808,0,0,0,0,11
1745919399.433215,0,0,0,0,19
1745919399.433215,0,0,0,0,19
1745919399.800465,0,0,0,0,11
1745919399.800465,0,0,0,0,11
1745919399.800465,0,0,0,0,11
1745919400.44207,0,0,0,0,19
1745919400.44207,0,0,0,0,19
1745919400.799416,0,0,0,0,4
1745919400.799416,0,0,0,0,4
1745919400.799416,0,0,0,0,4
1745919401.43278,0,0,0,0,27
1745919401.43278,0,0,0,0,27
1745919401.798839,0,0,2,0,5
1745919401.798839,0,0,2,0,5
1745919401.798839,0,0,2,0,5
1745919402.433133,0,0,0,0,16
1745919402.433133,0,0,0,0,16
1745919402.79663,0,0,0,0,14
1745919402.79663,0,0,0,0,14
1745919402.79663,0,0,0,0,14
1745919403.44009,0,0,0,0,13
1745919403.44009,0,0,0,0,13
1745919403.797098,0,0,0,0,12
1745919403.797098,0,0,0,0,12
1745919403.797098,0,0,0,0,12
1745919404.436273,0,0,1,0,17
1745919404.436273,0,0,1,0,17
1745919404.800384,0,0,1,0,17
1745919404.800384,0,0,1,0,17
1745919404.800384,0,0,1,0,17
1745919405.43762,0,0,0,0,24
1745919405.43762,0,0,0,0,24
1745919405.801402,0,0,0,0,9
1745919405.801402,0,0,0,0,9
1745919405.801402,0,0,0,0,9
1745919406.437036,0,0,1,0,13
1745919406.437036,0,0,1,0,13
1745919406.814236,0,0,1,0,17
1745919406.814236,0,0,1,0,17
1745919406.814236,0,0,1,0,17
1745919407.435839,0,0,0,0,20
1745919407.808565,0,0,0,0,10
1745919407.808565,0,0,0,0,10
1745919407.808565,0,0,0,0,10
1745919407.808565,0,0,0,0,10
1745919408.445298,0,0,0,0,13
1745919408.805922,0,0,0,0,9
1745919408.805922,0,0,0,0,9
1745919408.805922,0,0,0,0,9
1745919408.805922,0,0,0,0,9
1745919409.450846,0,0,0,0,22
1745919409.810569,0,0,0,1,9
1745919409.810569,0,0,0,1,9
1745919409.810569,0,0,0,1,9
1745919409.810569,0,0,0,1,9
1745919410.448304,0,0,1,0,16
1745919410.816714,0,0,0,0,14
1745919410.816714,0,0,0,0,14
1745919410.816714,0,0,0,0,14
1745919411.450216,0,0,0,0,24
1745919411.450216,0,0,0,0,24
1745919411.833306,0,0,0,0,13
1745919411.833306,0,0,0,0,13
1745919411.833306,0,0,0,0,13
1745919412.459631,0,0,0,0,25
1745919412.459631,0,0,0,0,25
1745919412.815574,0,0,0,0,13
1745919412.815574,0,0,0,0,13
1745919412.815574,0,0,0,0,13
1745919413.460951,0,0,0,0,20
1745919413.460951,0,0,0,0,20
1745919413.819616,0,0,0,0,19
1745919413.819616,0,0,0,0,19
1745919413.819616,0,0,0,0,19
1745919414.451971,0,0,0,0,15
1745919414.451971,0,0,0,0,15
1745919414.817255,0,0,1,0,13
1745919414.817255,0,0,1,0,13
1745919414.817255,0,0,1,0,13
1745919415.450272,0,0,1,0,21
1745919415.450272,0,0,1,0,21
1745919415.827434,0,0,0,0,7
1745919415.827434,0,0,0,0,7
1745919415.827434,0,0,0,0,7
1745919416.450857,0,0,0,0,12
1745919416.450857,0,0,0,0,12
1745919416.817902,0,0,2,0,10
1745919416.817902,0,0,2,0,10
1745919416.817902,0,0,2,0,10
1745919417.452107,0,0,0,0,17
1745919417.452107,0,0,0,0,17
1745919417.821788,0,0,0,0,4
1745919417.821788,0,0,0,0,4
1745919417.821788,0,0,0,0,4
1745919418.457809,0,0,0,1,38
1745919418.457809,0,0,0,1,38
1745919418.820755,0,0,0,0,25
1745919418.820755,0,0,0,0,25
1745919418.820755,0,0,0,0,25
1745919419.455091,0,0,0,0,9
1745919419.455091,0,0,0,0,9
1745919419.819382,0,0,0,0,10
1745919419.819382,0,0,0,0,10
1745919419.819382,0,0,0,0,10
1745919420.455764,0,0,1,0,19
1745919420.455764,0,0,1,0,19
1745919420.833401,0,0,0,0,10
1745919420.833401,0,0,0,0,10
1745919420.833401,0,0,0,0,10
1745919421.462233,0,0,1,0,21
1745919421.462233,0,0,1,0,21
1745919421.823263,0,0,0,0,5
1745919421.823263,0,0,0,0,5
1745919421.823263,0,0,0,0,5
1745919422.464921,0,0,0,0,15
1745919422.824461,0,0,1,0,11
1745919422.824461,0,0,1,0,11
1745919422.824461,0,0,1,0,11
1745919422.824461,0,0,1,0,11
1745919423.459173,0,0,0,0,13
1745919423.836176,0,0,0,0,5
1745919423.836176,0,0,0,0,5
1745919423.836176,0,0,0,0,5
1745919424.457867,0,0,0,0,29
1745919424.457867,0,0,0,0,29
1745919424.842677,0,0,0,0,10
1745919424.842677,0,0,0,0,10
1745919424.842677,0,0,0,0,10
1745919425.45881,0,0,0,0,15
1745919425.45881,0,0,0,0,15
1745919425.829245,0,0,0,0,10
1745919425.829245,0,0,0,0,10
1745919425.829245,0,0,0,0,10
1745919426.461425,0,0,0,0,26
1745919426.461425,0,0,0,0,26
1745919426.829256,0,0,0,0,18
1745919426.829256,0,0,0,0,18
1745919426.829256,0,0,0,0,18
1745919427.475598,0,0,0,1,18
1745919427.475598,0,0,0,1,18
1745919427.835838,0,0,0,0,12
1745919427.835838,0,0,0,0,12
1745919427.835838,0,0,0,0,12
1745919428.467099,0,0,0,0,19
1745919428.467099,0,0,0,0,19
1745919428.829565,0,0,1,0,3
1745919428.829565,0,0,1,0,3
1745919428.829565,0,0,1,0,3
1745919429.474544,0,0,0,0,17
1745919429.474544,0,0,0,0,17
1745919429.832942,0,0,0,0,12
1745919429.832942,0,0,0,0,12
1745919429.832942,0,0,0,0,12
1745919430.469854,0,0,0,0,19
1745919430.469854,0,0,0,0,19
1745919430.832134,0,0,0,0,13
1745919430.832134,0,0,0,0,13
1745919430.832134,0,0,0,0,13
1745919431.464273,0,0,0,0,14
1745919431.464273,0,0,0,0,14
1745919431.83372,0,0,0,0,6
1745919431.83372,0,0,0,0,6
1745919431.83372,0,0,0,0,6
1745919432.466846,0,0,0,0,13
1745919432.466846,0,0,0,0,13
1745919432.833831,0,0,0,0,10
1745919432.833831,0,0,0,0,10
1745919432.833831,0,0,0,0,10
1745919433.466615,0,0,2,0,11
1745919433.466615,0,0,2,0,11
1745919433.857071,0,0,0,0,11
1745919433.857071,0,0,0,0,11
1745919433.857071,0,0,0,0,11
1745919434.46773,0,0,0,0,29
1745919434.46773,0,0,0,0,29
1745919434.859884,0,0,0,0,12
1745919434.859884,0,0,0,0,12
1745919434.859884,0,0,0,0,12
1745919435.47506,0,0,0,0,23
1745919435.840483,0,0,0,0,14
1745919435.840483,0,0,0,0,14
1745919435.840483,0,0,0,0,14
1745919435.840483,0,0,0,0,14
1745919436.48337,0,0,0,0,22
1745919436.846428,0,0,0,0,17
1745919436.846428,0,0,0,0,17
1745919436.846428,0,0,0,0,17
1745919437.478115,0,0,0,1,20
1745919437.478115,0,0,0,1,20
1745919437.85146,0,0,0,0,9
1745919437.85146,0,0,0,0,9
1745919437.85146,0,0,0,0,9
1745919438.473826,0,0,0,0,22
1745919438.473826,0,0,0,0,22
1745919438.851797,0,0,0,0,7
1745919438.851797,0,0,0,0,7
1745919438.851797,0,0,0,0,7
1745919439.484371,0,0,0,0,23
1745919439.484371,0,0,0,0,23
1745919439.844161,0,0,1,1,4
1745919439.844161,0,0,1,1,4
1745919439.844161,0,0,1,1,4
1745919440.482177,0,0,0,0,16
1745919440.482177,0,0,0,0,16
1745919440.848636,0,0,0,0,9
1745919440.848636,0,0,0,0,9
1745919440.848636,0,0,0,0,9
1745919441.477364,0,0,0,0,21
1745919441.477364,0,0,0,0,21
1745919441.862272,0,0,0,0,10
1745919441.862272,0,0,0,0,10
1745919441.862272,0,0,0,0,10
1745919442.479096,0,0,0,0,17
1745919442.479096,0,0,0,0,17
1745919442.856266,0,0,0,0,11
1745919442.856266,0,0,0,0,11
1745919442.856266,0,0,0,0,11
1745919443.487094,0,0,0,0,23
1745919443.487094,0,0,0,0,23
1745919443.852207,0,0,1,0,8
1745919443.852207,0,0,1,0,8
1745919443.852207,0,0,1,0,8
1745919444.490553,0,0,0,0,16
1745919444.490553,0,0,0,0,16
1745919444.854985,0,0,0,0,11
1745919444.854985,0,0,0,0,11
1745919444.854985,0,0,0,0,11
1745919445.482133,0,0,0,0,6
1745919445.482133,0,0,0,0,6
1745919445.854541,0,0,0,0,7
1745919445.854541,0,0,0,0,7
1745919445.854541,0,0,0,0,7
1745919446.481829,0,0,0,0,23
1745919446.481829,0,0,0,0,23
1745919446.856899,0,0,0,0,10
1745919446.856899,0,0,0,0,10
1745919446.856899,0,0,0,0,10
1745919447.482453,0,0,0,1,18
1745919447.482453,0,0,0,1,18
1745919447.862409,0,0,1,0,12
1745919447.862409,0,0,1,0,12
1745919447.862409,0,0,1,0,12
1745919448.483577,0,0,1,0,12
1745919448.483577,0,0,1,0,12
1745919448.863287,0,0,1,0,9
1745919448.863287,0,0,1,0,9
1745919448.863287,0,0,1,0,9
1745919449.493638,0,0,0,0,17
1745919449.879269,0,0,1,0,11
1745919449.879269,0,0,1,0,11
1745919449.879269,0,0,1,0,11
1745919449.879269,0,0,1,0,11
1745919450.49095,0,0,0,0,32
1745919450.872246,0,0,1,0,20
1745919450.872246,0,0,1,0,20
1745919450.872246,0,0,1,0,20
1745919451.505269,0,0,0,0,21
1745919451.505269,0,0,0,0,21
1745919451.866683,0,0,1,0,5
1745919451.866683,0,0,1,0,5
1745919451.866683,0,0,1,0,5
1745919452.487514,0,0,0,0,23
1745919452.487514,0,0,0,0,23
1745919452.873174,0,0,0,0,10
1745919452.873174,0,0,0,0,10
1745919452.873174,0,0,0,0,10
1745919453.490934,0,0,0,0,11
1745919453.490934,0,0,0,0,11
1745919453.879261,0,0,0,0,4
1745919453.879261,0,0,0,0,4
1745919453.879261,0,0,0,0,4
1745919454.490804,0,0,0,0,14
1745919454.490804,0,0,0,0,14
1745919454.891524,0,0,1,0,10
1745919454.891524,0,0,1,0,10
1745919454.891524,0,0,1,0,10
1745919455.499237,0,0,0,0,12
1745919455.499237,0,0,0,0,12
1745919455.876313,0,0,0,0,5
1745919455.876313,0,0,0,0,5
1745919455.876313,0,0,0,0,5
1745919456.491066,0,0,0,0,15
1745919456.491066,0,0,0,0,15
1745919456.886856,0,0,0,0,10
1745919456.886856,0,0,0,0,10
1745919456.886856,0,0,0,0,10
1745919457.494909,0,0,0,0,15
1745919457.494909,0,0,0,0,15
1745919457.874563,0,0,0,0,7
1745919457.874563,0,0,0,0,7
1745919457.874563,0,0,0,0,7
1745919458.4942,0,0,0,0,17
1745919458.4942,0,0,0,0,17
1745919458.877666,0,0,0,0,24
1745919458.877666,0,0,0,0,24
1745919458.877666,0,0,0,0,24
1745919459.492356,0,0,0,0,15
1745919459.492356,0,0,0,0,15
1745919459.883508,0,0,1,0,15
1745919459.883508,0,0,1,0,15
1745919459.883508,0,0,1,0,15
1745919460.492742,0,0,1,0,16
1745919460.492742,0,0,1,0,16
1745919460.875377,0,0,1,0,14
1745919460.875377,0,0,1,0,14
1745919460.875377,0,0,1,0,14
1745919461.498877,0,0,0,0,32
1745919461.498877,0,0,0,0,32
1745919461.881617,0,0,0,0,6
1745919461.881617,0,0,0,0,6
1745919461.881617,0,0,0,0,6
1745919462.49952,0,0,1,0,25
1745919462.875309,0,0,1,0,22
1745919462.875309,0,0,1,0,22
1745919462.875309,0,0,1,0,22
1745919462.875309,0,0,1,0,22
1745919463.50147,0,0,0,0,13
1745919463.884375,0,0,0,0,10
1745919463.884375,0,0,0,0,10
1745919463.884375,0,0,0,0,10
1745919464.511172,0,0,0,0,14
1745919464.511172,0,0,0,0,14
1745919464.892603,0,0,0,0,4
1745919464.892603,0,0,0,0,4
1745919464.892603,0,0,0,0,4
1745919465.504057,0,0,0,0,17
1745919465.504057,0,0,0,0,17
1745919465.877624,0,0,0,0,16
1745919465.877624,0,0,0,0,16
1745919465.877624,0,0,0,0,16
1745919466.509634,0,0,1,0,8
1745919466.509634,0,0,1,0,8
1745919466.87752,0,0,0,0,18
1745919466.87752,0,0,0,0,18
1745919466.87752,0,0,0,0,18
1745919467.512022,0,0,0,0,14
1745919467.512022,0,0,0,0,14
1745919467.883053,0,0,0,1,8
1745919467.883053,0,0,0,1,8
1745919467.883053,0,0,0,1,8
1745919468.502875,0,0,1,1,10
1745919468.502875,0,0,1,1,10
1745919468.885409,0,0,0,0,7
1745919468.885409,0,0,0,0,7
1745919468.885409,0,0,0,0,7
1745919469.507629,0,0,0,0,20
1745919469.507629,0,0,0,0,20
1745919469.885485,0,0,0,0,8
1745919469.885485,0,0,0,0,8
1745919469.885485,0,0,0,0,8
1745919470.508073,0,0,2,0,11
1745919470.508073,0,0,2,0,11
1745919470.892931,0,0,0,0,6
1745919470.892931,0,0,0,0,6
1745919470.892931,0,0,0,0,6
1745919471.507035,0,0,0,0,12
1745919471.507035,0,0,0,0,12
1745919471.887013,0,0,0,0,7
1745919471.887013,0,0,0,0,7
1745919471.887013,0,0,0,0,7
1745919472.509435,0,0,0,1,29
1745919472.509435,0,0,0,1,29
1745919472.884479,0,0,0,0,10
1745919472.884479,0,0,0,0,10
1745919472.884479,0,0,0,0,10
1745919473.510878,0,0,1,0,15
1745919473.510878,0,0,1,0,15
1745919473.886378,0,0,0,0,5
1745919473.886378,0,0,0,0,5
1745919473.886378,0,0,0,0,5
1745919474.506151,0,0,0,1,21
1745919474.506151,0,0,0,1,21
1745919474.895096,0,0,0,0,12
1745919474.895096,0,0,0,0,12
1745919474.895096,0,0,0,0,12
1745919475.510465,0,0,0,0,30
1745919475.510465,0,0,0,0,30
1745919475.895923,0,0,0,0,15
1745919475.895923,0,0,0,0,15
1745919475.895923,0,0,0,0,15
1745919476.508695,0,0,0,0,10
1745919476.508695,0,0,0,0,10
1745919476.913104,0,0,2,0,18
1745919476.913104,0,0,2,0,18
1745919476.913104,0,0,2,0,18
1745919477.523962,0,0,0,0,11
1745919477.90144,0,0,1,0,16
1745919477.90144,0,0,1,0,16
1745919477.90144,0,0,1,0,16
1745919478.512343,0,0,0,0,11
1745919478.512343,0,0,0,0,11
1745919478.892637,0,0,0,0,4
1745919478.892637,0,0,0,0,4
1745919478.892637,0,0,0,0,4
1745919479.541302,0,0,1,1,14
1745919479.541302,0,0,1,1,14
1745919479.890578,0,0,0,0,12
1745919479.890578,0,0,0,0,12
1745919479.890578,0,0,0,0,12
1745919480.520012,0,0,0,1,14
1745919480.520012,0,0,0,1,14
1745919480.903318,0,0,2,1,11
1745919480.903318,0,0,2,1,11
1745919480.903318,0,0,2,1,11
1745919481.512971,0,0,0,0,24
1745919481.512971,0,0,0,0,24
1745919481.895671,0,0,0,0,7
1745919481.895671,0,0,0,0,7
1745919481.895671,0,0,0,0,7
1745919482.514505,0,0,0,0,21
1745919482.514505,0,0,0,0,21
1745919482.895648,0,0,0,0,14
1745919482.895648,0,0,0,0,14
1745919482.895648,0,0,0,0,14
1745919483.525423,0,0,0,0,21
1745919483.525423,0,0,0,0,21
1745919483.912773,0,0,0,0,1
1745919483.912773,0,0,0,0,1
1745919483.912773,0,0,0,0,1
1745919484.517345,0,0,0,0,12
1745919484.517345,0,0,0,0,12
1745919484.899293,0,0,0,0,8
1745919484.899293,0,0,0,0,8
1745919484.899293,0,0,0,0,8
1745919485.518542,0,0,1,1,22
1745919485.518542,0,0,1,1,22
1745919485.898158,0,0,0,0,8
1745919485.898158,0,0,0,0,8
1745919485.898158,0,0,0,0,8
1745919486.521474,0,0,0,0,17
1745919486.521474,0,0,0,0,17
1745919486.898294,0,0,1,0,11
1745919486.898294,0,0,1,0,11
1745919486.898294,0,0,1,0,11
1745919487.521787,0,0,1,0,21
1745919487.521787,0,0,1,0,21
1745919487.904465,0,0,0,0,13
1745919487.904465,0,0,0,0,13
1745919487.904465,0,0,0,0,13
1745919488.526166,0,0,0,1,18
1745919488.904255,0,0,0,0,5
1745919488.904255,0,0,0,0,5
1745919488.904255,0,0,0,0,5
1745919488.904255,0,0,0,0,5
1745919489.525105,0,0,0,0,34
1745919489.902123,0,0,0,0,13
1745919489.902123,0,0,0,0,13
1745919489.902123,0,0,0,0,13
1745919490.525222,0,0,0,0,17
1745919490.525222,0,0,0,0,17
1745919490.909008,0,0,0,0,7
1745919490.909008,0,0,0,0,7
1745919490.909008,0,0,0,0,7
1745919491.528558,0,0,0,0,22
1745919491.528558,0,0,0,0,22
1745919491.910042,0,0,0,0,11
1745919491.910042,0,0,0,0,11
1745919491.910042,0,0,0,0,11
1745919492.533949,0,0,0,0,23
1745919492.533949,0,0,0,0,23
1745919492.904225,0,0,0,0,6
1745919492.904225,0,0,0,0,6
1745919492.904225,0,0,0,0,6
1745919493.545628,0,0,1,1,28
1745919493.545628,0,0,1,1,28
1745919493.913007,0,0,0,0,10
1745919493.913007,0,0,0,0,10
1745919493.913007,0,0,0,0,10
1745919494.531636,0,0,0,0,25
1745919494.531636,0,0,0,0,25
1745919494.905829,0,0,0,0,10
1745919494.905829,0,0,0,0,10
1745919494.905829,0,0,0,0,10
1745919495.531836,0,0,1,0,13
1745919495.531836,0,0,1,0,13
1745919495.906752,0,0,0,0,20
1745919495.906752,0,0,0,0,20
1745919495.906752,0,0,0,0,20
1745919496.535352,0,0,0,0,15
1745919496.535352,0,0,0,0,15
1745919496.912804,0,0,1,0,12
1745919496.912804,0,0,1,0,12
1745919496.912804,0,0,1,0,12
1745919497.53788,0,0,1,0,19
1745919497.53788,0,0,1,0,19
1745919497.912198,0,0,0,0,15
1745919497.912198,0,0,0,0,15
1745919497.912198,0,0,0,0,15
1745919498.538775,0,0,0,0,24
1745919498.538775,0,0,0,0,24
1745919498.909903,0,0,0,0,7
1745919498.909903,0,0,0,0,7
1745919498.909903,0,0,0,0,7
1745919499.549657,0,0,0,0,14
1745919499.549657,0,0,0,0,14
1745919499.909213,0,0,1,0,8
1745919499.909213,0,0,1,0,8
1745919499.909213,0,0,1,0,8
1745919500.541655,0,0,0,1,19
1745919500.541655,0,0,0,1,19
1745919500.915944,0,0,1,0,11
1745919500.915944,0,0,1,0,11
1745919500.915944,0,0,1,0,11
1745919501.537626,0,0,2,0,12
1745919501.537626,0,0,2,0,12
1745919501.921625,0,0,1,0,8
1745919501.921625,0,0,1,0,8
1745919501.921625,0,0,1,0,8
1745919502.539341,0,0,1,0,8
1745919502.539341,0,0,1,0,8
1745919502.927635,0,0,1,0,17
1745919502.927635,0,0,1,0,17
1745919502.927635,0,0,1,0,17
1745919503.548873,0,0,0,1,19
1745919503.917947,0,0,0,0,12
1745919503.917947,0,0,0,0,12
1745919503.917947,0,0,0,0,12
1745919504.541506,0,0,0,0,17
1745919504.541506,0,0,0,0,17
1745919504.927554,0,0,0,0,9
1745919504.927554,0,0,0,0,9
1745919504.927554,0,0,0,0,9
1745919505.54707,0,0,0,0,21
1745919505.54707,0,0,0,0,21
1745919505.920152,0,0,0,0,6
1745919505.920152,0,0,0,0,6
1745919505.920152,0,0,0,0,6
1745919506.549185,0,0,0,1,14
1745919506.549185,0,0,0,1,14
1745919506.918995,0,0,0,0,9
1745919506.918995,0,0,0,0,9
1745919506.918995,0,0,0,0,9
1745919507.569164,0,0,0,2,18
1745919507.569164,0,0,0,2,18
1745919507.920372,0,0,0,0,12
1745919507.920372,0,0,0,0,12
1745919507.920372,0,0,0,0,12
1745919508.550253,0,0,0,0,15
1745919508.550253,0,0,0,0,15
1745919508.922184,0,0,0,0,9
1745919508.922184,0,0,0,0,9
1745919508.922184,0,0,0,0,9
1745919509.548205,0,0,1,0,16
1745919509.548205,0,0,1,0,16
1745919509.920313,0,0,2,1,9
1745919509.920313,0,0,2,1,9
1745919509.920313,0,0,2,1,9
1745919510.556461,0,0,0,0,25
1745919510.556461,0,0,0,0,25
1745919510.924145,0,0,0,0,12
1745919510.924145,0,0,0,0,12
1745919510.924145,0,0,0,0,12
1745919511.553496,0,0,0,1,17
1745919511.553496,0,0,0,1,17
1745919511.942015,0,0,0,0,18
1745919511.942015,0,0,0,0,18
1745919511.942015,0,0,0,0,18
1745919512.552114,0,0,0,0,16
1745919512.552114,0,0,0,0,16
1745919512.922958,0,0,0,0,13
1745919512.922958,0,0,0,0,13
1745919512.922958,0,0,0,0,13
1745919513.566019,0,0,4,0,29
1745919513.566019,0,0,4,0,29
1745919513.923605,0,0,1,0,12
1745919513.923605,0,0,1,0,12
1745919513.923605,0,0,1,0,12
1745919514.551511,0,0,0,0,17
1745919514.551511,0,0,0,0,17
1745919514.932808,0,0,0,0,8
1745919514.932808,0,0,0,0,8
1745919514.932808,0,0,0,0,8
1745919515.56315,0,0,0,0,13
1745919515.56315,0,0,0,0,13
1745919515.944062,0,0,0,0,12
1745919515.944062,0,0,0,0,12
1745919515.944062,0,0,0,0,12
1745919516.561076,0,0,2,0,26
1745919516.92936,0,0,0,0,11
1745919516.92936,0,0,0,0,11
1745919516.92936,0,0,0,0,11
1745919516.92936,0,0,0,0,11
1745919517.560042,0,0,0,0,24
1745919517.953513,0,0,0,0,12
1745919517.953513,0,0,0,0,12
1745919517.953513,0,0,0,0,12
1745919518.556679,0,0,0,0,29
1745919518.556679,0,0,0,0,29
1745919518.935818,0,0,0,0,7
1745919518.935818,0,0,0,0,7
1745919518.935818,0,0,0,0,7
1745919519.560073,0,0,0,1,12
1745919519.560073,0,0,0,1,12
1745919519.931263,0,0,0,0,9
1745919519.931263,0,0,0,0,9
1745919519.931263,0,0,0,0,9
1745919520.565572,0,0,0,0,12
1745919520.565572,0,0,0,0,12
1745919520.931792,0,0,0,0,9
1745919520.931792,0,0,0,0,9
1745919520.931792,0,0,0,0,9
1745919521.559597,0,0,0,0,10
1745919521.559597,0,0,0,0,10
1745919521.935221,0,0,0,1,12
1745919521.935221,0,0,0,1,12
1745919521.935221,0,0,0,1,12
1745919522.561757,0,0,1,2,23
1745919522.561757,0,0,1,2,23
1745919522.939042,0,0,1,0,8
1745919522.939042,0,0,1,0,8
1745919522.939042,0,0,1,0,8
1745919523.575313,0,0,0,0,16
1745919523.575313,0,0,0,0,16
1745919523.933114,0,0,0,0,6
1745919523.933114,0,0,0,0,6
1745919523.933114,0,0,0,0,6
1745919524.566234,0,0,0,0,15
1745919524.566234,0,0,0,0,15
1745919524.937937,0,0,0,1,9
1745919524.937937,0,0,0,1,9
1745919524.937937,0,0,0,1,9
1745919525.56492,0,0,0,0,18
1745919525.56492,0,0,0,0,18
1745919525.9351,0,0,1,0,7
1745919525.9351,0,0,1,0,7
1745919525.9351,0,0,1,0,7
1745919526.592337,0,0,0,0,15
1745919526.592337,0,0,0,0,15
1745919526.94961,0,0,0,0,20
1745919526.94961,0,0,0,0,20
1745919526.94961,0,0,0,0,20
1745919527.568284,0,0,0,0,25
1745919527.568284,0,0,0,0,25
1745919527.946474,0,0,0,0,15
1745919527.946474,0,0,0,0,15
1745919527.946474,0,0,0,0,15
1745919528.57215,0,0,0,0,15
1745919528.57215,0,0,0,0,15
1745919528.951882,0,0,0,0,11
1745919528.951882,0,0,0,0,11
1745919528.951882,0,0,0,0,11
1745919529.572263,0,0,1,0,21
1745919529.572263,0,0,1,0,21
1745919529.956646,0,0,0,0,11
1745919529.956646,0,0,0,0,11
1745919529.956646,0,0,0,0,11
1745919530.571931,0,0,0,0,21
1745919530.571931,0,0,0,0,21
1745919530.959833,0,0,1,0,12
1745919530.959833,0,0,1,0,12
1745919530.959833,0,0,1,0,12
1745919531.574802,0,0,0,0,20
1745919531.946607,0,0,0,0,14
1745919531.946607,0,0,0,0,14
1745919531.946607,0,0,0,0,14
1745919532.578043,0,0,0,0,13
1745919532.578043,0,0,0,0,13
1745919532.948536,0,0,0,0,10
1745919532.948536,0,0,0,0,10
1745919532.948536,0,0,0,0,10
1745919533.584418,0,0,1,0,19
1745919533.584418,0,0,1,0,19
1745919533.953958,0,0,1,0,12
1745919533.953958,0,0,1,0,12
1745919533.953958,0,0,1,0,12
1745919534.605389,0,0,0,0,27
1745919534.605389,0,0,0,0,27
1745919534.949396,0,0,0,0,13
1745919534.949396,0,0,0,0,13
1745919534.949396,0,0,0,0,13
1745919535.592685,0,0,1,0,29
1745919535.592685,0,0,1,0,29
1745919535.954161,0,0,0,0,7
1745919535.954161,0,0,0,0,7
1745919535.954161,0,0,0,0,7
1745919536.586179,0,0,0,1,22
1745919536.586179,0,0,0,1,22
1745919536.952052,0,0,0,0,5
1745919536.952052,0,0,0,0,5
1745919536.952052,0,0,0,0,5
1745919537.591704,0,0,0,0,9
1745919537.591704,0,0,0,0,9
1745919537.962886,0,0,0,0,13
1745919537.962886,0,0,0,0,13
1745919537.962886,0,0,0,0,13
1745919538.598069,0,0,1,1,26
1745919538.598069,0,0,1,1,26
1745919538.958611,0,0,1,0,5
1745919538.958611,0,0,1,0,5
1745919538.958611,0,0,1,0,5
1745919539.588399,0,0,0,0,17
1745919539.588399,0,0,0,0,17
1745919539.952805,0,0,0,0,10
1745919539.952805,0,0,0,0,10
1745919539.952805,0,0,0,0,10
1745919540.593933,0,0,0,0,21
1745919540.593933,0,0,0,0,21
1745919540.957341,0,0,0,0,17
1745919540.957341,0,0,0,0,17
1745919540.957341,0,0,0,0,17
1745919541.590654,0,0,1,1,26
1745919541.590654,0,0,1,1,26
1745919541.9533,0,0,0,0,21
1745919541.9533,0,0,0,0,21
1745919541.9533,0,0,0,0,21
1745919542.588142,0,0,0,0,17
1745919542.588142,0,0,0,0,17
1745919542.956217,0,0,1,0,14
1745919542.956217,0,0,1,0,14
1745919542.956217,0,0,1,0,14
1745919543.588982,0,0,0,1,25
1745919543.588982,0,0,0,1,25
1745919543.964597,0,0,0,0,11
1745919543.964597,0,0,0,0,11
1745919543.964597,0,0,0,0,11
1745919544.589784,0,0,0,0,23
1745919544.589784,0,0,0,0,23
1745919544.978155,0,0,0,0,17
1745919544.978155,0,0,0,0,17
1745919544.978155,0,0,0,0,17
1745919545.599113,0,0,0,0,12
1745919545.599113,0,0,0,0,12
1745919545.980333,0,0,1,0,16
1745919545.980333,0,0,1,0,16
1745919546.592599,0,0,0,0,14
1745919546.592599,0,0,0,0,14
1745919546.959279,0,0,0,0,19
1745919546.959279,0,0,0,0,19
1745919546.959279,0,0,0,0,19
1745919546.959279,0,0,0,0,19
1745919547.612917,0,0,0,0,28
1745919547.960661,0,0,0,0,10
1745919547.960661,0,0,0,0,10
1745919547.960661,0,0,0,0,10
1745919548.597681,0,0,0,0,16
1745919548.597681,0,0,0,0,16
1745919548.960091,0,0,0,0,14
1745919548.960091,0,0,0,0,14
1745919548.960091,0,0,0,0,14
1745919549.600777,0,0,0,0,15
1745919549.600777,0,0,0,0,15
1745919549.964069,0,0,0,0,15
1745919549.964069,0,0,0,0,15
1745919549.964069,0,0,0,0,15
1745919550.602443,0,0,2,0,17
1745919550.602443,0,0,2,0,17
1745919550.971049,0,0,1,0,6
1745919550.971049,0,0,1,0,6
1745919550.971049,0,0,1,0,6
1745919551.600276,0,0,0,0,27
1745919551.600276,0,0,0,0,27
1745919551.981787,0,0,0,0,8
1745919551.981787,0,0,0,0,8
1745919551.981787,0,0,0,0,8
1745919552.603031,0,0,0,0,29
1745919552.603031,0,0,0,0,29
1745919552.968084,0,0,1,0,9
1745919552.968084,0,0,1,0,9
1745919552.968084,0,0,1,0,9
1745919553.614277,0,0,0,0,15
1745919553.614277,0,0,0,0,15
1745919553.965576,0,0,0,0,16
1745919553.965576,0,0,0,0,16
1745919553.965576,0,0,0,0,16
1745919554.602457,0,0,0,0,17
1745919554.602457,0,0,0,0,17
1745919554.966164,0,0,0,0,11
1745919554.966164,0,0,0,0,11
1745919554.966164,0,0,0,0,11
1745919555.600789,0,0,0,0,18
1745919555.600789,0,0,0,0,18
1745919555.966599,0,0,0,0,12
1745919555.966599,0,0,0,0,12
1745919555.966599,0,0,0,0,12
1745919556.604377,0,0,0,0,8
1745919556.604377,0,0,0,0,8
1745919556.969888,0,0,1,0,18
1745919556.969888,0,0,1,0,18
1745919556.969888,0,0,1,0,18
1745919557.603561,0,0,0,0,19
1745919557.603561,0,0,0,0,19
1745919557.981173,0,0,0,0,14
1745919557.981173,0,0,0,0,14
1745919557.981173,0,0,0,0,14
1745919558.604256,0,0,0,0,20
1745919558.980204,0,0,0,0,11
1745919558.980204,0,0,0,0,11
1745919558.980204,0,0,0,0,11
1745919558.980204,0,0,0,0,11
1745919559.616156,0,0,0,0,10
1745919559.986149,0,0,0,0,13
1745919559.986149,0,0,0,0,13
1745919559.986149,0,0,0,0,13
1745919560.606866,0,0,0,0,19
1745919560.606866,0,0,0,0,19
1745919560.982493,0,0,1,0,14
1745919560.982493,0,0,1,0,14
1745919560.982493,0,0,1,0,14
1745919561.621521,0,0,0,0,31
1745919561.621521,0,0,0,0,31
1745919561.980923,0,0,0,0,15
1745919561.980923,0,0,0,0,15
1745919561.980923,0,0,0,0,15
1745919562.615903,0,0,0,1,23
1745919562.615903,0,0,0,1,23
1745919562.983324,0,0,14,3,11
1745919562.983324,0,0,14,3,11
1745919562.983324,0,0,14,3,11
1745919563.620075,0,0,1,0,11
1745919563.620075,0,0,1,0,11
1745919563.984642,0,0,0,0,18
1745919563.984642,0,0,0,0,18
1745919563.984642,0,0,0,0,18
1745919564.612644,0,0,0,0,13
1745919564.612644,0,0,0,0,13
1745919564.990066,0,0,1,0,7
1745919564.990066,0,0,1,0,7
1745919564.990066,0,0,1,0,7
1745919565.615331,0,0,0,0,18
1745919565.615331,0,0,0,0,18
1745919565.990326,0,0,0,0,6
1745919565.990326,0,0,0,0,6
1745919565.990326,0,0,0,0,6
1745919566.627746,0,0,0,0,19
1745919566.627746,0,0,0,0,19
1745919566.989022,0,0,1,0,13
1745919566.989022,0,0,1,0,13
1745919566.989022,0,0,1,0,13
1745919567.625772,0,0,1,0,13
1745919567.625772,0,0,1,0,13
1745919567.989167,0,0,0,0,9
1745919567.989167,0,0,0,0,9
1745919567.989167,0,0,0,0,9
1745919568.6172,0,0,0,0,27
1745919568.6172,0,0,0,0,27
1745919568.98924,0,0,0,0,7
1745919568.98924,0,0,0,0,7
1745919568.98924,0,0,0,0,7
1745919569.615232,0,0,0,0,22
1745919569.615232,0,0,0,0,22
1745919569.991357,0,0,0,0,10
1745919569.991357,0,0,0,0,10
1745919569.991357,0,0,0,0,10
1745919570.618363,0,0,1,0,29
1745919570.618363,0,0,1,0,29
1745919570.995345,0,0,0,0,7
1745919570.995345,0,0,0,0,7
1745919570.995345,0,0,0,0,7
1745919571.619283,0,0,0,0,22
1745919571.619283,0,0,0,0,22
1745919572.000993,0,0,0,0,10
1745919572.000993,0,0,0,0,10
1745919572.000993,0,0,0,0,10
1745919572.618532,0,0,0,2,12
1745919572.618532,0,0,0,2,12
1745919573.012188,0,0,0,0,8
1745919573.012188,0,0,0,0,8
1745919573.012188,0,0,0,0,8
1745919573.635811,0,0,17,5,17
1745919573.635811,0,0,17,5,17
1745919574.012389,0,0,139,25,14
1745919574.012389,0,0,139,25,14
1745919574.622143,0,0,1,0,17
1745919574.622143,0,0,1,0,17
1745919575.010052,0,0,0,0,8
1745919575.010052,0,0,0,0,8
1745919575.010052,0,0,0,0,8
1745919575.628903,0,0,0,0,19
1745919575.628903,0,0,0,0,19
1745919576.00528,0,0,0,0,12
1745919576.00528,0,0,0,0,12
1745919576.00528,0,0,0,0,12
1745919576.632289,0,0,0,0,11
1745919576.632289,0,0,0,0,11
1745919577.010735,0,0,0,0,13
1745919577.010735,0,0,0,0,13
1745919577.010735,0,0,0,0,13
1745919577.621653,0,0,0,1,10
1745919577.621653,0,0,0,1,10
1745919578.006449,0,0,0,0,21
1745919578.006449,0,0,0,0,21
1745919578.006449,0,0,0,0,21
1745919578.626378,0,0,1,0,14
1745919578.626378,0,0,1,0,14
1745919579.009974,0,0,0,0,5
1745919579.009974,0,0,0,0,5
1745919579.009974,0,0,0,0,5
1745919579.624634,0,0,0,0,26
1745919579.624634,0,0,0,0,26
1745919580.032054,0,0,0,0,10
1745919580.032054,0,0,0,0,10
1745919580.032054,0,0,0,0,10
1745919580.626116,0,0,0,0,16
1745919580.626116,0,0,0,0,16
1745919581.010277,0,0,0,0,13
1745919581.010277,0,0,0,0,13
1745919581.010277,0,0,0,0,13
1745919581.633866,0,0,0,0,24
1745919581.633866,0,0,0,0,24
1745919582.011398,0,0,0,0,9
1745919582.011398,0,0,0,0,9
1745919582.011398,0,0,0,0,9
1745919582.629704,0,0,0,0,8
1745919582.629704,0,0,0,0,8
1745919583.01103,0,0,0,1,2
1745919583.01103,0,0,0,1,2
1745919583.01103,0,0,0,1,2
1745919583.628772,0,0,0,0,27
1745919583.628772,0,0,0,0,27
1745919584.013388,0,0,0,0,7
1745919584.013388,0,0,0,0,7
1745919584.013388,0,0,0,0,7
1745919584.632604,0,0,0,0,12
1745919584.632604,0,0,0,0,12
1745919585.013559,0,0,1,0,9
1745919585.013559,0,0,1,0,9
1745919585.013559,0,0,1,0,9
1745919585.631331,0,0,0,0,15
1745919585.631331,0,0,0,0,15
1745919586.016777,0,0,0,0,13
1745919586.016777,0,0,0,0,13
1745919586.016777,0,0,0,0,13
1745919586.631235,0,0,0,0,27
1745919586.631235,0,0,0,0,27
1745919587.01839,0,0,0,0,8
1745919587.01839,0,0,0,0,8
1745919587.01839,0,0,0,0,8
1745919587.635193,0,0,1,0,25
1745919588.016476,0,0,0,0,13
1745919588.016476,0,0,0,0,13
1745919588.016476,0,0,0,0,13
1745919588.016476,0,0,0,0,13
1745919588.63515,0,0,0,0,17
1745919589.018845,0,0,0,0,16
1745919589.018845,0,0,0,0,16
1745919589.018845,0,0,0,0,16
1745919589.638176,0,0,0,1,16
1745919589.638176,0,0,0,1,16
1745919590.0223,0,0,0,2,22
1745919590.0223,0,0,0,2,22
1745919590.0223,0,0,0,2,22
1745919590.637374,0,0,0,0,19
1745919590.637374,0,0,0,0,19
1745919591.023093,0,0,0,0,8
1745919591.023093,0,0,0,0,8
1745919591.023093,0,0,0,0,8
1745919591.648144,0,0,0,0,23
1745919591.648144,0,0,0,0,23
1745919592.03621,0,0,0,0,8
1745919592.03621,0,0,0,0,8
1745919592.03621,0,0,0,0,8
1745919592.651863,0,0,0,0,13
1745919592.651863,0,0,0,0,13
1745919593.030351,0,0,0,0,15
1745919593.030351,0,0,0,0,15
1745919593.030351,0,0,0,0,15
1745919593.644742,0,0,0,0,32
1745919593.644742,0,0,0,0,32
1745919594.026019,0,0,0,0,11
1745919594.026019,0,0,0,0,11
1745919594.026019,0,0,0,0,11
1745919594.643261,0,0,0,0,21
1745919594.643261,0,0,0,0,21
1745919595.022604,0,0,0,0,15
1745919595.022604,0,0,0,0,15
1745919595.022604,0,0,0,0,15
1745919595.651837,0,0,1,0,14
1745919595.651837,0,0,1,0,14
1745919596.02487,0,0,0,0,6
1745919596.02487,0,0,0,0,6
1745919596.02487,0,0,0,0,6
1745919596.644066,0,0,0,0,9
1745919596.644066,0,0,0,0,9
1745919597.024717,0,0,0,0,6
1745919597.024717,0,0,0,0,6
1745919597.024717,0,0,0,0,6
1745919597.653347,0,0,0,0,19
1745919597.653347,0,0,0,0,19
1745919598.023228,0,0,1,0,22
1745919598.023228,0,0,1,0,22
1745919598.023228,0,0,1,0,22
1745919598.64488,0,0,0,0,13
1745919598.64488,0,0,0,0,13
1745919599.023261,0,0,0,0,2
1745919599.023261,0,0,0,0,2
1745919599.023261,0,0,0,0,2
1745919599.645512,0,0,0,0,16
1745919599.645512,0,0,0,0,16
1745919600.031259,0,0,0,0,14
1745919600.031259,0,0,0,0,14
1745919600.031259,0,0,0,0,14
1745919600.646444,0,0,0,0,14
1745919600.646444,0,0,0,0,14
1745919601.040438,0,0,0,1,3
1745919601.040438,0,0,0,1,3
1745919601.040438,0,0,0,1,3
1745919601.656383,0,0,0,0,12
1745919602.037892,0,0,0,0,12
1745919602.037892,0,0,0,0,12
1745919602.037892,0,0,0,0,12
1745919602.64914,0,0,0,1,21
1745919602.64914,0,0,0,1,21
1745919603.033925,0,0,0,0,6
1745919603.033925,0,0,0,0,6
1745919603.033925,0,0,0,0,6
1745919603.656337,0,0,0,0,24
1745919603.656337,0,0,0,0,24
1745919604.030828,0,0,0,0,24
1745919604.030828,0,0,0,0,24
1745919604.030828,0,0,0,0,24
1745919604.653457,0,0,1,0,11
1745919604.653457,0,0,1,0,11
1745919605.031259,0,0,1,0,10
1745919605.031259,0,0,1,0,10
1745919605.031259,0,0,1,0,10
1745919605.650164,0,0,0,0,35
1745919605.650164,0,0,0,0,35
1745919606.031915,0,0,0,0,6
1745919606.031915,0,0,0,0,6
1745919606.031915,0,0,0,0,6
1745919606.655635,0,0,2,0,10
1745919606.655635,0,0,2,0,10
1745919607.032023,0,0,0,0,9
1745919607.032023,0,0,0,0,9
1745919607.032023,0,0,0,0,9
1745919607.662044,0,0,0,0,14
1745919607.662044,0,0,0,0,14
1745919608.04008,0,0,0,0,22
1745919608.04008,0,0,0,0,22
1745919608.04008,0,0,0,0,22
1745919608.654443,0,0,0,0,11
1745919608.654443,0,0,0,0,11
1745919609.036379,0,0,0,0,8
1745919609.036379,0,0,0,0,8
1745919609.036379,0,0,0,0,8
1745919609.654916,0,0,1,0,20
1745919609.654916,0,0,1,0,20
1745919610.036473,0,0,0,0,7
1745919610.036473,0,0,0,0,7
1745919610.036473,0,0,0,0,7
1745919610.654172,0,0,0,0,9
1745919610.654172,0,0,0,0,9
1745919611.038671,0,0,0,0,21
1745919611.038671,0,0,0,0,21
1745919611.038671,0,0,0,0,21
1745919611.657652,0,0,0,0,17
1745919611.657652,0,0,0,0,17
1745919612.039095,0,0,1,0,9
1745919612.039095,0,0,1,0,9
1745919612.039095,0,0,1,0,9
1745919612.656842,0,0,0,0,20
1745919612.656842,0,0,0,0,20
1745919613.049053,0,0,0,0,9
1745919613.049053,0,0,0,0,9
1745919613.049053,0,0,0,0,9
1745919613.656484,0,0,0,0,12
1745919613.656484,0,0,0,0,12
1745919614.054932,0,0,0,0,17
1745919614.054932,0,0,0,0,17
1745919614.054932,0,0,0,0,17
1745919614.658458,0,0,1,0,17
1745919614.658458,0,0,1,0,17
1745919615.059703,0,0,0,0,10
1745919615.059703,0,0,0,0,10
1745919615.059703,0,0,0,0,10
1745919615.662433,0,0,0,0,17
1745919616.045902,0,0,0,0,12
1745919616.045902,0,0,0,0,12
1745919616.045902,0,0,0,0,12
1745919616.661337,0,0,1,0,18
1745919616.661337,0,0,1,0,18
1745919617.049934,0,0,0,0,10
1745919617.049934,0,0,0,0,10
1745919617.049934,0,0,0,0,10
1745919617.66861,0,0,1,1,17
1745919617.66861,0,0,1,1,17
1745919618.054519,0,0,0,0,21
1745919618.054519,0,0,0,0,21
1745919618.054519,0,0,0,0,21
1745919618.663684,0,0,0,0,18
1745919618.663684,0,0,0,0,18
1745919619.050298,0,0,0,0,9
1745919619.050298,0,0,0,0,9
1745919619.050298,0,0,0,0,9
1745919619.687551,0,0,1,0,17
1745919619.687551,0,0,1,0,17
1745919620.050755,0,0,0,1,16
1745919620.050755,0,0,0,1,16
1745919620.050755,0,0,0,1,16
1745919620.68999,0,0,0,0,17
1745919620.68999,0,0,0,0,17
1745919621.050766,0,0,0,0,12
1745919621.050766,0,0,0,0,12
1745919621.050766,0,0,0,0,12
1745919621.665688,0,0,0,0,21
1745919621.665688,0,0,0,0,21
1745919622.053058,0,0,1,0,13
1745919622.053058,0,0,1,0,13
1745919622.053058,0,0,1,0,13
1745919622.667546,0,0,0,0,13
1745919622.667546,0,0,0,0,13
1745919623.061064,0,0,1,0,17
1745919623.061064,0,0,1,0,17
1745919623.061064,0,0,1,0,17
1745919623.679969,0,0,0,0,21
1745919623.679969,0,0,0,0,21
1745919624.054895,0,0,1,1,9
1745919624.054895,0,0,1,1,9
1745919624.054895,0,0,1,1,9
1745919624.666993,0,0,0,0,34
1745919624.666993,0,0,0,0,34
1745919625.055051,0,0,0,0,13
1745919625.055051,0,0,0,0,13
1745919625.055051,0,0,0,0,13
1745919625.673367,0,0,0,0,15
1745919625.673367,0,0,0,0,15
1745919626.054285,0,0,0,0,11
1745919626.054285,0,0,0,0,11
1745919626.054285,0,0,0,0,11
1745919626.68021,0,0,1,0,22
1745919626.68021,0,0,1,0,22
1745919627.055357,0,0,0,2,17
1745919627.055357,0,0,0,2,17
1745919627.055357,0,0,0,2,17
1745919627.669227,0,0,0,0,18
1745919627.669227,0,0,0,0,18
1745919628.063884,0,0,0,0,7
1745919628.063884,0,0,0,0,7
1745919628.063884,0,0,0,0,7
1745919628.672263,0,0,0,0,26
1745919629.056603,0,0,1,0,6
1745919629.056603,0,0,1,0,6
1745919629.056603,0,0,1,0,6
1745919629.056603,0,0,1,0,6
1745919629.675979,0,0,0,0,19
1745919630.056746,0,0,1,0,12
1745919630.056746,0,0,1,0,12
1745919630.056746,0,0,1,0,12
1745919630.67311,0,0,0,0,16
1745919630.67311,0,0,0,0,16
1745919631.064983,0,0,0,0,10
1745919631.064983,0,0,0,0,10
1745919631.064983,0,0,0,0,10
1745919631.676844,0,0,0,0,17
1745919631.676844,0,0,0,0,17
1745919632.058646,0,0,0,0,11
1745919632.058646,0,0,0,0,11
1745919632.058646,0,0,0,0,11
1745919632.679246,0,0,2,0,10
1745919632.679246,0,0,2,0,10
1745919633.063088,0,0,0,0,11
1745919633.063088,0,0,0,0,11
1745919633.063088,0,0,0,0,11
1745919633.680262,0,0,0,0,14
1745919633.680262,0,0,0,0,14
1745919634.061199,0,0,0,0,12
1745919634.061199,0,0,0,0,12
1745919634.061199,0,0,0,0,12
1745919634.677404,0,0,1,0,17
1745919634.677404,0,0,1,0,17
1745919635.075741,0,0,1,0,9
1745919635.075741,0,0,1,0,9
1745919635.075741,0,0,1,0,9
1745919635.685053,0,0,0,0,15
1745919635.685053,0,0,0,0,15
1745919636.069398,0,0,0,1,15
1745919636.069398,0,0,0,1,15
1745919636.069398,0,0,0,1,15
1745919636.680422,0,0,0,0,16
1745919636.680422,0,0,0,0,16
1745919637.06438,0,0,0,0,17
1745919637.06438,0,0,0,0,17
1745919637.06438,0,0,0,0,17
1745919637.679394,0,0,1,0,24
1745919637.679394,0,0,1,0,24
1745919638.067851,0,0,0,0,16
1745919638.067851,0,0,0,0,16
1745919638.067851,0,0,0,0,16
1745919638.678003,0,0,0,0,17
1745919638.678003,0,0,0,0,17
1745919639.064882,0,0,0,0,7
1745919639.064882,0,0,0,0,7
1745919639.064882,0,0,0,0,7
1745919639.684993,0,0,0,0,15
1745919639.684993,0,0,0,0,15
1745919640.066073,0,0,1,0,14
1745919640.066073,0,0,1,0,14
1745919640.066073,0,0,1,0,14
1745919640.682756,0,0,0,1,16
1745919640.682756,0,0,0,1,16
1745919641.068046,0,0,0,0,10
1745919641.068046,0,0,0,0,10
1745919641.068046,0,0,0,0,10
1745919641.682571,0,0,0,0,22
1745919641.682571,0,0,0,0,22
1745919642.071951,0,0,0,0,10
1745919642.071951,0,0,0,0,10
1745919642.071951,0,0,0,0,10
1745919642.683622,0,0,1,0,13
1745919642.683622,0,0,1,0,13
1745919643.080037,0,0,1,1,16
1745919643.080037,0,0,1,1,16
1745919643.686097,0,0,0,0,21
1745919643.686097,0,0,0,0,21
1745919644.070539,0,0,1,1,13
1745919644.070539,0,0,1,1,13
1745919644.070539,0,0,1,1,13
1745919644.693068,0,0,1,0,13
1745919644.693068,0,0,1,0,13
1745919645.072066,0,0,0,0,4
1745919645.072066,0,0,0,0,4
1745919645.072066,0,0,0,0,4
1745919645.707573,0,0,0,0,25
1745919645.707573,0,0,0,0,25
1745919646.076153,0,0,0,0,7
1745919646.076153,0,0,0,0,7
1745919646.076153,0,0,0,0,7
1745919646.704765,0,0,1,0,14
1745919646.704765,0,0,1,0,14
1745919647.074875,0,0,0,0,4
1745919647.074875,0,0,0,0,4
1745919647.074875,0,0,0,0,4
1745919647.693506,0,0,0,1,23
1745919647.693506,0,0,0,1,23
1745919648.096961,0,0,0,0,16
1745919648.096961,0,0,0,0,16
1745919648.096961,0,0,0,0,16
1745919648.692996,0,0,0,0,13
1745919648.692996,0,0,0,0,13
1745919649.07927,0,0,0,0,12
1745919649.07927,0,0,0,0,12
1745919649.07927,0,0,0,0,12
1745919649.691077,0,0,1,0,11
1745919649.691077,0,0,1,0,11
1745919650.081539,0,0,0,0,20
1745919650.081539,0,0,0,0,20
1745919650.081539,0,0,0,0,20
1745919650.693211,0,0,0,0,18
1745919650.693211,0,0,0,0,18
1745919651.081965,0,0,0,0,5
1745919651.081965,0,0,0,0,5
1745919651.081965,0,0,0,0,5
1745919651.695561,0,0,1,0,18
1745919651.695561,0,0,1,0,18
1745919652.080601,0,0,0,0,8
1745919652.080601,0,0,0,0,8
1745919652.080601,0,0,0,0,8
1745919652.699885,0,0,0,0,10
1745919652.699885,0,0,0,0,10
1745919653.080786,0,0,1,0,6
1745919653.080786,0,0,1,0,6
1745919653.080786,0,0,1,0,6
1745919653.710306,0,0,1,0,22
1745919653.710306,0,0,1,0,22
1745919654.085077,0,0,0,0,10
1745919654.085077,0,0,0,0,10
1745919654.085077,0,0,0,0,10
1745919654.702919,0,0,0,0,12
1745919654.702919,0,0,0,0,12
1745919655.08361,0,0,0,0,14
1745919655.08361,0,0,0,0,14
1745919655.08361,0,0,0,0,14
1745919655.705626,0,0,2,1,26
1745919655.705626,0,0,2,1,26
1745919656.093313,0,0,0,1,9
1745919656.093313,0,0,0,1,9
1745919656.706509,0,0,1,0,7
1745919656.706509,0,0,1,0,7
1745919657.090107,0,0,0,0,16
1745919657.090107,0,0,0,0,16
1745919657.090107,0,0,0,0,16
1745919657.090107,0,0,0,0,16
1745919657.722936,0,0,0,0,38
1745919658.090381,0,0,0,0,12
1745919658.090381,0,0,0,0,12
1745919658.090381,0,0,0,0,12
1745919658.716833,0,0,0,0,16
1745919658.716833,0,0,0,0,16
1745919659.090944,0,0,0,0,15
1745919659.090944,0,0,0,0,15
1745919659.090944,0,0,0,0,15
1745919659.709287,0,0,0,0,15
1745919659.709287,0,0,0,0,15
1745919660.093597,0,0,2,1,11
1745919660.093597,0,0,2,1,11
1745919660.093597,0,0,2,1,11
1745919660.709639,0,0,0,0,11
1745919660.709639,0,0,0,0,11
1745919661.09055,0,0,0,0,7
1745919661.09055,0,0,0,0,7
1745919661.09055,0,0,0,0,7
1745919661.721455,0,0,1,0,11
1745919661.721455,0,0,1,0,11
1745919662.098067,0,0,0,0,12
1745919662.098067,0,0,0,0,12
1745919662.098067,0,0,0,0,12
1745919662.716489,0,0,0,0,19
1745919662.716489,0,0,0,0,19
1745919663.107184,0,0,0,1,17
1745919663.107184,0,0,0,1,17
1745919663.107184,0,0,0,1,17
1745919663.7182,0,0,0,0,20
1745919663.7182,0,0,0,0,20
1745919664.097476,0,0,1,0,10
1745919664.097476,0,0,1,0,10
1745919664.097476,0,0,1,0,10
1745919664.721058,0,0,0,0,16
1745919664.721058,0,0,0,0,16
1745919665.098324,0,0,0,0,9
1745919665.098324,0,0,0,0,9
1745919665.098324,0,0,0,0,9
1745919665.741052,0,0,0,0,16
1745919665.741052,0,0,0,0,16
1745919666.100311,0,0,0,0,13
1745919666.100311,0,0,0,0,13
1745919666.100311,0,0,0,0,13
1745919666.713439,0,0,0,0,29
1745919666.713439,0,0,0,0,29
1745919667.098288,0,0,0,0,6
1745919667.098288,0,0,0,0,6
1745919667.098288,0,0,0,0,6
1745919667.715118,0,0,0,0,19
1745919667.715118,0,0,0,0,19
1745919668.097875,0,0,0,0,8
1745919668.097875,0,0,0,0,8
1745919668.097875,0,0,0,0,8
1745919668.716976,0,0,0,0,13
1745919669.1002,0,0,0,0,11
1745919669.1002,0,0,0,0,11
1745919669.1002,0,0,0,0,11
1745919669.1002,0,0,0,0,11
1745919669.719684,0,0,1,0,11
1745919670.102487,0,0,0,0,12
1745919670.102487,0,0,0,0,12
1745919670.102487,0,0,0,0,12
1745919670.717195,0,0,0,1,24
1745919670.717195,0,0,0,1,24
1745919671.100293,0,0,0,0,9
1745919671.100293,0,0,0,0,9
1745919671.100293,0,0,0,0,9
1745919671.723286,0,0,1,0,22
1745919671.723286,0,0,1,0,22
1745919672.101553,0,0,0,0,5
1745919672.101553,0,0,0,0,5
1745919672.101553,0,0,0,0,5
1745919672.726936,0,0,1,0,20
1745919672.726936,0,0,1,0,20
1745919673.101777,0,0,1,0,10
1745919673.101777,0,0,1,0,10
1745919673.101777,0,0,1,0,10
1745919673.735085,0,0,0,0,28
1745919673.735085,0,0,0,0,28
1745919674.105715,0,0,0,0,12
1745919674.105715,0,0,0,0,12
1745919674.105715,0,0,0,0,12
1745919674.724125,0,0,1,0,11
1745919674.724125,0,0,1,0,11
1745919675.107999,0,0,0,0,4
1745919675.107999,0,0,0,0,4
1745919675.107999,0,0,0,0,4
1745919675.724558,0,0,0,0,22
1745919675.724558,0,0,0,0,22
1745919676.105291,0,0,0,0,14
1745919676.105291,0,0,0,0,14
1745919676.105291,0,0,0,0,14
1745919676.727935,0,0,1,0,18
1745919676.727935,0,0,1,0,18
1745919677.110976,0,0,0,0,15
1745919677.110976,0,0,0,0,15
1745919677.110976,0,0,0,0,15
1745919677.733888,0,0,0,1,15
1745919677.733888,0,0,0,1,15
1745919678.105057,0,0,0,0,23
1745919678.105057,0,0,0,0,23
1745919678.105057,0,0,0,0,23
1745919678.729238,0,0,0,0,25
1745919678.729238,0,0,0,0,25
1745919679.107394,0,0,0,0,9
1745919679.107394,0,0,0,0,9
1745919679.107394,0,0,0,0,9
1745919679.727535,0,0,0,0,17
1745919679.727535,0,0,0,0,17
1745919680.107029,0,0,0,0,7
1745919680.107029,0,0,0,0,7
1745919680.107029,0,0,0,0,7
1745919680.731501,0,0,1,0,15
1745919680.731501,0,0,1,0,15
1745919681.110016,0,0,0,0,9
1745919681.110016,0,0,0,0,9
1745919681.110016,0,0,0,0,9
1745919681.729472,0,0,1,0,5
1745919682.112785,0,0,0,0,9
1745919682.112785,0,0,0,0,9
1745919682.112785,0,0,0,0,9
1745919682.112785,0,0,0,0,9
1745919682.735029,0,0,0,0,10
1745919683.113669,0,0,0,0,11
1745919683.113669,0,0,0,0,11
1745919683.113669,0,0,0,0,11
1745919683.735476,0,0,0,0,12
1745919683.735476,0,0,0,0,12
1745919684.122948,0,0,0,0,8
1745919684.122948,0,0,0,0,8
1745919684.122948,0,0,0,0,8
1745919684.735693,0,0,0,0,14
1745919684.735693,0,0,0,0,14
1745919685.127394,0,0,1,0,7
1745919685.127394,0,0,1,0,7
1745919685.127394,0,0,1,0,7
1745919685.742506,0,0,0,1,17
1745919685.742506,0,0,0,1,17
1745919686.1218,0,0,0,1,8
1745919686.1218,0,0,0,1,8
1745919686.1218,0,0,0,1,8
1745919686.749385,0,0,0,1,13
1745919686.749385,0,0,0,1,13
1745919687.121745,0,0,0,0,10
1745919687.121745,0,0,0,0,10
1745919687.121745,0,0,0,0,10
1745919687.756834,0,0,0,0,11
1745919687.756834,0,0,0,0,11
1745919688.120337,0,0,1,0,10
1745919688.120337,0,0,1,0,10
1745919688.120337,0,0,1,0,10
1745919688.746113,0,0,0,0,27
1745919688.746113,0,0,0,0,27
1745919689.126009,0,0,0,0,6
1745919689.126009,0,0,0,0,6
1745919689.126009,0,0,0,0,6
1745919689.740223,0,0,1,0,28
1745919689.740223,0,0,1,0,28
1745919690.124943,0,0,1,0,7
1745919690.124943,0,0,1,0,7
1745919690.124943,0,0,1,0,7
1745919690.739436,0,0,0,1,24
1745919690.739436,0,0,0,1,24
1745919691.125566,0,0,0,0,9
1745919691.125566,0,0,0,0,9
1745919691.125566,0,0,0,0,9
1745919691.739308,0,0,0,0,20
1745919691.739308,0,0,0,0,20
1745919692.128421,0,0,1,0,10
1745919692.128421,0,0,1,0,10
1745919692.128421,0,0,1,0,10
1745919692.743146,0,0,0,0,20
1745919692.743146,0,0,0,0,20
1745919693.129195,0,0,0,0,13
1745919693.129195,0,0,0,0,13
1745919693.129195,0,0,0,0,13
1745919693.741362,0,0,0,0,18
1745919693.741362,0,0,0,0,18
1745919694.126409,0,0,0,0,20
1745919694.126409,0,0,0,0,20
1745919694.126409,0,0,0,0,20
1745919694.753755,0,0,0,0,26
1745919694.753755,0,0,0,0,26
1745919695.128319,0,0,0,0,8
1745919695.128319,0,0,0,0,8
1745919695.128319,0,0,0,0,8
1745919695.747126,0,0,0,0,17
1745919696.140536,0,0,0,0,25
1745919696.140536,0,0,0,0,25
1745919696.140536,0,0,0,0,25
1745919696.743167,0,0,1,0,24
1745919696.743167,0,0,1,0,24
1745919697.12783,0,0,0,0,8
1745919697.12783,0,0,0,0,8
1745919697.12783,0,0,0,0,8
1745919697.745942,0,0,1,0,19
1745919697.745942,0,0,1,0,19
1745919698.133765,0,0,0,0,15
1745919698.133765,0,0,0,0,15
1745919698.133765,0,0,0,0,15
1745919698.759269,0,0,0,0,23
1745919698.759269,0,0,0,0,23
1745919699.130058,0,0,0,0,11
1745919699.130058,0,0,0,0,11
1745919699.130058,0,0,0,0,11
1745919699.744918,0,0,0,1,18
1745919699.744918,0,0,0,1,18
1745919700.132966,0,0,0,0,10
1745919700.132966,0,0,0,0,10
1745919700.132966,0,0,0,0,10
1745919700.746653,0,0,1,0,21
1745919700.746653,0,0,1,0,21
1745919701.135148,0,0,0,0,9
1745919701.135148,0,0,0,0,9
1745919701.135148,0,0,0,0,9
1745919701.754532,0,0,0,0,19
1745919701.754532,0,0,0,0,19
1745919702.136043,0,0,0,0,9
1745919702.136043,0,0,0,0,9
1745919702.136043,0,0,0,0,9
1745919702.750021,0,0,0,0,15
1745919702.750021,0,0,0,0,15
1745919703.13269,0,0,0,0,14
1745919703.13269,0,0,0,0,14
1745919703.13269,0,0,0,0,14
1745919703.752486,0,0,0,0,21
1745919703.752486,0,0,0,0,21
1745919704.136396,0,0,0,0,10
1745919704.136396,0,0,0,0,10
1745919704.136396,0,0,0,0,10
1745919704.749782,0,0,0,0,21
1745919704.749782,0,0,0,0,21
1745919705.148997,0,0,0,0,7
1745919705.148997,0,0,0,0,7
1745919705.148997,0,0,0,0,7
1745919705.74986,0,0,0,0,13
1745919705.74986,0,0,0,0,13
1745919706.136369,0,0,0,0,7
1745919706.136369,0,0,0,0,7
1745919706.136369,0,0,0,0,7
1745919706.752538,0,0,0,0,33
1745919706.752538,0,0,0,0,33
1745919707.138344,0,0,0,0,13
1745919707.138344,0,0,0,0,13
1745919707.138344,0,0,0,0,13
1745919707.755466,0,0,0,0,11
1745919707.755466,0,0,0,0,11
1745919708.13982,0,0,0,1,19
1745919708.13982,0,0,0,1,19
1745919708.13982,0,0,0,1,19
1745919708.757966,0,0,0,0,20
1745919708.757966,0,0,0,0,20
1745919709.150743,0,0,0,0,18
1745919709.150743,0,0,0,0,18
1745919709.758861,0,0,0,0,27
1745919709.758861,0,0,0,0,27
1745919710.155434,0,0,0,0,7
1745919710.155434,0,0,0,0,7
1745919710.155434,0,0,0,0,7
1745919710.764935,0,0,0,1,12
1745919710.764935,0,0,0,1,12
1745919711.15071,0,0,0,0,5
1745919711.15071,0,0,0,0,5
1745919711.15071,0,0,0,0,5
1745919711.758528,0,0,1,0,15
1745919711.758528,0,0,1,0,15
1745919712.144496,0,0,0,0,8
1745919712.144496,0,0,0,0,8
1745919712.144496,0,0,0,0,8
1745919712.760837,0,0,2,0,18
1745919712.760837,0,0,2,0,18
1745919713.143768,0,0,0,0,15
1745919713.143768,0,0,0,0,15
1745919713.143768,0,0,0,0,15
1745919713.760525,0,0,1,0,20
1745919713.760525,0,0,1,0,20
1745919714.147628,0,0,0,0,9
1745919714.147628,0,0,0,0,9
1745919714.147628,0,0,0,0,9
1745919714.76905,0,0,1,0,26
1745919714.76905,0,0,1,0,26
1745919715.146691,0,0,0,0,4
1745919715.146691,0,0,0,0,4
1745919715.146691,0,0,0,0,4
1745919715.768503,0,0,0,0,14
1745919715.768503,0,0,0,0,14
1745919716.161156,0,0,0,0,7
1745919716.161156,0,0,0,0,7
1745919716.161156,0,0,0,0,7
1745919716.763834,0,0,1,1,13
1745919716.763834,0,0,1,1,13
1745919717.148343,0,0,0,1,9
1745919717.148343,0,0,0,1,9
1745919717.148343,0,0,0,1,9
1745919717.767032,0,0,1,0,35
1745919717.767032,0,0,1,0,35
1745919718.155913,0,0,0,0,5
1745919718.155913,0,0,0,0,5
1745919718.155913,0,0,0,0,5
1745919718.766091,0,0,1,1,11
1745919718.766091,0,0,1,1,11
1745919719.150335,0,0,0,0,12
1745919719.150335,0,0,0,0,12
1745919719.150335,0,0,0,0,12
1745919719.767126,0,0,0,0,29
1745919719.767126,0,0,0,0,29
1745919720.160126,0,0,0,0,14
1745919720.160126,0,0,0,0,14
1745919720.160126,0,0,0,0,14
1745919720.774152,0,0,0,0,16
1745919720.774152,0,0,0,0,16
1745919721.150898,0,0,0,1,19
1745919721.150898,0,0,0,1,19
1745919721.150898,0,0,0,1,19
1745919721.767645,0,0,0,0,22
1745919721.767645,0,0,0,0,22
1745919722.155123,0,0,0,0,4
1745919722.155123,0,0,0,0,4
1745919722.155123,0,0,0,0,4
1745919722.771565,0,0,0,1,20
1745919723.154814,0,0,0,0,13
1745919723.154814,0,0,0,0,13
1745919723.154814,0,0,0,0,13
1745919723.154814,0,0,0,0,13
1745919723.771636,0,0,0,0,15
1745919724.16306,0,0,0,0,24
1745919724.16306,0,0,0,0,24
1745919724.16306,0,0,0,0,24
1745919724.772748,0,0,1,1,20
1745919724.772748,0,0,1,1,20
1745919725.156605,0,0,0,0,9
1745919725.156605,0,0,0,0,9
1745919725.156605,0,0,0,0,9
1745919725.773781,0,0,0,0,12
1745919725.773781,0,0,0,0,12
1745919726.156872,0,0,0,0,13
1745919726.156872,0,0,0,0,13
1745919726.156872,0,0,0,0,13
1745919726.792781,0,0,0,1,7
1745919726.792781,0,0,0,1,7
1745919727.156682,0,0,0,0,16
1745919727.156682,0,0,0,0,16
1745919727.156682,0,0,0,0,16
1745919727.781804,0,0,0,0,29
1745919727.781804,0,0,0,0,29
1745919728.157991,0,0,1,0,9
1745919728.157991,0,0,1,0,9
1745919728.157991,0,0,1,0,9
1745919728.784997,0,0,1,1,21
1745919728.784997,0,0,1,1,21
1745919729.166164,0,0,0,0,8
1745919729.166164,0,0,0,0,8
1745919729.166164,0,0,0,0,8
1745919729.778273,0,0,0,0,20
1745919729.778273,0,0,0,0,20
1745919730.161634,0,0,0,0,10
1745919730.161634,0,0,0,0,10
1745919730.161634,0,0,0,0,10
1745919730.785938,0,0,1,0,18
1745919730.785938,0,0,1,0,18
1745919731.167367,0,0,0,0,5
1745919731.167367,0,0,0,0,5
1745919731.167367,0,0,0,0,5
1745919731.779351,0,0,0,0,27
1745919731.779351,0,0,0,0,27
1745919732.159888,0,0,0,0,19
1745919732.159888,0,0,0,0,19
1745919732.159888,0,0,0,0,19
1745919732.784534,0,0,0,0,14
1745919732.784534,0,0,0,0,14
1745919733.16063,0,0,0,0,9
1745919733.16063,0,0,0,0,9
1745919733.16063,0,0,0,0,9
1745919733.784133,0,0,0,0,20
1745919733.784133,0,0,0,0,20
1745919734.160266,0,0,1,0,14
1745919734.160266,0,0,1,0,14
1745919734.160266,0,0,1,0,14
1745919734.785476,0,0,0,0,6
1745919734.785476,0,0,0,0,6
1745919735.167677,0,0,0,0,20
1745919735.167677,0,0,0,0,20
1745919735.167677,0,0,0,0,20
1745919735.786867,0,0,0,1,14
1745919736.170624,0,0,1,0,17
1745919736.170624,0,0,1,0,17
1745919736.170624,0,0,1,0,17
1745919736.170624,0,0,1,0,17
1745919736.792015,0,0,1,0,21
1745919737.179242,0,0,0,0,10
1745919737.179242,0,0,0,0,10
1745919737.179242,0,0,0,0,10
1745919737.788858,0,0,2,0,19
1745919737.788858,0,0,2,0,19
1745919738.175353,0,0,0,0,16
1745919738.175353,0,0,0,0,16
1745919738.175353,0,0,0,0,16
1745919738.789043,0,0,0,0,17
1745919738.789043,0,0,0,0,17
1745919739.163804,0,0,0,0,6
1745919739.163804,0,0,0,0,6
1745919739.163804,0,0,0,0,6
1745919739.794188,0,0,0,0,14
1745919739.794188,0,0,0,0,14
1745919740.170114,0,0,0,0,12
1745919740.170114,0,0,0,0,12
1745919740.170114,0,0,0,0,12
1745919740.806366,0,0,1,0,11
1745919740.806366,0,0,1,0,11
1745919741.167879,0,0,0,0,6
1745919741.167879,0,0,0,0,6
1745919741.167879,0,0,0,0,6
1745919741.81323,0,0,0,0,17
1745919741.81323,0,0,0,0,17
1745919742.176311,0,0,0,0,10
1745919742.176311,0,0,0,0,10
1745919742.176311,0,0,0,0,10
1745919742.810659,0,0,0,0,21
1745919742.810659,0,0,0,0,21
1745919743.170777,0,0,0,0,5
1745919743.170777,0,0,0,0,5
1745919743.170777,0,0,0,0,5
1745919743.81713,0,0,0,0,10
1745919743.81713,0,0,0,0,10
1745919744.177635,0,0,0,0,8
1745919744.177635,0,0,0,0,8
1745919744.177635,0,0,0,0,8
1745919744.809654,0,0,0,0,25
1745919744.809654,0,0,0,0,25
1745919745.175055,0,0,0,1,12
1745919745.175055,0,0,0,1,12
1745919745.175055,0,0,0,1,12
1745919745.818639,0,0,0,0,11
1745919745.818639,0,0,0,0,11
1745919746.174862,0,0,0,0,12
1745919746.174862,0,0,0,0,12
1745919746.174862,0,0,0,0,12
1745919746.811604,0,0,1,0,19
1745919746.811604,0,0,1,0,19
1745919747.184173,0,0,1,0,8
1745919747.184173,0,0,1,0,8
1745919747.184173,0,0,1,0,8
1745919747.818417,0,0,0,0,18
1745919747.818417,0,0,0,0,18
1745919748.175641,0,0,0,0,15
1745919748.175641,0,0,0,0,15
1745919748.175641,0,0,0,0,15
1745919748.817735,0,0,1,0,13
1745919749.174981,0,0,0,0,9
1745919749.174981,0,0,0,0,9
1745919749.174981,0,0,0,0,9
1745919749.174981,0,0,0,0,9
1745919749.826566,0,0,1,0,15
1745919749.826566,0,0,1,0,15
1745919750.188239,0,0,0,1,8
1745919750.188239,0,0,0,1,8
1745919750.188239,0,0,0,1,8
1745919750.817743,0,0,0,1,19
1745919751.181003,0,0,0,0,12
1745919751.181003,0,0,0,0,12
1745919751.181003,0,0,0,0,12
1745919751.181003,0,0,0,0,12
1745919751.820749,0,0,0,0,11
1745919752.200122,0,0,0,0,11
1745919752.200122,0,0,0,0,11
1745919752.200122,0,0,0,0,11
1745919752.820318,0,0,0,1,24
1745919752.820318,0,0,0,1,24
1745919753.186061,0,0,1,0,12
1745919753.186061,0,0,1,0,12
1745919753.186061,0,0,1,0,12
1745919753.826258,0,0,1,1,19
1745919753.826258,0,0,1,1,19
1745919754.190036,0,0,0,0,16
1745919754.190036,0,0,0,0,16
1745919754.190036,0,0,0,0,16
1745919754.826889,0,0,0,0,22
1745919754.826889,0,0,0,0,22
1745919755.188938,0,0,0,1,9
1745919755.188938,0,0,0,1,9
1745919755.188938,0,0,0,1,9
1745919755.826169,0,0,0,0,21
1745919755.826169,0,0,0,0,21
1745919756.196889,0,0,0,0,10
1745919756.196889,0,0,0,0,10
1745919756.196889,0,0,0,0,10
1745919756.821845,0,0,0,0,15
1745919756.821845,0,0,0,0,15
1745919757.188352,0,0,0,1,5
1745919757.188352,0,0,0,1,5
1745919757.188352,0,0,0,1,5
1745919757.826016,0,0,0,0,15
1745919757.826016,0,0,0,0,15
1745919758.188438,0,0,0,0,10
1745919758.188438,0,0,0,0,10
1745919758.188438,0,0,0,0,10
1745919758.829029,0,0,0,0,19
1745919758.829029,0,0,0,0,19
1745919759.188574,0,0,0,1,3
1745919759.188574,0,0,0,1,3
1745919759.188574,0,0,0,1,3
1745919759.825818,0,0,0,0,17
1745919759.825818,0,0,0,0,17
1745919760.199014,0,0,0,0,12
1745919760.199014,0,0,0,0,12
1745919760.199014,0,0,0,0,12
1745919760.827078,0,0,1,0,16
1745919760.827078,0,0,1,0,16
1745919761.190727,0,0,0,0,11
1745919761.190727,0,0,0,0,11
1745919761.190727,0,0,0,0,11
1745919761.82509,0,0,0,0,33
1745919761.82509,0,0,0,0,33
1745919762.194154,0,0,0,0,5
1745919762.194154,0,0,0,0,5
1745919762.194154,0,0,0,0,5
1745919762.825243,0,0,1,0,20
1745919763.192329,0,0,0,0,10
1745919763.192329,0,0,0,0,10
1745919763.192329,0,0,0,0,10
1745919763.192329,0,0,0,0,10
1745919763.831551,0,0,0,0,15
1745919764.197137,0,0,0,0,10
1745919764.197137,0,0,0,0,10
1745919764.197137,0,0,0,0,10
1745919764.197137,0,0,0,0,10
1745919764.829462,0,0,0,0,15
1745919765.198183,0,0,0,0,10
1745919765.198183,0,0,0,0,10
1745919765.198183,0,0,0,0,10
1745919765.198183,0,0,0,0,10
1745919765.836373,0,0,0,0,29
1745919766.216395,0,0,0,0,8
1745919766.216395,0,0,0,0,8
1745919766.216395,0,0,0,0,8
1745919766.829158,0,0,0,0,14
1745919766.829158,0,0,0,0,14
1745919767.198881,0,0,0,0,16
1745919767.198881,0,0,0,0,16
1745919767.198881,0,0,0,0,16
1745919767.837359,0,0,0,1,22
1745919767.837359,0,0,0,1,22
1745919768.19476,0,0,1,0,14
1745919768.19476,0,0,1,0,14
1745919768.19476,0,0,1,0,14
1745919768.840243,0,0,1,0,22
1745919768.840243,0,0,1,0,22
1745919769.194975,0,0,0,0,14
1745919769.194975,0,0,0,0,14
1745919769.194975,0,0,0,0,14
1745919769.836025,0,0,0,1,7
1745919769.836025,0,0,0,1,7
1745919770.197652,0,0,0,0,15
1745919770.197652,0,0,0,0,15
1745919770.197652,0,0,0,0,15
1745919770.834331,0,0,0,0,21
1745919770.834331,0,0,0,0,21
1745919771.197471,0,0,0,0,17
1745919771.197471,0,0,0,0,17
1745919771.197471,0,0,0,0,17
1745919771.840176,0,0,0,0,7
1745919771.840176,0,0,0,0,7
1745919772.201218,0,0,1,0,10
1745919772.201218,0,0,1,0,10
1745919772.201218,0,0,1,0,10
1745919772.838198,0,0,0,0,20
1745919772.838198,0,0,0,0,20
1745919773.20175,0,0,0,0,11
1745919773.20175,0,0,0,0,11
1745919773.20175,0,0,0,0,11
1745919773.845538,0,0,0,0,11
1745919773.845538,0,0,0,0,11
1745919774.202979,0,0,0,0,12
1745919774.202979,0,0,0,0,12
1745919774.202979,0,0,0,0,12
1745919774.83882,0,0,0,1,22
1745919774.83882,0,0,0,1,22
1745919775.200881,0,0,0,0,1
1745919775.200881,0,0,0,0,1
1745919775.200881,0,0,0,0,1
1745919775.842231,0,0,0,0,11
1745919775.842231,0,0,0,0,11
1745919776.202927,0,0,0,0,2
1745919776.202927,0,0,0,0,2
1745919776.202927,0,0,0,0,2
1745919776.838653,0,0,1,0,9
1745919777.205895,0,0,0,0,15
1745919777.205895,0,0,0,0,15
1745919777.205895,0,0,0,0,15
1745919777.205895,0,0,0,0,15
1745919777.841532,0,0,1,0,26
1745919778.22127,0,0,0,0,11
1745919778.22127,0,0,0,0,11
1745919778.22127,0,0,0,0,11
1745919778.22127,0,0,0,0,11
1745919778.844512,0,0,0,0,17
1745919779.206352,0,0,0,0,12
1745919779.206352,0,0,0,0,12
1745919779.206352,0,0,0,0,12
1745919779.84719,0,0,1,0,15
1745919779.84719,0,0,1,0,15
1745919780.210062,0,0,0,0,5
1745919780.210062,0,0,0,0,5
1745919780.210062,0,0,0,0,5
1745919780.847034,0,0,0,0,11
1745919780.847034,0,0,0,0,11
1745919781.225995,0,0,0,0,6
1745919781.225995,0,0,0,0,6
1745919781.225995,0,0,0,0,6
1745919781.853015,0,0,0,0,31
1745919781.853015,0,0,0,0,31
1745919782.207497,0,0,0,0,9
1745919782.207497,0,0,0,0,9
1745919782.207497,0,0,0,0,9
1745919782.844858,0,0,0,0,17
1745919782.844858,0,0,0,0,17
1745919783.212199,0,0,0,0,12
1745919783.212199,0,0,0,0,12
1745919783.212199,0,0,0,0,12
1745919783.851654,0,0,0,0,14
1745919783.851654,0,0,0,0,14
1745919784.214958,0,0,0,0,8
1745919784.214958,0,0,0,0,8
1745919784.214958,0,0,0,0,8
1745919784.850575,0,0,2,1,14
1745919784.850575,0,0,2,1,14
1745919785.20944,0,0,0,0,7
1745919785.20944,0,0,0,0,7
1745919785.20944,0,0,0,0,7
1745919785.860543,0,0,1,1,19
1745919785.860543,0,0,1,1,19
1745919786.212626,0,0,0,0,4
1745919786.212626,0,0,0,0,4
1745919786.212626,0,0,0,0,4
1745919786.855517,0,0,0,0,38
1745919786.855517,0,0,0,0,38
1745919787.212671,0,0,0,0,6
1745919787.212671,0,0,0,0,6
1745919787.212671,0,0,0,0,6
1745919787.852911,0,0,1,0,14
1745919787.852911,0,0,1,0,14
1745919788.218029,0,0,1,0,9
1745919788.218029,0,0,1,0,9
1745919788.218029,0,0,1,0,9
1745919788.853984,0,0,0,1,23
1745919788.853984,0,0,0,1,23
1745919789.219518,0,0,1,0,9
1745919789.219518,0,0,1,0,9
1745919789.219518,0,0,1,0,9
1745919789.854102,0,0,0,0,28
1745919790.214119,0,0,1,0,15
1745919790.214119,0,0,1,0,15
1745919790.214119,0,0,1,0,15
1745919790.214119,0,0,1,0,15
1745919790.854286,0,0,0,0,16
1745919791.214661,0,0,1,0,7
1745919791.214661,0,0,1,0,7
1745919791.214661,0,0,1,0,7
1745919791.214661,0,0,1,0,7
1745919791.857147,0,0,0,0,18
1745919792.219957,0,0,0,0,23
1745919792.219957,0,0,0,0,23
1745919792.219957,0,0,0,0,23
1745919792.856742,0,0,1,0,18
1745919792.856742,0,0,1,0,18
1745919793.219597,0,0,0,0,14
1745919793.219597,0,0,0,0,14
1745919793.219597,0,0,0,0,14
1745919793.856814,0,0,1,0,12
1745919793.856814,0,0,1,0,12
1745919794.218442,0,0,1,0,20
1745919794.218442,0,0,1,0,20
1745919794.218442,0,0,1,0,20
1745919794.858601,0,0,1,0,13
1745919794.858601,0,0,1,0,13
1745919795.245353,0,0,1,0,8
1745919795.245353,0,0,1,0,8
1745919795.245353,0,0,1,0,8
1745919795.860196,0,0,0,0,20
1745919795.860196,0,0,0,0,20
1745919796.221548,0,0,0,0,14
1745919796.221548,0,0,0,0,14
1745919796.221548,0,0,0,0,14
1745919796.873341,0,0,1,0,17
1745919796.873341,0,0,1,0,17
1745919797.224423,0,0,0,0,19
1745919797.224423,0,0,0,0,19
1745919797.224423,0,0,0,0,19
1745919797.86339,0,0,0,0,22
1745919797.86339,0,0,0,0,22
1745919798.226067,0,0,0,0,13
1745919798.226067,0,0,0,0,13
1745919798.226067,0,0,0,0,13
1745919798.8619,0,0,0,0,26
1745919798.8619,0,0,0,0,26
1745919799.226158,0,0,0,0,10
1745919799.226158,0,0,0,0,10
1745919799.226158,0,0,0,0,10
1745919799.864051,0,0,2,1,18
1745919799.864051,0,0,2,1,18
1745919800.229393,0,0,0,0,10
1745919800.229393,0,0,0,0,10
1745919800.229393,0,0,0,0,10
1745919800.864982,0,0,1,0,10
1745919800.864982,0,0,1,0,10
1745919801.2305,0,0,0,0,16
1745919801.2305,0,0,0,0,16
1745919801.2305,0,0,0,0,16
1745919801.866737,0,0,1,0,22
1745919801.866737,0,0,1,0,22
1745919802.242846,0,0,0,0,13
1745919802.242846,0,0,0,0,13
1745919802.242846,0,0,0,0,13
1745919802.868354,0,0,1,0,13
1745919802.868354,0,0,1,0,13
1745919803.230402,0,0,1,0,10
1745919803.230402,0,0,1,0,10
1745919803.230402,0,0,1,0,10
1745919803.876676,0,0,1,0,18
1745919803.876676,0,0,1,0,18
1745919804.241748,0,0,1,0,14
1745919804.241748,0,0,1,0,14
1745919804.241748,0,0,1,0,14
1745919804.866583,0,0,0,0,25
1745919805.233425,0,0,1,0,17
1745919805.233425,0,0,1,0,17
1745919805.233425,0,0,1,0,17
1745919805.233425,0,0,1,0,17
1745919805.870388,0,0,0,0,14
1745919806.245635,0,0,0,0,13
1745919806.245635,0,0,0,0,13
1745919806.245635,0,0,0,0,13
1745919806.870007,0,0,2,0,17
1745919806.870007,0,0,2,0,17
1745919807.236155,0,0,0,0,8
1745919807.236155,0,0,0,0,8
1745919807.236155,0,0,0,0,8
1745919807.893194,0,0,0,0,20
1745919807.893194,0,0,0,0,20
1745919808.246573,0,0,1,0,8
1745919808.246573,0,0,1,0,8
1745919808.246573,0,0,1,0,8
1745919808.883609,0,0,0,0,12
1745919808.883609,0,0,0,0,12
1745919809.246172,0,0,0,0,34
1745919809.246172,0,0,0,0,34
1745919809.246172,0,0,0,0,34
1745919809.888974,0,0,0,0,22
1745919809.888974,0,0,0,0,22
1745919810.241337,0,0,0,0,9
1745919810.241337,0,0,0,0,9
1745919810.241337,0,0,0,0,9
1745919810.877508,0,0,0,0,15
1745919810.877508,0,0,0,0,15
1745919811.241713,0,0,0,0,3
1745919811.241713,0,0,0,0,3
1745919811.241713,0,0,0,0,3
1745919811.875259,0,0,1,0,10
1745919811.875259,0,0,1,0,10
1745919812.242644,0,0,0,0,10
1745919812.242644,0,0,0,0,10
1745919812.242644,0,0,0,0,10
1745919812.877517,0,0,0,0,16
1745919812.877517,0,0,0,0,16
1745919813.250027,0,0,0,0,17
1745919813.250027,0,0,0,0,17
1745919813.250027,0,0,0,0,17
1745919813.881529,0,0,0,2,23
1745919813.881529,0,0,0,2,23
1745919814.250608,0,0,0,0,8
1745919814.250608,0,0,0,0,8
1745919814.250608,0,0,0,0,8
1745919814.879563,0,0,0,0,16
1745919814.879563,0,0,0,0,16
1745919815.250504,0,0,1,1,9
1745919815.250504,0,0,1,1,9
1745919815.250504,0,0,1,1,9
1745919815.882785,0,0,0,0,11
1745919815.882785,0,0,0,0,11
1745919816.245276,0,0,0,1,7
1745919816.245276,0,0,0,1,7
1745919816.245276,0,0,0,1,7
1745919816.880269,0,0,0,1,14
1745919817.245921,0,0,0,0,5
1745919817.245921,0,0,0,0,5
1745919817.245921,0,0,0,0,5
1745919817.245921,0,0,0,0,5
1745919817.88505,0,0,0,0,16
1745919818.252779,0,0,0,0,8
1745919818.252779,0,0,0,0,8
1745919818.252779,0,0,0,0,8
1745919818.252779,0,0,0,0,8
1745919818.894966,0,0,1,0,20
1745919819.265443,0,0,0,0,12
1745919819.265443,0,0,0,0,12
1745919819.265443,0,0,0,0,12
1745919819.88951,0,0,1,1,15
1745919819.88951,0,0,1,1,15
1745919820.2472,0,0,0,0,10
1745919820.2472,0,0,0,0,10
1745919820.2472,0,0,0,0,10
1745919820.888488,0,0,0,0,17
1745919820.888488,0,0,0,0,17
1745919821.25489,0,0,0,0,14
1745919821.25489,0,0,0,0,14
1745919821.25489,0,0,0,0,14
1745919821.899127,0,0,0,0,21
1745919821.899127,0,0,0,0,21
1745919822.258563,0,0,1,0,4
1745919822.258563,0,0,1,0,4
1745919822.258563,0,0,1,0,4
1745919822.897069,0,0,0,0,21
1745919822.897069,0,0,0,0,21
1745919823.25249,0,0,1,0,7
1745919823.25249,0,0,1,0,7
1745919823.25249,0,0,1,0,7
1745919823.898534,0,0,0,0,25
1745919823.898534,0,0,0,0,25
1745919824.256821,0,0,0,0,8
1745919824.256821,0,0,0,0,8
1745919824.256821,0,0,0,0,8
1745919824.897372,0,0,0,0,13
1745919824.897372,0,0,0,0,13
1745919825.259365,0,0,0,0,8
1745919825.259365,0,0,0,0,8
1745919825.259365,0,0,0,0,8
1745919825.894055,0,0,0,0,16
1745919825.894055,0,0,0,0,16
1745919826.257357,0,0,0,0,11
1745919826.257357,0,0,0,0,11
1745919826.257357,0,0,0,0,11
1745919826.895776,0,0,0,0,19
1745919826.895776,0,0,0,0,19
1745919827.259092,0,0,1,0,17
1745919827.259092,0,0,1,0,17
1745919827.259092,0,0,1,0,17
1745919827.899068,0,0,1,0,13
1745919827.899068,0,0,1,0,13
1745919828.264911,0,0,0,0,12
1745919828.264911,0,0,0,0,12
1745919828.264911,0,0,0,0,12
1745919828.905008,0,0,0,0,14
1745919828.905008,0,0,0,0,14
1745919829.270252,0,0,0,0,6
1745919829.270252,0,0,0,0,6
1745919829.270252,0,0,0,0,6
1745919829.899434,0,0,0,0,24
1745919829.899434,0,0,0,0,24
1745919830.263715,0,0,0,0,14
1745919830.263715,0,0,0,0,14
1745919830.263715,0,0,0,0,14
1745919830.895742,0,0,1,0,23
1745919830.895742,0,0,1,0,23
1745919831.265215,0,0,1,0,8
1745919831.265215,0,0,1,0,8
1745919831.265215,0,0,1,0,8
1745919831.905903,0,0,0,0,38
1745919832.273947,0,0,0,0,12
1745919832.273947,0,0,0,0,12
1745919832.273947,0,0,0,0,12
1745919832.273947,0,0,0,0,12
1745919832.901238,0,0,0,0,17
1745919833.267596,0,0,0,0,6
1745919833.267596,0,0,0,0,6
1745919833.267596,0,0,0,0,6
1745919833.905432,0,0,1,1,16
1745919833.905432,0,0,1,1,16
1745919834.285908,0,0,0,0,10
1745919834.285908,0,0,0,0,10
1745919834.285908,0,0,0,0,10
1745919834.902949,0,0,2,0,22
1745919834.902949,0,0,2,0,22
1745919835.268506,0,0,1,0,7
1745919835.268506,0,0,1,0,7
1745919835.268506,0,0,1,0,7
1745919835.91696,0,0,0,0,22
1745919835.91696,0,0,0,0,22
1745919836.272045,0,0,0,0,9
1745919836.272045,0,0,0,0,9
1745919836.272045,0,0,0,0,9
1745919836.927566,0,0,0,0,24
1745919836.927566,0,0,0,0,24
1745919837.271565,0,0,0,0,7
1745919837.271565,0,0,0,0,7
1745919837.271565,0,0,0,0,7
1745919837.912663,0,0,0,0,18
1745919837.912663,0,0,0,0,18
1745919838.27315,0,0,0,0,9
1745919838.27315,0,0,0,0,9
1745919838.27315,0,0,0,0,9
1745919838.908267,0,0,0,0,15
1745919838.908267,0,0,0,0,15
1745919839.279341,0,0,0,0,16
1745919839.279341,0,0,0,0,16
1745919839.279341,0,0,0,0,16
1745919839.905386,0,0,1,0,18
1745919839.905386,0,0,1,0,18
1745919840.281889,0,0,0,0,13
1745919840.281889,0,0,0,0,13
1745919840.281889,0,0,0,0,13
1745919840.911672,0,0,0,0,18
1745919840.911672,0,0,0,0,18
1745919841.278814,0,0,0,1,10
1745919841.278814,0,0,0,1,10
1745919841.278814,0,0,0,1,10
1745919841.911586,0,0,0,0,23
1745919841.911586,0,0,0,0,23
1745919842.272841,0,0,0,0,6
1745919842.272841,0,0,0,0,6
1745919842.272841,0,0,0,0,6
1745919842.909225,0,0,0,0,30
1745919842.909225,0,0,0,0,30
1745919843.281218,0,0,0,1,17
1745919843.281218,0,0,0,1,17
1745919843.281218,0,0,0,1,17
1745919843.91794,0,0,0,0,16
1745919843.91794,0,0,0,0,16
1745919844.279098,0,0,0,0,16
1745919844.279098,0,0,0,0,16
1745919844.279098,0,0,0,0,16
1745919844.912235,0,0,0,0,23
1745919845.275028,0,0,0,0,14
1745919845.275028,0,0,0,0,14
1745919845.275028,0,0,0,0,14
1745919845.275028,0,0,0,0,14
1745919845.914896,0,0,0,0,17
1745919846.286857,0,0,1,0,12
1745919846.286857,0,0,1,0,12
1745919846.286857,0,0,1,0,12
1745919846.286857,0,0,1,0,12
1745919846.918667,0,0,1,0,14
1745919847.28872,0,0,0,0,23
1745919847.28872,0,0,0,0,23
1745919847.28872,0,0,0,0,23
1745919847.916196,0,0,0,0,21
1745919847.916196,0,0,0,0,21
1745919848.299229,0,0,0,0,7
1745919848.299229,0,0,0,0,7
1745919848.299229,0,0,0,0,7
1745919848.922088,0,0,0,0,25
1745919848.922088,0,0,0,0,25
1745919849.278347,0,0,0,0,13
1745919849.278347,0,0,0,0,13
1745919849.278347,0,0,0,0,13
1745919849.931907,0,0,0,0,25
1745919849.931907,0,0,0,0,25
1745919850.28418,0,0,0,0,10
1745919850.28418,0,0,0,0,10
1745919850.28418,0,0,0,0,10
1745919850.933159,0,0,1,0,22
1745919850.933159,0,0,1,0,22
1745919851.285127,0,0,2,0,5
1745919851.285127,0,0,2,0,5
1745919851.285127,0,0,2,0,5
1745919851.917252,0,0,1,0,14
1745919851.917252,0,0,1,0,14
1745919852.285574,0,0,0,0,22
1745919852.285574,0,0,0,0,22
1745919852.285574,0,0,0,0,22
1745919852.936894,0,0,0,0,18
1745919852.936894,0,0,0,0,18
1745919853.290036,0,0,0,0,7
1745919853.290036,0,0,0,0,7
1745919853.290036,0,0,0,0,7
1745919853.925388,0,0,0,0,20
1745919853.925388,0,0,0,0,20
1745919854.290694,0,0,0,0,4
1745919854.290694,0,0,0,0,4
1745919854.290694,0,0,0,0,4
1745919854.926353,0,0,0,0,25
1745919854.926353,0,0,0,0,25
1745919855.286289,0,0,1,0,10
1745919855.286289,0,0,1,0,10
1745919855.286289,0,0,1,0,10
1745919855.923123,0,0,0,0,18
1745919855.923123,0,0,0,0,18
1745919856.291944,0,0,0,0,11
1745919856.291944,0,0,0,0,11
1745919856.291944,0,0,0,0,11
1745919856.923674,0,0,1,0,10
1745919856.923674,0,0,1,0,10
1745919857.28894,0,0,0,0,12
1745919857.28894,0,0,0,0,12
1745919857.28894,0,0,0,0,12
1745919857.929507,0,0,1,0,21
1745919857.929507,0,0,1,0,21
1745919858.302648,0,0,0,0,12
1745919858.302648,0,0,0,0,12
1745919858.302648,0,0,0,0,12
1745919858.927577,0,0,0,0,27
1745919859.306202,0,0,1,1,17
1745919859.306202,0,0,1,1,17
1745919859.306202,0,0,1,1,17
1745919859.306202,0,0,1,1,17
1745919859.928831,0,0,0,0,23
1745919860.292068,0,0,1,0,4
1745919860.292068,0,0,1,0,4
1745919860.292068,0,0,1,0,4
1745919860.940454,0,0,0,1,14
1745919860.940454,0,0,0,1,14
1745919861.293621,0,0,0,0,7
1745919861.293621,0,0,0,0,7
1745919861.293621,0,0,0,0,7
1745919861.930322,0,0,2,0,27
1745919861.930322,0,0,2,0,27
1745919862.300194,0,0,1,1,7
1745919862.300194,0,0,1,1,7
1745919862.300194,0,0,1,1,7
1745919862.933577,0,0,0,0,17
1745919862.933577,0,0,0,0,17
1745919863.299759,0,0,0,0,9
1745919863.299759,0,0,0,0,9
1745919863.299759,0,0,0,0,9
1745919863.945988,0,0,0,0,23
1745919863.945988,0,0,0,0,23
1745919864.294051,0,0,0,0,5
1745919864.294051,0,0,0,0,5
1745919864.294051,0,0,0,0,5
1745919864.941247,0,0,0,0,20
1745919864.941247,0,0,0,0,20
1745919865.294783,0,0,0,0,9
1745919865.294783,0,0,0,0,9
1745919865.294783,0,0,0,0,9
1745919865.939455,0,0,0,1,19
1745919865.939455,0,0,0,1,19
1745919866.295706,0,0,0,0,13
1745919866.295706,0,0,0,0,13
1745919866.295706,0,0,0,0,13
1745919866.945139,0,0,1,0,12
1745919866.945139,0,0,1,0,12
1745919867.298556,0,0,0,0,8
1745919867.298556,0,0,0,0,8
1745919867.298556,0,0,0,0,8
1745919867.944311,0,0,2,1,23
1745919867.944311,0,0,2,1,23
1745919868.303173,0,0,0,0,15
1745919868.303173,0,0,0,0,15
1745919868.303173,0,0,0,0,15
1745919868.939716,0,0,0,0,24
1745919868.939716,0,0,0,0,24
1745919869.311079,0,0,0,0,12
1745919869.311079,0,0,0,0,12
1745919869.311079,0,0,0,0,12
1745919869.939288,0,0,0,0,40
1745919869.939288,0,0,0,0,40
1745919870.312734,0,0,0,0,9
1745919870.312734,0,0,0,0,9
1745919870.312734,0,0,0,0,9
1745919870.946895,0,0,1,0,13
1745919871.300933,0,0,0,0,14
1745919871.300933,0,0,0,0,14
1745919871.300933,0,0,0,0,14
1745919871.300933,0,0,0,0,14
1745919871.943296,0,0,0,0,22
1745919872.305085,0,0,0,0,12
1745919872.305085,0,0,0,0,12
1745919872.305085,0,0,0,0,12
1745919872.305085,0,0,0,0,12
1745919872.949901,0,0,0,1,16
1745919873.310688,0,0,0,0,11
1745919873.310688,0,0,0,0,11
1745919873.310688,0,0,0,0,11
1745919873.945493,0,0,0,0,25
1745919873.945493,0,0,0,0,25
1745919874.308909,0,0,0,0,15
1745919874.308909,0,0,0,0,15
1745919874.308909,0,0,0,0,15
1745919874.962555,0,0,0,0,27
1745919874.962555,0,0,0,0,27
1745919875.313235,0,0,0,0,11
1745919875.313235,0,0,0,0,11
1745919875.313235,0,0,0,0,11
1745919875.952065,0,0,1,1,21
1745919875.952065,0,0,1,1,21
1745919876.315562,0,0,0,0,10
1745919876.315562,0,0,0,0,10
1745919876.315562,0,0,0,0,10
1745919876.971767,0,0,0,0,17
1745919876.971767,0,0,0,0,17
1745919877.313136,0,0,0,0,17
1745919877.313136,0,0,0,0,17
1745919877.313136,0,0,0,0,17
1745919877.959505,0,0,0,0,32
1745919877.959505,0,0,0,0,32
1745919878.312153,0,0,0,0,11
1745919878.312153,0,0,0,0,11
1745919878.312153,0,0,0,0,11
1745919878.950816,0,0,0,0,20
1745919878.950816,0,0,0,0,20
1745919879.310975,0,0,2,0,21
1745919879.310975,0,0,2,0,21
1745919879.310975,0,0,2,0,21
1745919879.953123,0,0,0,0,13
1745919879.953123,0,0,0,0,13
1745919880.312258,0,0,2,0,16
1745919880.312258,0,0,2,0,16
1745919880.312258,0,0,2,0,16
1745919880.9508,0,0,0,0,26
1745919880.9508,0,0,0,0,26
1745919881.316111,0,0,0,0,12
1745919881.316111,0,0,0,0,12
1745919881.316111,0,0,0,0,12
1745919881.952491,0,0,0,0,18
1745919881.952491,0,0,0,0,18
1745919882.333628,0,0,0,0,8
1745919882.333628,0,0,0,0,8
1745919882.333628,0,0,0,0,8
1745919882.954156,0,0,1,0,32
1745919882.954156,0,0,1,0,32
1745919883.31589,0,0,0,0,5
1745919883.31589,0,0,0,0,5
1745919883.31589,0,0,0,0,5
1745919883.953479,0,0,0,0,29
1745919884.315173,0,0,0,0,10
1745919884.315173,0,0,0,0,10
1745919884.315173,0,0,0,0,10
1745919884.315173,0,0,0,0,10
1745919884.956424,0,0,0,0,16
1745919885.32016,0,0,0,0,19
1745919885.32016,0,0,0,0,19
1745919885.32016,0,0,0,0,19
1745919885.32016,0,0,0,0,19
1745919885.973455,0,0,0,0,18
1745919886.319559,0,0,0,0,9
1745919886.319559,0,0,0,0,9
1745919886.319559,0,0,0,0,9
1745919886.956103,0,0,0,0,15
1745919886.956103,0,0,0,0,15
1745919887.31946,0,0,0,0,16
1745919887.31946,0,0,0,0,16
1745919887.31946,0,0,0,0,16
1745919887.956516,0,0,1,0,29
1745919887.956516,0,0,1,0,29
1745919888.322878,0,0,0,2,9
1745919888.322878,0,0,0,2,9
1745919888.322878,0,0,0,2,9
1745919888.957916,0,0,0,0,21
1745919888.957916,0,0,0,0,21
1745919889.323033,0,0,0,0,8
1745919889.323033,0,0,0,0,8
1745919889.323033,0,0,0,0,8
1745919889.960327,0,0,0,0,28
1745919889.960327,0,0,0,0,28
1745919890.329759,0,0,0,0,16
1745919890.329759,0,0,0,0,16
1745919890.329759,0,0,0,0,16
1745919890.981365,0,0,0,0,17
1745919890.981365,0,0,0,0,17
1745919891.326064,0,0,1,0,10
1745919891.326064,0,0,1,0,10
1745919891.326064,0,0,1,0,10
1745919891.984075,0,0,1,0,19
1745919891.984075,0,0,1,0,19
1745919892.324779,0,0,0,0,13
1745919892.324779,0,0,0,0,13
1745919892.324779,0,0,0,0,13
1745919892.985773,0,0,1,0,22
1745919892.985773,0,0,1,0,22
1745919893.325367,0,0,0,0,43
1745919893.325367,0,0,0,0,43
1745919893.325367,0,0,0,0,43
1745919893.971343,0,0,0,0,24
1745919893.971343,0,0,0,0,24
1745919894.325584,0,0,0,0,12
1745919894.325584,0,0,0,0,12
1745919894.325584,0,0,0,0,12
1745919894.973627,0,0,2,0,12
1745919894.973627,0,0,2,0,12
1745919895.329544,0,0,1,0,19
1745919895.329544,0,0,1,0,19
1745919895.329544,0,0,1,0,19
1745919895.972319,0,0,0,1,23
1745919895.972319,0,0,0,1,23
1745919896.331882,0,0,0,0,14
1745919896.331882,0,0,0,0,14
1745919896.331882,0,0,0,0,14
1745919896.974202,0,0,0,0,18
1745919896.974202,0,0,0,0,18
1745919897.34475,0,0,0,0,11
1745919897.34475,0,0,0,0,11
1745919897.34475,0,0,0,0,11
1745919897.978818,0,0,0,0,22
1745919898.330484,0,0,0,0,6
1745919898.330484,0,0,0,0,6
1745919898.330484,0,0,0,0,6
1745919898.330484,0,0,0,0,6
1745919898.977402,0,0,0,0,14
1745919899.335068,0,0,0,1,14
1745919899.335068,0,0,0,1,14
1745919899.335068,0,0,0,1,14
1745919899.335068,0,0,0,1,14
1745919899.974451,0,0,0,0,16
1745919900.334147,0,0,0,0,9
1745919900.334147,0,0,0,0,9
1745919900.334147,0,0,0,0,9
1745919900.973804,0,0,0,1,27
1745919900.973804,0,0,0,1,27
1745919901.332992,0,0,0,0,9
1745919901.332992,0,0,0,0,9
1745919901.332992,0,0,0,0,9
1745919901.977459,0,0,0,0,14
1745919901.977459,0,0,0,0,14
1745919902.337788,0,0,0,0,10
1745919902.337788,0,0,0,0,10
1745919902.337788,0,0,0,0,10
1745919902.98214,0,0,0,0,25
1745919902.98214,0,0,0,0,25
1745919903.34893,0,0,0,0,7
1745919903.34893,0,0,0,0,7
1745919903.34893,0,0,0,0,7
1745919903.980037,0,0,0,0,15
1745919903.980037,0,0,0,0,15
1745919904.339252,0,0,0,0,14
1745919904.339252,0,0,0,0,14
1745919904.339252,0,0,0,0,14
1745919904.991387,0,0,2,0,18
1745919904.991387,0,0,2,0,18
1745919905.344211,0,0,0,0,4
1745919905.344211,0,0,0,0,4
1745919905.344211,0,0,0,0,4
1745919905.979579,0,0,0,0,24
1745919905.979579,0,0,0,0,24
1745919906.338664,0,0,1,0,9
1745919906.338664,0,0,1,0,9
1745919906.338664,0,0,1,0,9
1745919906.980689,0,0,0,0,15
1745919906.980689,0,0,0,0,15
1745919907.341995,0,0,0,0,7
1745919907.341995,0,0,0,0,7
1745919907.341995,0,0,0,0,7
1745919907.982879,0,0,0,0,22
1745919907.982879,0,0,0,0,22
1745919908.341227,0,0,0,0,7
1745919908.341227,0,0,0,0,7
1745919908.341227,0,0,0,0,7
1745919908.984046,0,0,0,0,16
1745919908.984046,0,0,0,0,16
1745919909.346833,0,0,0,0,5
1745919909.346833,0,0,0,0,5
1745919909.346833,0,0,0,0,5
1745919909.987078,0,0,0,0,17
1745919909.987078,0,0,0,0,17
1745919910.347949,0,0,1,0,8
1745919910.347949,0,0,1,0,8
1745919910.347949,0,0,1,0,8
1745919910.992075,0,0,0,0,20
1745919910.992075,0,0,0,0,20
1745919911.349761,0,0,0,0,9
1745919911.349761,0,0,0,0,9
1745919911.349761,0,0,0,0,9
1745919911.996998,0,0,2,0,9
1745919912.354685,0,0,0,0,6
1745919912.354685,0,0,0,0,6
1745919912.354685,0,0,0,0,6
1745919912.354685,0,0,0,0,6
1745919912.988598,0,0,0,0,15
1745919913.347227,0,0,1,0,8
1745919913.347227,0,0,1,0,8
1745919913.347227,0,0,1,0,8
1745919913.347227,0,0,1,0,8
1745919913.993858,0,0,1,0,24
1745919914.351082,0,0,0,0,11
1745919914.351082,0,0,0,0,11
1745919914.351082,0,0,0,0,11
1745919914.987731,0,0,0,0,17
1745919914.987731,0,0,0,0,17
1745919915.353683,0,0,0,0,9
1745919915.353683,0,0,0,0,9
1745919915.353683,0,0,0,0,9
1745919915.989609,0,0,0,0,19
1745919915.989609,0,0,0,0,19
1745919916.351268,0,0,0,0,13
1745919916.351268,0,0,0,0,13
1745919916.351268,0,0,0,0,13
1745919916.999838,0,0,0,0,18
1745919916.999838,0,0,0,0,18
1745919917.356567,0,0,0,0,10
1745919917.356567,0,0,0,0,10
1745919917.356567,0,0,0,0,10
1745919918.006249,0,0,1,0,16
1745919918.006249,0,0,1,0,16
1745919918.354371,0,0,0,0,13
1745919918.354371,0,0,0,0,13
1745919918.354371,0,0,0,0,13
1745919919.000156,0,0,1,0,23
1745919919.000156,0,0,1,0,23
1745919919.35509,0,0,0,0,8
1745919919.35509,0,0,0,0,8
1745919919.35509,0,0,0,0,8
1745919920.000314,0,0,0,0,13
1745919920.000314,0,0,0,0,13
1745919920.353838,0,0,1,0,22
1745919920.353838,0,0,1,0,22
1745919920.353838,0,0,1,0,22
1745919920.998999,0,0,2,1,25
1745919920.998999,0,0,2,1,25
1745919921.357602,0,0,1,0,9
1745919921.357602,0,0,1,0,9
1745919921.357602,0,0,1,0,9
1745919922.00444,0,0,0,0,19
1745919922.00444,0,0,0,0,19
1745919922.359661,0,0,1,0,5
1745919922.359661,0,0,1,0,5
1745919922.359661,0,0,1,0,5
1745919923.005974,0,0,1,0,17
1745919923.005974,0,0,1,0,17
1745919923.357051,0,0,0,0,9
1745919923.357051,0,0,0,0,9
1745919923.357051,0,0,0,0,9
1745919924.008289,0,0,0,1,26
1745919924.008289,0,0,0,1,26
1745919924.378649,0,0,0,0,16
1745919924.378649,0,0,0,0,16
1745919924.378649,0,0,0,0,16
1745919925.007819,0,0,0,1,15
1745919925.007819,0,0,0,1,15
1745919925.378112,0,0,0,0,8
1745919925.378112,0,0,0,0,8
1745919925.378112,0,0,0,0,8
1745919925.999737,0,0,0,0,15
1745919926.359169,0,0,1,0,4
1745919926.359169,0,0,1,0,4
1745919926.359169,0,0,1,0,4
1745919926.359169,0,0,1,0,4
1745919926.999736,0,0,0,0,12
1745919927.359843,0,0,0,0,18
1745919927.359843,0,0,0,0,18
1745919927.359843,0,0,0,0,18
1745919927.359843,0,0,0,0,18
1745919928.006419,0,0,1,0,15
1745919928.372313,0,0,1,0,10
1745919928.372313,0,0,1,0,10
1745919928.372313,0,0,1,0,10
1745919929.009567,0,0,0,0,16
1745919929.009567,0,0,0,0,16
1745919929.376037,0,0,0,0,11
1745919929.376037,0,0,0,0,11
1745919929.376037,0,0,0,0,11
1745919930.020937,0,0,0,0,20
1745919930.020937,0,0,0,0,20
1745919930.370565,0,0,0,0,10
1745919930.370565,0,0,0,0,10
1745919930.370565,0,0,0,0,10
1745919931.051652,0,0,0,0,13
1745919931.051652,0,0,0,0,13
1745919931.369231,0,0,0,0,14
1745919931.369231,0,0,0,0,14
1745919931.369231,0,0,0,0,14
1745919932.013896,0,0,1,0,12
1745919932.013896,0,0,1,0,12
1745919932.370259,0,0,1,0,12
1745919932.370259,0,0,1,0,12
1745919932.370259,0,0,1,0,12
1745919933.011333,0,0,0,0,27
1745919933.011333,0,0,0,0,27
1745919933.369891,0,0,1,0,5
1745919933.369891,0,0,1,0,5
1745919933.369891,0,0,1,0,5
1745919934.012465,0,0,0,0,19
1745919934.012465,0,0,0,0,19
1745919934.369213,0,0,0,0,8
1745919934.369213,0,0,0,0,8
1745919934.369213,0,0,0,0,8
1745919935.014107,0,0,0,0,8
1745919935.014107,0,0,0,0,8
1745919935.370051,0,0,0,0,10
1745919935.370051,0,0,0,0,10
1745919935.370051,0,0,0,0,10
1745919936.018286,0,0,1,0,23
1745919936.018286,0,0,1,0,23
1745919936.377505,0,0,1,0,9
1745919936.377505,0,0,1,0,9
1745919936.377505,0,0,1,0,9
1745919937.014717,0,0,0,0,14
1745919937.014717,0,0,0,0,14
1745919937.372042,0,0,0,0,14
1745919937.372042,0,0,0,0,14
1745919937.372042,0,0,0,0,14
1745919938.023133,0,0,0,0,11
1745919938.023133,0,0,0,0,11
1745919938.370668,0,0,0,0,14
1745919938.370668,0,0,0,0,14
1745919938.370668,0,0,0,0,14
1745919939.018538,0,0,0,0,19
1745919939.018538,0,0,0,0,19
1745919939.372066,0,0,0,0,16
1745919939.372066,0,0,0,0,16
1745919939.372066,0,0,0,0,16
1745919940.01657,0,0,0,0,27
1745919940.374055,0,0,0,1,24
1745919940.374055,0,0,0,1,24
1745919940.374055,0,0,0,1,24
1745919940.374055,0,0,0,1,24
1745919941.021558,0,0,0,0,10
1745919941.382119,0,0,1,0,9
1745919941.382119,0,0,1,0,9
1745919941.382119,0,0,1,0,9
1745919941.382119,0,0,1,0,9
1745919942.02158,0,0,0,0,28
1745919942.390893,0,0,1,1,5
1745919942.390893,0,0,1,1,5
1745919942.390893,0,0,1,1,5
1745919943.020773,0,0,0,0,33
1745919943.020773,0,0,0,0,33
1745919943.386906,0,0,0,0,15
1745919943.386906,0,0,0,0,15
1745919943.386906,0,0,0,0,15
1745919944.023879,0,0,0,0,19
1745919944.023879,0,0,0,0,19
1745919944.378878,0,0,0,0,10
1745919944.378878,0,0,0,0,10
1745919944.378878,0,0,0,0,10
1745919945.034266,0,0,0,0,18
1745919945.034266,0,0,0,0,18
1745919945.377059,0,0,0,0,7
1745919945.377059,0,0,0,0,7
1745919945.377059,0,0,0,0,7
1745919946.024685,0,0,0,0,20
1745919946.024685,0,0,0,0,20
1745919946.382565,0,0,0,0,14
1745919946.382565,0,0,0,0,14
1745919946.382565,0,0,0,0,14
1745919947.025093,0,0,0,0,31
1745919947.025093,0,0,0,0,31
1745919947.379849,0,0,0,0,12
1745919947.379849,0,0,0,0,12
1745919947.379849,0,0,0,0,12
1745919948.027057,0,0,0,0,25
1745919948.027057,0,0,0,0,25
1745919948.382042,0,0,0,0,15
1745919948.382042,0,0,0,0,15
1745919948.382042,0,0,0,0,15
1745919949.026934,0,0,0,0,13
1745919949.026934,0,0,0,0,13
1745919949.383951,0,0,1,0,10
1745919949.383951,0,0,1,0,10
1745919949.383951,0,0,1,0,10
1745919950.030098,0,0,0,0,14
1745919950.030098,0,0,0,0,14
1745919950.386219,0,0,0,0,14
1745919950.386219,0,0,0,0,14
1745919950.386219,0,0,0,0,14
1745919951.034147,0,0,1,1,9
1745919951.034147,0,0,1,1,9
1745919951.387335,0,0,0,1,9
1745919951.387335,0,0,0,1,9
1745919951.387335,0,0,0,1,9
1745919952.028006,0,0,1,0,12
1745919952.39138,0,0,0,0,10
1745919952.39138,0,0,0,0,10
1745919952.39138,0,0,0,0,10
1745919952.39138,0,0,0,0,10
1745919953.030325,0,0,1,1,22
1745919953.386121,0,0,1,0,15
1745919953.386121,0,0,1,0,15
1745919953.386121,0,0,1,0,15
1745919953.386121,0,0,1,0,15
1745919954.040149,0,0,0,0,19
1745919954.387401,0,0,0,0,9
1745919954.387401,0,0,0,0,9
1745919954.387401,0,0,0,0,9
1745919954.387401,0,0,0,0,9
1745919955.037986,0,0,1,0,21
1745919955.387684,0,0,0,0,9
1745919955.387684,0,0,0,0,9
1745919955.387684,0,0,0,0,9
1745919956.033674,0,0,0,1,13
1745919956.033674,0,0,0,1,13
1745919956.412396,0,0,0,0,3
1745919956.412396,0,0,0,0,3
1745919956.412396,0,0,0,0,3
1745919957.056657,0,0,0,0,23
1745919957.056657,0,0,0,0,23
1745919957.389048,0,0,0,0,10
1745919957.389048,0,0,0,0,10
1745919957.389048,0,0,0,0,10
1745919958.042576,0,0,0,0,12
1745919958.042576,0,0,0,0,12
1745919958.390827,0,0,0,0,10
1745919958.390827,0,0,0,0,10
1745919958.390827,0,0,0,0,10
1745919959.038238,0,0,1,0,25
1745919959.038238,0,0,1,0,25
1745919959.400797,0,0,0,0,9
1745919959.400797,0,0,0,0,9
1745919959.400797,0,0,0,0,9
1745919960.036608,0,0,0,0,26
1745919960.036608,0,0,0,0,26
1745919960.391423,0,0,0,0,9
1745919960.391423,0,0,0,0,9
1745919960.391423,0,0,0,0,9
1745919961.044664,0,0,1,1,20
1745919961.044664,0,0,1,1,20
1745919961.395101,0,0,1,0,10
1745919961.395101,0,0,1,0,10
1745919961.395101,0,0,1,0,10
1745919962.039766,0,0,1,0,23
1745919962.039766,0,0,1,0,23
1745919962.399033,0,0,0,0,2
1745919962.399033,0,0,0,0,2
1745919962.399033,0,0,0,0,2
1745919963.045163,0,0,0,1,11
1745919963.045163,0,0,0,1,11
1745919963.393571,0,0,0,0,14
1745919963.393571,0,0,0,0,14
1745919963.393571,0,0,0,0,14
1745919964.042689,0,0,0,0,17
1745919964.042689,0,0,0,0,17
1745919964.399486,0,0,0,0,12
1745919964.399486,0,0,0,0,12
1745919964.399486,0,0,0,0,12
1745919965.040083,0,0,1,0,39
1745919965.040083,0,0,1,0,39
1745919965.399039,0,0,0,0,11
1745919965.399039,0,0,0,0,11
1745919965.399039,0,0,0,0,11
1745919966.044876,0,0,0,0,16
1745919966.40213,0,0,0,0,18
1745919966.40213,0,0,0,0,18
1745919966.40213,0,0,0,0,18
1745919966.40213,0,0,0,0,18
1745919967.053898,0,0,0,0,13
1745919967.40491,0,0,0,1,18
1745919967.40491,0,0,0,1,18
1745919967.40491,0,0,0,1,18
1745919967.40491,0,0,0,1,18
1745919968.056251,0,0,1,0,15
1745919968.420721,0,0,0,0,7
1745919968.420721,0,0,0,0,7
1745919968.420721,0,0,0,0,7
1745919969.053167,0,0,0,0,14
1745919969.053167,0,0,0,0,14
1745919969.40803,0,0,0,0,7
1745919969.40803,0,0,0,0,7
1745919969.40803,0,0,0,0,7
1745919970.0541,0,0,2,0,20
1745919970.0541,0,0,2,0,20
1745919970.402125,0,0,0,0,8
1745919970.402125,0,0,0,0,8
1745919970.402125,0,0,0,0,8
1745919971.071168,0,0,1,0,13
1745919971.071168,0,0,1,0,13
1745919971.405103,0,0,0,0,4
1745919971.405103,0,0,0,0,4
1745919971.405103,0,0,0,0,4
1745919972.057867,0,0,0,0,27
1745919972.057867,0,0,0,0,27
1745919972.406083,0,0,0,0,5
1745919972.406083,0,0,0,0,5
1745919972.406083,0,0,0,0,5
1745919973.055019,0,0,1,0,24
1745919973.055019,0,0,1,0,24
1745919973.404973,0,0,0,1,17
1745919973.404973,0,0,0,1,17
1745919973.404973,0,0,0,1,17
1745919974.058138,0,0,0,0,15
1745919974.058138,0,0,0,0,15
1745919974.411764,0,0,0,0,12
1745919974.411764,0,0,0,0,12
1745919974.411764,0,0,0,0,12
1745919975.056505,0,0,0,0,20
1745919975.056505,0,0,0,0,20
1745919975.411807,0,0,0,0,6
1745919975.411807,0,0,0,0,6
1745919975.411807,0,0,0,0,6
1745919976.063234,0,0,0,2,20
1745919976.063234,0,0,0,2,20
1745919976.413479,0,0,0,1,13
1745919976.413479,0,0,0,1,13
1745919976.413479,0,0,0,1,13
1745919977.076658,0,0,0,0,14
1745919977.076658,0,0,0,0,14
1745919977.411689,0,0,0,0,7
1745919977.411689,0,0,0,0,7
1745919977.411689,0,0,0,0,7
1745919978.061836,0,0,0,0,31
1745919978.061836,0,0,0,0,31
1745919978.412707,0,0,0,0,5
1745919978.412707,0,0,0,0,5
1745919978.412707,0,0,0,0,5
1745919979.067124,0,0,1,0,13
1745919979.067124,0,0,1,0,13
1745919979.418902,0,0,0,0,16
1745919979.418902,0,0,0,0,16
1745919979.418902,0,0,0,0,16
1745919980.065052,0,0,2,0,19
1745919980.422526,0,0,1,0,4
1745919980.422526,0,0,1,0,4
1745919980.422526,0,0,1,0,4
1745919980.422526,0,0,1,0,4
1745919981.064712,0,0,0,0,21
1745919981.43376,0,0,0,0,7
1745919981.43376,0,0,0,0,7
1745919981.43376,0,0,0,0,7
1745919981.43376,0,0,0,0,7
1745919982.063986,0,0,1,0,17
1745919982.427898,0,0,0,0,15
1745919982.427898,0,0,0,0,15
1745919982.427898,0,0,0,0,15
1745919982.427898,0,0,0,0,15
1745919983.080162,0,0,0,0,19
1745919983.420095,0,0,0,0,11
1745919983.420095,0,0,0,0,11
1745919983.420095,0,0,0,0,11
1745919983.420095,0,0,0,0,11
1745919984.074492,0,0,1,0,16
1745919984.418099,0,0,0,0,12
1745919984.418099,0,0,0,0,12
1745919984.418099,0,0,0,0,12
1745919985.070366,0,0,0,0,21
1745919985.070366,0,0,0,0,21
1745919985.421836,0,0,0,0,16
1745919985.421836,0,0,0,0,16
1745919985.421836,0,0,0,0,16
1745919986.073272,0,0,0,0,17
1745919986.073272,0,0,0,0,17
1745919986.424444,0,0,0,0,11
1745919986.424444,0,0,0,0,11
1745919986.424444,0,0,0,0,11
1745919987.088993,0,0,1,0,26
1745919987.088993,0,0,1,0,26
1745919987.424749,0,0,1,0,6
1745919987.424749,0,0,1,0,6
1745919987.424749,0,0,1,0,6
1745919988.074825,0,0,1,0,18
1745919988.074825,0,0,1,0,18
1745919988.423129,0,0,1,0,13
1745919988.423129,0,0,1,0,13
1745919988.423129,0,0,1,0,13
1745919989.072974,0,0,0,0,27
1745919989.072974,0,0,0,0,27
1745919989.430025,0,0,0,0,10
1745919989.430025,0,0,0,0,10
1745919989.430025,0,0,0,0,10
1745919990.087949,0,0,0,0,21
1745919990.087949,0,0,0,0,21
1745919990.425866,0,0,1,0,11
1745919990.425866,0,0,1,0,11
1745919990.425866,0,0,1,0,11
1745919991.07802,0,0,0,0,25
1745919991.07802,0,0,0,0,25
1745919991.423061,0,0,0,0,12
1745919991.423061,0,0,0,0,12
1745919991.423061,0,0,0,0,12
1745919992.078551,0,0,0,0,27
1745919992.078551,0,0,0,0,27
1745919992.429081,0,0,0,0,16
1745919992.429081,0,0,0,0,16
1745919992.429081,0,0,0,0,16
1745919993.081129,0,0,0,0,12
1745919993.081129,0,0,0,0,12
1745919993.43126,0,0,0,0,11
1745919993.43126,0,0,0,0,11
1745919993.43126,0,0,0,0,11
1745919994.080513,0,0,1,0,21
1745919994.430664,0,0,0,0,5
1745919994.430664,0,0,0,0,5
1745919994.430664,0,0,0,0,5
1745919994.430664,0,0,0,0,5
1745919995.082368,0,0,0,0,17
1745919995.445089,0,0,0,0,9
1745919995.445089,0,0,0,0,9
1745919995.445089,0,0,0,0,9
1745919995.445089,0,0,0,0,9
1745919996.082278,0,0,0,0,18
1745919996.455226,0,0,0,0,3
1745919996.455226,0,0,0,0,3
1745919996.455226,0,0,0,0,3
1745919997.089048,0,0,3,0,19
1745919997.089048,0,0,3,0,19
1745919997.445467,0,0,0,0,20
1745919997.445467,0,0,0,0,20
1745919997.445467,0,0,0,0,20
1745919998.085233,0,0,1,0,14
1745919998.085233,0,0,1,0,14
1745919998.439553,0,0,0,0,10
1745919998.439553,0,0,0,0,10
1745919998.439553,0,0,0,0,10
1745919999.093287,0,0,1,1,22
1745919999.093287,0,0,1,1,22
1745919999.446811,0,0,0,0,20
1745919999.446811,0,0,0,0,20
1745919999.446811,0,0,0,0,20
1745920000.093141,0,0,0,0,9
1745920000.093141,0,0,0,0,9
1745920000.451177,0,0,0,0,6
1745920000.451177,0,0,0,0,6
1745920000.451177,0,0,0,0,6
1745920001.102102,0,0,1,0,19
1745920001.102102,0,0,1,0,19
1745920001.442038,0,0,0,0,21
1745920001.442038,0,0,0,0,21
1745920001.442038,0,0,0,0,21
1745920002.090676,0,0,0,0,26
1745920002.090676,0,0,0,0,26
1745920002.444165,0,0,0,0,7
1745920002.444165,0,0,0,0,7
1745920002.444165,0,0,0,0,7
1745920003.09536,0,0,1,0,24
1745920003.09536,0,0,1,0,24
1745920003.442243,0,0,0,0,10
1745920003.442243,0,0,0,0,10
1745920003.442243,0,0,0,0,10
1745920004.100981,0,0,1,0,11
1745920004.100981,0,0,1,0,11
1745920004.441896,0,0,0,0,6
1745920004.441896,0,0,0,0,6
1745920004.441896,0,0,0,0,6
1745920005.098898,0,0,0,0,25
1745920005.098898,0,0,0,0,25
1745920005.441967,0,0,0,0,11
1745920005.441967,0,0,0,0,11
1745920005.441967,0,0,0,0,11
1745920006.096955,0,0,2,0,11
1745920006.096955,0,0,2,0,11
1745920006.453002,0,0,0,0,20
1745920006.453002,0,0,0,0,20
1745920006.453002,0,0,0,0,20
1745920007.102248,0,0,0,0,14
1745920007.448058,0,0,0,0,5
1745920007.448058,0,0,0,0,5
1745920007.448058,0,0,0,0,5
1745920007.448058,0,0,0,0,5
1745920008.097599,0,0,0,0,6
1745920008.449477,0,0,0,0,21
1745920008.449477,0,0,0,0,21
1745920008.449477,0,0,0,0,21
1745920008.449477,0,0,0,0,21
1745920009.104788,0,0,1,0,12
1745920009.457703,0,0,0,0,8
1745920009.457703,0,0,0,0,8
1745920009.457703,0,0,0,0,8
1745920009.457703,0,0,0,0,8
1745920010.112986,0,0,0,0,29
1745920010.448031,0,0,0,0,11
1745920010.448031,0,0,0,0,11
1745920010.448031,0,0,0,0,11
1745920010.448031,0,0,0,0,11
1745920011.107828,0,0,0,0,17
1745920011.451978,0,0,0,0,4
1745920011.451978,0,0,0,0,4
1745920011.451978,0,0,0,0,4
1745920012.108285,0,0,0,1,19
1745920012.108285,0,0,0,1,19
1745920012.453843,0,0,0,0,11
1745920012.453843,0,0,0,0,11
1745920012.453843,0,0,0,0,11
1745920013.107583,0,0,1,0,13
1745920013.107583,0,0,1,0,13
1745920013.458067,0,0,0,1,4
1745920013.458067,0,0,0,1,4
1745920013.458067,0,0,0,1,4
1745920014.107022,0,0,0,0,15
1745920014.107022,0,0,0,0,15
1745920014.452034,0,0,0,0,9
1745920014.452034,0,0,0,0,9
1745920014.452034,0,0,0,0,9
1745920015.117935,0,0,0,0,14
1745920015.117935,0,0,0,0,14
1745920015.459811,0,0,0,0,7
1745920015.459811,0,0,0,0,7
1745920015.459811,0,0,0,0,7
1745920016.117036,0,0,0,0,14
1745920016.117036,0,0,0,0,14
1745920016.46473,0,0,1,0,8
1745920016.46473,0,0,1,0,8
1745920016.46473,0,0,1,0,8
1745920017.110199,0,0,0,0,24
1745920017.110199,0,0,0,0,24
1745920017.458058,0,0,0,0,13
1745920017.458058,0,0,0,0,13
1745920017.458058,0,0,0,0,13
1745920018.110307,0,0,1,0,22
1745920018.110307,0,0,1,0,22
1745920018.46057,0,0,1,0,6
1745920018.46057,0,0,1,0,6
1745920018.46057,0,0,1,0,6
1745920019.116041,0,0,0,0,24
1745920019.116041,0,0,0,0,24
1745920019.472671,0,0,0,0,8
1745920019.472671,0,0,0,0,8
1745920019.472671,0,0,0,0,8
1745920020.113132,0,0,0,0,21
1745920020.464648,0,0,0,0,7
1745920020.464648,0,0,0,0,7
1745920020.464648,0,0,0,0,7
1745920020.464648,0,0,0,0,7
1745920021.114092,0,0,0,0,13
1745920021.464495,0,0,1,0,9
1745920021.464495,0,0,1,0,9
1745920021.464495,0,0,1,0,9
1745920021.464495,0,0,1,0,9
1745920022.132674,0,0,0,0,18
1745920022.475428,0,0,1,0,16
1745920022.475428,0,0,1,0,16
1745920022.475428,0,0,1,0,16
1745920022.475428,0,0,1,0,16
1745920023.125102,0,0,0,0,23
1745920023.474693,0,0,0,0,9
1745920023.474693,0,0,0,0,9
1745920023.474693,0,0,0,0,9
1745920023.474693,0,0,0,0,9
1745920024.138345,0,0,0,1,19
1745920024.475606,0,0,0,0,7
1745920024.475606,0,0,0,0,7
1745920024.475606,0,0,0,0,7
1745920024.475606,0,0,0,0,7
1745920025.138992,0,0,1,0,12
1745920025.474192,0,0,0,0,7
1745920025.474192,0,0,0,0,7
1745920025.474192,0,0,0,0,7
1745920026.137002,0,0,0,0,23
1745920026.137002,0,0,0,0,23
1745920026.4786,0,0,0,0,10
1745920026.4786,0,0,0,0,10
1745920026.4786,0,0,0,0,10
1745920027.139444,0,0,0,1,18
1745920027.139444,0,0,0,1,18
1745920027.476879,0,0,0,0,20
1745920027.476879,0,0,0,0,20
1745920027.476879,0,0,0,0,20
1745920028.136347,0,0,0,0,30
1745920028.136347,0,0,0,0,30
1745920028.481408,0,0,0,0,4
1745920028.481408,0,0,0,0,4
1745920028.481408,0,0,0,0,4
1745920029.15825,0,0,0,0,23
1745920029.15825,0,0,0,0,23
1745920029.476603,0,0,0,0,10
1745920029.476603,0,0,0,0,10
1745920029.476603,0,0,0,0,10
1745920030.13977,0,0,1,0,16
1745920030.13977,0,0,1,0,16
1745920030.475111,0,0,0,0,7
1745920030.475111,0,0,0,0,7
1745920030.475111,0,0,0,0,7
1745920031.142745,0,0,0,0,21
1745920031.142745,0,0,0,0,21
1745920031.475535,0,0,1,0,7
1745920031.475535,0,0,1,0,7
1745920031.475535,0,0,1,0,7
1745920032.143093,0,0,1,0,20
1745920032.143093,0,0,1,0,20
1745920032.475261,0,0,0,0,8
1745920032.475261,0,0,0,0,8
1745920032.475261,0,0,0,0,8
1745920033.142545,0,0,0,0,18
1745920033.142545,0,0,0,0,18
1745920033.482518,0,0,0,0,6
1745920033.482518,0,0,0,0,6
1745920033.482518,0,0,0,0,6
1745920034.145713,0,0,1,0,21
1745920034.47834,0,0,0,0,7
1745920034.47834,0,0,0,0,7
1745920034.47834,0,0,0,0,7
1745920034.47834,0,0,0,0,7
1745920035.152719,0,0,0,0,30
1745920035.152719,0,0,0,0,30
1745920035.501607,0,0,1,1,5
1745920035.501607,0,0,1,1,5
1745920035.501607,0,0,1,1,5
1745920036.158892,0,0,0,1,20
1745920036.479942,0,0,0,0,13
1745920036.479942,0,0,0,0,13
1745920036.479942,0,0,0,0,13
1745920036.479942,0,0,0,0,13
1745920037.154787,0,0,0,0,29
1745920037.480876,0,0,0,0,11
1745920037.480876,0,0,0,0,11
1745920037.480876,0,0,0,0,11
1745920037.480876,0,0,0,0,11
1745920038.159297,0,0,1,0,22
1745920038.481922,0,0,0,0,6
1745920038.481922,0,0,0,0,6
1745920038.481922,0,0,0,0,6
1745920039.154739,0,0,0,0,19
1745920039.154739,0,0,0,0,19
1745920039.496717,0,0,0,0,8
1745920039.496717,0,0,0,0,8
1745920039.496717,0,0,0,0,8
1745920040.152883,0,0,1,0,26
1745920040.152883,0,0,1,0,26
1745920040.483986,0,0,0,0,8
1745920040.483986,0,0,0,0,8
1745920040.483986,0,0,0,0,8
1745920041.156131,0,0,0,0,20
1745920041.156131,0,0,0,0,20
1745920041.494759,0,0,1,0,6
1745920041.494759,0,0,1,0,6
1745920041.494759,0,0,1,0,6
1745920042.160094,0,0,0,0,15
1745920042.160094,0,0,0,0,15
1745920042.490291,0,0,0,0,10
1745920042.490291,0,0,0,0,10
1745920042.490291,0,0,0,0,10
1745920043.155661,0,0,0,0,21
1745920043.155661,0,0,0,0,21
1745920043.487949,0,0,0,0,13
1745920043.487949,0,0,0,0,13
1745920043.487949,0,0,0,0,13
1745920044.159511,0,0,0,0,24
1745920044.159511,0,0,0,0,24
1745920044.486764,0,0,0,0,7
1745920044.486764,0,0,0,0,7
1745920044.486764,0,0,0,0,7
1745920045.159195,0,0,0,0,15
1745920045.159195,0,0,0,0,15
1745920045.487992,0,0,0,0,14
1745920045.487992,0,0,0,0,14
1745920045.487992,0,0,0,0,14
1745920046.159505,0,0,0,1,33
1745920046.159505,0,0,0,1,33
1745920046.491323,0,0,0,0,24
1745920046.491323,0,0,0,0,24
1745920046.491323,0,0,0,0,24
1745920047.157652,0,0,1,0,7
1745920047.157652,0,0,1,0,7
1745920047.494596,0,0,1,0,17
1745920047.494596,0,0,1,0,17
1745920047.494596,0,0,1,0,17
1745920048.160457,0,0,0,0,20
1745920048.160457,0,0,0,0,20
1745920048.512099,0,0,0,0,12
1745920048.512099,0,0,0,0,12
1745920048.512099,0,0,0,0,12
1745920049.162969,0,0,0,0,21
1745920049.506968,0,0,0,0,8
1745920049.506968,0,0,0,0,8
1745920049.506968,0,0,0,0,8
1745920049.506968,0,0,0,0,8
1745920050.169759,0,0,0,2,31
1745920050.508109,0,0,0,1,8
1745920050.508109,0,0,0,1,8
1745920050.508109,0,0,0,1,8
1745920050.508109,0,0,0,1,8
1745920051.167928,0,0,0,0,18
1745920051.50544,0,0,0,0,8
1745920051.50544,0,0,0,0,8
1745920051.50544,0,0,0,0,8
1745920051.50544,0,0,0,0,8
1745920052.166121,0,0,0,0,19
1745920052.513416,0,0,0,0,10
1745920052.513416,0,0,0,0,10
1745920052.513416,0,0,0,0,10
1745920052.513416,0,0,0,0,10
1745920053.169051,0,0,0,0,24
1745920053.509657,0,0,0,0,12
1745920053.509657,0,0,0,0,12
1745920053.509657,0,0,0,0,12
1745920054.168373,0,0,1,0,27
1745920054.168373,0,0,1,0,27
1745920054.520643,0,0,1,0,14
1745920054.520643,0,0,1,0,14
1745920054.520643,0,0,1,0,14
1745920055.172196,0,0,0,0,21
1745920055.172196,0,0,0,0,21
1745920055.507539,0,0,0,0,7
1745920055.507539,0,0,0,0,7
1745920055.507539,0,0,0,0,7
1745920056.17075,0,0,0,0,24
1745920056.17075,0,0,0,0,24
1745920056.511721,0,0,0,0,7
1745920056.511721,0,0,0,0,7
1745920056.511721,0,0,0,0,7
1745920057.17576,0,0,0,0,15
1745920057.17576,0,0,0,0,15
1745920057.512426,0,0,0,0,9
1745920057.512426,0,0,0,0,9
1745920057.512426,0,0,0,0,9
1745920058.183269,0,0,0,0,10
1745920058.183269,0,0,0,0,10
1745920058.513587,0,0,0,0,12
1745920058.513587,0,0,0,0,12
1745920058.513587,0,0,0,0,12
1745920059.171346,0,0,0,0,14
1745920059.171346,0,0,0,0,14
1745920059.51174,0,0,0,0,10
1745920059.51174,0,0,0,0,10
1745920059.51174,0,0,0,0,10
1745920060.171638,0,0,0,0,20
1745920060.171638,0,0,0,0,20
1745920060.513133,0,0,0,1,8
1745920060.513133,0,0,0,1,8
1745920060.513133,0,0,0,1,8
1745920061.181868,0,0,1,0,12
1745920061.181868,0,0,1,0,12
1745920061.523161,0,0,0,0,14
1745920061.523161,0,0,0,0,14
1745920061.523161,0,0,0,0,14
1745920062.180625,0,0,0,0,17
1745920062.180625,0,0,0,0,17
1745920062.525892,0,0,0,0,12
1745920062.525892,0,0,0,0,12
1745920062.525892,0,0,0,0,12
1745920063.175113,0,0,0,0,12
1745920063.522052,0,0,0,0,16
1745920063.522052,0,0,0,0,16
1745920063.522052,0,0,0,0,16
1745920063.522052,0,0,0,0,16
1745920064.174808,0,0,0,0,28
1745920064.519959,0,0,0,0,11
1745920064.519959,0,0,0,0,11
1745920064.519959,0,0,0,0,11
1745920064.519959,0,0,0,0,11
1745920065.179065,0,0,1,0,24
1745920065.528405,0,0,0,0,5
1745920065.528405,0,0,0,0,5
1745920065.528405,0,0,0,0,5
1745920065.528405,0,0,0,0,5
1745920066.191098,0,0,0,0,15
1745920066.52296,0,0,0,0,20
1745920066.52296,0,0,0,0,20
1745920066.52296,0,0,0,0,20
1745920066.52296,0,0,0,0,20
1745920067.202712,0,0,0,0,13
1745920067.530059,0,0,0,0,4
1745920067.530059,0,0,0,0,4
1745920067.530059,0,0,0,0,4
1745920068.180436,0,0,3,0,19
1745920068.180436,0,0,3,0,19
1745920068.527055,0,0,0,0,11
1745920068.527055,0,0,0,0,11
1745920068.527055,0,0,0,0,11
1745920069.190031,0,0,0,0,21
1745920069.190031,0,0,0,0,21
1745920069.526529,0,0,0,0,7
1745920069.526529,0,0,0,0,7
1745920069.526529,0,0,0,0,7
1745920070.186868,0,0,1,0,29
1745920070.186868,0,0,1,0,29
1745920070.53083,0,0,0,1,8
1745920070.53083,0,0,0,1,8
1745920070.53083,0,0,0,1,8
1745920071.190752,0,0,0,0,12
1745920071.190752,0,0,0,0,12
1745920071.526534,0,0,0,0,10
1745920071.526534,0,0,0,0,10
1745920071.526534,0,0,0,0,10
1745920072.191372,0,0,0,0,22
1745920072.191372,0,0,0,0,22
1745920072.52931,0,0,0,0,11
1745920072.52931,0,0,0,0,11
1745920072.52931,0,0,0,0,11
1745920073.187324,0,0,0,0,15
1745920073.187324,0,0,0,0,15
1745920073.53111,0,0,0,0,10
1745920073.53111,0,0,0,0,10
1745920073.53111,0,0,0,0,10
1745920074.216706,0,0,0,0,25
1745920074.216706,0,0,0,0,25
1745920074.530275,0,0,0,0,11
1745920074.530275,0,0,0,0,11
1745920074.530275,0,0,0,0,11
1745920075.205798,0,0,0,0,14
1745920075.205798,0,0,0,0,14
1745920075.532356,0,0,0,0,7
1745920075.532356,0,0,0,0,7
1745920075.532356,0,0,0,0,7
1745920076.190043,0,0,1,0,25
1745920076.531095,0,0,0,0,4
1745920076.531095,0,0,0,0,4
1745920076.531095,0,0,0,0,4
1745920076.531095,0,0,0,0,4
1745920077.191958,0,0,0,0,15
1745920077.534496,0,0,2,0,9
1745920077.534496,0,0,2,0,9
1745920077.534496,0,0,2,0,9
1745920077.534496,0,0,2,0,9
1745920078.192544,0,0,0,1,11
1745920078.544987,0,0,0,0,19
1745920078.544987,0,0,0,0,19
1745920078.544987,0,0,0,0,19
1745920078.544987,0,0,0,0,19
1745920079.19393,0,0,0,0,21
1745920079.545455,0,0,0,0,10
1745920079.545455,0,0,0,0,10
1745920079.545455,0,0,0,0,10
1745920079.545455,0,0,0,0,10
1745920080.198476,0,0,0,0,11
1745920080.551525,0,0,0,0,6
1745920080.551525,0,0,0,0,6
1745920080.551525,0,0,0,0,6
1745920081.207055,0,0,0,1,21
1745920081.207055,0,0,0,1,21
1745920081.55083,0,0,0,0,10
1745920081.55083,0,0,0,0,10
1745920081.55083,0,0,0,0,10
1745920082.199624,0,0,0,0,19
1745920082.199624,0,0,0,0,19
1745920082.538542,0,0,0,0,9
1745920082.538542,0,0,0,0,9
1745920082.538542,0,0,0,0,9
1745920083.196841,0,0,0,0,25
1745920083.196841,0,0,0,0,25
1745920083.544637,0,0,0,0,15
1745920083.544637,0,0,0,0,15
1745920083.544637,0,0,0,0,15
1745920084.200412,0,0,0,0,20
1745920084.200412,0,0,0,0,20
1745920084.537242,0,0,1,1,7
1745920084.537242,0,0,1,1,7
1745920084.537242,0,0,1,1,7
1745920085.204101,0,0,1,0,22
1745920085.204101,0,0,1,0,22
1745920085.540324,0,0,1,0,14
1745920085.540324,0,0,1,0,14
1745920085.540324,0,0,1,0,14
1745920086.202397,0,0,1,0,25
1745920086.202397,0,0,1,0,25
1745920086.539459,0,0,0,0,12
1745920086.539459,0,0,0,0,12
1745920086.539459,0,0,0,0,12
1745920087.208679,0,0,1,0,17
1745920087.208679,0,0,1,0,17
1745920087.542426,0,0,0,0,5
1745920087.542426,0,0,0,0,5
1745920087.542426,0,0,0,0,5
1745920088.226035,0,0,0,0,16
1745920088.226035,0,0,0,0,16
1745920088.552791,0,0,0,0,10
1745920088.552791,0,0,0,0,10
1745920088.552791,0,0,0,0,10
1745920089.219104,0,0,0,0,7
1745920089.219104,0,0,0,0,7
1745920089.570104,0,0,0,0,9
1745920089.570104,0,0,0,0,9
1745920089.570104,0,0,0,0,9
1745920090.205484,0,0,0,0,9
1745920090.205484,0,0,0,0,9
1745920090.549454,0,0,0,0,12
1745920090.549454,0,0,0,0,12
1745920090.549454,0,0,0,0,12
1745920091.204953,0,0,1,0,24
1745920091.551064,0,0,1,0,9
1745920091.551064,0,0,1,0,9
1745920091.551064,0,0,1,0,9
1745920091.551064,0,0,1,0,9
1745920092.208241,0,0,0,0,22
1745920092.548234,0,0,0,0,16
1745920092.548234,0,0,0,0,16
1745920092.548234,0,0,0,0,16
1745920092.548234,0,0,0,0,16
1745920093.207231,0,0,0,0,23
1745920093.548914,0,0,0,0,9
1745920093.548914,0,0,0,0,9
1745920093.548914,0,0,0,0,9
1745920093.548914,0,0,0,0,9
1745920094.216792,0,0,1,0,28
1745920094.554605,0,0,1,0,11
1745920094.554605,0,0,1,0,11
1745920094.554605,0,0,1,0,11
1745920095.216408,0,0,1,0,25
1745920095.216408,0,0,1,0,25
1745920095.567365,0,0,0,0,7
1745920095.567365,0,0,0,0,7
1745920095.567365,0,0,0,0,7
1745920096.211093,0,0,0,0,19
1745920096.211093,0,0,0,0,19
1745920096.552083,0,0,0,0,15
1745920096.552083,0,0,0,0,15
1745920096.552083,0,0,0,0,15
1745920097.214816,0,0,1,1,11
1745920097.214816,0,0,1,1,11
1745920097.555396,0,0,0,0,13
1745920097.555396,0,0,0,0,13
1745920097.555396,0,0,0,0,13
1745920098.213073,0,0,0,0,21
1745920098.213073,0,0,0,0,21
1745920098.55418,0,0,0,0,11
1745920098.55418,0,0,0,0,11
1745920098.55418,0,0,0,0,11
1745920099.216042,0,0,1,0,11
1745920099.216042,0,0,1,0,11
1745920099.56063,0,0,0,0,12
1745920099.56063,0,0,0,0,12
1745920099.56063,0,0,0,0,12
1745920100.215077,0,0,0,0,15
1745920100.215077,0,0,0,0,15
1745920100.553923,0,0,0,0,8
1745920100.553923,0,0,0,0,8
1745920100.553923,0,0,0,0,8
1745920101.223203,0,0,1,0,19
1745920101.223203,0,0,1,0,19
1745920101.558019,0,0,1,0,2
1745920101.558019,0,0,1,0,2
1745920101.558019,0,0,1,0,2
1745920102.21844,0,0,0,0,25
1745920102.21844,0,0,0,0,25
1745920102.557546,0,0,0,0,4
1745920102.557546,0,0,0,0,4
1745920102.557546,0,0,0,0,4
1745920103.217063,0,0,2,0,20
1745920103.558332,0,0,0,1,9
1745920103.558332,0,0,0,1,9
1745920103.558332,0,0,0,1,9
1745920103.558332,0,0,0,1,9
1745920104.219152,0,0,0,0,12
1745920104.55977,0,0,0,0,15
1745920104.55977,0,0,0,0,15
1745920104.55977,0,0,0,0,15
1745920104.55977,0,0,0,0,15
1745920105.219201,0,0,1,1,17
1745920105.562951,0,0,0,0,22
1745920105.562951,0,0,0,0,22
1745920105.562951,0,0,0,0,22
1745920105.562951,0,0,0,0,22
1745920106.227338,0,0,0,0,23
1745920106.563265,0,0,0,0,5
1745920106.563265,0,0,0,0,5
1745920106.563265,0,0,0,0,5
1745920107.219937,0,0,0,0,26
1745920107.219937,0,0,0,0,26
1745920107.56923,0,0,0,0,14
1745920107.56923,0,0,0,0,14
1745920107.56923,0,0,0,0,14
1745920107.56923,0,0,0,0,14
1745920108.233889,0,0,0,2,21
1745920108.565694,0,0,1,0,4
1745920108.565694,0,0,1,0,4
1745920108.565694,0,0,1,0,4
1745920109.222667,0,0,1,0,13
1745920109.222667,0,0,1,0,13
1745920109.563432,0,0,0,0,13
1745920109.563432,0,0,0,0,13
1745920109.563432,0,0,0,0,13
1745920110.223036,0,0,0,0,16
1745920110.223036,0,0,0,0,16
1745920110.569201,0,0,0,0,11
1745920110.569201,0,0,0,0,11
1745920110.569201,0,0,0,0,11
1745920111.226066,0,0,0,0,31
1745920111.226066,0,0,0,0,31
1745920111.565171,0,0,0,0,7
1745920111.565171,0,0,0,0,7
1745920111.565171,0,0,0,0,7
1745920112.23005,0,0,1,0,11
1745920112.23005,0,0,1,0,11
1745920112.566886,0,0,0,0,9
1745920112.566886,0,0,0,0,9
1745920112.566886,0,0,0,0,9
1745920113.236239,0,0,0,0,27
1745920113.236239,0,0,0,0,27
1745920113.567087,0,0,0,0,8
1745920113.567087,0,0,0,0,8
1745920113.567087,0,0,0,0,8
1745920114.235418,0,0,1,0,46
1745920114.235418,0,0,1,0,46
1745920114.568299,0,0,0,0,13
1745920114.568299,0,0,0,0,13
1745920114.568299,0,0,0,0,13
1745920115.245088,0,0,0,0,20
1745920115.245088,0,0,0,0,20
1745920115.573471,0,0,0,0,9
1745920115.573471,0,0,0,0,9
1745920115.573471,0,0,0,0,9
1745920116.236041,0,0,1,0,14
1745920116.5702,0,0,1,0,9
1745920116.5702,0,0,1,0,9
1745920116.5702,0,0,1,0,9
1745920116.5702,0,0,1,0,9
1745920117.234793,0,0,0,1,20
1745920117.573352,0,0,0,0,11
1745920117.573352,0,0,0,0,11
1745920117.573352,0,0,0,0,11
1745920117.573352,0,0,0,0,11
1745920118.24377,0,0,0,0,21
1745920118.573223,0,0,1,0,13
1745920118.573223,0,0,1,0,13
1745920118.573223,0,0,1,0,13
1745920118.573223,0,0,1,0,13
1745920119.238283,0,0,0,0,19
1745920119.572907,0,0,1,1,15
1745920119.572907,0,0,1,1,15
1745920119.572907,0,0,1,1,15
1745920119.572907,0,0,1,1,15
1745920120.241512,0,0,1,1,26
1745920120.580928,0,0,0,0,11
1745920120.580928,0,0,0,0,11
1745920120.580928,0,0,0,0,11
1745920121.253478,0,0,2,0,16
1745920121.253478,0,0,2,0,16
1745920121.583577,0,0,0,0,7
1745920121.583577,0,0,0,0,7
1745920121.583577,0,0,0,0,7
1745920122.242759,0,0,0,1,14
1745920122.242759,0,0,0,1,14
1745920122.578543,0,0,1,0,8
1745920122.578543,0,0,1,0,8
1745920122.578543,0,0,1,0,8
1745920123.262613,0,0,1,0,19
1745920123.262613,0,0,1,0,19
1745920123.600591,0,0,0,0,4
1745920123.600591,0,0,0,0,4
1745920123.600591,0,0,0,0,4
1745920124.248878,0,0,0,0,19
1745920124.248878,0,0,0,0,19
1745920124.578027,0,0,0,0,2
1745920124.578027,0,0,0,0,2
1745920124.578027,0,0,0,0,2
1745920125.242107,0,0,0,0,15
1745920125.242107,0,0,0,0,15
1745920125.577148,0,0,0,0,9
1745920125.577148,0,0,0,0,9
1745920125.577148,0,0,0,0,9
1745920126.242997,0,0,0,1,19
1745920126.242997,0,0,0,1,19
1745920126.578369,0,0,0,0,10
1745920126.578369,0,0,0,0,10
1745920126.578369,0,0,0,0,10
1745920127.24433,0,0,0,0,15
1745920127.24433,0,0,0,0,15
1745920127.583998,0,0,1,0,11
1745920127.583998,0,0,1,0,11
1745920127.583998,0,0,1,0,11
1745920128.247473,0,0,1,1,21
1745920128.247473,0,0,1,1,21
1745920128.578887,0,0,0,0,8
1745920128.578887,0,0,0,0,8
1745920128.578887,0,0,0,0,8
1745920129.27439,0,0,1,0,10
1745920129.58,0,0,0,0,18
1745920129.58,0,0,0,0,18
1745920129.58,0,0,0,0,18
1745920129.58,0,0,0,0,18
1745920130.249601,0,0,0,0,12
1745920130.57894,0,0,0,0,7
1745920130.57894,0,0,0,0,7
1745920130.57894,0,0,0,0,7
1745920130.57894,0,0,0,0,7
1745920131.249642,0,0,0,0,12
1745920131.580429,0,0,0,0,5
1745920131.580429,0,0,0,0,5
1745920131.580429,0,0,0,0,5
1745920131.580429,0,0,0,0,5
1745920132.25066,0,0,0,0,27
1745920132.580746,0,0,1,0,16
1745920132.580746,0,0,1,0,16
1745920132.580746,0,0,1,0,16
1745920132.580746,0,0,1,0,16
1745920133.255486,0,0,0,0,21
1745920133.586014,0,0,1,0,21
1745920133.586014,0,0,1,0,21
1745920133.586014,0,0,1,0,21
1745920133.586014,0,0,1,0,21
1745920134.254505,0,0,0,0,12
1745920134.589642,0,0,0,0,11
1745920134.589642,0,0,0,0,11
1745920134.589642,0,0,0,0,11
1745920134.589642,0,0,0,0,11
1745920135.265917,0,0,0,0,21
1745920135.592095,0,0,0,1,14
1745920135.592095,0,0,0,1,14
1745920135.592095,0,0,0,1,14
1745920136.258195,0,0,0,0,7
1745920136.258195,0,0,0,0,7
1745920136.610767,0,0,0,0,8
1745920136.610767,0,0,0,0,8
1745920136.610767,0,0,0,0,8
1745920137.275929,0,0,0,1,19
1745920137.275929,0,0,0,1,19
1745920137.59343,0,0,0,0,3
1745920137.59343,0,0,0,0,3
1745920137.59343,0,0,0,0,3
1745920138.269606,0,0,1,1,26
1745920138.269606,0,0,1,1,26
1745920138.589699,0,0,0,0,11
1745920138.589699,0,0,0,0,11
1745920138.589699,0,0,0,0,11
1745920139.274008,0,0,1,0,13
1745920139.274008,0,0,1,0,13
1745920139.592578,0,0,0,0,7
1745920139.592578,0,0,0,0,7
1745920139.592578,0,0,0,0,7
1745920140.273514,0,0,1,1,27
1745920140.273514,0,0,1,1,27
1745920140.592436,0,0,0,0,14
1745920140.592436,0,0,0,0,14
1745920140.592436,0,0,0,0,14
1745920141.277159,0,0,0,0,14
1745920141.277159,0,0,0,0,14
1745920141.593116,0,0,0,0,17
1745920141.593116,0,0,0,0,17
1745920141.593116,0,0,0,0,17
1745920142.283323,0,0,0,0,17
1745920142.283323,0,0,0,0,17
1745920142.6061,0,0,0,0,12
1745920142.6061,0,0,0,0,12
1745920142.6061,0,0,0,0,12
1745920143.278833,0,0,0,0,25
1745920143.278833,0,0,0,0,25
1745920143.611979,0,0,0,0,13
1745920143.611979,0,0,0,0,13
1745920143.611979,0,0,0,0,13
1745920144.273612,0,0,1,0,15
1745920144.596582,0,0,0,0,11
1745920144.596582,0,0,0,0,11
1745920144.596582,0,0,0,0,11
1745920144.596582,0,0,0,0,11
1745920145.279983,0,0,1,0,27
1745920145.599825,0,0,1,0,14
1745920145.599825,0,0,1,0,14
1745920145.599825,0,0,1,0,14
1745920145.599825,0,0,1,0,14
1745920146.275475,0,0,0,0,22
1745920146.604072,0,0,0,0,5
1745920146.604072,0,0,0,0,5
1745920146.604072,0,0,0,0,5
1745920146.604072,0,0,0,0,5
1745920147.275789,0,0,1,0,28
1745920147.603106,0,0,0,0,19
1745920147.603106,0,0,0,0,19
1745920147.603106,0,0,0,0,19
1745920147.603106,0,0,0,0,19
1745920148.293004,0,0,0,0,18
1745920148.599622,0,0,0,0,14
1745920148.599622,0,0,0,0,14
1745920148.599622,0,0,0,0,14
1745920148.599622,0,0,0,0,14
1745920149.296595,0,0,0,0,12
1745920149.605089,0,0,0,0,11
1745920149.605089,0,0,0,0,11
1745920149.605089,0,0,0,0,11
1745920150.285005,0,0,0,0,21
1745920150.285005,0,0,0,0,21
1745920150.623183,0,0,0,0,8
1745920150.623183,0,0,0,0,8
1745920150.623183,0,0,0,0,8
1745920151.290001,0,0,0,0,14
1745920151.290001,0,0,0,0,14
1745920151.619046,0,0,0,0,5
1745920151.619046,0,0,0,0,5
1745920151.619046,0,0,0,0,5
1745920152.28051,0,0,1,1,43
1745920152.28051,0,0,1,1,43
1745920152.609098,0,0,0,0,5
1745920152.609098,0,0,0,0,5
1745920152.609098,0,0,0,0,5
1745920153.287888,0,0,1,0,18
1745920153.287888,0,0,1,0,18
1745920153.609162,0,0,0,0,7
1745920153.609162,0,0,0,0,7
1745920153.609162,0,0,0,0,7
1745920154.281582,0,0,0,0,41
1745920154.281582,0,0,0,0,41
1745920154.614977,0,0,0,0,9
1745920154.614977,0,0,0,0,9
1745920154.614977,0,0,0,0,9
1745920155.285077,0,0,2,0,25
1745920155.285077,0,0,2,0,25
1745920155.612956,0,0,0,0,9
1745920155.612956,0,0,0,0,9
1745920155.612956,0,0,0,0,9
1745920156.288662,0,0,0,0,13
1745920156.288662,0,0,0,0,13
1745920156.623715,0,0,0,0,1
1745920156.623715,0,0,0,0,1
1745920156.623715,0,0,0,0,1
1745920157.29679,0,0,0,0,10
1745920157.29679,0,0,0,0,10
1745920157.625402,0,0,1,0,13
1745920157.625402,0,0,1,0,13
1745920157.625402,0,0,1,0,13
1745920158.290653,0,0,0,0,25
1745920158.621648,0,0,0,0,11
1745920158.621648,0,0,0,0,11
1745920158.621648,0,0,0,0,11
1745920158.621648,0,0,0,0,11
1745920159.296499,0,0,1,1,27
1745920159.616665,0,0,1,0,9
1745920159.616665,0,0,1,0,9
1745920159.616665,0,0,1,0,9
1745920159.616665,0,0,1,0,9
1745920160.29169,0,0,3,0,21
1745920160.619206,0,0,0,0,7
1745920160.619206,0,0,0,0,7
1745920160.619206,0,0,0,0,7
1745920160.619206,0,0,0,0,7
1745920161.292047,0,0,0,0,16
1745920161.618593,0,0,0,0,17
1745920161.618593,0,0,0,0,17
1745920161.618593,0,0,0,0,17
1745920161.618593,0,0,0,0,17
1745920162.30511,0,0,0,0,29
1745920162.619404,0,0,0,0,8
1745920162.619404,0,0,0,0,8
1745920162.619404,0,0,0,0,8
1745920162.619404,0,0,0,0,8
1745920163.307289,0,0,1,0,20
1745920163.61969,0,0,0,0,11
1745920163.61969,0,0,0,0,11
1745920163.61969,0,0,0,0,11
1745920164.305779,0,0,0,0,17
1745920164.305779,0,0,0,0,17
1745920164.622686,0,0,0,0,12
1745920164.622686,0,0,0,0,12
1745920164.622686,0,0,0,0,12
1745920165.302851,0,0,1,0,26
1745920165.302851,0,0,1,0,26
1745920165.620293,0,0,0,0,10
1745920165.620293,0,0,0,0,10
1745920165.620293,0,0,0,0,10
1745920166.303959,0,0,0,0,14
1745920166.303959,0,0,0,0,14
1745920166.624044,0,0,0,0,10
1745920166.624044,0,0,0,0,10
1745920166.624044,0,0,0,0,10
1745920167.30628,0,0,0,0,14
1745920167.30628,0,0,0,0,14
1745920167.622925,0,0,0,0,11
1745920167.622925,0,0,0,0,11
1745920167.622925,0,0,0,0,11
1745920168.303667,0,0,0,0,15
1745920168.303667,0,0,0,0,15
1745920168.624998,0,0,0,0,16
1745920168.624998,0,0,0,0,16
1745920168.624998,0,0,0,0,16
1745920169.30497,0,0,0,0,31
1745920169.30497,0,0,0,0,31
1745920169.627394,0,0,1,0,5
1745920169.627394,0,0,1,0,5
1745920169.627394,0,0,1,0,5
1745920170.303701,0,0,0,0,23
1745920170.303701,0,0,0,0,23
1745920170.648286,0,0,0,0,24
1745920170.648286,0,0,0,0,24
1745920170.648286,0,0,0,0,24
1745920171.306721,0,0,0,0,35
1745920171.306721,0,0,0,0,35
1745920171.640282,0,0,0,0,9
1745920171.640282,0,0,0,0,9
1745920171.640282,0,0,0,0,9
1745920172.301638,0,0,0,0,27
1745920172.630798,0,0,0,0,11
1745920172.630798,0,0,0,0,11
1745920172.630798,0,0,0,0,11
1745920172.630798,0,0,0,0,11
1745920173.310312,0,0,0,0,12
1745920173.629422,0,0,0,0,6
1745920173.629422,0,0,0,0,6
1745920173.629422,0,0,0,0,6
1745920173.629422,0,0,0,0,6
1745920174.308087,0,0,0,0,26
1745920174.63241,0,0,0,0,21
1745920174.63241,0,0,0,0,21
1745920174.63241,0,0,0,0,21
1745920174.63241,0,0,0,0,21
1745920175.312593,0,0,1,0,16
1745920175.634423,0,0,0,0,10
1745920175.634423,0,0,0,0,10
1745920175.634423,0,0,0,0,10
1745920175.634423,0,0,0,0,10
1745920176.324999,0,0,0,0,20
1745920176.634929,0,0,0,0,8
1745920176.634929,0,0,0,0,8
1745920176.634929,0,0,0,0,8
1745920177.313038,0,0,0,0,11
1745920177.313038,0,0,0,0,11
1745920177.645029,0,0,0,0,5
1745920177.645029,0,0,0,0,5
1745920177.645029,0,0,0,0,5
1745920178.317691,0,0,0,1,16
1745920178.317691,0,0,0,1,16
1745920178.639761,0,0,1,0,13
1745920178.639761,0,0,1,0,13
1745920178.639761,0,0,1,0,13
1745920179.316112,0,0,0,1,11
1745920179.316112,0,0,0,1,11
1745920179.635419,0,0,0,0,6
1745920179.635419,0,0,0,0,6
1745920179.635419,0,0,0,0,6
1745920180.319231,0,0,0,1,10
1745920180.319231,0,0,0,1,10
1745920180.635053,0,0,0,0,6
1745920180.635053,0,0,0,0,6
1745920180.635053,0,0,0,0,6
1745920181.320901,0,0,1,0,20
1745920181.320901,0,0,1,0,20
1745920181.63611,0,0,0,0,20
1745920181.63611,0,0,0,0,20
1745920181.63611,0,0,0,0,20
1745920182.323628,0,0,3,0,20
1745920182.323628,0,0,3,0,20
1745920182.637391,0,0,1,0,13
1745920182.637391,0,0,1,0,13
1745920182.637391,0,0,1,0,13
1745920183.326968,0,0,0,0,20
1745920183.326968,0,0,0,0,20
1745920183.644641,0,0,1,0,14
1745920183.644641,0,0,1,0,14
1745920183.644641,0,0,1,0,14
1745920184.339265,0,0,0,0,21
1745920184.339265,0,0,0,0,21
1745920184.644236,0,0,0,0,8
1745920184.644236,0,0,0,0,8
1745920184.644236,0,0,0,0,8
1745920185.324737,0,0,0,1,16
1745920185.655509,0,0,0,0,7
1745920185.655509,0,0,0,0,7
1745920185.655509,0,0,0,0,7
1745920185.655509,0,0,0,0,7
1745920186.323474,0,0,0,0,18
1745920186.652066,0,0,1,0,10
1745920186.652066,0,0,1,0,10
1745920186.652066,0,0,1,0,10
1745920186.652066,0,0,1,0,10
1745920187.326357,0,0,2,1,17
1745920187.646904,0,0,0,0,13
1745920187.646904,0,0,0,0,13
1745920187.646904,0,0,0,0,13
1745920187.646904,0,0,0,0,13
1745920188.331066,0,0,0,0,20
1745920188.649569,0,0,1,0,15
1745920188.649569,0,0,1,0,15
1745920188.649569,0,0,1,0,15
1745920188.649569,0,0,1,0,15
1745920189.327663,0,0,0,0,40
1745920189.647907,0,0,0,0,5
1745920189.647907,0,0,0,0,5
1745920189.647907,0,0,0,0,5
1745920190.327441,0,0,1,0,26
1745920190.327441,0,0,1,0,26
1745920190.647153,0,0,0,1,12
1745920190.647153,0,0,0,1,12
1745920190.647153,0,0,0,1,12
1745920191.335597,0,0,0,1,13
1745920191.335597,0,0,0,1,13
1745920191.647459,0,0,0,0,5
1745920191.647459,0,0,0,0,5
1745920191.647459,0,0,0,0,5
1745920192.330713,0,0,0,0,22
1745920192.330713,0,0,0,0,22
1745920192.64661,0,0,0,0,5
1745920192.64661,0,0,0,0,5
1745920192.64661,0,0,0,0,5
1745920193.327637,0,0,0,0,11
1745920193.327637,0,0,0,0,11
1745920193.647456,0,0,0,0,7
1745920193.647456,0,0,0,0,7
1745920193.647456,0,0,0,0,7
1745920194.328843,0,0,0,0,11
1745920194.328843,0,0,0,0,11
1745920194.654825,0,0,0,0,3
1745920194.654825,0,0,0,0,3
1745920194.654825,0,0,0,0,3
1745920195.336993,0,0,0,1,21
1745920195.336993,0,0,0,1,21
1745920195.648273,0,0,0,1,3
1745920195.648273,0,0,0,1,3
1745920195.648273,0,0,0,1,3
1745920196.338691,0,0,0,0,38
1745920196.338691,0,0,0,0,38
1745920196.66147,0,0,0,0,7
1745920196.66147,0,0,0,0,7
1745920196.66147,0,0,0,0,7
1745920197.332264,0,0,1,1,26
1745920197.652827,0,0,0,0,1
1745920197.652827,0,0,0,0,1
1745920197.652827,0,0,0,0,1
1745920197.652827,0,0,0,0,1
1745920198.331967,0,0,0,0,19
1745920198.673508,0,0,0,0,5
1745920198.673508,0,0,0,0,5
1745920198.673508,0,0,0,0,5
1745920198.673508,0,0,0,0,5
1745920199.330268,0,0,0,0,18
1745920199.66471,0,0,0,0,10
1745920199.66471,0,0,0,0,10
1745920199.66471,0,0,0,0,10
1745920199.66471,0,0,0,0,10
1745920200.331141,0,0,2,0,20
1745920200.660048,0,0,0,0,12
1745920200.660048,0,0,0,0,12
1745920200.660048,0,0,0,0,12
1745920200.660048,0,0,0,0,12
1745920201.332654,0,0,0,0,19
1745920201.662978,0,0,0,0,9
1745920201.662978,0,0,0,0,9
1745920201.662978,0,0,0,0,9
1745920201.662978,0,0,0,0,9
1745920202.336571,0,0,0,0,21
1745920202.676104,0,0,0,0,19
1745920202.676104,0,0,0,0,19
1745920202.676104,0,0,0,0,19
1745920202.676104,0,0,0,0,19
1745920203.339423,0,0,0,0,27
1745920203.662245,0,0,0,0,12
1745920203.662245,0,0,0,0,12
1745920203.662245,0,0,0,0,12
1745920204.336792,0,0,1,0,15
1745920204.336792,0,0,1,0,15
1745920204.678645,0,0,0,0,14
1745920204.678645,0,0,0,0,14
1745920204.678645,0,0,0,0,14
1745920205.336024,0,0,1,0,24
1745920205.336024,0,0,1,0,24
1745920205.665494,0,0,0,0,8
1745920205.665494,0,0,0,0,8
1745920205.665494,0,0,0,0,8
1745920206.337398,0,0,1,0,20
1745920206.337398,0,0,1,0,20
1745920206.668049,0,0,0,0,15
1745920206.668049,0,0,0,0,15
1745920206.668049,0,0,0,0,15
1745920207.340801,0,0,0,0,25
1745920207.340801,0,0,0,0,25
1745920207.668355,0,0,0,0,16
1745920207.668355,0,0,0,0,16
1745920207.668355,0,0,0,0,16
1745920208.353558,0,0,0,1,14
1745920208.353558,0,0,0,1,14
1745920208.667615,0,0,0,0,5
1745920208.667615,0,0,0,0,5
1745920208.667615,0,0,0,0,5
1745920209.339116,0,0,0,1,9
1745920209.339116,0,0,0,1,9
1745920209.668757,0,0,0,0,13
1745920209.668757,0,0,0,0,13
1745920209.668757,0,0,0,0,13
1745920210.351998,0,0,1,0,20
1745920210.351998,0,0,1,0,20
1745920210.673938,0,0,0,0,13
1745920210.673938,0,0,0,0,13
1745920210.673938,0,0,0,0,13
1745920211.353388,0,0,1,0,30
1745920211.353388,0,0,1,0,30
1745920211.677159,0,0,0,0,14
1745920211.677159,0,0,0,0,14
1745920211.677159,0,0,0,0,14
1745920212.344058,0,0,0,1,19
1745920212.673135,0,0,1,0,5
1745920212.673135,0,0,1,0,5
1745920212.673135,0,0,1,0,5
1745920212.673135,0,0,1,0,5
1745920213.344684,0,0,0,1,23
1745920213.675598,0,0,0,0,10
1745920213.675598,0,0,0,0,10
1745920213.675598,0,0,0,0,10
1745920213.675598,0,0,0,0,10
1745920214.345521,0,0,0,0,25
1745920214.676466,0,0,0,0,19
1745920214.676466,0,0,0,0,19
1745920214.676466,0,0,0,0,19
1745920214.676466,0,0,0,0,19
1745920215.346695,0,0,3,0,19
1745920215.674189,0,0,0,0,16
1745920215.674189,0,0,0,0,16
1745920215.674189,0,0,0,0,16
1745920215.674189,0,0,0,0,16
1745920216.35415,0,0,0,0,28
1745920216.68008,0,0,1,0,5
1745920216.68008,0,0,1,0,5
1745920216.68008,0,0,1,0,5
1745920217.347277,0,0,0,0,11
1745920217.347277,0,0,0,0,11
1745920217.6787,0,0,0,0,16
1745920217.6787,0,0,0,0,16
1745920217.6787,0,0,0,0,16
1745920218.365152,0,0,0,0,14
1745920218.365152,0,0,0,0,14
1745920218.677577,0,0,0,0,7
1745920218.677577,0,0,0,0,7
1745920218.677577,0,0,0,0,7
1745920219.363761,0,0,0,0,13
1745920219.363761,0,0,0,0,13
1745920219.677289,0,0,0,0,4
1745920219.677289,0,0,0,0,4
1745920219.677289,0,0,0,0,4
1745920220.353146,0,0,0,0,15
1745920220.353146,0,0,0,0,15
1745920220.682131,0,0,0,1,4
1745920220.682131,0,0,0,1,4
1745920220.682131,0,0,0,1,4
1745920221.35483,0,0,0,1,26
1745920221.35483,0,0,0,1,26
1745920221.681341,0,0,0,0,5
1745920221.681341,0,0,0,0,5
1745920221.681341,0,0,0,0,5
1745920222.350003,0,0,0,0,14
1745920222.350003,0,0,0,0,14
1745920222.681437,0,0,0,0,17
1745920222.681437,0,0,0,0,17
1745920222.681437,0,0,0,0,17
1745920223.351113,0,0,0,0,34
1745920223.351113,0,0,0,0,34
1745920223.680689,0,0,0,0,8
1745920223.680689,0,0,0,0,8
1745920223.680689,0,0,0,0,8
1745920224.354448,0,0,0,0,14
1745920224.354448,0,0,0,0,14
1745920224.68583,0,0,0,0,10
1745920224.68583,0,0,0,0,10
1745920224.68583,0,0,0,0,10
1745920225.362772,0,0,0,0,14
1745920225.362772,0,0,0,0,14
1745920225.692985,0,0,0,1,6
1745920225.692985,0,0,0,1,6
1745920225.692985,0,0,0,1,6
1745920226.354584,0,0,0,0,11
1745920226.701356,0,0,0,0,7
1745920226.701356,0,0,0,0,7
1745920226.701356,0,0,0,0,7
1745920226.701356,0,0,0,0,7
1745920227.35472,0,0,0,1,29
1745920227.695434,0,0,1,0,8
1745920227.695434,0,0,1,0,8
1745920227.695434,0,0,1,0,8
1745920227.695434,0,0,1,0,8
1745920228.355631,0,0,0,0,22
1745920228.693932,0,0,0,0,8
1745920228.693932,0,0,0,0,8
1745920228.693932,0,0,0,0,8
1745920228.693932,0,0,0,0,8
1745920229.35971,0,0,0,0,17
1745920229.700722,0,0,0,0,11
1745920229.700722,0,0,0,0,11
1745920229.700722,0,0,0,0,11
1745920230.360383,0,0,0,0,24
1745920230.360383,0,0,0,0,24
1745920230.700803,0,0,0,0,4
1745920230.700803,0,0,0,0,4
1745920230.700803,0,0,0,0,4
1745920231.367659,0,0,1,0,17
1745920231.367659,0,0,1,0,17
1745920231.703277,0,0,0,1,6
1745920231.703277,0,0,0,1,6
1745920231.703277,0,0,0,1,6
1745920232.369974,0,0,0,1,20
1745920232.369974,0,0,0,1,20
1745920232.713557,0,0,0,0,8
1745920232.713557,0,0,0,0,8
1745920232.713557,0,0,0,0,8
1745920233.362376,0,0,0,0,9
1745920233.362376,0,0,0,0,9
1745920233.701487,0,0,0,0,6
1745920233.701487,0,0,0,0,6
1745920233.701487,0,0,0,0,6
1745920234.373212,0,0,0,0,16
1745920234.373212,0,0,0,0,16
1745920234.700188,0,0,1,0,6
1745920234.700188,0,0,1,0,6
1745920234.700188,0,0,1,0,6
1745920235.365443,0,0,0,0,17
1745920235.365443,0,0,0,0,17
1745920235.699805,0,0,1,0,9
1745920235.699805,0,0,1,0,9
1745920235.699805,0,0,1,0,9
1745920236.370109,0,0,1,0,17
1745920236.370109,0,0,1,0,17
1745920236.70101,0,0,0,0,9
1745920236.70101,0,0,0,0,9
1745920236.70101,0,0,0,0,9
1745920237.366507,0,0,0,0,10
1745920237.366507,0,0,0,0,10
1745920237.709056,0,0,0,2,11
1745920237.709056,0,0,0,2,11
1745920237.709056,0,0,0,2,11
1745920238.373587,0,0,0,0,25
1745920238.373587,0,0,0,0,25
1745920238.722976,0,0,0,0,6
1745920238.722976,0,0,0,0,6
1745920238.722976,0,0,0,0,6
1745920239.369108,0,0,0,0,24
1745920239.369108,0,0,0,0,24
1745920239.705811,0,0,0,0,11
1745920239.705811,0,0,0,0,11
1745920239.705811,0,0,0,0,11
1745920240.371538,0,0,1,0,24
1745920240.704549,0,0,1,0,14
1745920240.704549,0,0,1,0,14
1745920240.704549,0,0,1,0,14
1745920240.704549,0,0,1,0,14
1745920241.373025,0,0,0,0,13
1745920241.705489,0,0,0,0,23
1745920241.705489,0,0,0,0,23
1745920241.705489,0,0,0,0,23
1745920241.705489,0,0,0,0,23
1745920242.371708,0,0,0,0,11
1745920242.714693,0,0,0,0,7
1745920242.714693,0,0,0,0,7
1745920242.714693,0,0,0,0,7
1745920242.714693,0,0,0,0,7
1745920243.384022,0,0,0,1,20
1745920243.716511,0,0,0,0,17
1745920243.716511,0,0,0,0,17
1745920243.716511,0,0,0,0,17
1745920244.381013,0,0,0,0,27
1745920244.381013,0,0,0,0,27
1745920244.712306,0,0,0,0,14
1745920244.712306,0,0,0,0,14
1745920244.712306,0,0,0,0,14
1745920245.377364,0,0,0,0,16
1745920245.377364,0,0,0,0,16
1745920245.708635,0,0,0,0,17
1745920245.708635,0,0,0,0,17
1745920245.708635,0,0,0,0,17
1745920246.37842,0,0,0,0,17
1745920246.37842,0,0,0,0,17
1745920246.710091,0,0,1,0,9
1745920246.710091,0,0,1,0,9
1745920246.710091,0,0,1,0,9
1745920247.384174,0,0,1,1,19
1745920247.384174,0,0,1,1,19
1745920247.710249,0,0,0,0,12
1745920247.710249,0,0,0,0,12
1745920247.710249,0,0,0,0,12
1745920248.385773,0,0,0,0,21
1745920248.385773,0,0,0,0,21
1745920248.713147,0,0,0,0,18
1745920248.713147,0,0,0,0,18
1745920248.713147,0,0,0,0,18
1745920249.382426,0,0,0,0,32
1745920249.382426,0,0,0,0,32
1745920249.7128,0,0,2,0,8
1745920249.7128,0,0,2,0,8
1745920249.7128,0,0,2,0,8
1745920250.387306,0,0,0,0,22
1745920250.387306,0,0,0,0,22
1745920250.714915,0,0,0,0,15
1745920250.714915,0,0,0,0,15
1745920250.714915,0,0,0,0,15
1745920251.398294,0,0,0,0,20
1745920251.398294,0,0,0,0,20
1745920251.722788,0,0,0,1,13
1745920251.722788,0,0,0,1,13
1745920251.722788,0,0,0,1,13
1745920252.391189,0,0,1,0,24
1745920252.391189,0,0,1,0,24
1745920252.726227,0,0,0,1,7
1745920252.726227,0,0,0,1,7
1745920252.726227,0,0,0,1,7
1745920253.387189,0,0,1,0,19
1745920253.387189,0,0,1,0,19
1745920253.730462,0,0,0,0,9
1745920253.730462,0,0,0,0,9
1745920253.730462,0,0,0,0,9
1745920254.387521,0,0,0,0,20
1745920254.722156,0,0,1,0,5
1745920254.722156,0,0,1,0,5
1745920254.722156,0,0,1,0,5
1745920254.722156,0,0,1,0,5
1745920255.389149,0,0,0,1,9
1745920255.740059,0,0,0,0,8
1745920255.740059,0,0,0,0,8
1745920255.740059,0,0,0,0,8
1745920255.740059,0,0,0,0,8
1745920256.388733,0,0,0,0,17
1745920256.733042,0,0,1,0,13
1745920256.733042,0,0,1,0,13
1745920256.733042,0,0,1,0,13
1745920256.733042,0,0,1,0,13
1745920257.394822,0,0,0,0,29
1745920257.738079,0,0,0,0,14
1745920257.738079,0,0,0,0,14
1745920257.738079,0,0,0,0,14
1745920258.393929,0,0,0,0,19
1745920258.393929,0,0,0,0,19
1745920258.737579,0,0,1,0,5
1745920258.737579,0,0,1,0,5
1745920258.737579,0,0,1,0,5
1745920259.406537,0,0,0,1,17
1745920259.406537,0,0,0,1,17
1745920259.728367,0,0,0,0,10
1745920259.728367,0,0,0,0,10
1745920259.728367,0,0,0,0,10
1745920260.398137,0,0,0,0,22
1745920260.398137,0,0,0,0,22
1745920260.729253,0,0,0,0,12
1745920260.729253,0,0,0,0,12
1745920260.729253,0,0,0,0,12
1745920261.401358,0,0,0,0,23
1745920261.401358,0,0,0,0,23
1745920261.734143,0,0,0,0,15
1745920261.734143,0,0,0,0,15
1745920261.734143,0,0,0,0,15
1745920262.400121,0,0,0,1,23
1745920262.400121,0,0,0,1,23
1745920262.73061,0,0,0,0,14
1745920262.73061,0,0,0,0,14
1745920262.73061,0,0,0,0,14
1745920263.410081,0,0,0,0,23
1745920263.410081,0,0,0,0,23
1745920263.732842,0,0,0,0,12
1745920263.732842,0,0,0,0,12
1745920263.732842,0,0,0,0,12
1745920264.400406,0,0,0,0,13
1745920264.400406,0,0,0,0,13
1745920264.735104,0,0,0,0,8
1745920264.735104,0,0,0,0,8
1745920264.735104,0,0,0,0,8
1745920265.411438,0,0,1,0,23
1745920265.411438,0,0,1,0,23
1745920265.732596,0,0,1,0,11
1745920265.732596,0,0,1,0,11
1745920265.732596,0,0,1,0,11
1745920266.406984,0,0,1,0,20
1745920266.406984,0,0,1,0,20
1745920266.746964,0,0,0,0,8
1745920266.746964,0,0,0,0,8
1745920266.746964,0,0,0,0,8
1745920267.402993,0,0,0,1,18
1745920267.402993,0,0,0,1,18
1745920267.738458,0,0,0,0,14
1745920267.738458,0,0,0,0,14
1745920267.738458,0,0,0,0,14
1745920268.403089,0,0,1,0,19
1745920268.74317,0,0,0,0,11
1745920268.74317,0,0,0,0,11
1745920268.74317,0,0,0,0,11
1745920268.74317,0,0,0,0,11
1745920269.40443,0,0,0,0,14
1745920269.740589,0,0,0,0,7
1745920269.740589,0,0,0,0,7
1745920269.740589,0,0,0,0,7
1745920269.740589,0,0,0,0,7
1745920270.404871,0,0,1,1,11
1745920270.73915,0,0,0,0,6
1745920270.73915,0,0,0,0,6
1745920270.73915,0,0,0,0,6
1745920270.73915,0,0,0,0,6
1745920271.404748,0,0,0,0,15
1745920271.746492,0,0,0,0,6
1745920271.746492,0,0,0,0,6
1745920271.746492,0,0,0,0,6
1745920271.746492,0,0,0,0,6
1745920272.419036,0,0,1,0,12
1745920272.739036,0,0,0,0,10
1745920272.739036,0,0,0,0,10
1745920272.739036,0,0,0,0,10
1745920273.406329,0,0,0,0,18
1745920273.406329,0,0,0,0,18
1745920273.743685,0,0,0,0,10
1745920273.743685,0,0,0,0,10
1745920273.743685,0,0,0,0,10
1745920274.407033,0,0,0,0,22
1745920274.407033,0,0,0,0,22
1745920274.745359,0,0,0,0,6
1745920274.745359,0,0,0,0,6
1745920274.745359,0,0,0,0,6
1745920275.408116,0,0,1,0,20
1745920275.408116,0,0,1,0,20
1745920275.74402,0,0,0,0,2
1745920275.74402,0,0,0,0,2
1745920275.74402,0,0,0,0,2
1745920276.421477,0,0,0,0,30
1745920276.421477,0,0,0,0,30
1745920276.745802,0,0,0,0,9
1745920276.745802,0,0,0,0,9
1745920276.745802,0,0,0,0,9
1745920277.416818,0,0,0,0,21
1745920277.416818,0,0,0,0,21
1745920277.743864,0,0,1,0,11
1745920277.743864,0,0,1,0,11
1745920277.743864,0,0,1,0,11
1745920278.414772,0,0,0,0,18
1745920278.414772,0,0,0,0,18
1745920278.752124,0,0,0,0,10
1745920278.752124,0,0,0,0,10
1745920278.752124,0,0,0,0,10
1745920279.411654,0,0,0,0,25
1745920279.411654,0,0,0,0,25
1745920279.758443,0,0,0,0,19
1745920279.758443,0,0,0,0,19
1745920279.758443,0,0,0,0,19
1745920280.413096,0,0,0,1,19
1745920280.413096,0,0,0,1,19
1745920280.749783,0,0,0,0,15
1745920280.749783,0,0,0,0,15
1745920280.749783,0,0,0,0,15
1745920281.413674,0,0,2,0,17
1745920281.413674,0,0,2,0,17
1745920281.75452,0,0,0,0,7
1745920281.75452,0,0,0,0,7
1745920281.75452,0,0,0,0,7
1745920282.416297,0,0,0,1,16
1745920282.751599,0,0,0,0,7
1745920282.751599,0,0,0,0,7
1745920282.751599,0,0,0,0,7
1745920282.751599,0,0,0,0,7
1745920283.415187,0,0,1,0,25
1745920283.764627,0,0,1,1,9
1745920283.764627,0,0,1,1,9
1745920283.764627,0,0,1,1,9
1745920283.764627,0,0,1,1,9
1745920284.416893,0,0,0,0,19
1745920284.775403,0,0,1,0,15
1745920284.775403,0,0,1,0,15
1745920284.775403,0,0,1,0,15
1745920284.775403,0,0,1,0,15
1745920285.430061,0,0,1,0,15
1745920285.765896,0,0,0,0,12
1745920285.765896,0,0,0,0,12
1745920285.765896,0,0,0,0,12
1745920285.765896,0,0,0,0,12
1745920286.427012,0,0,0,0,22
1745920286.760823,0,0,2,0,13
1745920286.760823,0,0,2,0,13
1745920286.760823,0,0,2,0,13
1745920287.418432,0,0,0,0,17
1745920287.418432,0,0,0,0,17
1745920287.758927,0,0,0,0,7
1745920287.758927,0,0,0,0,7
1745920287.758927,0,0,0,0,7
1745920288.42848,0,0,1,0,10
1745920288.42848,0,0,1,0,10
1745920288.762255,0,0,0,1,11
1745920288.762255,0,0,0,1,11
1745920288.762255,0,0,0,1,11
1745920289.421092,0,0,1,0,17
1745920289.421092,0,0,1,0,17
1745920289.761866,0,0,0,0,7
1745920289.761866,0,0,0,0,7
1745920289.761866,0,0,0,0,7
1745920290.431595,0,0,0,0,19
1745920290.431595,0,0,0,0,19
1745920290.777049,0,0,1,0,11
1745920290.777049,0,0,1,0,11
1745920290.777049,0,0,1,0,11
1745920291.440853,0,0,0,1,20
1745920291.440853,0,0,0,1,20
1745920291.768606,0,0,2,0,8
1745920291.768606,0,0,2,0,8
1745920291.768606,0,0,2,0,8
1745920292.423752,0,0,0,0,13
1745920292.423752,0,0,0,0,13
1745920292.769558,0,0,0,0,9
1745920292.769558,0,0,0,0,9
1745920292.769558,0,0,0,0,9
1745920293.438554,0,0,1,0,28
1745920293.438554,0,0,1,0,28
1745920293.765227,0,0,0,0,1
1745920293.765227,0,0,0,0,1
1745920293.765227,0,0,0,0,1
1745920294.428719,0,0,0,0,22
1745920294.428719,0,0,0,0,22
1745920294.768927,0,0,1,0,11
1745920294.768927,0,0,1,0,11
1745920294.768927,0,0,1,0,11
1745920295.429552,0,0,0,1,18
1745920295.429552,0,0,0,1,18
1745920295.774184,0,0,0,0,10
1745920295.774184,0,0,0,0,10
1745920295.774184,0,0,0,0,10
1745920296.430142,0,0,0,0,16
1745920296.78732,0,0,0,0,12
1745920296.78732,0,0,0,0,12
1745920296.78732,0,0,0,0,12
1745920296.78732,0,0,0,0,12
1745920297.431878,0,0,0,0,27
1745920297.794711,0,0,0,0,8
1745920297.794711,0,0,0,0,8
1745920297.794711,0,0,0,0,8
1745920297.794711,0,0,0,0,8
1745920298.433115,0,0,0,0,16
1745920298.788595,0,0,0,0,14
1745920298.788595,0,0,0,0,14
1745920298.788595,0,0,0,0,14
1745920298.788595,0,0,0,0,14
1745920299.455272,0,0,0,0,22
1745920299.780109,0,0,0,0,9
1745920299.780109,0,0,0,0,9
1745920299.780109,0,0,0,0,9
1745920299.780109,0,0,0,0,9
1745920300.444322,0,0,0,1,16
1745920300.776634,0,0,1,0,12
1745920300.776634,0,0,1,0,12
1745920300.776634,0,0,1,0,12
1745920301.442426,0,0,0,0,26
1745920301.442426,0,0,0,0,26
1745920301.774074,0,0,1,0,14
1745920301.774074,0,0,1,0,14
1745920301.774074,0,0,1,0,14
1745920302.438844,0,0,0,0,24
1745920302.438844,0,0,0,0,24
1745920302.772663,0,0,0,0,7
1745920302.772663,0,0,0,0,7
1745920302.772663,0,0,0,0,7
1745920303.441916,0,0,0,0,19
1745920303.441916,0,0,0,0,19
1745920303.773768,0,0,0,0,6
1745920303.773768,0,0,0,0,6
1745920303.773768,0,0,0,0,6
1745920304.439253,0,0,0,0,14
1745920304.439253,0,0,0,0,14
1745920304.780493,0,0,0,0,11
1745920304.780493,0,0,0,0,11
1745920304.780493,0,0,0,0,11
1745920305.443424,0,0,0,0,28
1745920305.443424,0,0,0,0,28
1745920305.779328,0,0,0,0,2
1745920305.779328,0,0,0,0,2
1745920305.779328,0,0,0,0,2
1745920306.450079,0,0,0,0,19
1745920306.450079,0,0,0,0,19
1745920306.777977,0,0,0,0,6
1745920306.777977,0,0,0,0,6
1745920306.777977,0,0,0,0,6
1745920307.450815,0,0,0,0,23
1745920307.450815,0,0,0,0,23
1745920307.792766,0,0,0,0,9
1745920307.792766,0,0,0,0,9
1745920307.792766,0,0,0,0,9
1745920308.448917,0,0,1,0,22
1745920308.448917,0,0,1,0,22
1745920308.781993,0,0,1,0,4
1745920308.781993,0,0,1,0,4
1745920308.781993,0,0,1,0,4
1745920309.449349,0,0,0,0,15
1745920309.781938,0,0,0,0,9
1745920309.781938,0,0,0,0,9
1745920309.781938,0,0,0,0,9
1745920309.781938,0,0,0,0,9
1745920310.457746,0,0,0,0,26
1745920310.789032,0,0,0,0,15
1745920310.789032,0,0,0,0,15
1745920310.789032,0,0,0,0,15
1745920310.789032,0,0,0,0,15
1745920311.452252,0,0,0,0,18
1745920311.790683,0,0,0,0,8
1745920311.790683,0,0,0,0,8
1745920311.790683,0,0,0,0,8
1745920311.790683,0,0,0,0,8
1745920312.451793,0,0,0,0,22
1745920312.795648,0,0,1,0,13
1745920312.795648,0,0,1,0,13
1745920312.795648,0,0,1,0,13
1745920312.795648,0,0,1,0,13
1745920313.454327,0,0,1,1,34
1745920313.788235,0,0,1,0,12
1745920313.788235,0,0,1,0,12
1745920313.788235,0,0,1,0,12
1745920313.788235,0,0,1,0,12
1745920314.458237,0,0,2,0,29
1745920314.787066,0,0,1,0,5
1745920314.787066,0,0,1,0,5
1745920314.787066,0,0,1,0,5
1745920315.460033,0,0,0,0,15
1745920315.460033,0,0,0,0,15
1745920315.79116,0,0,0,0,5
1745920315.79116,0,0,0,0,5
1745920315.79116,0,0,0,0,5
1745920316.476367,0,0,1,1,15
1745920316.476367,0,0,1,1,15
1745920316.797627,0,0,0,0,13
1745920316.797627,0,0,0,0,13
1745920316.797627,0,0,0,0,13
1745920317.459739,0,0,0,0,12
1745920317.459739,0,0,0,0,12
1745920317.790289,0,0,0,0,8
1745920317.790289,0,0,0,0,8
1745920317.790289,0,0,0,0,8
1745920318.459071,0,0,0,0,3
1745920318.459071,0,0,0,0,3
1745920318.79323,0,0,0,1,9
1745920318.79323,0,0,0,1,9
1745920318.79323,0,0,0,1,9
1745920319.476111,0,0,1,0,14
1745920319.476111,0,0,1,0,14
1745920319.796638,0,0,0,0,8
1745920319.796638,0,0,0,0,8
1745920319.796638,0,0,0,0,8
1745920320.467837,0,0,0,0,21
1745920320.467837,0,0,0,0,21
1745920320.79939,0,0,0,1,11
1745920320.79939,0,0,0,1,11
1745920320.79939,0,0,0,1,11
1745920321.464538,0,0,0,0,15
1745920321.464538,0,0,0,0,15
1745920321.807743,0,0,0,0,7
1745920321.807743,0,0,0,0,7
1745920321.807743,0,0,0,0,7
1745920322.4651,0,0,0,0,20
1745920322.4651,0,0,0,0,20
1745920322.798833,0,0,0,0,16
1745920322.798833,0,0,0,0,16
1745920322.798833,0,0,0,0,16
1745920323.462728,0,0,2,0,14
1745920323.462728,0,0,2,0,14
1745920323.801618,0,0,0,0,13
1745920323.801618,0,0,0,0,13
1745920323.801618,0,0,0,0,13
1745920324.465044,0,0,0,0,11
1745920324.800219,0,0,0,0,6
1745920324.800219,0,0,0,0,6
1745920324.800219,0,0,0,0,6
1745920324.800219,0,0,0,0,6
1745920325.465239,0,0,0,0,29
1745920325.81852,0,0,1,0,11
1745920325.81852,0,0,1,0,11
1745920325.81852,0,0,1,0,11
1745920325.81852,0,0,1,0,11
1745920326.469172,0,0,1,0,18
1745920326.797177,0,0,1,0,8
1745920326.797177,0,0,1,0,8
1745920326.797177,0,0,1,0,8
1745920326.797177,0,0,1,0,8
1745920327.476935,0,0,1,0,17
1745920327.798775,0,0,0,0,5
1745920327.798775,0,0,0,0,5
1745920327.798775,0,0,0,0,5
1745920327.798775,0,0,0,0,5
1745920328.471558,0,0,1,0,16
1745920328.801513,0,0,0,0,13
1745920328.801513,0,0,0,0,13
1745920328.801513,0,0,0,0,13
1745920329.479452,0,0,0,0,15
1745920329.479452,0,0,0,0,15
1745920329.80335,0,0,0,0,15
1745920329.80335,0,0,0,0,15
1745920329.80335,0,0,0,0,15
1745920330.471711,0,0,0,0,26
1745920330.471711,0,0,0,0,26
1745920330.802879,0,0,0,0,12
1745920330.802879,0,0,0,0,12
1745920330.802879,0,0,0,0,12
1745920331.476073,0,0,0,0,27
1745920331.476073,0,0,0,0,27
1745920331.803543,0,0,0,0,15
1745920331.803543,0,0,0,0,15
1745920331.803543,0,0,0,0,15
1745920332.472114,0,0,0,1,16
1745920332.472114,0,0,0,1,16
1745920332.802905,0,0,0,0,5
1745920332.802905,0,0,0,0,5
1745920332.802905,0,0,0,0,5
1745920333.474073,0,0,0,0,32
1745920333.474073,0,0,0,0,32
1745920333.810889,0,0,0,1,5
1745920333.810889,0,0,0,1,5
1745920333.810889,0,0,0,1,5
1745920334.479089,0,0,0,1,11
1745920334.479089,0,0,0,1,11
1745920334.811088,0,0,0,1,10
1745920334.811088,0,0,0,1,10
1745920334.811088,0,0,0,1,10
1745920335.479682,0,0,0,0,25
1745920335.479682,0,0,0,0,25
1745920335.811278,0,0,0,0,14
1745920335.811278,0,0,0,0,14
1745920335.811278,0,0,0,0,14
1745920336.477287,0,0,1,0,23
1745920336.477287,0,0,1,0,23
1745920336.816725,0,0,0,0,6
1745920336.816725,0,0,0,0,6
1745920336.816725,0,0,0,0,6
1745920337.479559,0,0,0,0,23
1745920337.80986,0,0,0,0,19
1745920337.80986,0,0,0,0,19
1745920337.80986,0,0,0,0,19
1745920337.80986,0,0,0,0,19
1745920338.481422,0,0,0,0,8
1745920338.81445,0,0,0,0,11
1745920338.81445,0,0,0,0,11
1745920338.81445,0,0,0,0,11
1745920338.81445,0,0,0,0,11
1745920339.482057,0,0,2,1,16
1745920339.813387,0,0,0,0,9
1745920339.813387,0,0,0,0,9
1745920339.813387,0,0,0,0,9
1745920339.813387,0,0,0,0,9
1745920340.480304,0,0,0,0,14
1745920340.821209,0,0,1,0,7
1745920340.821209,0,0,1,0,7
1745920340.821209,0,0,1,0,7
1745920340.821209,0,0,1,0,7
1745920341.493846,0,0,1,0,29
1745920341.814347,0,0,0,0,10
1745920341.814347,0,0,0,0,10
1745920341.814347,0,0,0,0,10
1745920341.814347,0,0,0,0,10
1745920342.485606,0,0,0,0,21
1745920342.818299,0,0,1,0,6
1745920342.818299,0,0,1,0,6
1745920342.818299,0,0,1,0,6
1745920343.483696,0,0,0,0,16
1745920343.483696,0,0,0,0,16
1745920343.813956,0,0,0,0,9
1745920343.813956,0,0,0,0,9
1745920343.813956,0,0,0,0,9
1745920344.484924,0,0,0,0,23
1745920344.484924,0,0,0,0,23
1745920344.825885,0,0,0,0,12
1745920344.825885,0,0,0,0,12
1745920344.825885,0,0,0,0,12
1745920345.487682,0,0,0,0,21
1745920345.487682,0,0,0,0,21
1745920345.821814,0,0,1,0,13
1745920345.821814,0,0,1,0,13
1745920345.821814,0,0,1,0,13
1745920346.495404,0,0,1,0,21
1745920346.495404,0,0,1,0,21
1745920346.817564,0,0,0,0,11
1745920346.817564,0,0,0,0,11
1745920346.817564,0,0,0,0,11
1745920347.510179,0,0,0,1,16
1745920347.510179,0,0,0,1,16
1745920347.821885,0,0,0,0,9
1745920347.821885,0,0,0,0,9
1745920347.821885,0,0,0,0,9
1745920348.502549,0,0,0,0,11
1745920348.502549,0,0,0,0,11
1745920348.818601,0,0,0,1,14
1745920348.818601,0,0,0,1,14
1745920348.818601,0,0,0,1,14
1745920349.506567,0,0,0,2,19
1745920349.506567,0,0,0,2,19
1745920349.820287,0,0,0,0,9
1745920349.820287,0,0,0,0,9
1745920349.820287,0,0,0,0,9
1745920350.507538,0,0,0,0,26
1745920350.819224,0,0,0,0,4
1745920350.819224,0,0,0,0,4
1745920350.819224,0,0,0,0,4
1745920350.819224,0,0,0,0,4
1745920351.502024,0,0,0,0,18
1745920351.821446,0,0,0,0,7
1745920351.821446,0,0,0,0,7
1745920351.821446,0,0,0,0,7
1745920351.821446,0,0,0,0,7
1745920352.50364,0,0,2,0,34
1745920352.829219,0,0,0,1,5
1745920352.829219,0,0,0,1,5
1745920352.829219,0,0,0,1,5
1745920352.829219,0,0,0,1,5
1745920353.504513,0,0,1,0,10
1745920353.830323,0,0,0,0,10
1745920353.830323,0,0,0,0,10
1745920353.830323,0,0,0,0,10
1745920353.830323,0,0,0,0,10
1745920354.511175,0,0,0,0,28
1745920354.822316,0,0,0,0,6
1745920354.822316,0,0,0,0,6
1745920354.822316,0,0,0,0,6
1745920354.822316,0,0,0,0,6
1745920355.505824,0,0,0,0,26
1745920355.829366,0,0,0,0,4
1745920355.829366,0,0,0,0,4
1745920355.829366,0,0,0,0,4
1745920356.505058,0,0,1,0,25
1745920356.505058,0,0,1,0,25
1745920356.832407,0,0,0,0,13
1745920356.832407,0,0,0,0,13
1745920356.832407,0,0,0,0,13
1745920357.507388,0,0,0,0,20
1745920357.507388,0,0,0,0,20
1745920357.825099,0,0,0,0,18
1745920357.825099,0,0,0,0,18
1745920357.825099,0,0,0,0,18
1745920358.510389,0,0,0,0,22
1745920358.510389,0,0,0,0,22
1745920358.831866,0,0,0,0,5
1745920358.831866,0,0,0,0,5
1745920358.831866,0,0,0,0,5
1745920359.523357,0,0,0,0,16
1745920359.523357,0,0,0,0,16
1745920359.8294,0,0,0,0,7
1745920359.8294,0,0,0,0,7
1745920359.8294,0,0,0,0,7
1745920360.514761,0,0,0,1,30
1745920360.514761,0,0,0,1,30
1745920360.830407,0,0,0,0,9
1745920360.830407,0,0,0,0,9
1745920360.830407,0,0,0,0,9
1745920361.509741,0,0,0,0,29
1745920361.509741,0,0,0,0,29
1745920361.831487,0,0,0,0,16
1745920361.831487,0,0,0,0,16
1745920361.831487,0,0,0,0,16
1745920362.511683,0,0,2,0,24
1745920362.511683,0,0,2,0,24
1745920362.829643,0,0,0,0,10
1745920362.829643,0,0,0,0,10
1745920362.829643,0,0,0,0,10
1745920363.511673,0,0,0,0,23
1745920363.828985,0,0,1,0,13
1745920363.828985,0,0,1,0,13
1745920363.828985,0,0,1,0,13
1745920363.828985,0,0,1,0,13
1745920364.512817,0,0,0,0,29
1745920364.829518,0,0,0,0,12
1745920364.829518,0,0,0,0,12
1745920364.829518,0,0,0,0,12
1745920364.829518,0,0,0,0,12
1745920365.514586,0,0,0,0,10
1745920365.830044,0,0,0,0,4
1745920365.830044,0,0,0,0,4
1745920365.830044,0,0,0,0,4
1745920365.830044,0,0,0,0,4
1745920366.518779,0,0,2,0,21
1745920366.832024,0,0,0,0,12
1745920366.832024,0,0,0,0,12
1745920366.832024,0,0,0,0,12
1745920366.832024,0,0,0,0,12
1745920367.536217,0,0,0,0,19
1745920367.844053,0,0,0,0,14
1745920367.844053,0,0,0,0,14
1745920367.844053,0,0,0,0,14
1745920368.537688,0,0,0,0,15
1745920368.537688,0,0,0,0,15
1745920368.842036,0,0,0,0,9
1745920368.842036,0,0,0,0,9
1745920368.842036,0,0,0,0,9
1745920369.521615,0,0,0,1,18
1745920369.521615,0,0,0,1,18
1745920369.834044,0,0,0,0,13
1745920369.834044,0,0,0,0,13
1745920369.834044,0,0,0,0,13
1745920370.522772,0,0,0,0,15
1745920370.522772,0,0,0,0,15
1745920370.834936,0,0,0,0,4
1745920370.834936,0,0,0,0,4
1745920370.834936,0,0,0,0,4
1745920371.525501,0,0,0,0,27
1745920371.525501,0,0,0,0,27
1745920371.840986,0,0,0,0,7
1745920371.840986,0,0,0,0,7
1745920371.840986,0,0,0,0,7
1745920372.537099,0,0,1,0,25
1745920372.537099,0,0,1,0,25
1745920372.841383,0,0,0,0,7
1745920372.841383,0,0,0,0,7
1745920372.841383,0,0,0,0,7
1745920373.545174,0,0,1,0,16
1745920373.545174,0,0,1,0,16
1745920373.842271,0,0,1,0,14
1745920373.842271,0,0,1,0,14
1745920373.842271,0,0,1,0,14
1745920374.536276,0,0,0,0,33
1745920374.536276,0,0,0,0,33
1745920374.845309,0,0,0,0,14
1745920374.845309,0,0,0,0,14
1745920374.845309,0,0,0,0,14
1745920375.528851,0,0,0,0,22
1745920375.528851,0,0,0,0,22
1745920375.857162,0,0,1,0,8
1745920375.857162,0,0,1,0,8
1745920375.857162,0,0,1,0,8
1745920376.528362,0,0,1,0,21
1745920376.84202,0,0,0,0,8
1745920376.84202,0,0,0,0,8
1745920376.84202,0,0,0,0,8
1745920376.84202,0,0,0,0,8
1745920377.533212,0,0,2,1,15
1745920377.84421,0,0,0,0,10
1745920377.84421,0,0,0,0,10
1745920377.84421,0,0,0,0,10
1745920377.84421,0,0,0,0,10
1745920378.532499,0,0,1,0,29
1745920378.854044,0,0,0,0,9
1745920378.854044,0,0,0,0,9
1745920378.854044,0,0,0,0,9
1745920378.854044,0,0,0,0,9
1745920379.537283,0,0,0,0,26
1745920379.847587,0,0,0,0,2
1745920379.847587,0,0,0,0,2
1745920379.847587,0,0,0,0,2
1745920379.847587,0,0,0,0,2
1745920380.533634,0,0,1,0,26
1745920380.855893,0,0,0,0,13
1745920380.855893,0,0,0,0,13
1745920380.855893,0,0,0,0,13
1745920380.855893,0,0,0,0,13
1745920381.535788,0,0,1,0,32
1745920381.862437,0,0,0,0,5
1745920381.862437,0,0,0,0,5
1745920381.862437,0,0,0,0,5
1745920381.862437,0,0,0,0,5
1745920382.553767,0,0,0,0,26
1745920382.851074,0,0,0,0,5
1745920382.851074,0,0,0,0,5
1745920382.851074,0,0,0,0,5
1745920383.538643,0,0,1,0,21
1745920383.538643,0,0,1,0,21
1745920383.857135,0,0,0,0,10
1745920383.857135,0,0,0,0,10
1745920383.857135,0,0,0,0,10
1745920384.538186,0,0,1,0,21
1745920384.538186,0,0,1,0,21
1745920384.858676,0,0,0,0,7
1745920384.858676,0,0,0,0,7
1745920384.858676,0,0,0,0,7
1745920385.54438,0,0,1,0,12
1745920385.54438,0,0,1,0,12
1745920385.860294,0,0,0,0,8
1745920385.860294,0,0,0,0,8
1745920385.860294,0,0,0,0,8
1745920386.553615,0,0,0,0,12
1745920386.553615,0,0,0,0,12
1745920386.856498,0,0,1,0,4
1745920386.856498,0,0,1,0,4
1745920386.856498,0,0,1,0,4
1745920387.538795,0,0,0,1,25
1745920387.538795,0,0,0,1,25
1745920387.864651,0,0,0,0,11
1745920387.864651,0,0,0,0,11
1745920387.864651,0,0,0,0,11
1745920388.541338,0,0,0,0,16
1745920388.541338,0,0,0,0,16
1745920388.857025,0,0,0,0,3
1745920388.857025,0,0,0,0,3
1745920388.857025,0,0,0,0,3
1745920389.542832,0,0,0,0,20
1745920389.542832,0,0,0,0,20
1745920389.866211,0,0,0,0,8
1745920389.866211,0,0,0,0,8
1745920389.866211,0,0,0,0,8
1745920390.545115,0,0,0,0,32
1745920390.857293,0,0,0,1,11
1745920390.857293,0,0,0,1,11
1745920390.857293,0,0,0,1,11
1745920390.857293,0,0,0,1,11
1745920391.546793,0,0,0,0,16
1745920391.85804,0,0,0,0,8
1745920391.85804,0,0,0,0,8
1745920391.85804,0,0,0,0,8
1745920391.85804,0,0,0,0,8
1745920392.546048,0,0,0,0,23
1745920392.862786,0,0,0,0,8
1745920392.862786,0,0,0,0,8
1745920392.862786,0,0,0,0,8
1745920392.862786,0,0,0,0,8
1745920393.55316,0,0,0,0,32
1745920393.8645,0,0,0,1,5
1745920393.8645,0,0,0,1,5
1745920393.8645,0,0,0,1,5
1745920393.8645,0,0,0,1,5
1745920394.546149,0,0,0,0,22
1745920394.87189,0,0,0,0,4
1745920394.87189,0,0,0,0,4
1745920394.87189,0,0,0,0,4
1745920394.87189,0,0,0,0,4
1745920395.547327,0,0,0,0,16
1745920395.859177,0,0,0,0,7
1745920395.859177,0,0,0,0,7
1745920395.859177,0,0,0,0,7
1745920395.859177,0,0,0,0,7
1745920396.548512,0,0,0,0,14
1745920396.864017,0,0,0,0,4
1745920396.864017,0,0,0,0,4
1745920396.864017,0,0,0,0,4
1745920397.546358,0,0,1,0,21
1745920397.546358,0,0,1,0,21
1745920397.868798,0,0,0,0,7
1745920397.868798,0,0,0,0,7
1745920397.868798,0,0,0,0,7
1745920398.569698,0,0,1,0,17
1745920398.569698,0,0,1,0,17
1745920398.862935,0,0,0,0,4
1745920398.862935,0,0,0,0,4
1745920398.862935,0,0,0,0,4
1745920399.55802,0,0,0,0,7
1745920399.55802,0,0,0,0,7
1745920399.865859,0,0,0,0,6
1745920399.865859,0,0,0,0,6
1745920399.865859,0,0,0,0,6
1745920400.562781,0,0,2,0,13
1745920400.562781,0,0,2,0,13
1745920400.868001,0,0,1,0,5
1745920400.868001,0,0,1,0,5
1745920400.868001,0,0,1,0,5
1745920401.550213,0,0,1,0,16
1745920401.550213,0,0,1,0,16
1745920401.872082,0,0,1,0,13
1745920401.872082,0,0,1,0,13
1745920401.872082,0,0,1,0,13
1745920402.552327,0,0,0,0,18
1745920402.552327,0,0,0,0,18
1745920402.877497,0,0,0,1,10
1745920402.877497,0,0,0,1,10
1745920402.877497,0,0,0,1,10
1745920403.553022,0,0,0,0,19
1745920403.553022,0,0,0,0,19
1745920403.86976,0,0,0,0,11
1745920403.86976,0,0,0,0,11
1745920403.86976,0,0,0,0,11
1745920404.55409,0,0,1,0,26
1745920404.870659,0,0,0,0,9
1745920404.870659,0,0,0,0,9
1745920404.870659,0,0,0,0,9
1745920404.870659,0,0,0,0,9
1745920405.570076,0,0,0,1,30
1745920405.870315,0,0,0,0,7
1745920405.870315,0,0,0,0,7
1745920405.870315,0,0,0,0,7
1745920405.870315,0,0,0,0,7
1745920406.561501,0,0,0,0,17
1745920406.873888,0,0,0,0,3
1745920406.873888,0,0,0,0,3
1745920406.873888,0,0,0,0,3
1745920406.873888,0,0,0,0,3
1745920407.55775,0,0,0,0,22
1745920407.880472,0,0,0,0,8
1745920407.880472,0,0,0,0,8
1745920407.880472,0,0,0,0,8
1745920407.880472,0,0,0,0,8
1745920408.562166,0,0,1,0,24
1745920408.877876,0,0,2,0,14
1745920408.877876,0,0,2,0,14
1745920408.877876,0,0,2,0,14
1745920408.877876,0,0,2,0,14
1745920409.566361,0,0,0,0,34
1745920409.881279,0,0,0,0,4
1745920409.881279,0,0,0,0,4
1745920409.881279,0,0,0,0,4
1745920409.881279,0,0,0,0,4
1745920410.574819,0,0,0,0,17
1745920410.880032,0,0,0,0,14
1745920410.880032,0,0,0,0,14
1745920410.880032,0,0,0,0,14
1745920411.56568,0,0,0,0,11
1745920411.56568,0,0,0,0,11
1745920411.882451,0,0,0,0,13
1745920411.882451,0,0,0,0,13
1745920411.882451,0,0,0,0,13
1745920412.5738,0,0,0,1,12
1745920412.5738,0,0,0,1,12
1745920412.880646,0,0,0,1,5
1745920412.880646,0,0,0,1,5
1745920412.880646,0,0,0,1,5
1745920413.563011,0,0,1,0,16
1745920413.563011,0,0,1,0,16
1745920413.886798,0,0,0,0,9
1745920413.886798,0,0,0,0,9
1745920413.886798,0,0,0,0,9
1745920414.564541,0,0,2,0,25
1745920414.564541,0,0,2,0,25
1745920414.897095,0,0,0,0,11
1745920414.897095,0,0,0,0,11
1745920414.897095,0,0,0,0,11
1745920415.568849,0,0,0,0,22
1745920415.568849,0,0,0,0,22
1745920415.884583,0,0,0,0,24
1745920415.884583,0,0,0,0,24
1745920415.884583,0,0,0,0,24
1745920416.565303,0,0,0,0,21
1745920416.565303,0,0,0,0,21
1745920416.887196,0,0,0,0,7
1745920416.887196,0,0,0,0,7
1745920416.887196,0,0,0,0,7
1745920417.567982,0,0,0,0,19
1745920417.88778,0,0,0,0,4
1745920417.88778,0,0,0,0,4
1745920417.88778,0,0,0,0,4
1745920417.88778,0,0,0,0,4
1745920418.568084,0,0,0,0,15
1745920418.895141,0,0,0,0,7
1745920418.895141,0,0,0,0,7
1745920418.895141,0,0,0,0,7
1745920418.895141,0,0,0,0,7
1745920419.576078,0,0,0,0,21
1745920419.889708,0,0,0,0,7
1745920419.889708,0,0,0,0,7
1745920419.889708,0,0,0,0,7
1745920419.889708,0,0,0,0,7
1745920420.568769,0,0,1,0,29
1745920420.890376,0,0,0,0,8
1745920420.890376,0,0,0,0,8
1745920420.890376,0,0,0,0,8
1745920420.890376,0,0,0,0,8
1745920421.570304,0,0,0,2,19
1745920421.888511,0,0,0,0,16
1745920421.888511,0,0,0,0,16
1745920421.888511,0,0,0,0,16
1745920422.572983,0,0,0,0,17
1745920422.572983,0,0,0,0,17
1745920422.891624,0,0,0,0,2
1745920422.891624,0,0,0,0,2
1745920422.891624,0,0,0,0,2
1745920423.579615,0,0,0,0,17
1745920423.579615,0,0,0,0,17
1745920423.892625,0,0,1,0,10
1745920423.892625,0,0,1,0,10
1745920423.892625,0,0,1,0,10
1745920424.574014,0,0,2,0,20
1745920424.574014,0,0,2,0,20
1745920424.892106,0,0,0,0,6
1745920424.892106,0,0,0,0,6
1745920424.892106,0,0,0,0,6
1745920425.586013,0,0,0,0,16
1745920425.586013,0,0,0,0,16
1745920425.895204,0,0,0,0,7
1745920425.895204,0,0,0,0,7
1745920425.895204,0,0,0,0,7
1745920426.577868,0,0,0,0,18
1745920426.577868,0,0,0,0,18
1745920426.90057,0,0,0,1,10
1745920426.90057,0,0,0,1,10
1745920426.90057,0,0,0,1,10
1745920427.577312,0,0,0,0,21
1745920427.577312,0,0,0,0,21
1745920427.894432,0,0,0,0,13
1745920427.894432,0,0,0,0,13
1745920427.894432,0,0,0,0,13
1745920428.576074,0,0,0,0,26
1745920428.576074,0,0,0,0,26
1745920428.895094,0,0,0,0,6
1745920428.895094,0,0,0,0,6
1745920428.895094,0,0,0,0,6
1745920429.579683,0,0,0,0,21
1745920429.579683,0,0,0,0,21
1745920429.904352,0,0,0,0,12
1745920429.904352,0,0,0,0,12
1745920429.904352,0,0,0,0,12
1745920430.584535,0,0,0,0,28
1745920430.584535,0,0,0,0,28
1745920430.924814,0,0,0,0,5
1745920430.924814,0,0,0,0,5
1745920430.924814,0,0,0,0,5
1745920431.580403,0,0,0,0,12
1745920431.902227,0,0,1,0,17
1745920431.902227,0,0,1,0,17
1745920431.902227,0,0,1,0,17
1745920431.902227,0,0,1,0,17
1745920432.579501,0,0,0,0,25
1745920432.899645,0,0,1,0,6
1745920432.899645,0,0,1,0,6
1745920432.899645,0,0,1,0,6
1745920432.899645,0,0,1,0,6
1745920433.587929,0,0,0,0,18
1745920433.907823,0,0,0,0,8
1745920433.907823,0,0,0,0,8
1745920433.907823,0,0,0,0,8
1745920433.907823,0,0,0,0,8
1745920434.592856,0,0,0,0,11
1745920434.912273,0,0,0,0,8
1745920434.912273,0,0,0,0,8
1745920434.912273,0,0,0,0,8
1745920434.912273,0,0,0,0,8
1745920435.587587,0,0,0,0,18
1745920435.903087,0,0,0,0,10
1745920435.903087,0,0,0,0,10
1745920435.903087,0,0,0,0,10
1745920436.588038,0,0,0,0,16
1745920436.588038,0,0,0,0,16
1745920436.904004,0,0,0,0,5
1745920436.904004,0,0,0,0,5
1745920436.904004,0,0,0,0,5
1745920437.584898,0,0,0,0,12
1745920437.584898,0,0,0,0,12
1745920437.91096,0,0,0,0,8
1745920437.91096,0,0,0,0,8
1745920437.91096,0,0,0,0,8
1745920438.607009,0,0,0,0,23
1745920438.607009,0,0,0,0,23
1745920438.90812,0,0,0,0,9
1745920438.90812,0,0,0,0,9
1745920438.90812,0,0,0,0,9
1745920439.591143,0,0,1,1,25
1745920439.591143,0,0,1,1,25
1745920439.906924,0,0,0,0,6
1745920439.906924,0,0,0,0,6
1745920439.906924,0,0,0,0,6
1745920440.610974,0,0,0,0,17
1745920440.610974,0,0,0,0,17
1745920440.913369,0,0,0,0,13
1745920440.913369,0,0,0,0,13
1745920440.913369,0,0,0,0,13
1745920441.597101,0,0,0,0,24
1745920441.597101,0,0,0,0,24
1745920441.911784,0,0,1,0,11
1745920441.911784,0,0,1,0,11
1745920441.911784,0,0,1,0,11
1745920442.597519,0,0,1,0,9
1745920442.597519,0,0,1,0,9
1745920442.909024,0,0,4,0,6
1745920442.909024,0,0,4,0,6
1745920442.909024,0,0,4,0,6
1745920443.597705,0,0,0,0,26
1745920443.597705,0,0,0,0,26
1745920443.927749,0,0,1,0,18
1745920443.927749,0,0,1,0,18
1745920443.927749,0,0,1,0,18
1745920444.596252,0,0,0,0,29
1745920444.929495,0,0,0,0,17
1745920444.929495,0,0,0,0,17
1745920444.929495,0,0,0,0,17
1745920444.929495,0,0,0,0,17
1745920445.598296,0,0,0,0,31
1745920445.91901,0,0,0,0,11
1745920445.91901,0,0,0,0,11
1745920445.91901,0,0,0,0,11
1745920445.91901,0,0,0,0,11
1745920446.597965,0,0,0,0,18
1745920446.935514,0,0,0,0,2
1745920446.935514,0,0,0,0,2
1745920446.935514,0,0,0,0,2
1745920446.935514,0,0,0,0,2
1745920447.604485,0,0,0,0,30
1745920447.943977,0,0,1,0,11
1745920447.943977,0,0,1,0,11
1745920447.943977,0,0,1,0,11
1745920447.943977,0,0,1,0,11
1745920448.600143,0,0,0,1,21
1745920448.93725,0,0,0,1,20
1745920448.93725,0,0,0,1,20
1745920448.93725,0,0,0,1,20
1745920448.93725,0,0,0,1,20
1745920449.603219,0,0,0,0,15
1745920449.923554,0,0,1,0,3
1745920449.923554,0,0,1,0,3
1745920449.923554,0,0,1,0,3
1745920450.599808,0,0,0,0,21
1745920450.599808,0,0,0,0,21
1745920450.925685,0,0,0,0,10
1745920450.925685,0,0,0,0,10
1745920450.925685,0,0,0,0,10
1745920451.606152,0,0,1,0,19
1745920451.606152,0,0,1,0,19
1745920451.924921,0,0,0,0,10
1745920451.924921,0,0,0,0,10
1745920451.924921,0,0,0,0,10
1745920452.606073,0,0,1,0,23
1745920452.606073,0,0,1,0,23
1745920452.925908,0,0,0,0,4
1745920452.925908,0,0,0,0,4
1745920452.925908,0,0,0,0,4
1745920453.611428,0,0,0,0,21
1745920453.611428,0,0,0,0,21
1745920453.928161,0,0,0,0,6
1745920453.928161,0,0,0,0,6
1745920453.928161,0,0,0,0,6
1745920454.615573,0,0,1,0,12
1745920454.615573,0,0,1,0,12
1745920454.92717,0,0,0,0,13
1745920454.92717,0,0,0,0,13
1745920454.92717,0,0,0,0,13
1745920455.605206,0,0,1,1,22
1745920455.605206,0,0,1,1,22
1745920455.927591,0,0,0,0,10
1745920455.927591,0,0,0,0,10
1745920455.927591,0,0,0,0,10
1745920456.614717,0,0,0,1,23
1745920456.614717,0,0,0,1,23
1745920456.950212,0,0,2,0,2
1745920456.950212,0,0,2,0,2
1745920456.950212,0,0,2,0,2
1745920457.60907,0,0,0,0,7
1745920457.60907,0,0,0,0,7
1745920457.938627,0,0,0,0,7
1745920457.938627,0,0,0,0,7
1745920457.938627,0,0,0,0,7
1745920458.606378,0,0,0,0,17
1745920458.933114,0,0,0,0,2
1745920458.933114,0,0,0,0,2
1745920458.933114,0,0,0,0,2
1745920458.933114,0,0,0,0,2
1745920459.607628,0,0,0,0,39
1745920459.930703,0,0,0,1,8
1745920459.930703,0,0,0,1,8
1745920459.930703,0,0,0,1,8
1745920459.930703,0,0,0,1,8
1745920460.608707,0,0,0,1,31
1745920460.936005,0,0,0,0,11
1745920460.936005,0,0,0,0,11
1745920460.936005,0,0,0,0,11
1745920460.936005,0,0,0,0,11
1745920461.614708,0,0,0,0,14
1745920461.937072,0,0,0,0,6
1745920461.937072,0,0,0,0,6
1745920461.937072,0,0,0,0,6
1745920462.613743,0,0,0,0,21
1745920462.613743,0,0,0,0,21
1745920462.947998,0,0,0,1,5
1745920462.947998,0,0,0,1,5
1745920462.947998,0,0,0,1,5
1745920463.622077,0,0,0,2,16
1745920463.622077,0,0,0,2,16
1745920463.935391,0,0,0,0,10
1745920463.935391,0,0,0,0,10
1745920463.935391,0,0,0,0,10
1745920464.614631,0,0,0,0,27
1745920464.614631,0,0,0,0,27
1745920464.937394,0,0,0,0,8
1745920464.937394,0,0,0,0,8
1745920464.937394,0,0,0,0,8
1745920465.617169,0,0,1,0,21
1745920465.617169,0,0,1,0,21
1745920465.957031,0,0,0,0,19
1745920465.957031,0,0,0,0,19
1745920465.957031,0,0,0,0,19
1745920466.61938,0,0,0,0,22
1745920466.61938,0,0,0,0,22
1745920466.940067,0,0,1,0,3
1745920466.940067,0,0,1,0,3
1745920466.940067,0,0,1,0,3
1745920467.620579,0,0,0,1,37
1745920467.620579,0,0,0,1,37
1745920467.946297,0,0,1,0,12
1745920467.946297,0,0,1,0,12
1745920467.946297,0,0,1,0,12
1745920468.64007,0,0,0,0,14
1745920468.64007,0,0,0,0,14
1745920468.942926,0,0,0,0,19
1745920468.942926,0,0,0,0,19
1745920468.942926,0,0,0,0,19
1745920469.618192,0,0,2,0,29
1745920469.618192,0,0,2,0,29
1745920469.943973,0,0,0,0,4
1745920469.943973,0,0,0,0,4
1745920469.943973,0,0,0,0,4
1745920470.621492,0,0,1,0,13
1745920470.621492,0,0,1,0,13
1745920470.959571,0,0,0,0,7
1745920470.959571,0,0,0,0,7
1745920470.959571,0,0,0,0,7
1745920471.629429,0,0,0,0,14
1745920471.951111,0,0,0,0,5
1745920471.951111,0,0,0,0,5
1745920471.951111,0,0,0,0,5
1745920471.951111,0,0,0,0,5
1745920472.625045,0,0,0,1,29
1745920472.947089,0,0,0,0,18
1745920472.947089,0,0,0,0,18
1745920472.947089,0,0,0,0,18
1745920472.947089,0,0,0,0,18
1745920473.625162,0,0,1,0,14
1745920473.947987,0,0,1,0,9
1745920473.947987,0,0,1,0,9
1745920473.947987,0,0,1,0,9
1745920473.947987,0,0,1,0,9
1745920474.62435,0,0,0,2,26
1745920474.955972,0,0,0,0,5
1745920474.955972,0,0,0,0,5
1745920474.955972,0,0,0,0,5
1745920474.955972,0,0,0,0,5
1745920475.628184,0,0,0,0,21
1745920475.949537,0,0,0,0,11
1745920475.949537,0,0,0,0,11
1745920475.949537,0,0,0,0,11
1745920475.949537,0,0,0,0,11
1745920476.630487,0,0,1,0,16
1745920476.952849,0,0,0,0,9
1745920476.952849,0,0,0,0,9
1745920476.952849,0,0,0,0,9
1745920477.629322,0,0,0,0,17
1745920477.629322,0,0,0,0,17
1745920477.958787,0,0,0,0,6
1745920477.958787,0,0,0,0,6
1745920477.958787,0,0,0,0,6
1745920478.636003,0,0,0,0,25
1745920478.636003,0,0,0,0,25
1745920478.951629,0,0,0,1,11
1745920478.951629,0,0,0,1,11
1745920478.951629,0,0,0,1,11
1745920479.630099,0,0,0,0,22
1745920479.630099,0,0,0,0,22
1745920479.956127,0,0,1,0,7
1745920479.956127,0,0,1,0,7
1745920479.956127,0,0,1,0,7
1745920480.631225,0,0,0,0,28
1745920480.631225,0,0,0,0,28
1745920480.953748,0,0,0,1,11
1745920480.953748,0,0,0,1,11
1745920480.953748,0,0,0,1,11
1745920481.636148,0,0,1,0,17
1745920481.636148,0,0,1,0,17
1745920481.952172,0,0,1,0,11
1745920481.952172,0,0,1,0,11
1745920481.952172,0,0,1,0,11
1745920482.634221,0,0,1,1,13
1745920482.634221,0,0,1,1,13
1745920482.956503,0,0,0,0,11
1745920482.956503,0,0,0,0,11
1745920482.956503,0,0,0,0,11
1745920483.635456,0,0,0,0,29
1745920483.635456,0,0,0,0,29
1745920483.960757,0,0,0,0,9
1745920483.960757,0,0,0,0,9
1745920483.960757,0,0,0,0,9
1745920484.63742,0,0,1,0,21
1745920484.9602,0,0,0,0,7
1745920484.9602,0,0,0,0,7
1745920484.9602,0,0,0,0,7
1745920484.9602,0,0,0,0,7
1745920485.640428,0,0,0,0,22
1745920485.969707,0,0,0,0,13
1745920485.969707,0,0,0,0,13
1745920485.969707,0,0,0,0,13
1745920485.969707,0,0,0,0,13
1745920486.637386,0,0,0,0,16
1745920486.968226,0,0,0,0,14
1745920486.968226,0,0,0,0,14
1745920486.968226,0,0,0,0,14
1745920486.968226,0,0,0,0,14
1745920487.640857,0,0,1,0,22
1745920487.959012,0,0,0,0,17
1745920487.959012,0,0,0,0,17
1745920487.959012,0,0,0,0,17
1745920487.959012,0,0,0,0,17
1745920488.640887,0,0,1,0,22
1745920488.97093,0,0,0,0,5
1745920488.97093,0,0,0,0,5
1745920488.97093,0,0,0,0,5
1745920488.97093,0,0,0,0,5
1745920489.646992,0,0,0,0,15
1745920489.966248,0,0,0,0,3
1745920489.966248,0,0,0,0,3
1745920489.966248,0,0,0,0,3
1745920490.64066,0,0,0,0,16
1745920490.64066,0,0,0,0,16
1745920490.968218,0,0,0,0,8
1745920490.968218,0,0,0,0,8
1745920490.968218,0,0,0,0,8
1745920491.649443,0,0,0,0,29
1745920491.649443,0,0,0,0,29
1745920491.966826,0,0,0,0,5
1745920491.966826,0,0,0,0,5
1745920491.966826,0,0,0,0,5
1745920492.64546,0,0,3,0,26
1745920492.64546,0,0,3,0,26
1745920492.968562,0,0,0,0,12
1745920492.968562,0,0,0,0,12
1745920492.968562,0,0,0,0,12
1745920493.666051,0,0,0,0,19
1745920493.666051,0,0,0,0,19
1745920493.968519,0,0,0,0,12
1745920493.968519,0,0,0,0,12
1745920493.968519,0,0,0,0,12
1745920494.64531,0,0,0,1,9
1745920494.64531,0,0,0,1,9
1745920494.968478,0,0,1,0,16
1745920494.968478,0,0,1,0,16
1745920494.968478,0,0,1,0,16
1745920495.646592,0,0,0,0,17
1745920495.646592,0,0,0,0,17
1745920495.974209,0,0,0,1,4
1745920495.974209,0,0,0,1,4
1745920495.974209,0,0,0,1,4
1745920496.654097,0,0,0,1,22
1745920496.654097,0,0,0,1,22
1745920496.97509,0,0,1,0,10
1745920496.97509,0,0,1,0,10
1745920496.97509,0,0,1,0,10
1745920497.64736,0,0,0,0,25
1745920497.64736,0,0,0,0,25
1745920497.986754,0,0,0,0,13
1745920497.986754,0,0,0,0,13
1745920497.986754,0,0,0,0,13
1745920498.64559,0,0,0,1,21
1745920498.983063,0,0,0,0,13
1745920498.983063,0,0,0,0,13
1745920498.983063,0,0,0,0,13
1745920498.983063,0,0,0,0,13
1745920499.655076,0,0,0,0,17
1745920499.978048,0,0,0,0,10
1745920499.978048,0,0,0,0,10
1745920499.978048,0,0,0,0,10
1745920499.978048,0,0,0,0,10
1745920500.659795,0,0,1,0,29
1745920500.976519,0,0,0,0,7
1745920500.976519,0,0,0,0,7
1745920500.976519,0,0,0,0,7
1745920500.976519,0,0,0,0,7
1745920501.66422,0,0,1,0,19
1745920501.977305,0,0,1,0,15
1745920501.977305,0,0,1,0,15
1745920501.977305,0,0,1,0,15
1745920502.655588,0,0,0,0,13
1745920502.655588,0,0,0,0,13
1745920502.979908,0,0,0,0,10
1745920502.979908,0,0,0,0,10
1745920502.979908,0,0,0,0,10
1745920503.665924,0,0,0,0,13
1745920503.665924,0,0,0,0,13
1745920503.98299,0,0,0,0,4
1745920503.98299,0,0,0,0,4
1745920503.98299,0,0,0,0,4
1745920504.655961,0,0,0,0,23
1745920504.655961,0,0,0,0,23
1745920504.980531,0,0,0,0,5
1745920504.980531,0,0,0,0,5
1745920504.980531,0,0,0,0,5
1745920505.65953,0,0,0,0,25
1745920505.65953,0,0,0,0,25
1745920505.987047,0,0,1,0,10
1745920505.987047,0,0,1,0,10
1745920505.987047,0,0,1,0,10
1745920506.665607,0,0,0,2,25
1745920506.665607,0,0,0,2,25
1745920506.980654,0,0,0,0,11
1745920506.980654,0,0,0,0,11
1745920506.980654,0,0,0,0,11
1745920507.666099,0,0,0,0,38
1745920507.666099,0,0,0,0,38
1745920507.991257,0,0,0,0,5
1745920507.991257,0,0,0,0,5
1745920507.991257,0,0,0,0,5
1745920508.662686,0,0,1,0,24
1745920508.662686,0,0,1,0,24
1745920509.001731,0,0,0,0,7
1745920509.001731,0,0,0,0,7
1745920509.001731,0,0,0,0,7
1745920509.664637,0,0,0,0,19
1745920509.986527,0,0,0,0,15
1745920509.986527,0,0,0,0,15
1745920509.986527,0,0,0,0,15
1745920509.986527,0,0,0,0,15
1745920510.663602,0,0,0,0,11
1745920510.990396,0,0,0,0,8
1745920510.990396,0,0,0,0,8
1745920510.990396,0,0,0,0,8
1745920510.990396,0,0,0,0,8
1745920511.670314,0,0,1,0,14
1745920511.994179,0,0,0,0,9
1745920511.994179,0,0,0,0,9
1745920511.994179,0,0,0,0,9
1745920511.994179,0,0,0,0,9
1745920512.670924,0,0,0,1,36
1745920512.995645,0,0,0,0,11
1745920512.995645,0,0,0,0,11
1745920512.995645,0,0,0,0,11
1745920512.995645,0,0,0,0,11
1745920513.667119,0,0,1,0,10
1745920514.012852,0,0,0,0,3
1745920514.012852,0,0,0,0,3
1745920514.012852,0,0,0,0,3
1745920514.012852,0,0,0,0,3
1745920514.677456,0,0,0,0,16
1745920514.991645,0,0,0,0,8
1745920514.991645,0,0,0,0,8
1745920514.991645,0,0,0,0,8
1745920515.673962,0,0,1,0,16
1745920515.673962,0,0,1,0,16
1745920515.992121,0,0,0,0,7
1745920515.992121,0,0,0,0,7
1745920515.992121,0,0,0,0,7
1745920516.67039,0,0,0,0,18
1745920516.67039,0,0,0,0,18
1745920516.993486,0,0,0,0,11
1745920516.993486,0,0,0,0,11
1745920516.993486,0,0,0,0,11
1745920517.674692,0,0,1,0,19
1745920517.674692,0,0,1,0,19
1745920517.995541,0,0,0,0,14
1745920517.995541,0,0,0,0,14
1745920517.995541,0,0,0,0,14
1745920518.670685,0,0,0,0,11
1745920518.670685,0,0,0,0,11
1745920518.994135,0,0,0,0,11
1745920518.994135,0,0,0,0,11
1745920518.994135,0,0,0,0,11
1745920519.672819,0,0,0,0,17
1745920519.672819,0,0,0,0,17
1745920519.994376,0,0,0,0,18
1745920519.994376,0,0,0,0,18
1745920519.994376,0,0,0,0,18
1745920520.677066,0,0,0,0,12
1745920520.677066,0,0,0,0,12
1745920520.994686,0,0,0,1,8
1745920520.994686,0,0,0,1,8
1745920520.994686,0,0,0,1,8
1745920521.67299,0,0,0,0,22
1745920521.67299,0,0,0,0,22
1745920522.003712,0,0,0,0,11
1745920522.003712,0,0,0,0,11
1745920522.003712,0,0,0,0,11
1745920522.687827,0,0,0,1,12
1745920522.687827,0,0,0,1,12
1745920523.008374,0,0,0,0,6
1745920523.008374,0,0,0,0,6
1745920523.008374,0,0,0,0,6
1745920523.684867,0,0,1,1,15
1745920523.684867,0,0,1,1,15
1745920524.008969,0,0,0,0,9
1745920524.008969,0,0,0,0,9
1745920524.008969,0,0,0,0,9
1745920524.677565,0,0,0,0,16
1745920525.002993,0,0,0,0,11
1745920525.002993,0,0,0,0,11
1745920525.002993,0,0,0,0,11
1745920525.002993,0,0,0,0,11
1745920525.680289,0,0,2,0,17
1745920526.005669,0,0,0,0,1
1745920526.005669,0,0,0,0,1
1745920526.005669,0,0,0,0,1
1745920526.005669,0,0,0,0,1
1745920526.685182,0,0,0,0,24
1745920527.003661,0,0,0,0,5
1745920527.003661,0,0,0,0,5
1745920527.003661,0,0,0,0,5
1745920527.003661,0,0,0,0,5
1745920527.678983,0,0,0,0,14
1745920528.034668,0,0,0,0,11
1745920528.034668,0,0,0,0,11
1745920528.034668,0,0,0,0,11
1745920528.034668,0,0,0,0,11
1745920528.685054,0,0,1,0,20
1745920529.011568,0,0,0,0,9
1745920529.011568,0,0,0,0,9
1745920529.011568,0,0,0,0,9
1745920529.684603,0,0,0,0,18
1745920529.684603,0,0,0,0,18
1745920530.019733,0,0,0,1,9
1745920530.019733,0,0,0,1,9
1745920530.019733,0,0,0,1,9
1745920530.68187,0,0,0,1,19
1745920530.68187,0,0,0,1,19
1745920531.012918,0,0,0,0,4
1745920531.012918,0,0,0,0,4
1745920531.012918,0,0,0,0,4
1745920531.690066,0,0,1,0,19
1745920531.690066,0,0,1,0,19
1745920532.010792,0,0,0,0,10
1745920532.010792,0,0,0,0,10
1745920532.010792,0,0,0,0,10
1745920532.688882,0,0,0,0,30
1745920532.688882,0,0,0,0,30
1745920533.017086,0,0,0,0,7
1745920533.017086,0,0,0,0,7
1745920533.017086,0,0,0,0,7
1745920533.695422,0,0,1,1,16
1745920533.695422,0,0,1,1,16
1745920534.012501,0,0,0,0,6
1745920534.012501,0,0,0,0,6
1745920534.012501,0,0,0,0,6
1745920534.688495,0,0,0,0,13
1745920534.688495,0,0,0,0,13
1745920535.012227,0,0,0,0,9
1745920535.012227,0,0,0,0,9
1745920535.012227,0,0,0,0,9
1745920535.698461,0,0,1,0,18
1745920535.698461,0,0,1,0,18
1745920536.010548,0,0,0,0,11
1745920536.010548,0,0,0,0,11
1745920536.010548,0,0,0,0,11
1745920536.688838,0,0,0,0,16
1745920536.688838,0,0,0,0,16
1745920537.023189,0,0,0,0,10
1745920537.023189,0,0,0,0,10
1745920537.023189,0,0,0,0,10
1745920537.691925,0,0,0,0,14
1745920537.691925,0,0,0,0,14
1745920538.042921,0,0,0,0,15
1745920538.042921,0,0,0,0,15
1745920538.042921,0,0,0,0,15
1745920538.69266,0,0,0,0,38
1745920539.021628,0,0,0,0,11
1745920539.021628,0,0,0,0,11
1745920539.021628,0,0,0,0,11
1745920539.021628,0,0,0,0,11
1745920539.696472,0,0,0,0,34
1745920540.021568,0,0,0,0,16
1745920540.021568,0,0,0,0,16
1745920540.021568,0,0,0,0,16
1745920540.021568,0,0,0,0,16
1745920540.691967,0,0,0,0,7
1745920541.030831,0,0,0,0,13
1745920541.030831,0,0,0,0,13
1745920541.030831,0,0,0,0,13
1745920541.030831,0,0,0,0,13
1745920541.701947,0,0,1,0,24
1745920542.024703,0,0,0,1,9
1745920542.024703,0,0,0,1,9
1745920542.024703,0,0,0,1,9
1745920542.701594,0,0,0,0,19
1745920542.701594,0,0,0,0,19
1745920543.023305,0,0,0,0,6
1745920543.023305,0,0,0,0,6
1745920543.023305,0,0,0,0,6
1745920543.694566,0,0,0,2,18
1745920543.694566,0,0,0,2,18
1745920544.024226,0,0,0,0,8
1745920544.024226,0,0,0,0,8
1745920544.024226,0,0,0,0,8
1745920544.70141,0,0,0,0,11
1745920544.70141,0,0,0,0,11
1745920545.023717,0,0,1,0,6
1745920545.023717,0,0,1,0,6
1745920545.023717,0,0,1,0,6
1745920545.698536,0,0,0,0,20
1745920545.698536,0,0,0,0,20
1745920546.024861,0,0,1,0,15
1745920546.024861,0,0,1,0,15
1745920546.024861,0,0,1,0,15
1745920546.699597,0,0,0,0,29
1745920546.699597,0,0,0,0,29
1745920547.023113,0,0,0,0,11
1745920547.023113,0,0,0,0,11
1745920547.023113,0,0,0,0,11
1745920547.70543,0,0,1,1,25
1745920547.70543,0,0,1,1,25
1745920548.024366,0,0,0,0,6
1745920548.024366,0,0,0,0,6
1745920548.024366,0,0,0,0,6
1745920548.716763,0,0,0,0,15
1745920548.716763,0,0,0,0,15
1745920549.036253,0,0,1,0,4
1745920549.036253,0,0,1,0,4
1745920549.036253,0,0,1,0,4
1745920549.715854,0,0,0,0,25
1745920549.715854,0,0,0,0,25
1745920550.032218,0,0,1,0,12
1745920550.032218,0,0,1,0,12
1745920550.032218,0,0,1,0,12
1745920550.702141,0,0,1,0,17
1745920550.702141,0,0,1,0,17
1745920551.038212,0,0,0,0,11
1745920551.038212,0,0,0,0,11
1745920551.038212,0,0,0,0,11
1745920551.701663,0,0,0,1,26
1745920552.029901,0,0,0,1,10
1745920552.029901,0,0,0,1,10
1745920552.029901,0,0,0,1,10
1745920552.029901,0,0,0,1,10
1745920552.703528,0,0,0,0,13
1745920553.042878,0,0,0,0,12
1745920553.042878,0,0,0,0,12
1745920553.042878,0,0,0,0,12
1745920553.042878,0,0,0,0,12
1745920553.704661,0,0,0,1,17
1745920554.034225,0,0,0,0,11
1745920554.034225,0,0,0,0,11
1745920554.034225,0,0,0,0,11
1745920554.034225,0,0,0,0,11
1745920554.703293,0,0,1,0,16
1745920555.041675,0,0,0,0,10
1745920555.041675,0,0,0,0,10
1745920555.041675,0,0,0,0,10
1745920555.041675,0,0,0,0,10
1745920555.711235,0,0,1,0,22
1745920556.038268,0,0,0,0,8
1745920556.038268,0,0,0,0,8
1745920556.038268,0,0,0,0,8
1745920556.707047,0,0,0,0,18
1745920556.707047,0,0,0,0,18
1745920557.037164,0,0,0,0,6
1745920557.037164,0,0,0,0,6
1745920557.037164,0,0,0,0,6
1745920557.706222,0,0,0,1,15
1745920557.706222,0,0,0,1,15
1745920558.039662,0,0,0,0,9
1745920558.039662,0,0,0,0,9
1745920558.039662,0,0,0,0,9
1745920558.707757,0,0,0,0,11
1745920558.707757,0,0,0,0,11
1745920559.043616,0,0,0,0,17
1745920559.043616,0,0,0,0,17
1745920559.043616,0,0,0,0,17
1745920559.714805,0,0,0,0,20
1745920559.714805,0,0,0,0,20
1745920560.038163,0,0,0,0,4
1745920560.038163,0,0,0,0,4
1745920560.038163,0,0,0,0,4
1745920560.711066,0,0,0,0,16
1745920560.711066,0,0,0,0,16
1745920561.042765,0,0,0,0,7
1745920561.042765,0,0,0,0,7
1745920561.042765,0,0,0,0,7
1745920561.71603,0,0,1,0,32
1745920561.71603,0,0,1,0,32
1745920562.040674,0,0,0,0,20
1745920562.040674,0,0,0,0,20
1745920562.040674,0,0,0,0,20
1745920562.716168,0,0,1,0,19
1745920562.716168,0,0,1,0,19
1745920563.051444,0,0,0,0,4
1745920563.051444,0,0,0,0,4
1745920563.051444,0,0,0,0,4
1745920563.71954,0,0,1,1,14
1745920563.71954,0,0,1,1,14
1745920564.052535,0,0,2,0,11
1745920564.052535,0,0,2,0,11
1745920564.052535,0,0,2,0,11
1745920564.714109,0,0,0,0,15
1745920565.047414,0,0,0,0,6
1745920565.047414,0,0,0,0,6
1745920565.047414,0,0,0,0,6
1745920565.047414,0,0,0,0,6
1745920565.714209,0,0,0,1,7
1745920566.044978,0,0,0,0,12
1745920566.044978,0,0,0,0,12
1745920566.044978,0,0,0,0,12
1745920566.044978,0,0,0,0,12
1745920566.715609,0,0,0,0,20
1745920567.05043,0,0,0,0,3
1745920567.05043,0,0,0,0,3
1745920567.05043,0,0,0,0,3
1745920567.05043,0,0,0,0,3
1745920567.713807,0,0,0,1,24
1745920568.048795,0,0,0,0,4
1745920568.048795,0,0,0,0,4
1745920568.048795,0,0,0,0,4
1745920568.048795,0,0,0,0,4
1745920568.724722,0,0,2,0,21
1745920569.045866,0,0,0,0,16
1745920569.045866,0,0,0,0,16
1745920569.045866,0,0,0,0,16
1745920569.045866,0,0,0,0,16
1745920569.737172,0,0,2,0,18
1745920570.054999,0,0,2,1,4
1745920570.054999,0,0,2,1,4
1745920570.054999,0,0,2,1,4
1745920570.054999,0,0,2,1,4
1745920570.74049,0,0,0,0,8
1745920571.054411,0,0,0,1,13
1745920571.054411,0,0,0,1,13
1745920571.054411,0,0,0,1,13
1745920571.728591,0,0,0,0,21
1745920571.728591,0,0,0,0,21
1745920572.059183,0,0,0,0,5
1745920572.059183,0,0,0,0,5
1745920572.059183,0,0,0,0,5
1745920572.730954,0,0,0,0,16
1745920572.730954,0,0,0,0,16
1745920573.055377,0,0,0,0,14
1745920573.055377,0,0,0,0,14
1745920573.055377,0,0,0,0,14
1745920573.739107,0,0,1,0,22
1745920573.739107,0,0,1,0,22
1745920574.058442,0,0,0,0,8
1745920574.058442,0,0,0,0,8
1745920574.058442,0,0,0,0,8
1745920574.729037,0,0,0,0,20
1745920574.729037,0,0,0,0,20
1745920575.063264,0,0,0,0,3
1745920575.063264,0,0,0,0,3
1745920575.063264,0,0,0,0,3
1745920575.73733,0,0,0,0,20
1745920575.73733,0,0,0,0,20
1745920576.058877,0,0,0,0,9
1745920576.058877,0,0,0,0,9
1745920576.058877,0,0,0,0,9
1745920576.731843,0,0,1,0,19
1745920576.731843,0,0,1,0,19
1745920577.06993,0,0,0,0,20
1745920577.06993,0,0,0,0,20
1745920577.06993,0,0,0,0,20
1745920577.731268,0,0,0,0,18
1745920577.731268,0,0,0,0,18
1745920578.059151,0,0,0,0,7
1745920578.059151,0,0,0,0,7
1745920578.059151,0,0,0,0,7
1745920578.732542,0,0,0,0,20
1745920578.732542,0,0,0,0,20
1745920579.061822,0,0,1,0,7
1745920579.061822,0,0,1,0,7
1745920579.061822,0,0,1,0,7
1745920579.732242,0,0,0,0,26
1745920580.065828,0,0,1,0,13
1745920580.065828,0,0,1,0,13
1745920580.065828,0,0,1,0,13
1745920580.065828,0,0,1,0,13
1745920580.731959,0,0,1,0,12
1745920581.066035,0,0,1,0,9
1745920581.066035,0,0,1,0,9
1745920581.066035,0,0,1,0,9
1745920581.066035,0,0,1,0,9
1745920581.735075,0,0,1,0,11
1745920582.073209,0,0,1,0,11
1745920582.073209,0,0,1,0,11
1745920582.073209,0,0,1,0,11
1745920582.073209,0,0,1,0,11
1745920582.73516,0,0,0,0,12
1745920583.076136,0,0,0,0,15
1745920583.076136,0,0,0,0,15
1745920583.076136,0,0,0,0,15
1745920583.076136,0,0,0,0,15
1745920583.759014,0,0,0,0,20
1745920584.074051,0,0,0,0,11
1745920584.074051,0,0,0,0,11
1745920584.074051,0,0,0,0,11
1745920584.738014,0,0,1,0,15
1745920584.738014,0,0,1,0,15
1745920585.068911,0,0,0,0,35
1745920585.068911,0,0,0,0,35
1745920585.068911,0,0,0,0,35
1745920585.748964,0,0,1,1,24
1745920585.748964,0,0,1,1,24
1745920586.071983,0,0,0,0,5
1745920586.071983,0,0,0,0,5
1745920586.071983,0,0,0,0,5
1745920586.741681,0,0,3,0,24
1745920586.741681,0,0,3,0,24
1745920587.07192,0,0,0,0,5
1745920587.07192,0,0,0,0,5
1745920587.07192,0,0,0,0,5
1745920587.741347,0,0,1,0,34
1745920587.741347,0,0,1,0,34
1745920588.072713,0,0,0,0,23
1745920588.072713,0,0,0,0,23
1745920588.072713,0,0,0,0,23
1745920588.745642,0,0,0,0,32
1745920588.745642,0,0,0,0,32
1745920589.076636,0,0,0,1,9
1745920589.076636,0,0,0,1,9
1745920589.076636,0,0,0,1,9
1745920589.747115,0,0,2,0,28
1745920589.747115,0,0,2,0,28
1745920590.07317,0,0,0,0,8
1745920590.07317,0,0,0,0,8
1745920590.07317,0,0,0,0,8
1745920590.744107,0,0,0,0,23
1745920590.744107,0,0,0,0,23
1745920591.083963,0,0,0,0,7
1745920591.083963,0,0,0,0,7
1745920591.083963,0,0,0,0,7
1745920591.745982,0,0,0,0,20
1745920591.745982,0,0,0,0,20
1745920592.092544,0,0,0,0,2
1745920592.092544,0,0,0,0,2
1745920592.092544,0,0,0,0,2
1745920592.745892,0,0,0,0,19
1745920592.745892,0,0,0,0,19
1745920593.079859,0,0,0,0,20
1745920593.079859,0,0,0,0,20
1745920593.079859,0,0,0,0,20
1745920593.746003,0,0,1,0,13
1745920594.07436,0,0,0,0,2
1745920594.07436,0,0,0,0,2
1745920594.07436,0,0,0,0,2
1745920594.07436,0,0,0,0,2
1745920594.745893,0,0,0,0,18
1745920595.084121,0,0,0,1,10
1745920595.084121,0,0,0,1,10
1745920595.084121,0,0,0,1,10
1745920595.084121,0,0,0,1,10
1745920595.746347,0,0,0,0,25
1745920596.081252,0,0,0,0,13
1745920596.081252,0,0,0,0,13
1745920596.081252,0,0,0,0,13
1745920596.081252,0,0,0,0,13
1745920596.762679,0,0,0,0,18
1745920597.095134,0,0,0,0,9
1745920597.095134,0,0,0,0,9
1745920597.095134,0,0,0,0,9
1745920597.095134,0,0,0,0,9
1745920597.759573,0,0,0,2,19
1745920598.088806,0,0,0,0,12
1745920598.088806,0,0,0,0,12
1745920598.088806,0,0,0,0,12
1745920598.088806,0,0,0,0,12
1745920598.762347,0,0,0,0,18
1745920599.079332,0,0,0,0,8
1745920599.079332,0,0,0,0,8
1745920599.079332,0,0,0,0,8
1745920599.762734,0,0,0,0,24
1745920599.762734,0,0,0,0,24
1745920600.085218,0,0,1,0,10
1745920600.085218,0,0,1,0,10
1745920600.085218,0,0,1,0,10
1745920600.765083,0,0,0,0,11
1745920600.765083,0,0,0,0,11
1745920601.08842,0,0,0,1,11
1745920601.08842,0,0,0,1,11
1745920601.08842,0,0,0,1,11
1745920601.765089,0,0,0,0,20
1745920601.765089,0,0,0,0,20
1745920602.083603,0,0,0,0,8
1745920602.083603,0,0,0,0,8
1745920602.083603,0,0,0,0,8
1745920602.77835,0,0,1,0,14
1745920602.77835,0,0,1,0,14
1745920603.083725,0,0,0,0,7
1745920603.083725,0,0,0,0,7
1745920603.083725,0,0,0,0,7
1745920603.765324,0,0,0,0,23
1745920603.765324,0,0,0,0,23
1745920604.090677,0,0,0,0,9
1745920604.090677,0,0,0,0,9
1745920604.090677,0,0,0,0,9
1745920604.77762,0,0,0,1,21
1745920604.77762,0,0,0,1,21
1745920605.09305,0,0,0,0,15
1745920605.09305,0,0,0,0,15
1745920605.09305,0,0,0,0,15
1745920605.767422,0,0,1,0,21
1745920606.087618,0,0,1,0,13
1745920606.087618,0,0,1,0,13
1745920606.087618,0,0,1,0,13
1745920606.087618,0,0,1,0,13
1745920606.770302,0,0,1,0,21
1745920607.092699,0,0,0,0,7
1745920607.092699,0,0,0,0,7
1745920607.092699,0,0,0,0,7
1745920607.092699,0,0,0,0,7
1745920607.768959,0,0,0,1,31
1745920608.09551,0,0,0,0,14
1745920608.09551,0,0,0,0,14
1745920608.09551,0,0,0,0,14
1745920608.09551,0,0,0,0,14
1745920608.768104,0,0,0,0,26
1745920609.100679,0,0,0,0,8
1745920609.100679,0,0,0,0,8
1745920609.100679,0,0,0,0,8
1745920609.100679,0,0,0,0,8
1745920609.769018,0,0,0,0,32
1745920610.090228,0,0,0,0,8
1745920610.090228,0,0,0,0,8
1745920610.090228,0,0,0,0,8
1745920610.090228,0,0,0,0,8
1745920610.771185,0,0,1,0,17
1745920611.101064,0,0,0,0,9
1745920611.101064,0,0,0,0,9
1745920611.101064,0,0,0,0,9
1745920611.769384,0,0,1,1,17
1745920611.769384,0,0,1,1,17
1745920612.109172,0,0,1,0,7
1745920612.109172,0,0,1,0,7
1745920612.109172,0,0,1,0,7
1745920612.772264,0,0,0,0,18
1745920612.772264,0,0,0,0,18
1745920613.0956,0,0,0,0,4
1745920613.0956,0,0,0,0,4
1745920613.0956,0,0,0,0,4
1745920613.771585,0,0,0,1,23
1745920613.771585,0,0,0,1,23
1745920614.100445,0,0,0,0,5
1745920614.100445,0,0,0,0,5
1745920614.100445,0,0,0,0,5
1745920614.776066,0,0,0,0,19
1745920614.776066,0,0,0,0,19
1745920615.096073,0,0,0,0,9
1745920615.096073,0,0,0,0,9
1745920615.096073,0,0,0,0,9
1745920615.775702,0,0,0,0,25
1745920615.775702,0,0,0,0,25
1745920616.096421,0,0,0,0,15
1745920616.096421,0,0,0,0,15
1745920616.096421,0,0,0,0,15
1745920616.811078,0,0,0,0,21
1745920616.811078,0,0,0,0,21
1745920617.096406,0,0,0,0,7
1745920617.096406,0,0,0,0,7
1745920617.096406,0,0,0,0,7
1745920617.780729,0,0,0,0,14
1745920617.780729,0,0,0,0,14
1745920618.101049,0,0,0,0,3
1745920618.101049,0,0,0,0,3
1745920618.101049,0,0,0,0,3
1745920618.777054,0,0,0,0,20
1745920618.777054,0,0,0,0,20
1745920619.102687,0,0,0,0,5
1745920619.102687,0,0,0,0,5
1745920619.102687,0,0,0,0,5
1745920619.779478,0,0,0,0,14
1745920620.102182,0,0,0,0,4
1745920620.102182,0,0,0,0,4
1745920620.102182,0,0,0,0,4
1745920620.102182,0,0,0,0,4
1745920620.778073,0,0,1,0,18
1745920621.103697,0,0,0,0,18
1745920621.103697,0,0,0,0,18
1745920621.103697,0,0,0,0,18
1745920621.103697,0,0,0,0,18
1745920621.780723,0,0,4,0,23
1745920622.105816,0,0,1,0,14
1745920622.105816,0,0,1,0,14
1745920622.105816,0,0,1,0,14
1745920622.105816,0,0,1,0,14
1745920622.782418,0,0,0,0,18
1745920623.10513,0,0,0,0,20
1745920623.10513,0,0,0,0,20
1745920623.10513,0,0,0,0,20
1745920623.10513,0,0,0,0,20
1745920623.804161,0,0,0,0,18
1745920624.105985,0,0,0,0,6
1745920624.105985,0,0,0,0,6
1745920624.105985,0,0,0,0,6
1745920624.105985,0,0,0,0,6
1745920624.794574,0,0,0,1,17
1745920625.117406,0,0,0,0,6
1745920625.117406,0,0,0,0,6
1745920625.117406,0,0,0,0,6
1745920625.783696,0,0,0,0,11
1745920625.783696,0,0,0,0,11
1745920626.111406,0,0,0,0,12
1745920626.111406,0,0,0,0,12
1745920626.111406,0,0,0,0,12
1745920626.794636,0,0,0,0,40
1745920626.794636,0,0,0,0,40
1745920627.10514,0,0,1,0,16
1745920627.10514,0,0,1,0,16
1745920627.10514,0,0,1,0,16
1745920627.788884,0,0,1,0,15
1745920627.788884,0,0,1,0,15
1745920628.107695,0,0,1,0,7
1745920628.107695,0,0,1,0,7
1745920628.107695,0,0,1,0,7
1745920628.786608,0,0,0,0,13
1745920628.786608,0,0,0,0,13
1745920629.10845,0,0,1,0,8
1745920629.10845,0,0,1,0,8
1745920629.10845,0,0,1,0,8
1745920629.788449,0,0,0,0,20
1745920629.788449,0,0,0,0,20
1745920630.10864,0,0,0,0,8
1745920630.10864,0,0,0,0,8
1745920630.10864,0,0,0,0,8
1745920630.804625,0,0,0,0,20
1745920630.804625,0,0,0,0,20
1745920631.111968,0,0,0,1,7
1745920631.111968,0,0,0,1,7
1745920631.111968,0,0,0,1,7
1745920631.790721,0,0,1,0,15
1745920631.790721,0,0,1,0,15
1745920632.116773,0,0,0,0,11
1745920632.116773,0,0,0,0,11
1745920632.116773,0,0,0,0,11
1745920632.791243,0,0,0,0,23
1745920632.791243,0,0,0,0,23
1745920633.1259,0,0,0,0,13
1745920633.1259,0,0,0,0,13
1745920633.1259,0,0,0,0,13
1745920633.792849,0,0,1,0,18
1745920634.124883,0,0,1,1,8
1745920634.124883,0,0,1,1,8
1745920634.124883,0,0,1,1,8
1745920634.124883,0,0,1,1,8
1745920634.792375,0,0,1,0,18
1745920635.119022,0,0,0,0,7
1745920635.119022,0,0,0,0,7
1745920635.119022,0,0,0,0,7
1745920635.119022,0,0,0,0,7
1745920635.791383,0,0,0,0,30
1745920636.114996,0,0,0,0,12
1745920636.114996,0,0,0,0,12
1745920636.114996,0,0,0,0,12
1745920636.114996,0,0,0,0,12
1745920636.793436,0,0,1,0,21
1745920637.139028,0,0,0,2,10
1745920637.139028,0,0,0,2,10
1745920637.139028,0,0,0,2,10
1745920637.139028,0,0,0,2,10
1745920637.800251,0,0,1,1,16
1745920638.127039,0,0,0,0,10
1745920638.127039,0,0,0,0,10
1745920638.127039,0,0,0,0,10
1745920638.795967,0,0,2,0,14
1745920638.795967,0,0,2,0,14
1745920639.119896,0,0,2,0,8
1745920639.119896,0,0,2,0,8
1745920639.119896,0,0,2,0,8
1745920639.795033,0,0,0,0,18
1745920639.795033,0,0,0,0,18
1745920640.11737,0,0,1,0,12
1745920640.11737,0,0,1,0,12
1745920640.11737,0,0,1,0,12
1745920640.798664,0,0,0,1,20
1745920640.798664,0,0,0,1,20
1745920641.127601,0,0,0,0,15
1745920641.127601,0,0,0,0,15
1745920641.127601,0,0,0,0,15
1745920641.801658,0,0,0,0,24
1745920641.801658,0,0,0,0,24
1745920642.117997,0,0,0,0,6
1745920642.117997,0,0,0,0,6
1745920642.117997,0,0,0,0,6
1745920642.810569,0,0,0,0,24
1745920642.810569,0,0,0,0,24
1745920643.118871,0,0,0,0,11
1745920643.118871,0,0,0,0,11
1745920643.118871,0,0,0,0,11
1745920643.813057,0,0,0,0,25
1745920643.813057,0,0,0,0,25
1745920644.12395,0,0,0,0,10
1745920644.12395,0,0,0,0,10
1745920644.12395,0,0,0,0,10
1745920644.803546,0,0,0,0,29
1745920644.803546,0,0,0,0,29
1745920645.129186,0,0,0,0,7
1745920645.129186,0,0,0,0,7
1745920645.129186,0,0,0,0,7
1745920645.804886,0,0,0,0,24
1745920645.804886,0,0,0,0,24
1745920646.129816,0,0,0,0,13
1745920646.129816,0,0,0,0,13
1745920646.129816,0,0,0,0,13
1745920646.803084,0,0,0,0,14
1745920646.803084,0,0,0,0,14
1745920647.127317,0,0,0,0,11
1745920647.127317,0,0,0,0,11
1745920647.127317,0,0,0,0,11
1745920647.810509,0,0,0,0,20
1745920648.13286,0,0,0,0,15
1745920648.13286,0,0,0,0,15
1745920648.13286,0,0,0,0,15
1745920648.13286,0,0,0,0,15
1745920648.805228,0,0,0,1,17
1745920649.132386,0,0,0,0,12
1745920649.132386,0,0,0,0,12
1745920649.132386,0,0,0,0,12
1745920649.132386,0,0,0,0,12
1745920649.804583,0,0,0,2,15
1745920650.138031,0,0,0,0,16
1745920650.138031,0,0,0,0,16
1745920650.138031,0,0,0,0,16
1745920650.138031,0,0,0,0,16
1745920650.813036,0,0,1,0,12
1745920651.146189,0,0,0,0,3
1745920651.146189,0,0,0,0,3
1745920651.146189,0,0,0,0,3
1745920651.146189,0,0,0,0,3
1745920651.811357,0,0,0,0,13
1745920652.134425,0,0,0,0,6
1745920652.134425,0,0,0,0,6
1745920652.134425,0,0,0,0,6
1745920652.810509,0,0,0,0,7
1745920652.810509,0,0,0,0,7
1745920653.13149,0,0,1,0,3
1745920653.13149,0,0,1,0,3
1745920653.13149,0,0,1,0,3
1745920653.809933,0,0,0,0,19
1745920653.809933,0,0,0,0,19
1745920654.135018,0,0,1,0,1
1745920654.135018,0,0,1,0,1
1745920654.135018,0,0,1,0,1
1745920654.81586,0,0,2,0,27
1745920654.81586,0,0,2,0,27
1745920655.136083,0,0,0,0,14
1745920655.136083,0,0,0,0,14
1745920655.136083,0,0,0,0,14
1745920655.833324,0,0,0,0,27
1745920655.833324,0,0,0,0,27
1745920656.138928,0,0,0,0,11
1745920656.138928,0,0,0,0,11
1745920656.138928,0,0,0,0,11
1745920656.824822,0,0,0,0,10
1745920656.824822,0,0,0,0,10
1745920657.136976,0,0,0,1,8
1745920657.136976,0,0,0,1,8
1745920657.136976,0,0,0,1,8
1745920657.839265,0,0,1,0,11
1745920657.839265,0,0,1,0,11
1745920658.138799,0,0,0,0,8
1745920658.138799,0,0,0,0,8
1745920658.138799,0,0,0,0,8
1745920658.836921,0,0,0,0,16
1745920658.836921,0,0,0,0,16
1745920659.140978,0,0,0,0,9
1745920659.140978,0,0,0,0,9
1745920659.140978,0,0,0,0,9
1745920659.817162,0,0,1,0,39
1745920659.817162,0,0,1,0,39
1745920660.142097,0,0,1,0,16
1745920660.142097,0,0,1,0,16
1745920660.142097,0,0,1,0,16
1745920660.817159,0,0,1,0,15
1745920661.140248,0,0,0,0,10
1745920661.140248,0,0,0,0,10
1745920661.140248,0,0,0,0,10
1745920661.140248,0,0,0,0,10
1745920661.820601,0,0,0,1,23
1745920662.141015,0,0,0,0,11
1745920662.141015,0,0,0,0,11
1745920662.141015,0,0,0,0,11
1745920662.141015,0,0,0,0,11
1745920662.817905,0,0,1,0,25
1745920663.145298,0,0,1,0,10
1745920663.145298,0,0,1,0,10
1745920663.145298,0,0,1,0,10
1745920663.145298,0,0,1,0,10
1745920663.819588,0,0,0,0,14
1745920664.147059,0,0,0,0,15
1745920664.147059,0,0,0,0,15
1745920664.147059,0,0,0,0,15
1745920664.147059,0,0,0,0,15
1745920664.824373,0,0,0,0,29
1745920665.160566,0,0,0,0,14
1745920665.160566,0,0,0,0,14
1745920665.160566,0,0,0,0,14
1745920665.160566,0,0,0,0,14
1745920665.822079,0,0,0,0,21
1745920666.149133,0,0,0,0,4
1745920666.149133,0,0,0,0,4
1745920666.149133,0,0,0,0,4
1745920666.830419,0,0,0,0,14
1745920666.830419,0,0,0,0,14
1745920667.151798,0,0,0,0,10
1745920667.151798,0,0,0,0,10
1745920667.151798,0,0,0,0,10
1745920667.821535,0,0,0,0,20
1745920667.821535,0,0,0,0,20
1745920668.149477,0,0,0,0,14
1745920668.149477,0,0,0,0,14
1745920668.149477,0,0,0,0,14
1745920668.823533,0,0,0,0,27
1745920668.823533,0,0,0,0,27
1745920669.146969,0,0,0,1,8
1745920669.146969,0,0,0,1,8
1745920669.146969,0,0,0,1,8
1745920669.842015,0,0,1,0,15
1745920669.842015,0,0,1,0,15
1745920670.161194,0,0,0,1,13
1745920670.161194,0,0,0,1,13
1745920670.161194,0,0,0,1,13
1745920670.842728,0,0,0,0,11
1745920670.842728,0,0,0,0,11
1745920671.151707,0,0,0,0,11
1745920671.151707,0,0,0,0,11
1745920671.151707,0,0,0,0,11
1745920671.836023,0,0,0,1,17
1745920671.836023,0,0,0,1,17
1745920672.148128,0,0,0,0,11
1745920672.148128,0,0,0,0,11
1745920672.148128,0,0,0,0,11
1745920672.833286,0,0,0,0,22
1745920672.833286,0,0,0,0,22
1745920673.150069,0,0,0,0,10
1745920673.150069,0,0,0,0,10
1745920673.150069,0,0,0,0,10
1745920673.832305,0,0,0,0,19
1745920673.832305,0,0,0,0,19
1745920674.16296,0,0,0,0,5
1745920674.16296,0,0,0,0,5
1745920674.16296,0,0,0,0,5
1745920674.831284,0,0,0,0,29
1745920675.152363,0,0,1,0,11
1745920675.152363,0,0,1,0,11
1745920675.152363,0,0,1,0,11
1745920675.152363,0,0,1,0,11
1745920675.838569,0,0,0,0,23
1745920676.157524,0,0,0,0,14
1745920676.157524,0,0,0,0,14
1745920676.157524,0,0,0,0,14
1745920676.157524,0,0,0,0,14
1745920676.838501,0,0,1,0,9
1745920677.163342,0,0,0,0,12
1745920677.163342,0,0,0,0,12
1745920677.163342,0,0,0,0,12
1745920677.163342,0,0,0,0,12
1745920677.83212,0,0,0,0,21
1745920678.162657,0,0,0,0,7
1745920678.162657,0,0,0,0,7
1745920678.162657,0,0,0,0,7
1745920678.162657,0,0,0,0,7
1745920678.833722,0,0,0,0,20
1745920679.165856,0,0,0,0,5
1745920679.165856,0,0,0,0,5
1745920679.165856,0,0,0,0,5
1745920679.165856,0,0,0,0,5
1745920679.836134,0,0,1,0,17
1745920680.158949,0,0,1,0,10
1745920680.158949,0,0,1,0,10
1745920680.158949,0,0,1,0,10
1745920680.836948,0,0,0,0,20
1745920680.836948,0,0,0,0,20
1745920681.165132,0,0,0,0,15
1745920681.165132,0,0,0,0,15
1745920681.165132,0,0,0,0,15
1745920681.834618,0,0,0,0,23
1745920681.834618,0,0,0,0,23
1745920682.157831,0,0,0,0,7
1745920682.157831,0,0,0,0,7
1745920682.157831,0,0,0,0,7
1745920682.849458,0,0,0,0,23
1745920682.849458,0,0,0,0,23
1745920683.160951,0,0,0,0,10
1745920683.160951,0,0,0,0,10
1745920683.160951,0,0,0,0,10
1745920683.835882,0,0,0,0,11
1745920683.835882,0,0,0,0,11
1745920684.165305,0,0,0,0,10
1745920684.165305,0,0,0,0,10
1745920684.165305,0,0,0,0,10
1745920684.846156,0,0,0,0,26
1745920684.846156,0,0,0,0,26
1745920685.160278,0,0,0,0,9
1745920685.160278,0,0,0,0,9
1745920685.160278,0,0,0,0,9
1745920685.842152,0,0,0,0,11
1745920685.842152,0,0,0,0,11
1745920686.176991,0,0,0,0,14
1745920686.176991,0,0,0,0,14
1745920686.176991,0,0,0,0,14
1745920686.850472,0,0,1,0,12
1745920686.850472,0,0,1,0,12
1745920687.176245,0,0,0,0,5
1745920687.176245,0,0,0,0,5
1745920687.176245,0,0,0,0,5
1745920687.849054,0,0,0,0,12
1745920687.849054,0,0,0,0,12
1745920688.169379,0,0,0,0,5
1745920688.169379,0,0,0,0,5
1745920688.169379,0,0,0,0,5
1745920688.843488,0,0,0,0,10
1745920689.165648,0,0,1,0,10
1745920689.165648,0,0,1,0,10
1745920689.165648,0,0,1,0,10
1745920689.165648,0,0,1,0,10
1745920689.848231,0,0,1,0,11
1745920690.164726,0,0,0,0,11
1745920690.164726,0,0,0,0,11
1745920690.164726,0,0,0,0,11
1745920690.164726,0,0,0,0,11
1745920690.855264,0,0,1,1,20
1745920691.169096,0,0,0,0,11
1745920691.169096,0,0,0,0,11
1745920691.169096,0,0,0,0,11
1745920691.169096,0,0,0,0,11
1745920691.862317,0,0,0,0,9
1745920692.168051,0,0,0,0,14
1745920692.168051,0,0,0,0,14
1745920692.168051,0,0,0,0,14
1745920692.168051,0,0,0,0,14
1745920692.848477,0,0,0,0,24
1745920693.168799,0,0,0,0,10
1745920693.168799,0,0,0,0,10
1745920693.168799,0,0,0,0,10
1745920693.168799,0,0,0,0,10
1745920693.875753,0,0,0,0,9
1745920694.168117,0,0,1,0,13
1745920694.168117,0,0,1,0,13
1745920694.168117,0,0,1,0,13
1745920694.168117,0,0,1,0,13
1745920694.862199,0,0,0,0,33
1745920695.168874,0,0,0,0,8
1745920695.168874,0,0,0,0,8
1745920695.168874,0,0,0,0,8
1745920695.851173,0,0,0,0,15
1745920695.851173,0,0,0,0,15
1745920696.172849,0,0,0,1,6
1745920696.172849,0,0,0,1,6
1745920696.172849,0,0,0,1,6
1745920696.873089,0,0,0,0,18
1745920696.873089,0,0,0,0,18
1745920697.189617,0,0,0,0,19
1745920697.189617,0,0,0,0,19
1745920697.189617,0,0,0,0,19
1745920697.864743,0,0,1,1,22
1745920697.864743,0,0,1,1,22
1745920698.175139,0,0,0,0,4
1745920698.175139,0,0,0,0,4
1745920698.175139,0,0,0,0,4
1745920698.851744,0,0,0,0,16
1745920698.851744,0,0,0,0,16
1745920699.173115,0,0,0,0,11
1745920699.173115,0,0,0,0,11
1745920699.173115,0,0,0,0,11
1745920699.856082,0,0,1,1,32
1745920699.856082,0,0,1,1,32
1745920700.174241,0,0,0,0,7
1745920700.174241,0,0,0,0,7
1745920700.174241,0,0,0,0,7
1745920700.85947,0,0,1,0,23
1745920700.85947,0,0,1,0,23
1745920701.181092,0,0,0,0,5
1745920701.181092,0,0,0,0,5
1745920701.181092,0,0,0,0,5
1745920701.869651,0,0,0,0,17
1745920702.181392,0,0,1,0,6
1745920702.181392,0,0,1,0,6
1745920702.181392,0,0,1,0,6
1745920702.181392,0,0,1,0,6
1745920702.857288,0,0,1,0,13
1745920703.180195,0,0,0,0,11
1745920703.180195,0,0,0,0,11
1745920703.180195,0,0,0,0,11
1745920703.180195,0,0,0,0,11
1745920703.862162,0,0,2,0,22
1745920704.186758,0,0,0,0,7
1745920704.186758,0,0,0,0,7
1745920704.186758,0,0,0,0,7
1745920704.186758,0,0,0,0,7
1745920704.864935,0,0,1,0,16
1745920705.181234,0,0,0,1,14
1745920705.181234,0,0,0,1,14
1745920705.181234,0,0,0,1,14
1745920705.181234,0,0,0,1,14
1745920705.859148,0,0,0,0,27
1745920706.183332,0,0,0,0,17
1745920706.183332,0,0,0,0,17
1745920706.183332,0,0,0,0,17
1745920706.183332,0,0,0,0,17
1745920706.862524,0,0,0,0,25
1745920707.181951,0,0,0,0,19
1745920707.181951,0,0,0,0,19
1745920707.181951,0,0,0,0,19
1745920707.865192,0,0,0,0,15
1745920707.865192,0,0,0,0,15
1745920708.189745,0,0,0,0,1
1745920708.189745,0,0,0,0,1
1745920708.189745,0,0,0,0,1
1745920708.867639,0,0,0,0,19
1745920708.867639,0,0,0,0,19
1745920709.182052,0,0,0,0,9
1745920709.182052,0,0,0,0,9
1745920709.182052,0,0,0,0,9
1745920709.878053,0,0,0,0,18
1745920709.878053,0,0,0,0,18
1745920710.187081,0,0,0,0,9
1745920710.187081,0,0,0,0,9
1745920710.187081,0,0,0,0,9
1745920710.875498,0,0,0,0,28
1745920710.875498,0,0,0,0,28
1745920711.190943,0,0,0,0,13
1745920711.190943,0,0,0,0,13
1745920711.190943,0,0,0,0,13
1745920711.86802,0,0,0,0,20
1745920711.86802,0,0,0,0,20
1745920712.186139,0,0,0,0,9
1745920712.186139,0,0,0,0,9
1745920712.186139,0,0,0,0,9
1745920712.873044,0,0,0,0,17
1745920712.873044,0,0,0,0,17
1745920713.187585,0,0,0,1,7
1745920713.187585,0,0,0,1,7
1745920713.187585,0,0,0,1,7
1745920713.86792,0,0,0,0,30
1745920713.86792,0,0,0,0,30
1745920714.188407,0,0,0,0,7
1745920714.188407,0,0,0,0,7
1745920714.188407,0,0,0,0,7
1745920714.873255,0,0,1,1,23
1745920714.873255,0,0,1,1,23
1745920715.194215,0,0,0,0,5
1745920715.194215,0,0,0,0,5
1745920715.194215,0,0,0,0,5
1745920715.873024,0,0,0,1,15
1745920716.195385,0,0,0,0,4
1745920716.195385,0,0,0,0,4
1745920716.195385,0,0,0,0,4
1745920716.195385,0,0,0,0,4
1745920716.879548,0,0,1,0,29
1745920717.19612,0,0,0,0,16
1745920717.19612,0,0,0,0,16
1745920717.19612,0,0,0,0,16
1745920717.19612,0,0,0,0,16
1745920717.874084,0,0,0,0,10
1745920718.211754,0,0,1,0,15
1745920718.211754,0,0,1,0,15
1745920718.211754,0,0,1,0,15
1745920718.211754,0,0,1,0,15
1745920718.886591,0,0,0,0,21
1745920719.195926,0,0,0,0,9
1745920719.195926,0,0,0,0,9
1745920719.195926,0,0,0,0,9
1745920719.195926,0,0,0,0,9
1745920719.882621,0,0,0,0,26
1745920720.196362,0,0,0,0,19
1745920720.196362,0,0,0,0,19
1745920720.196362,0,0,0,0,19
1745920720.877924,0,0,0,0,20
1745920720.877924,0,0,0,0,20
1745920721.207725,0,0,0,0,10
1745920721.207725,0,0,0,0,10
1745920721.207725,0,0,0,0,10
1745920721.876534,0,0,0,0,30
1745920721.876534,0,0,0,0,30
1745920722.202437,0,0,0,0,3
1745920722.202437,0,0,0,0,3
1745920722.202437,0,0,0,0,3
1745920722.877153,0,0,1,0,22
1745920722.877153,0,0,1,0,22
1745920723.201931,0,0,1,0,11
1745920723.201931,0,0,1,0,11
1745920723.201931,0,0,1,0,11
1745920723.880914,0,0,2,1,24
1745920723.880914,0,0,2,1,24
1745920724.199469,0,0,0,0,11
1745920724.199469,0,0,0,0,11
1745920724.199469,0,0,0,0,11
1745920724.877654,0,0,1,0,26
1745920724.877654,0,0,1,0,26
1745920725.199973,0,0,0,0,4
1745920725.199973,0,0,0,0,4
1745920725.199973,0,0,0,0,4
1745920725.886544,0,0,2,0,18
1745920725.886544,0,0,2,0,18
1745920726.203933,0,0,1,0,14
1745920726.203933,0,0,1,0,14
1745920726.203933,0,0,1,0,14
1745920726.886007,0,0,1,0,22
1745920726.886007,0,0,1,0,22
1745920727.217401,0,0,0,0,10
1745920727.217401,0,0,0,0,10
1745920727.217401,0,0,0,0,10
1745920727.88465,0,0,0,0,17
1745920727.88465,0,0,0,0,17
1745920728.21371,0,0,0,0,10
1745920728.21371,0,0,0,0,10
1745920728.21371,0,0,0,0,10
1745920728.882983,0,0,0,0,13
1745920729.204052,0,0,0,0,10
1745920729.204052,0,0,0,0,10
1745920729.204052,0,0,0,0,10
1745920729.204052,0,0,0,0,10
1745920729.887178,0,0,1,0,18
1745920730.210447,0,0,0,0,10
1745920730.210447,0,0,0,0,10
1745920730.210447,0,0,0,0,10
1745920730.210447,0,0,0,0,10
1745920730.880489,0,0,0,0,17
1745920731.220655,0,0,0,0,11
1745920731.220655,0,0,0,0,11
1745920731.220655,0,0,0,0,11
1745920731.220655,0,0,0,0,11
1745920731.884463,0,0,1,0,23
1745920732.237088,0,0,0,0,12
1745920732.237088,0,0,0,0,12
1745920732.237088,0,0,0,0,12
1745920732.237088,0,0,0,0,12
1745920732.897907,0,0,0,0,15
1745920733.211522,0,0,0,0,20
1745920733.211522,0,0,0,0,20
1745920733.211522,0,0,0,0,20
1745920733.211522,0,0,0,0,20
1745920733.885704,0,0,0,0,23
1745920734.209132,0,0,0,0,8
1745920734.209132,0,0,0,0,8
1745920734.209132,0,0,0,0,8
1745920734.887614,0,0,0,0,29
1745920734.887614,0,0,0,0,29
1745920735.212204,0,0,0,0,12
1745920735.212204,0,0,0,0,12
1745920735.212204,0,0,0,0,12
1745920735.88605,0,0,0,0,28
1745920735.88605,0,0,0,0,28
1745920736.225064,0,0,1,0,6
1745920736.225064,0,0,1,0,6
1745920736.225064,0,0,1,0,6
1745920736.905252,0,0,0,0,18
1745920736.905252,0,0,0,0,18
1745920737.219057,0,0,0,0,7
1745920737.219057,0,0,0,0,7
1745920737.219057,0,0,0,0,7
1745920737.893221,0,0,0,0,20
1745920737.893221,0,0,0,0,20
1745920738.214077,0,0,0,0,4
1745920738.214077,0,0,0,0,4
1745920738.214077,0,0,0,0,4
1745920738.902314,0,0,0,0,21
1745920738.902314,0,0,0,0,21
1745920739.216665,0,0,0,0,9
1745920739.216665,0,0,0,0,9
1745920739.216665,0,0,0,0,9
1745920739.889225,0,0,1,0,12
1745920739.889225,0,0,1,0,12
1745920740.21792,0,0,0,0,23
1745920740.21792,0,0,0,0,23
1745920740.21792,0,0,0,0,23
1745920740.899719,0,0,0,0,18
1745920740.899719,0,0,0,0,18
1745920741.217811,0,0,0,0,9
1745920741.217811,0,0,0,0,9
1745920741.217811,0,0,0,0,9
1745920741.894919,0,0,0,0,10
1745920741.894919,0,0,0,0,10
1745920742.217917,0,0,0,0,14
1745920742.217917,0,0,0,0,14
1745920742.217917,0,0,0,0,14
1745920742.892505,0,0,1,0,25
1745920742.892505,0,0,1,0,25
1745920743.219768,0,0,0,0,7
1745920743.219768,0,0,0,0,7
1745920743.219768,0,0,0,0,7
1745920743.895104,0,0,0,1,10
1745920744.218892,0,0,0,0,0
1745920744.218892,0,0,0,0,0
1745920744.218892,0,0,0,0,0
1745920744.218892,0,0,0,0,0
1745920744.900085,0,0,0,0,19
1745920745.227045,0,0,0,0,10
1745920745.227045,0,0,0,0,10
1745920745.227045,0,0,0,0,10
1745920745.227045,0,0,0,0,10
1745920745.900596,0,0,1,2,14
1745920746.22324,0,0,1,0,11
1745920746.22324,0,0,1,0,11
1745920746.22324,0,0,1,0,11
1745920746.22324,0,0,1,0,11
1745920746.896013,0,0,0,0,24
1745920747.224528,0,0,0,0,18
1745920747.224528,0,0,0,0,18
1745920747.224528,0,0,0,0,18
1745920747.224528,0,0,0,0,18
1745920747.908048,0,0,0,0,14
1745920748.231054,0,0,1,1,5
1745920748.231054,0,0,1,1,5
1745920748.231054,0,0,1,1,5
1745920748.901828,0,0,0,0,19
1745920748.901828,0,0,0,0,19
1745920749.225069,0,0,0,0,15
1745920749.225069,0,0,0,0,15
1745920749.225069,0,0,0,0,15
1745920749.905112,0,0,0,0,29
1745920749.905112,0,0,0,0,29
1745920750.227351,0,0,0,0,7
1745920750.227351,0,0,0,0,7
1745920750.227351,0,0,0,0,7
1745920750.899244,0,0,0,1,21
1745920750.899244,0,0,0,1,21
1745920751.234099,0,0,0,0,6
1745920751.234099,0,0,0,0,6
1745920751.234099,0,0,0,0,6
1745920751.909581,0,0,0,0,28
1745920751.909581,0,0,0,0,28
1745920752.233015,0,0,0,0,20
1745920752.233015,0,0,0,0,20
1745920752.233015,0,0,0,0,20
1745920752.911338,0,0,1,0,15
1745920752.911338,0,0,1,0,15
1745920753.227736,0,0,1,0,9
1745920753.227736,0,0,1,0,9
1745920753.227736,0,0,1,0,9
1745920753.903484,0,0,0,1,20
1745920753.903484,0,0,0,1,20
1745920754.22909,0,0,0,0,5
1745920754.22909,0,0,0,0,5
1745920754.22909,0,0,0,0,5
1745920754.90446,0,0,0,0,18
1745920754.90446,0,0,0,0,18
1745920755.234245,0,0,1,0,17
1745920755.234245,0,0,1,0,17
1745920755.234245,0,0,1,0,17
1745920755.910391,0,0,1,0,22
1745920755.910391,0,0,1,0,22
1745920756.233582,0,0,0,0,12
1745920756.233582,0,0,0,0,12
1745920756.233582,0,0,0,0,12
1745920756.912087,0,0,0,1,20
1745920756.912087,0,0,0,1,20
1745920757.23512,0,0,0,0,12
1745920757.23512,0,0,0,0,12
1745920757.23512,0,0,0,0,12
1745920757.911578,0,0,1,0,21
1745920757.911578,0,0,1,0,21
1745920758.255995,0,0,0,0,12
1745920758.255995,0,0,0,0,12
1745920758.255995,0,0,0,0,12
1745920758.936832,0,0,0,0,23
1745920759.260243,0,0,0,0,9
1745920759.260243,0,0,0,0,9
1745920759.260243,0,0,0,0,9
1745920759.260243,0,0,0,0,9
1745920759.93843,0,0,1,0,28
1745920760.242912,0,0,0,0,3
1745920760.242912,0,0,0,0,3
1745920760.242912,0,0,0,0,3
1745920760.242912,0,0,0,0,3
1745920760.937424,0,0,0,0,26
1745920761.236407,0,0,0,0,6
1745920761.236407,0,0,0,0,6
1745920761.236407,0,0,0,0,6
1745920761.236407,0,0,0,0,6
1745920761.940155,0,0,0,0,25
1745920762.236902,0,0,0,0,9
1745920762.236902,0,0,0,0,9
1745920762.236902,0,0,0,0,9
1745920762.236902,0,0,0,0,9
1745920762.935468,0,0,0,0,43
1745920763.236308,0,0,0,0,16
1745920763.236308,0,0,0,0,16
1745920763.236308,0,0,0,0,16
1745920763.236308,0,0,0,0,16
1745920763.938859,0,0,1,0,19
1745920764.241797,0,0,0,0,8
1745920764.241797,0,0,0,0,8
1745920764.241797,0,0,0,0,8
1745920764.941247,0,0,0,1,25
1745920764.941247,0,0,0,1,25
1745920765.240446,0,0,0,0,13
1745920765.240446,0,0,0,0,13
1745920765.240446,0,0,0,0,13
1745920765.943068,0,0,1,0,16
1745920765.943068,0,0,1,0,16
1745920766.254656,0,0,0,0,7
1745920766.254656,0,0,0,0,7
1745920766.254656,0,0,0,0,7
1745920766.943135,0,0,0,1,37
1745920766.943135,0,0,0,1,37
1745920767.243399,0,0,0,0,14
1745920767.243399,0,0,0,0,14
1745920767.243399,0,0,0,0,14
1745920767.945377,0,0,0,0,30
1745920767.945377,0,0,0,0,30
1745920768.245629,0,0,0,0,9
1745920768.245629,0,0,0,0,9
1745920768.245629,0,0,0,0,9
1745920768.941602,0,0,0,0,16
1745920768.941602,0,0,0,0,16
1745920769.244627,0,0,0,0,15
1745920769.244627,0,0,0,0,15
1745920769.244627,0,0,0,0,15
1745920769.960975,0,0,0,0,17
1745920769.960975,0,0,0,0,17
1745920770.249168,0,0,0,0,7
1745920770.249168,0,0,0,0,7
1745920770.249168,0,0,0,0,7
1745920770.945927,0,0,0,0,18
1745920770.945927,0,0,0,0,18
1745920771.277041,0,0,0,0,8
1745920771.277041,0,0,0,0,8
1745920771.277041,0,0,0,0,8
1745920771.96828,0,0,0,1,17
1745920771.96828,0,0,0,1,17
1745920772.27497,0,0,0,0,6
1745920772.27497,0,0,0,0,6
1745920772.27497,0,0,0,0,6
1745920772.956144,0,0,1,1,24
1745920773.266399,0,0,0,0,17
1745920773.266399,0,0,0,0,17
1745920773.266399,0,0,0,0,17
1745920773.266399,0,0,0,0,17
1745920773.955432,0,0,0,0,27
1745920774.267316,0,0,0,0,7
1745920774.267316,0,0,0,0,7
1745920774.267316,0,0,0,0,7
1745920774.267316,0,0,0,0,7
1745920774.955405,0,0,1,2,22
1745920775.270381,0,0,0,1,8
1745920775.270381,0,0,0,1,8
1745920775.270381,0,0,0,1,8
1745920775.270381,0,0,0,1,8
1745920775.958568,0,0,0,1,32
1745920776.285387,0,0,0,0,9
1745920776.285387,0,0,0,0,9
1745920776.285387,0,0,0,0,9
1745920776.285387,0,0,0,0,9
1745920776.96117,0,0,0,0,15
1745920777.274291,0,0,0,0,6
1745920777.274291,0,0,0,0,6
1745920777.274291,0,0,0,0,6
1745920777.274291,0,0,0,0,6
1745920777.969165,0,0,0,2,31
1745920778.278318,0,0,0,0,9
1745920778.278318,0,0,0,0,9
1745920778.278318,0,0,0,0,9
1745920778.967072,0,0,0,0,16
1745920778.967072,0,0,0,0,16
1745920779.281057,0,0,0,0,7
1745920779.281057,0,0,0,0,7
1745920779.281057,0,0,0,0,7
1745920779.967632,0,0,2,0,25
1745920779.967632,0,0,2,0,25
1745920780.276514,0,0,0,0,4
1745920780.276514,0,0,0,0,4
1745920780.276514,0,0,0,0,4
1745920780.96705,0,0,0,0,15
1745920780.96705,0,0,0,0,15
1745920781.281518,0,0,1,1,10
1745920781.281518,0,0,1,1,10
1745920781.281518,0,0,1,1,10
1745920781.964799,0,0,0,0,30
1745920781.964799,0,0,0,0,30
1745920782.27571,0,0,0,0,9
1745920782.27571,0,0,0,0,9
1745920782.27571,0,0,0,0,9
1745920782.974219,0,0,0,0,25
1745920782.974219,0,0,0,0,25
1745920783.288164,0,0,0,0,3
1745920783.288164,0,0,0,0,3
1745920783.288164,0,0,0,0,3
1745920783.965475,0,0,1,0,10
1745920783.965475,0,0,1,0,10
1745920784.281743,0,0,0,0,15
1745920784.281743,0,0,0,0,15
1745920784.281743,0,0,0,0,15
1745920784.994621,0,0,0,0,20
1745920785.283283,0,0,0,0,12
1745920785.283283,0,0,0,0,12
1745920785.283283,0,0,0,0,12
1745920785.283283,0,0,0,0,12
1745920785.973003,0,0,0,1,14
1745920786.291454,0,0,1,0,5
1745920786.291454,0,0,1,0,5
1745920786.291454,0,0,1,0,5
1745920786.291454,0,0,1,0,5
1745920786.969719,0,0,0,0,24
1745920787.310289,0,0,0,0,3
1745920787.310289,0,0,0,0,3
1745920787.310289,0,0,0,0,3
1745920787.310289,0,0,0,0,3
1745920787.974223,0,0,1,0,21
1745920788.301981,0,0,0,0,5
1745920788.301981,0,0,0,0,5
1745920788.301981,0,0,0,0,5
1745920788.301981,0,0,0,0,5
1745920788.974099,0,0,0,0,16
1745920789.296877,0,0,0,0,6
1745920789.296877,0,0,0,0,6
1745920789.296877,0,0,0,0,6
1745920789.296877,0,0,0,0,6
1745920789.972899,0,0,1,0,30
1745920790.298094,0,0,0,0,3
1745920790.298094,0,0,0,0,3
1745920790.298094,0,0,0,0,3
1745920790.298094,0,0,0,0,3
1745920790.981157,0,0,0,1,11
1745920791.298043,0,0,0,0,10
1745920791.298043,0,0,0,0,10
1745920791.298043,0,0,0,0,10
1745920791.978535,0,0,0,1,14
1745920791.978535,0,0,0,1,14
1745920792.300328,0,0,0,0,15
1745920792.300328,0,0,0,0,15
1745920792.300328,0,0,0,0,15
1745920792.977068,0,0,0,0,18
1745920792.977068,0,0,0,0,18
1745920793.298513,0,0,0,0,13
1745920793.298513,0,0,0,0,13
1745920793.298513,0,0,0,0,13
1745920793.976015,0,0,1,0,22
1745920793.976015,0,0,1,0,22
1745920794.301259,0,0,0,0,0
1745920794.301259,0,0,0,0,0
1745920794.301259,0,0,0,0,0
1745920794.979164,0,0,0,1,16
1745920794.979164,0,0,0,1,16
1745920795.300213,0,0,0,0,10
1745920795.300213,0,0,0,0,10
1745920795.300213,0,0,0,0,10
1745920795.982387,0,0,1,0,24
1745920795.982387,0,0,1,0,24
1745920796.299919,0,0,0,0,9
1745920796.299919,0,0,0,0,9
1745920796.299919,0,0,0,0,9
1745920796.981262,0,0,0,1,18
1745920796.981262,0,0,0,1,18
1745920797.304183,0,0,0,0,11
1745920797.304183,0,0,0,0,11
1745920797.304183,0,0,0,0,11
1745920798.005311,0,0,1,1,34
1745920798.005311,0,0,1,1,34
1745920798.323984,0,0,0,0,8
1745920798.323984,0,0,0,0,8
1745920798.323984,0,0,0,0,8
1745920798.985876,0,0,1,0,25
1745920798.985876,0,0,1,0,25
1745920799.324277,0,0,1,0,10
1745920799.324277,0,0,1,0,10
1745920799.324277,0,0,1,0,10
1745920799.985076,0,0,1,0,19
1745920800.306324,0,0,0,0,10
1745920800.306324,0,0,0,0,10
1745920800.306324,0,0,0,0,10
1745920800.306324,0,0,0,0,10
1745920800.983088,0,0,2,0,23
1745920801.308574,0,0,0,0,6
1745920801.308574,0,0,0,0,6
1745920801.308574,0,0,0,0,6
1745920801.308574,0,0,0,0,6
1745920802.002034,0,0,0,2,20
1745920802.31007,0,0,0,1,10
1745920802.31007,0,0,0,1,10
1745920802.31007,0,0,0,1,10
1745920802.31007,0,0,0,1,10
1745920802.988417,0,0,0,0,12
1745920803.318394,0,0,0,0,5
1745920803.318394,0,0,0,0,5
1745920803.318394,0,0,0,0,5
1745920803.318394,0,0,0,0,5
1745920803.990261,0,0,1,0,28
1745920804.332936,0,0,0,0,16
1745920804.332936,0,0,0,0,16
1745920804.332936,0,0,0,0,16
1745920804.332936,0,0,0,0,16
1745920804.98992,0,0,0,0,25
1745920805.315761,0,0,0,0,13
1745920805.315761,0,0,0,0,13
1745920805.315761,0,0,0,0,13
1745920805.988979,0,0,0,0,17
1745920805.988979,0,0,0,0,17
1745920806.314028,0,0,0,0,7
1745920806.314028,0,0,0,0,7
1745920806.314028,0,0,0,0,7
1745920806.994665,0,0,0,1,39
1745920806.994665,0,0,0,1,39
1745920807.315163,0,0,0,0,14
1745920807.315163,0,0,0,0,14
1745920807.315163,0,0,0,0,14
1745920807.992579,0,0,0,0,17
1745920807.992579,0,0,0,0,17
1745920808.314931,0,0,0,0,4
1745920808.314931,0,0,0,0,4
1745920808.314931,0,0,0,0,4
1745920808.997256,0,0,1,0,15
1745920808.997256,0,0,1,0,15
1745920809.314724,0,0,0,1,14
1745920809.314724,0,0,0,1,14
1745920809.314724,0,0,0,1,14
1745920809.997523,0,0,0,0,21
1745920809.997523,0,0,0,0,21
1745920810.314821,0,0,0,0,9
1745920810.314821,0,0,0,0,9
1745920810.314821,0,0,0,0,9
1745920811.009857,0,0,1,0,28
1745920811.009857,0,0,1,0,28
1745920811.318971,0,0,0,0,18
1745920811.318971,0,0,0,0,18
1745920811.318971,0,0,0,0,18
1745920812.004696,0,0,1,0,28
1745920812.004696,0,0,1,0,28
1745920812.33505,0,0,1,0,6
1745920812.33505,0,0,1,0,6
1745920812.33505,0,0,1,0,6
1745920813.012624,0,0,0,2,29
1745920813.012624,0,0,0,2,29
1745920813.337813,0,0,0,0,8
1745920813.337813,0,0,0,0,8
1745920813.337813,0,0,0,0,8
1745920814.008229,0,0,0,0,22
1745920814.323118,0,0,0,0,8
1745920814.323118,0,0,0,0,8
1745920814.323118,0,0,0,0,8
1745920814.323118,0,0,0,0,8
1745920815.005459,0,0,0,1,18
1745920815.326377,0,0,0,0,4
1745920815.326377,0,0,0,0,4
1745920815.326377,0,0,0,0,4
1745920815.326377,0,0,0,0,4
1745920816.015427,0,0,0,0,29
1745920816.326516,0,0,0,0,11
1745920816.326516,0,0,0,0,11
1745920816.326516,0,0,0,0,11
1745920816.326516,0,0,0,0,11
1745920817.006571,0,0,0,2,8
1745920817.325492,0,0,0,0,11
1745920817.325492,0,0,0,0,11
1745920817.325492,0,0,0,0,11
1745920817.325492,0,0,0,0,11
1745920818.02797,0,0,0,1,17
1745920818.336141,0,0,0,0,11
1745920818.336141,0,0,0,0,11
1745920818.336141,0,0,0,0,11
1745920818.336141,0,0,0,0,11
1745920819.009456,0,0,0,0,20
1745920819.326562,0,0,0,0,16
1745920819.326562,0,0,0,0,16
1745920819.326562,0,0,0,0,16
1745920820.014608,0,0,0,0,31
1745920820.014608,0,0,0,0,31
1745920820.332661,0,0,0,0,5
1745920820.332661,0,0,0,0,5
1745920820.332661,0,0,0,0,5
1745920821.011292,0,0,0,0,19
1745920821.011292,0,0,0,0,19
1745920821.331505,0,0,0,1,4
1745920821.331505,0,0,0,1,4
1745920821.331505,0,0,0,1,4
1745920822.025636,0,0,0,0,18
1745920822.025636,0,0,0,0,18
1745920822.337768,0,0,0,0,6
1745920822.337768,0,0,0,0,6
1745920822.337768,0,0,0,0,6
1745920823.023017,0,0,0,0,22
1745920823.023017,0,0,0,0,22
1745920823.334424,0,0,0,0,8
1745920823.334424,0,0,0,0,8
1745920823.334424,0,0,0,0,8
1745920824.018109,0,0,0,0,16
1745920824.018109,0,0,0,0,16
1745920824.335875,0,0,0,0,17
1745920824.335875,0,0,0,0,17
1745920824.335875,0,0,0,0,17
1745920825.016884,0,0,0,0,16
1745920825.016884,0,0,0,0,16
1745920825.337382,0,0,0,0,2
1745920825.337382,0,0,0,0,2
1745920825.337382,0,0,0,0,2
1745920826.019138,0,0,0,0,19
1745920826.019138,0,0,0,0,19
1745920826.336623,0,0,0,0,14
1745920826.336623,0,0,0,0,14
1745920826.336623,0,0,0,0,14
1745920827.021769,0,0,0,0,13
1745920827.021769,0,0,0,0,13
1745920827.337191,0,0,0,0,6
1745920827.337191,0,0,0,0,6
1745920827.337191,0,0,0,0,6
1745920828.021933,0,0,0,0,17
1745920828.335945,0,0,0,0,9
1745920828.335945,0,0,0,0,9
1745920828.335945,0,0,0,0,9
1745920828.335945,0,0,0,0,9
1745920829.019343,0,0,1,0,14
1745920829.356294,0,0,0,0,18
1745920829.356294,0,0,0,0,18
1745920829.356294,0,0,0,0,18
1745920829.356294,0,0,0,0,18
1745920830.020899,0,0,0,0,21
1745920830.343125,0,0,0,0,3
1745920830.343125,0,0,0,0,3
1745920830.343125,0,0,0,0,3
1745920830.343125,0,0,0,0,3
1745920831.02312,0,0,0,0,10
1745920831.342767,0,0,0,0,5
1745920831.342767,0,0,0,0,5
1745920831.342767,0,0,0,0,5
1745920831.342767,0,0,0,0,5
1745920832.026201,0,0,0,0,20
1745920832.344287,0,0,1,0,7
1745920832.344287,0,0,1,0,7
1745920832.344287,0,0,1,0,7
1745920832.344287,0,0,1,0,7
1745920833.029042,0,0,2,0,22
1745920833.348404,0,0,0,0,7
1745920833.348404,0,0,0,0,7
1745920833.348404,0,0,0,0,7
1745920833.348404,0,0,0,0,7
1745920834.028063,0,0,0,0,25
1745920834.349373,0,0,0,0,4
1745920834.349373,0,0,0,0,4
1745920834.349373,0,0,0,0,4
1745920835.029177,0,0,0,0,22
1745920835.029177,0,0,0,0,22
1745920835.347544,0,0,0,0,12
1745920835.347544,0,0,0,0,12
1745920835.347544,0,0,0,0,12
1745920836.032391,0,0,0,0,26
1745920836.032391,0,0,0,0,26
1745920836.347321,0,0,0,0,18
1745920836.347321,0,0,0,0,18
1745920836.347321,0,0,0,0,18
1745920837.034686,0,0,0,0,18
1745920837.034686,0,0,0,0,18
1745920837.356442,0,0,0,0,14
1745920837.356442,0,0,0,0,14
1745920837.356442,0,0,0,0,14
1745920838.034876,0,0,0,0,18
1745920838.034876,0,0,0,0,18
1745920838.356611,0,0,0,1,5
1745920838.356611,0,0,0,1,5
1745920838.356611,0,0,0,1,5
1745920839.029989,0,0,0,0,19
1745920839.029989,0,0,0,0,19
1745920839.349202,0,0,1,0,7
1745920839.349202,0,0,1,0,7
1745920839.349202,0,0,1,0,7
1745920840.035144,0,0,0,0,24
1745920840.035144,0,0,0,0,24
1745920840.351695,0,0,2,0,6
1745920840.351695,0,0,2,0,6
1745920840.351695,0,0,2,0,6
1745920841.037048,0,0,0,0,21
1745920841.037048,0,0,0,0,21
1745920841.352256,0,0,0,0,8
1745920841.352256,0,0,0,0,8
1745920841.352256,0,0,0,0,8
1745920842.036075,0,0,0,0,13
1745920842.036075,0,0,0,0,13
1745920842.356589,0,0,0,0,11
1745920842.356589,0,0,0,0,11
1745920842.356589,0,0,0,0,11
1745920843.038043,0,0,0,0,31
1745920843.358745,0,0,0,0,7
1745920843.358745,0,0,0,0,7
1745920843.358745,0,0,0,0,7
1745920843.358745,0,0,0,0,7
1745920844.057296,0,0,0,0,20
1745920844.372045,0,0,0,0,6
1745920844.372045,0,0,0,0,6
1745920844.372045,0,0,0,0,6
1745920844.372045,0,0,0,0,6
1745920845.036703,0,0,0,0,15
1745920845.380477,0,0,0,0,5
1745920845.380477,0,0,0,0,5
1745920845.380477,0,0,0,0,5
1745920845.380477,0,0,0,0,5
1745920846.04913,0,0,0,0,25
1745920846.357457,0,0,0,0,4
1745920846.357457,0,0,0,0,4
1745920846.357457,0,0,0,0,4
1745920846.357457,0,0,0,0,4
1745920847.040876,0,0,0,1,25
1745920847.355672,0,0,0,0,17
1745920847.355672,0,0,0,0,17
1745920847.355672,0,0,0,0,17
1745920848.040788,0,0,1,0,22
1745920848.040788,0,0,1,0,22
1745920848.36418,0,0,0,0,9
1745920848.36418,0,0,0,0,9
1745920848.36418,0,0,0,0,9
1745920849.045367,0,0,2,0,9
1745920849.045367,0,0,2,0,9
1745920849.362778,0,0,0,0,10
1745920849.362778,0,0,0,0,10
1745920849.362778,0,0,0,0,10
1745920850.048722,0,0,2,0,18
1745920850.048722,0,0,2,0,18
1745920850.359738,0,0,2,0,34
1745920850.359738,0,0,2,0,34
1745920850.359738,0,0,2,0,34
1745920851.055359,0,0,0,0,19
1745920851.055359,0,0,0,0,19
1745920851.36767,0,0,0,0,9
1745920851.36767,0,0,0,0,9
1745920851.36767,0,0,0,0,9
1745920852.064582,0,0,0,0,27
1745920852.064582,0,0,0,0,27
1745920852.361171,0,0,1,0,13
1745920852.361171,0,0,1,0,13
1745920852.361171,0,0,1,0,13
1745920853.054497,0,0,1,0,27
1745920853.054497,0,0,1,0,27
1745920853.364938,0,0,0,0,9
1745920853.364938,0,0,0,0,9
1745920853.364938,0,0,0,0,9
1745920854.053651,0,0,0,1,17
1745920854.053651,0,0,0,1,17
1745920854.360564,0,0,1,0,18
1745920854.360564,0,0,1,0,18
1745920854.360564,0,0,1,0,18
1745920855.052776,0,0,0,1,18
1745920855.052776,0,0,0,1,18
1745920855.363636,0,0,0,0,11
1745920855.363636,0,0,0,0,11
1745920855.363636,0,0,0,0,11
1745920856.051457,0,0,0,1,15
1745920856.362378,0,0,0,0,25
1745920856.362378,0,0,0,0,25
1745920856.362378,0,0,0,0,25
1745920856.362378,0,0,0,0,25
1745920857.051532,0,0,0,1,20
1745920857.389419,0,0,0,0,10
1745920857.389419,0,0,0,0,10
1745920857.389419,0,0,0,0,10
1745920857.389419,0,0,0,0,10
1745920858.060225,0,0,0,0,27
1745920858.365591,0,0,1,0,10
1745920858.365591,0,0,1,0,10
1745920858.365591,0,0,1,0,10
1745920858.365591,0,0,1,0,10
1745920859.0586,0,0,1,0,30
1745920859.379776,0,0,0,0,14
1745920859.379776,0,0,0,0,14
1745920859.379776,0,0,0,0,14
1745920859.379776,0,0,0,0,14
1745920860.055952,0,0,0,0,11
1745920860.36473,0,0,0,0,3
1745920860.36473,0,0,0,0,3
1745920860.36473,0,0,0,0,3
1745920860.36473,0,0,0,0,3
1745920861.061458,0,0,1,1,19
1745920861.364977,0,0,0,0,11
1745920861.364977,0,0,0,0,11
1745920861.364977,0,0,0,0,11
1745920862.056558,0,0,0,0,21
1745920862.056558,0,0,0,0,21
1745920862.380088,0,0,2,0,9
1745920862.380088,0,0,2,0,9
1745920862.380088,0,0,2,0,9
1745920863.056053,0,0,1,0,22
1745920863.056053,0,0,1,0,22
1745920863.368907,0,0,1,0,4
1745920863.368907,0,0,1,0,4
1745920863.368907,0,0,1,0,4
1745920864.06459,0,0,0,0,20
1745920864.06459,0,0,0,0,20
1745920864.369666,0,0,0,0,13
1745920864.369666,0,0,0,0,13
1745920864.369666,0,0,0,0,13
1745920865.065187,0,0,0,0,13
1745920865.065187,0,0,0,0,13
1745920865.372993,0,0,0,0,6
1745920865.372993,0,0,0,0,6
1745920865.372993,0,0,0,0,6
1745920866.077483,0,0,0,0,27
1745920866.077483,0,0,0,0,27
1745920866.372371,0,0,0,0,13
1745920866.372371,0,0,0,0,13
1745920866.372371,0,0,0,0,13
1745920867.07021,0,0,1,0,19
1745920867.07021,0,0,1,0,19
1745920867.37209,0,0,1,0,11
1745920867.37209,0,0,1,0,11
1745920867.37209,0,0,1,0,11
1745920868.064352,0,0,0,0,16
1745920868.064352,0,0,0,0,16
1745920868.3751,0,0,0,0,7
1745920868.3751,0,0,0,0,7
1745920868.3751,0,0,0,0,7
1745920869.064118,0,0,0,1,16
1745920869.375613,0,0,0,0,14
1745920869.375613,0,0,0,0,14
1745920869.375613,0,0,0,0,14
1745920869.375613,0,0,0,0,14
1745920870.064092,0,0,1,0,42
1745920870.374621,0,0,0,0,6
1745920870.374621,0,0,0,0,6
1745920870.374621,0,0,0,0,6
1745920870.374621,0,0,0,0,6
1745920871.073283,0,0,0,0,18
1745920871.384849,0,0,0,0,7
1745920871.384849,0,0,0,0,7
1745920871.384849,0,0,0,0,7
1745920871.384849,0,0,0,0,7
1745920872.064914,0,0,0,0,21
1745920872.384931,0,0,0,0,5
1745920872.384931,0,0,0,0,5
1745920872.384931,0,0,0,0,5
1745920872.384931,0,0,0,0,5
1745920873.068089,0,0,0,1,32
1745920873.386519,0,0,0,1,9
1745920873.386519,0,0,0,1,9
1745920873.386519,0,0,0,1,9
1745920873.386519,0,0,0,1,9
1745920874.066959,0,0,0,0,17
1745920874.383735,0,0,0,0,11
1745920874.383735,0,0,0,0,11
1745920874.383735,0,0,0,0,11
1745920874.383735,0,0,0,0,11
1745920875.071871,0,0,1,0,24
1745920875.385491,0,0,0,0,5
1745920875.385491,0,0,0,0,5
1745920875.385491,0,0,0,0,5
1745920875.385491,0,0,0,0,5
1745920876.089696,0,0,0,0,15
1745920876.386238,0,0,0,0,13
1745920876.386238,0,0,0,0,13
1745920876.386238,0,0,0,0,13
1745920877.080824,0,0,0,0,16
1745920877.080824,0,0,0,0,16
1745920877.385415,0,0,0,0,5
1745920877.385415,0,0,0,0,5
1745920877.385415,0,0,0,0,5
1745920878.074085,0,0,2,0,23
1745920878.074085,0,0,2,0,23
1745920878.384989,0,0,0,0,18
1745920878.384989,0,0,0,0,18
1745920878.384989,0,0,0,0,18
1745920879.07862,0,0,1,0,26
1745920879.07862,0,0,1,0,26
1745920879.386923,0,0,0,0,8
1745920879.386923,0,0,0,0,8
1745920879.386923,0,0,0,0,8
1745920880.08504,0,0,0,0,30
1745920880.08504,0,0,0,0,30
1745920880.387392,0,0,1,0,5
1745920880.387392,0,0,1,0,5
1745920880.387392,0,0,1,0,5
1745920881.084697,0,0,1,1,26
1745920881.084697,0,0,1,1,26
1745920881.387741,0,0,0,0,5
1745920881.387741,0,0,0,0,5
1745920881.387741,0,0,0,0,5
1745920882.081945,0,0,1,1,16
1745920882.081945,0,0,1,1,16
1745920882.392501,0,0,0,0,6
1745920882.392501,0,0,0,0,6
1745920882.392501,0,0,0,0,6
1745920883.075954,0,0,1,0,26
1745920883.075954,0,0,1,0,26
1745920883.402378,0,0,0,0,13
1745920883.402378,0,0,0,0,13
1745920883.402378,0,0,0,0,13
1745920884.100343,0,0,1,0,13
1745920884.100343,0,0,1,0,13
1745920884.41105,0,0,0,0,16
1745920884.41105,0,0,0,0,16
1745920884.41105,0,0,0,0,16
1745920885.080856,0,0,0,0,13
1745920885.399013,0,0,0,0,7
1745920885.399013,0,0,0,0,7
1745920885.399013,0,0,0,0,7
1745920885.399013,0,0,0,0,7
1745920886.084214,0,0,0,0,38
1745920886.415931,0,0,0,0,8
1745920886.415931,0,0,0,0,8
1745920886.415931,0,0,0,0,8
1745920886.415931,0,0,0,0,8
1745920887.086213,0,0,0,0,15
1745920887.401718,0,0,0,0,10
1745920887.401718,0,0,0,0,10
1745920887.401718,0,0,0,0,10
1745920887.401718,0,0,0,0,10
1745920888.092807,0,0,1,0,22
1745920888.402035,0,0,0,0,9
1745920888.402035,0,0,0,0,9
1745920888.402035,0,0,0,0,9
1745920889.087757,0,0,0,0,16
1745920889.087757,0,0,0,0,16
1745920889.402132,0,0,0,1,5
1745920889.402132,0,0,0,1,5
1745920889.402132,0,0,0,1,5
1745920890.105839,0,0,1,0,22
1745920890.105839,0,0,1,0,22
1745920890.410067,0,0,0,0,8
1745920890.410067,0,0,0,0,8
1745920890.410067,0,0,0,0,8
1745920891.098181,0,0,2,0,14
1745920891.098181,0,0,2,0,14
1745920891.410234,0,0,0,0,7
1745920891.410234,0,0,0,0,7
1745920891.410234,0,0,0,0,7
1745920892.098294,0,0,0,1,16
1745920892.098294,0,0,0,1,16
1745920892.407393,0,0,0,0,8
1745920892.407393,0,0,0,0,8
1745920892.407393,0,0,0,0,8
1745920893.124237,0,0,0,0,18
1745920893.124237,0,0,0,0,18
1745920893.410812,0,0,0,0,4
1745920893.410812,0,0,0,0,4
1745920893.410812,0,0,0,0,4
1745920894.094433,0,0,0,0,32
1745920894.094433,0,0,0,0,32
1745920894.41059,0,0,1,0,9
1745920894.41059,0,0,1,0,9
1745920894.41059,0,0,1,0,9
1745920895.103876,0,0,1,0,22
1745920895.103876,0,0,1,0,22
1745920895.414964,0,0,0,0,9
1745920895.414964,0,0,0,0,9
1745920895.414964,0,0,0,0,9
1745920896.095254,0,0,0,0,35
1745920896.095254,0,0,0,0,35
1745920896.422295,0,0,0,0,23
1745920896.422295,0,0,0,0,23
1745920896.422295,0,0,0,0,23
1745920897.104872,0,0,0,0,21
1745920897.41505,0,0,0,0,5
1745920897.41505,0,0,0,0,5
1745920897.41505,0,0,0,0,5
1745920897.41505,0,0,0,0,5
1745920898.104058,0,0,0,0,25
1745920898.41992,0,0,0,0,9
1745920898.41992,0,0,0,0,9
1745920898.41992,0,0,0,0,9
1745920898.41992,0,0,0,0,9
1745920899.097284,0,0,0,0,19
1745920899.419211,0,0,0,0,9
1745920899.419211,0,0,0,0,9
1745920899.419211,0,0,0,0,9
1745920899.419211,0,0,0,0,9
1745920900.098037,0,0,0,0,22
1745920900.41973,0,0,0,0,13
1745920900.41973,0,0,0,0,13
1745920900.41973,0,0,0,0,13
1745920900.41973,0,0,0,0,13
1745920901.098099,0,0,1,0,19
1745920901.41882,0,0,0,0,6
1745920901.41882,0,0,0,0,6
1745920901.41882,0,0,0,0,6
1745920901.41882,0,0,0,0,6
1745920902.119404,0,0,0,0,20
1745920902.422252,0,0,0,0,11
1745920902.422252,0,0,0,0,11
1745920902.422252,0,0,0,0,11
1745920903.101071,0,0,2,0,36
1745920903.101071,0,0,2,0,36
1745920903.421619,0,0,0,0,14
1745920903.421619,0,0,0,0,14
1745920903.421619,0,0,0,0,14
1745920904.128845,0,0,0,0,32
1745920904.128845,0,0,0,0,32
1745920904.421531,0,0,0,0,7
1745920904.421531,0,0,0,0,7
1745920904.421531,0,0,0,0,7
1745920905.105106,0,0,0,0,21
1745920905.105106,0,0,0,0,21
1745920905.422613,0,0,1,0,6
1745920905.422613,0,0,1,0,6
1745920905.422613,0,0,1,0,6
1745920906.106797,0,0,0,0,20
1745920906.106797,0,0,0,0,20
1745920906.423638,0,0,1,0,13
1745920906.423638,0,0,1,0,13
1745920906.423638,0,0,1,0,13
1745920907.109944,0,0,1,1,15
1745920907.109944,0,0,1,1,15
1745920907.425198,0,0,0,0,6
1745920907.425198,0,0,0,0,6
1745920907.425198,0,0,0,0,6
1745920908.112885,0,0,0,1,28
1745920908.112885,0,0,0,1,28
1745920908.423864,0,0,0,0,7
1745920908.423864,0,0,0,0,7
1745920908.423864,0,0,0,0,7
1745920909.108132,0,0,0,0,31
1745920909.108132,0,0,0,0,31
1745920909.429754,0,0,0,0,13
1745920909.429754,0,0,0,0,13
1745920909.429754,0,0,0,0,13
1745920910.107408,0,0,0,1,20
1745920910.107408,0,0,0,1,20
1745920910.432403,0,0,0,1,10
1745920910.432403,0,0,0,1,10
1745920910.432403,0,0,0,1,10
1745920911.109591,0,0,2,0,22
1745920911.109591,0,0,2,0,22
1745920911.438477,0,0,0,0,7
1745920911.438477,0,0,0,0,7
1745920911.438477,0,0,0,0,7
1745920912.108353,0,0,0,0,18
1745920912.430741,0,0,0,0,9
1745920912.430741,0,0,0,0,9
1745920912.430741,0,0,0,0,9
1745920912.430741,0,0,0,0,9
1745920913.108763,0,0,0,0,21
1745920913.432548,0,0,0,0,9
1745920913.432548,0,0,0,0,9
1745920913.432548,0,0,0,0,9
1745920913.432548,0,0,0,0,9
1745920914.111931,0,0,0,1,17
1745920914.436056,0,0,0,0,8
1745920914.436056,0,0,0,0,8
1745920914.436056,0,0,0,0,8
1745920914.436056,0,0,0,0,8
1745920915.111289,0,0,0,0,19
1745920915.437078,0,0,0,0,20
1745920915.437078,0,0,0,0,20
1745920915.437078,0,0,0,0,20
1745920915.437078,0,0,0,0,20
1745920916.122753,0,0,1,1,24
1745920916.437604,0,0,1,1,7
1745920916.437604,0,0,1,1,7
1745920916.437604,0,0,1,1,7
1745920917.117122,0,0,0,0,14
1745920917.117122,0,0,0,0,14
1745920917.434815,0,0,0,0,8
1745920917.434815,0,0,0,0,8
1745920917.434815,0,0,0,0,8
1745920918.117108,0,0,1,0,12
1745920918.117108,0,0,1,0,12
1745920918.43759,0,0,0,0,11
1745920918.43759,0,0,0,0,11
1745920918.43759,0,0,0,0,11
1745920919.125357,0,0,1,0,23
1745920919.125357,0,0,1,0,23
1745920919.438302,0,0,1,0,10
1745920919.438302,0,0,1,0,10
1745920919.438302,0,0,1,0,10
1745920920.120513,0,0,1,0,18
1745920920.120513,0,0,1,0,18
1745920920.439097,0,0,0,0,12
1745920920.439097,0,0,0,0,12
1745920920.439097,0,0,0,0,12
1745920921.12592,0,0,0,0,28
1745920921.12592,0,0,0,0,28
1745920921.438549,0,0,0,0,18
1745920921.438549,0,0,0,0,18
1745920921.438549,0,0,0,0,18
1745920922.131256,0,0,0,0,23
1745920922.131256,0,0,0,0,23
1745920922.440275,0,0,0,0,7
1745920922.440275,0,0,0,0,7
1745920922.440275,0,0,0,0,7
1745920923.124915,0,0,0,0,31
1745920923.124915,0,0,0,0,31
1745920923.439973,0,0,1,0,6
1745920923.439973,0,0,1,0,6
1745920923.439973,0,0,1,0,6
1745920924.124015,0,0,0,0,24
1745920924.124015,0,0,0,0,24
1745920924.444519,0,0,1,0,12
1745920924.444519,0,0,1,0,12
1745920924.444519,0,0,1,0,12
1745920925.126162,0,0,0,1,15
1745920925.126162,0,0,0,1,15
1745920925.455959,0,0,0,0,8
1745920925.455959,0,0,0,0,8
1745920925.455959,0,0,0,0,8
1745920926.133883,0,0,0,1,19
1745920926.448753,0,0,0,0,3
1745920926.448753,0,0,0,0,3
1745920926.448753,0,0,0,0,3
1745920926.448753,0,0,0,0,3
1745920927.134452,0,0,2,0,33
1745920927.446263,0,0,0,0,11
1745920927.446263,0,0,0,0,11
1745920927.446263,0,0,0,0,11
1745920927.446263,0,0,0,0,11
1745920928.129719,0,0,0,0,21
1745920928.447185,0,0,0,0,14
1745920928.447185,0,0,0,0,14
1745920928.447185,0,0,0,0,14
1745920928.447185,0,0,0,0,14
1745920929.137277,0,0,1,0,26
1745920929.45068,0,0,0,0,4
1745920929.45068,0,0,0,0,4
1745920929.45068,0,0,0,0,4
1745920930.135063,0,0,0,0,9
1745920930.135063,0,0,0,0,9
1745920930.450014,0,0,0,0,11
1745920930.450014,0,0,0,0,11
1745920930.450014,0,0,0,0,11
1745920931.131156,0,0,0,0,21
1745920931.131156,0,0,0,0,21
1745920931.452589,0,0,0,0,14
1745920931.452589,0,0,0,0,14
1745920931.452589,0,0,0,0,14
1745920932.146386,0,0,0,0,19
1745920932.146386,0,0,0,0,19
1745920932.455824,0,0,0,0,15
1745920932.455824,0,0,0,0,15
1745920932.455824,0,0,0,0,15
1745920933.156622,0,0,0,0,21
1745920933.156622,0,0,0,0,21
1745920933.452933,0,0,0,0,4
1745920933.452933,0,0,0,0,4
1745920933.452933,0,0,0,0,4
1745920934.143081,0,0,0,0,13
1745920934.143081,0,0,0,0,13
1745920934.452107,0,0,0,0,13
1745920934.452107,0,0,0,0,13
1745920934.452107,0,0,0,0,13
1745920935.157721,0,0,0,0,22
1745920935.157721,0,0,0,0,22
1745920935.457737,0,0,0,0,8
1745920935.457737,0,0,0,0,8
1745920935.457737,0,0,0,0,8
1745920936.144919,0,0,0,0,14
1745920936.144919,0,0,0,0,14
1745920936.457306,0,0,0,0,9
1745920936.457306,0,0,0,0,9
1745920936.457306,0,0,0,0,9
1745920937.15417,0,0,0,0,13
1745920937.15417,0,0,0,0,13
1745920937.459689,0,0,0,0,3
1745920937.459689,0,0,0,0,3
1745920937.459689,0,0,0,0,3
1745920938.157658,0,0,0,0,19
1745920938.457715,0,0,0,0,11
1745920938.457715,0,0,0,0,11
1745920938.457715,0,0,0,0,11
1745920938.457715,0,0,0,0,11
1745920939.152025,0,0,0,0,9
1745920939.485894,0,0,0,0,14
1745920939.485894,0,0,0,0,14
1745920939.485894,0,0,0,0,14
1745920939.485894,0,0,0,0,14
1745920940.14922,0,0,0,0,20
1745920940.461383,0,0,0,0,7
1745920940.461383,0,0,0,0,7
1745920940.461383,0,0,0,0,7
1745920940.461383,0,0,0,0,7
1745920941.150794,0,0,1,1,31
1745920941.463284,0,0,0,0,19
1745920941.463284,0,0,0,0,19
1745920941.463284,0,0,0,0,19
1745920941.463284,0,0,0,0,19
1745920942.152711,0,0,0,1,27
1745920942.462859,0,0,0,0,11
1745920942.462859,0,0,0,0,11
1745920942.462859,0,0,0,0,11
1745920942.462859,0,0,0,0,11
1745920943.163586,0,0,0,0,22
1745920943.465045,0,0,0,0,9
1745920943.465045,0,0,0,0,9
1745920943.465045,0,0,0,0,9
1745920944.163054,0,0,0,0,21
1745920944.163054,0,0,0,0,21
1745920944.467386,0,0,0,0,9
1745920944.467386,0,0,0,0,9
1745920944.467386,0,0,0,0,9
1745920945.16205,0,0,0,0,14
1745920945.16205,0,0,0,0,14
1745920945.466197,0,0,0,0,9
1745920945.466197,0,0,0,0,9
1745920945.466197,0,0,0,0,9
1745920946.160663,0,0,1,0,23
1745920946.160663,0,0,1,0,23
1745920946.476407,0,0,0,0,16
1745920946.476407,0,0,0,0,16
1745920946.476407,0,0,0,0,16
1745920947.156376,0,0,1,0,23
1745920947.156376,0,0,1,0,23
1745920947.487559,0,0,1,0,6
1745920947.487559,0,0,1,0,6
1745920947.487559,0,0,1,0,6
1745920948.157741,0,0,0,0,17
1745920948.157741,0,0,0,0,17
1745920948.469305,0,0,0,0,4
1745920948.469305,0,0,0,0,4
1745920948.469305,0,0,0,0,4
1745920949.158621,0,0,0,0,17
1745920949.158621,0,0,0,0,17
1745920949.469293,0,0,0,0,10
1745920949.469293,0,0,0,0,10
1745920949.469293,0,0,0,0,10
1745920950.162992,0,0,0,0,28
1745920950.162992,0,0,0,0,28
1745920950.475598,0,0,0,0,8
1745920950.475598,0,0,0,0,8
1745920950.475598,0,0,0,0,8
1745920951.158847,0,0,0,0,20
1745920951.471373,0,0,0,0,6
1745920951.471373,0,0,0,0,6
1745920951.471373,0,0,0,0,6
1745920951.471373,0,0,0,0,6
1745920952.164465,0,0,1,0,26
1745920952.483356,0,0,0,0,9
1745920952.483356,0,0,0,0,9
1745920952.483356,0,0,0,0,9
1745920952.483356,0,0,0,0,9
1745920953.162301,0,0,1,0,18
1745920953.469613,0,0,0,0,11
1745920953.469613,0,0,0,0,11
1745920953.469613,0,0,0,0,11
1745920953.469613,0,0,0,0,11
1745920954.161706,0,0,1,0,12
1745920954.471579,0,0,0,0,16
1745920954.471579,0,0,0,0,16
1745920954.471579,0,0,0,0,16
1745920954.471579,0,0,0,0,16
1745920955.165868,0,0,0,0,27
1745920955.476033,0,0,0,0,11
1745920955.476033,0,0,0,0,11
1745920955.476033,0,0,0,0,11
1745920955.476033,0,0,0,0,11
1745920956.186883,0,0,0,0,19
1745920956.475695,0,0,0,0,8
1745920956.475695,0,0,0,0,8
1745920956.475695,0,0,0,0,8
1745920956.475695,0,0,0,0,8
1745920957.176721,0,0,0,1,21
1745920957.475762,0,0,0,1,16
1745920957.475762,0,0,0,1,16
1745920957.475762,0,0,0,1,16
1745920958.168232,0,0,1,0,13
1745920958.168232,0,0,1,0,13
1745920958.477067,0,0,0,0,6
1745920958.477067,0,0,0,0,6
1745920958.477067,0,0,0,0,6
1745920959.182061,0,0,0,0,26
1745920959.182061,0,0,0,0,26
1745920959.487125,0,0,0,0,4
1745920959.487125,0,0,0,0,4
1745920959.487125,0,0,0,0,4
1745920960.173072,0,0,0,0,18
1745920960.173072,0,0,0,0,18
1745920960.477583,0,0,0,0,10
1745920960.477583,0,0,0,0,10
1745920960.477583,0,0,0,0,10
1745920961.178286,0,0,0,2,28
1745920961.178286,0,0,0,2,28
1745920961.477699,0,0,0,0,7
1745920961.477699,0,0,0,0,7
1745920961.477699,0,0,0,0,7
1745920962.176066,0,0,0,0,12
1745920962.176066,0,0,0,0,12
1745920962.481296,0,0,0,0,8
1745920962.481296,0,0,0,0,8
1745920962.481296,0,0,0,0,8
1745920963.180596,0,0,0,0,15
1745920963.180596,0,0,0,0,15
1745920963.482744,0,0,1,1,12
1745920963.482744,0,0,1,1,12
1745920963.482744,0,0,1,1,12
1745920964.174046,0,0,1,0,25
1745920964.174046,0,0,1,0,25
1745920964.488072,0,0,0,0,16
1745920964.488072,0,0,0,0,16
1745920964.488072,0,0,0,0,16
1745920965.185586,0,0,0,0,18
1745920965.485042,0,0,0,0,7
1745920965.485042,0,0,0,0,7
1745920965.485042,0,0,0,0,7
1745920965.485042,0,0,0,0,7
1745920966.177654,0,0,0,0,26
1745920966.492948,0,0,0,0,7
1745920966.492948,0,0,0,0,7
1745920966.492948,0,0,0,0,7
1745920966.492948,0,0,0,0,7
1745920967.177118,0,0,0,0,25
1745920967.49178,0,0,1,0,14
1745920967.49178,0,0,1,0,14
1745920967.49178,0,0,1,0,14
1745920967.49178,0,0,1,0,14
1745920968.177674,0,0,1,0,31
1745920968.497418,0,0,0,0,3
1745920968.497418,0,0,0,0,3
1745920968.497418,0,0,0,0,3
1745920968.497418,0,0,0,0,3
1745920969.179759,0,0,0,0,10
1745920969.486219,0,0,1,0,9
1745920969.486219,0,0,1,0,9
1745920969.486219,0,0,1,0,9
1745920969.486219,0,0,1,0,9
1745920970.187975,0,0,1,0,23
1745920970.489861,0,0,1,0,9
1745920970.489861,0,0,1,0,9
1745920970.489861,0,0,1,0,9
1745920970.489861,0,0,1,0,9
1745920971.20413,0,0,0,0,15
1745920971.490133,0,0,0,0,5
1745920971.490133,0,0,0,0,5
1745920971.490133,0,0,0,0,5
1745920972.204486,0,0,0,0,17
1745920972.204486,0,0,0,0,17
1745920972.491239,0,0,0,0,12
1745920972.491239,0,0,0,0,12
1745920972.491239,0,0,0,0,12
1745920973.182046,0,0,2,0,14
1745920973.182046,0,0,2,0,14
1745920973.502413,0,0,0,0,8
1745920973.502413,0,0,0,0,8
1745920973.502413,0,0,0,0,8
1745920974.187207,0,0,1,0,11
1745920974.187207,0,0,1,0,11
1745920974.494532,0,0,0,0,5
1745920974.494532,0,0,0,0,5
1745920974.494532,0,0,0,0,5
1745920975.182648,0,0,2,0,17
1745920975.182648,0,0,2,0,17
1745920975.492323,0,0,0,0,9
1745920975.492323,0,0,0,0,9
1745920975.492323,0,0,0,0,9
1745920976.186246,0,0,1,0,21
1745920976.186246,0,0,1,0,21
1745920976.491837,0,0,0,0,9
1745920976.491837,0,0,0,0,9
1745920976.491837,0,0,0,0,9
1745920977.187804,0,0,0,1,18
1745920977.187804,0,0,0,1,18
1745920977.493196,0,0,0,0,8
1745920977.493196,0,0,0,0,8
1745920977.493196,0,0,0,0,8
1745920978.188888,0,0,1,0,23
1745920978.493109,0,0,0,0,7
1745920978.493109,0,0,0,0,7
1745920978.493109,0,0,0,0,7
1745920978.493109,0,0,0,0,7
1745920979.199658,0,0,0,0,21
1745920979.500794,0,0,0,0,18
1745920979.500794,0,0,0,0,18
1745920979.500794,0,0,0,0,18
1745920979.500794,0,0,0,0,18
1745920980.192881,0,0,0,0,17
1745920980.494675,0,0,0,0,5
1745920980.494675,0,0,0,0,5
1745920980.494675,0,0,0,0,5
1745920980.494675,0,0,0,0,5
1745920981.189314,0,0,1,0,12
1745920981.51128,0,0,0,0,3
1745920981.51128,0,0,0,0,3
1745920981.51128,0,0,0,0,3
1745920981.51128,0,0,0,0,3
1745920982.196868,0,0,0,0,22
1745920982.495443,0,0,1,0,4
1745920982.495443,0,0,1,0,4
1745920982.495443,0,0,1,0,4
1745920982.495443,0,0,1,0,4
1745920983.193388,0,0,1,1,21
1745920983.496842,0,0,0,0,16
1745920983.496842,0,0,0,0,16
1745920983.496842,0,0,0,0,16
1745920984.19219,0,0,0,0,20
1745920984.19219,0,0,0,0,20
1745920984.496155,0,0,0,0,8
1745920984.496155,0,0,0,0,8
1745920984.496155,0,0,0,0,8
1745920985.197434,0,0,4,2,20
1745920985.197434,0,0,4,2,20
1745920985.49804,0,0,1,0,4
1745920985.49804,0,0,1,0,4
1745920985.49804,0,0,1,0,4
1745920986.201601,0,0,4,2,19
1745920986.201601,0,0,4,2,19
1745920986.500167,0,0,1,0,15
1745920986.500167,0,0,1,0,15
1745920986.500167,0,0,1,0,15
1745920987.194135,0,0,2,2,30
1745920987.194135,0,0,2,2,30
1745920987.50148,0,0,0,0,3
1745920987.50148,0,0,0,0,3
1745920987.50148,0,0,0,0,3
1745920988.196113,0,0,4,0,15
1745920988.196113,0,0,4,0,15
1745920988.499893,0,0,0,2,7
1745920988.499893,0,0,0,2,7
1745920988.499893,0,0,0,2,7
1745920989.194802,0,0,2,1,21
1745920989.194802,0,0,2,1,21
1745920989.516631,0,0,0,1,9
1745920989.516631,0,0,0,1,9
1745920989.516631,0,0,0,1,9
1745920990.196798,0,0,0,1,17
1745920990.501544,0,0,3,0,10
1745920990.501544,0,0,3,0,10
1745920990.501544,0,0,3,0,10
1745920990.501544,0,0,3,0,10
1745920991.199038,0,0,4,1,24
1745920991.505346,0,0,0,1,9
1745920991.505346,0,0,0,1,9
1745920991.505346,0,0,0,1,9
1745920991.505346,0,0,0,1,9
1745920992.196687,0,0,2,0,20
1745920992.504374,0,0,1,0,8
1745920992.504374,0,0,1,0,8
1745920992.504374,0,0,1,0,8
1745920992.504374,0,0,1,0,8
1745920993.20272,0,0,2,0,18
1745920993.507082,0,0,0,1,6
1745920993.507082,0,0,0,1,6
1745920993.507082,0,0,0,1,6
1745920993.507082,0,0,0,1,6
1745920994.214158,0,0,8,1,25
1745920994.508404,0,0,2,1,5
1745920994.508404,0,0,2,1,5
1745920994.508404,0,0,2,1,5
1745920994.508404,0,0,2,1,5
1745920995.21197,0,0,0,1,20
1745920995.512399,0,0,2,0,9
1745920995.512399,0,0,2,0,9
1745920995.512399,0,0,2,0,9
1745920995.512399,0,0,2,0,9
1745920996.207132,0,0,2,0,23
1745920996.519796,0,0,0,1,11
1745920996.519796,0,0,0,1,11
1745920996.519796,0,0,0,1,11
1745920996.519796,0,0,0,1,11
1745920997.210328,0,0,1,1,22
1745920997.521045,0,0,0,1,7
1745920997.521045,0,0,0,1,7
1745920997.521045,0,0,0,1,7
1745920998.212708,0,0,2,0,22
1745920998.212708,0,0,2,0,22
1745920998.514132,0,0,0,0,11
1745920998.514132,0,0,0,0,11
1745920998.514132,0,0,0,0,11
1745920999.228173,0,0,0,2,12
1745920999.228173,0,0,0,2,12
1745920999.51607,0,0,3,0,6
1745920999.51607,0,0,3,0,6
1745920999.51607,0,0,3,0,6
1745921000.240077,0,0,2,0,26
1745921000.240077,0,0,2,0,26
1745921000.516241,0,0,0,0,15
1745921000.516241,0,0,0,0,15
1745921000.516241,0,0,0,0,15
1745921001.215255,0,0,4,2,29
1745921001.215255,0,0,4,2,29
1745921001.513886,0,0,2,1,7
1745921001.513886,0,0,2,1,7
1745921001.513886,0,0,2,1,7
1745921002.210217,0,0,2,2,34
1745921002.210217,0,0,2,2,34
1745921002.515438,0,0,1,0,8
1745921002.515438,0,0,1,0,8
1745921002.515438,0,0,1,0,8
1745921003.210561,0,0,2,0,13
1745921003.210561,0,0,2,0,13
1745921003.533712,0,0,0,1,12
1745921003.533712,0,0,0,1,12
1745921003.533712,0,0,0,1,12
1745921004.21201,0,0,1,5,13
1745921004.21201,0,0,1,5,13
1745921004.531187,0,0,1,1,7
1745921004.531187,0,0,1,1,7
1745921004.531187,0,0,1,1,7
1745921005.215537,0,0,1,1,17
1745921005.521375,0,0,1,0,5
1745921005.521375,0,0,1,0,5
1745921005.521375,0,0,1,0,5
1745921005.521375,0,0,1,0,5
1745921006.222048,0,0,3,0,25
1745921006.520003,0,0,1,0,10
1745921006.520003,0,0,1,0,10
1745921006.520003,0,0,1,0,10
1745921006.520003,0,0,1,0,10
1745921007.21652,0,0,3,2,10
1745921007.523769,0,0,1,0,13
1745921007.523769,0,0,1,0,13
1745921007.523769,0,0,1,0,13
1745921007.523769,0,0,1,0,13
1745921008.213017,0,0,1,1,20
1745921008.529221,0,0,1,0,5
1745921008.529221,0,0,1,0,5
1745921008.529221,0,0,1,0,5
1745921008.529221,0,0,1,0,5
1745921009.214842,0,0,1,2,14
1745921009.525077,0,0,0,0,11
1745921009.525077,0,0,0,0,11
1745921009.525077,0,0,0,0,11
1745921010.216537,0,0,0,1,27
1745921010.216537,0,0,0,1,27
1745921010.54085,0,0,0,1,6
1745921010.54085,0,0,0,1,6
1745921010.54085,0,0,0,1,6
1745921011.219745,0,0,2,0,23
1745921011.219745,0,0,2,0,23
1745921011.53084,0,0,0,0,10
1745921011.53084,0,0,0,0,10
1745921011.53084,0,0,0,0,10
1745921012.231831,0,0,0,1,14
1745921012.231831,0,0,0,1,14
1745921012.527478,0,0,2,0,12
1745921012.527478,0,0,2,0,12
1745921012.527478,0,0,2,0,12
1745921013.216526,0,0,0,4,15
1745921013.216526,0,0,0,4,15
1745921013.529581,0,0,1,0,9
1745921013.529581,0,0,1,0,9
1745921013.529581,0,0,1,0,9
1745921014.229595,0,0,4,1,11
1745921014.229595,0,0,4,1,11
1745921014.529276,0,0,0,1,20
1745921014.529276,0,0,0,1,20
1745921014.529276,0,0,0,1,20
1745921015.217792,0,0,1,0,22
1745921015.217792,0,0,1,0,22
1745921015.535421,0,0,0,0,10
1745921015.535421,0,0,0,0,10
1745921015.535421,0,0,0,0,10
1745921016.217277,0,0,0,2,21
1745921016.217277,0,0,0,2,21
1745921016.539191,0,0,2,0,9
1745921016.539191,0,0,2,0,9
1745921016.539191,0,0,2,0,9
1745921017.228328,0,0,6,3,18
1745921017.228328,0,0,6,3,18
1745921017.537138,0,0,1,1,11
1745921017.537138,0,0,1,1,11
1745921017.537138,0,0,1,1,11
1745921018.239127,0,0,2,0,16
1745921018.536681,0,0,2,0,12
1745921018.536681,0,0,2,0,12
1745921018.536681,0,0,2,0,12
1745921018.536681,0,0,2,0,12
1745921019.222341,0,0,2,0,26
1745921019.5462,0,0,2,1,7
1745921019.5462,0,0,2,1,7
1745921019.5462,0,0,2,1,7
1745921019.5462,0,0,2,1,7
1745921020.224483,0,0,1,2,17
1745921020.542282,0,0,2,0,7
1745921020.542282,0,0,2,0,7
1745921020.542282,0,0,2,0,7
1745921020.542282,0,0,2,0,7
1745921021.227032,0,0,1,1,26
1745921021.541672,0,0,1,0,17
1745921021.541672,0,0,1,0,17
1745921021.541672,0,0,1,0,17
1745921021.541672,0,0,1,0,17
1745921022.227744,0,0,2,0,20
1745921022.548549,0,0,1,0,6
1745921022.548549,0,0,1,0,6
1745921022.548549,0,0,1,0,6
1745921023.229102,0,0,1,0,24
1745921023.229102,0,0,1,0,24
1745921023.547246,0,0,1,0,10
1745921023.547246,0,0,1,0,10
1745921023.547246,0,0,1,0,10
1745921024.240267,0,0,1,0,22
1745921024.240267,0,0,1,0,22
1745921024.541206,0,0,0,1,2
1745921024.541206,0,0,0,1,2
1745921024.541206,0,0,0,1,2
1745921025.229708,0,0,2,1,21
1745921025.229708,0,0,2,1,21
1745921025.546986,0,0,1,1,12
1745921025.546986,0,0,1,1,12
1745921025.546986,0,0,1,1,12
1745921026.23718,0,0,1,1,19
1745921026.23718,0,0,1,1,19
1745921026.542597,0,0,0,1,14
1745921026.542597,0,0,0,1,14
1745921026.542597,0,0,0,1,14
1745921027.24597,0,0,3,0,17
1745921027.24597,0,0,3,0,17
1745921027.55046,0,0,1,1,9
1745921027.55046,0,0,1,1,9
1745921027.55046,0,0,1,1,9
1745921028.243231,0,0,0,1,22
1745921028.243231,0,0,0,1,22
1745921028.555799,0,0,0,0,13
1745921028.555799,0,0,0,0,13
1745921028.555799,0,0,0,0,13
1745921029.260247,0,0,4,1,18
1745921029.549033,0,0,0,0,2
1745921029.549033,0,0,0,0,2
1745921029.549033,0,0,0,0,2
1745921029.549033,0,0,0,0,2
1745921030.242706,0,0,0,1,22
1745921030.54924,0,0,1,0,7
1745921030.54924,0,0,1,0,7
1745921030.54924,0,0,1,0,7
1745921030.54924,0,0,1,0,7
1745921031.247409,0,0,1,1,19
1745921031.547842,0,0,1,0,3
1745921031.547842,0,0,1,0,3
1745921031.547842,0,0,1,0,3
1745921031.547842,0,0,1,0,3
1745921032.244872,0,0,3,3,18
1745921032.549726,0,0,0,0,9
1745921032.549726,0,0,0,0,9
1745921032.549726,0,0,0,0,9
1745921032.549726,0,0,0,0,9
1745921033.241217,0,0,4,2,18
1745921033.550573,0,0,0,0,6
1745921033.550573,0,0,0,0,6
1745921033.550573,0,0,0,0,6
1745921033.550573,0,0,0,0,6
1745921034.245197,0,0,0,2,21
1745921034.551801,0,0,0,0,8
1745921034.551801,0,0,0,0,8
1745921034.551801,0,0,0,0,8
1745921034.551801,0,0,0,0,8
1745921035.26066,0,0,2,1,22
1745921035.559637,0,0,1,0,11
1745921035.559637,0,0,1,0,11
1745921035.559637,0,0,1,0,11
1745921035.559637,0,0,1,0,11
1745921036.260847,0,0,4,0,31
1745921036.559929,0,0,3,0,10
1745921036.559929,0,0,3,0,10
1745921036.559929,0,0,3,0,10
1745921037.25807,0,0,2,1,7
1745921037.25807,0,0,2,1,7
1745921037.560393,0,0,2,0,6
1745921037.560393,0,0,2,0,6
1745921037.560393,0,0,2,0,6
1745921038.254295,0,0,1,1,13
1745921038.254295,0,0,1,1,13
1745921038.552976,0,0,1,0,8
1745921038.552976,0,0,1,0,8
1745921038.552976,0,0,1,0,8
1745921039.255575,0,0,0,0,18
1745921039.255575,0,0,0,0,18
1745921039.556826,0,0,0,0,15
1745921039.556826,0,0,0,0,15
1745921039.556826,0,0,0,0,15
1745921040.257934,0,0,3,0,20
1745921040.257934,0,0,3,0,20
1745921040.554489,0,0,0,0,8
1745921040.554489,0,0,0,0,8
1745921040.554489,0,0,0,0,8
1745921041.260071,0,0,1,0,25
1745921041.260071,0,0,1,0,25
1745921041.560612,0,0,2,0,11
1745921041.560612,0,0,2,0,11
1745921041.560612,0,0,2,0,11
1745921042.273896,0,0,2,0,23
1745921042.273896,0,0,2,0,23
1745921042.560773,0,0,0,0,12
1745921042.560773,0,0,0,0,12
1745921042.560773,0,0,0,0,12
1745921043.258352,0,0,2,1,21
1745921043.258352,0,0,2,1,21
1745921043.577163,0,0,2,0,10
1745921043.577163,0,0,2,0,10
1745921043.577163,0,0,2,0,10
1745921044.258868,0,0,0,1,23
1745921044.561805,0,0,0,0,9
1745921044.561805,0,0,0,0,9
1745921044.561805,0,0,0,0,9
1745921044.561805,0,0,0,0,9
1745921045.258086,0,0,5,1,16
1745921045.560946,0,0,0,0,7
1745921045.560946,0,0,0,0,7
1745921045.560946,0,0,0,0,7
1745921045.560946,0,0,0,0,7
1745921046.261174,0,0,2,0,17
1745921046.567591,0,0,0,0,16
1745921046.567591,0,0,0,0,16
1745921046.567591,0,0,0,0,16
1745921046.567591,0,0,0,0,16
1745921047.259886,0,0,2,0,19
1745921047.563775,0,0,0,0,7
1745921047.563775,0,0,0,0,7
1745921047.563775,0,0,0,0,7
1745921047.563775,0,0,0,0,7
1745921048.263213,0,0,2,1,19
1745921048.571276,0,0,0,0,5
1745921048.571276,0,0,0,0,5
1745921048.571276,0,0,0,0,5
1745921048.571276,0,0,0,0,5
1745921049.270011,0,0,2,0,18
1745921049.566637,0,0,0,0,3
1745921049.566637,0,0,0,0,3
1745921049.566637,0,0,0,0,3
1745921050.271275,0,0,0,0,25
1745921050.271275,0,0,0,0,25
1745921050.592164,0,0,1,1,1
1745921050.592164,0,0,1,1,1
1745921050.592164,0,0,1,1,1
1745921051.269206,0,0,0,1,17
1745921051.269206,0,0,0,1,17
1745921051.586996,0,0,0,0,11
1745921051.586996,0,0,0,0,11
1745921051.586996,0,0,0,0,11
1745921052.269754,0,0,2,1,15
1745921052.269754,0,0,2,1,15
1745921052.566959,0,0,1,0,13
1745921052.566959,0,0,1,0,13
1745921052.566959,0,0,1,0,13
1745921053.280221,0,0,2,0,20
1745921053.280221,0,0,2,0,20
1745921053.568645,0,0,0,0,8
1745921053.568645,0,0,0,0,8
1745921053.568645,0,0,0,0,8
1745921054.298699,0,0,4,0,17
1745921054.298699,0,0,4,0,17
1745921054.574645,0,0,2,0,6
1745921054.574645,0,0,2,0,6
1745921054.574645,0,0,2,0,6
1745921055.282464,0,0,1,2,22
1745921055.282464,0,0,1,2,22
1745921055.571205,0,0,1,0,8
1745921055.571205,0,0,1,0,8
1745921055.571205,0,0,1,0,8
1745921056.276177,0,0,2,1,14
1745921056.276177,0,0,2,1,14
1745921056.580266,0,0,0,1,10
1745921056.580266,0,0,0,1,10
1745921056.580266,0,0,0,1,10
1745921057.273841,0,0,2,0,25
1745921057.273841,0,0,2,0,25
1745921057.58489,0,0,0,0,13
1745921057.58489,0,0,0,0,13
1745921057.58489,0,0,0,0,13
1745921058.27711,0,0,3,1,22
1745921058.582703,0,0,0,0,12
1745921058.582703,0,0,0,0,12
1745921058.582703,0,0,0,0,12
1745921058.582703,0,0,0,0,12
1745921059.27525,0,0,1,1,24
1745921059.587747,0,0,0,0,13
1745921059.587747,0,0,0,0,13
1745921059.587747,0,0,0,0,13
1745921059.587747,0,0,0,0,13
1745921060.277246,0,0,2,0,25
1745921060.604212,0,0,1,0,14
1745921060.604212,0,0,1,0,14
1745921060.604212,0,0,1,0,14
1745921060.604212,0,0,1,0,14
1745921061.278029,0,0,4,0,14
1745921061.588718,0,0,3,0,8
1745921061.588718,0,0,3,0,8
1745921061.588718,0,0,3,0,8
1745921061.588718,0,0,3,0,8
1745921062.278481,0,0,3,1,13
1745921062.587128,0,0,0,0,4
1745921062.587128,0,0,0,0,4
1745921062.587128,0,0,0,0,4
1745921062.587128,0,0,0,0,4
1745921063.284759,0,0,0,0,28
1745921063.592775,0,0,0,0,15
1745921063.592775,0,0,0,0,15
1745921063.592775,0,0,0,0,15
1745921063.592775,0,0,0,0,15
1745921064.286414,0,0,0,0,25
1745921064.591675,0,0,3,0,8
1745921064.591675,0,0,3,0,8
1745921064.591675,0,0,3,0,8
1745921065.283103,0,0,0,0,16
1745921065.283103,0,0,0,0,16
1745921065.596177,0,0,1,1,12
1745921065.596177,0,0,1,1,12
1745921065.596177,0,0,1,1,12
1745921066.283777,0,0,0,1,16
1745921066.283777,0,0,0,1,16
1745921066.589533,0,0,0,1,7
1745921066.589533,0,0,0,1,7
1745921066.589533,0,0,0,1,7
1745921067.291409,0,0,1,0,25
1745921067.291409,0,0,1,0,25
1745921067.599038,0,0,3,0,8
1745921067.599038,0,0,3,0,8
1745921067.599038,0,0,3,0,8
1745921068.290311,0,0,0,1,21
1745921068.290311,0,0,0,1,21
1745921068.591776,0,0,0,0,12
1745921068.591776,0,0,0,0,12
1745921068.591776,0,0,0,0,12
1745921069.291528,0,0,2,2,18
1745921069.291528,0,0,2,2,18
1745921069.594453,0,0,2,0,8
1745921069.594453,0,0,2,0,8
1745921069.594453,0,0,2,0,8
1745921070.308635,0,0,1,0,18
1745921070.308635,0,0,1,0,18
1745921070.597104,0,0,1,2,5
1745921070.597104,0,0,1,2,5
1745921070.597104,0,0,1,2,5
1745921071.289698,0,0,1,1,30
1745921071.599834,0,0,1,0,10
1745921071.599834,0,0,1,0,10
1745921071.599834,0,0,1,0,10
1745921071.599834,0,0,1,0,10
1745921072.289628,0,0,2,0,23
1745921072.604042,0,0,1,0,11
1745921072.604042,0,0,1,0,11
1745921072.604042,0,0,1,0,11
1745921072.604042,0,0,1,0,11
1745921073.291481,0,0,1,0,14
1745921073.597172,0,0,2,1,10
1745921073.597172,0,0,2,1,10
1745921073.597172,0,0,2,1,10
1745921073.597172,0,0,2,1,10
1745921074.297018,0,0,1,1,18
1745921074.598598,0,0,0,1,16
1745921074.598598,0,0,0,1,16
1745921074.598598,0,0,0,1,16
1745921074.598598,0,0,0,1,16
1745921075.292121,0,0,6,1,13
1745921075.601519,0,0,1,2,5
1745921075.601519,0,0,1,2,5
1745921075.601519,0,0,1,2,5
1745921075.601519,0,0,1,2,5
1745921076.313892,0,0,1,1,31
1745921076.60275,0,0,0,0,8
1745921076.60275,0,0,0,0,8
1745921076.60275,0,0,0,0,8
1745921077.298356,0,0,2,1,32
1745921077.298356,0,0,2,1,32
1745921077.598908,0,0,2,1,4
1745921077.598908,0,0,2,1,4
1745921077.598908,0,0,2,1,4
1745921078.306679,0,0,4,1,20
1745921078.306679,0,0,4,1,20
1745921078.602666,0,0,2,0,5
1745921078.602666,0,0,2,0,5
1745921078.602666,0,0,2,0,5
1745921079.305488,0,0,1,3,20
1745921079.305488,0,0,1,3,20
1745921079.603088,0,0,0,1,5
1745921079.603088,0,0,0,1,5
1745921079.603088,0,0,0,1,5
1745921080.305647,0,0,4,0,17
1745921080.305647,0,0,4,0,17
1745921080.602453,0,0,1,1,8
1745921080.602453,0,0,1,1,8
1745921080.602453,0,0,1,1,8
1745921081.303004,0,0,3,2,19
1745921081.303004,0,0,3,2,19
1745921081.611648,0,0,1,1,8
1745921081.611648,0,0,1,1,8
1745921081.611648,0,0,1,1,8
1745921082.317789,0,0,3,2,21
1745921082.317789,0,0,3,2,21
1745921082.604794,0,0,1,0,5
1745921082.604794,0,0,1,0,5
1745921082.604794,0,0,1,0,5
1745921083.320715,0,0,1,1,13
1745921083.320715,0,0,1,1,13
1745921083.607702,0,0,1,0,21
1745921083.607702,0,0,1,0,21
1745921083.607702,0,0,1,0,21
1745921084.330927,0,0,1,3,27
1745921084.330927,0,0,1,3,27
1745921084.613811,0,0,1,0,9
1745921084.613811,0,0,1,0,9
1745921084.613811,0,0,1,0,9
1745921085.318223,0,0,0,0,15
1745921085.618025,0,0,2,0,4
1745921085.618025,0,0,2,0,4
1745921085.618025,0,0,2,0,4
1745921085.618025,0,0,2,0,4
1745921086.309041,0,0,3,2,15
1745921086.616292,0,0,1,0,3
1745921086.616292,0,0,1,0,3
1745921086.616292,0,0,1,0,3
1745921086.616292,0,0,1,0,3
1745921087.305535,0,0,5,1,16
1745921087.613521,0,0,1,1,10
1745921087.613521,0,0,1,1,10
1745921087.613521,0,0,1,1,10
1745921087.613521,0,0,1,1,10
1745921088.3065,0,0,3,0,10
1745921088.622282,0,0,1,0,12
1745921088.622282,0,0,1,0,12
1745921088.622282,0,0,1,0,12
1745921088.622282,0,0,1,0,12
1745921089.307463,0,0,1,0,27
1745921089.618159,0,0,1,0,13
1745921089.618159,0,0,1,0,13
1745921089.618159,0,0,1,0,13
1745921089.618159,0,0,1,0,13
1745921090.321467,0,0,1,1,9
1745921090.616428,0,0,0,0,10
1745921090.616428,0,0,0,0,10
1745921090.616428,0,0,0,0,10
1745921090.616428,0,0,0,0,10
1745921091.321011,0,0,1,0,23
1745921091.616412,0,0,0,1,15
1745921091.616412,0,0,0,1,15
1745921091.616412,0,0,0,1,15
1745921092.312828,0,0,4,1,18
1745921092.312828,0,0,4,1,18
1745921092.618634,0,0,0,4,6
1745921092.618634,0,0,0,4,6
1745921092.618634,0,0,0,4,6
1745921093.321777,0,0,3,1,17
1745921093.321777,0,0,3,1,17
1745921093.626298,0,0,0,0,14
1745921093.626298,0,0,0,0,14
1745921093.626298,0,0,0,0,14
1745921094.318746,0,0,1,1,18
1745921094.318746,0,0,1,1,18
1745921094.619935,0,0,0,1,8
1745921094.619935,0,0,0,1,8
1745921094.619935,0,0,0,1,8
1745921095.315241,0,0,2,1,14
1745921095.315241,0,0,2,1,14
1745921095.619088,0,0,3,1,4
1745921095.619088,0,0,3,1,4
1745921095.619088,0,0,3,1,4
1745921096.316312,0,0,1,0,29
1745921096.316312,0,0,1,0,29
1745921096.619805,0,0,1,2,11
1745921096.619805,0,0,1,2,11
1745921096.619805,0,0,1,2,11
1745921097.320488,0,0,4,0,18
1745921097.320488,0,0,4,0,18
1745921097.623007,0,0,1,2,2
1745921097.623007,0,0,1,2,2
1745921097.623007,0,0,1,2,2
1745921098.322949,0,0,1,1,20
1745921098.628499,0,0,2,0,11
1745921098.628499,0,0,2,0,11
1745921098.628499,0,0,2,0,11
1745921098.628499,0,0,2,0,11
1745921099.320963,0,0,0,0,24
1745921099.624165,0,0,1,1,12
1745921099.624165,0,0,1,1,12
1745921099.624165,0,0,1,1,12
1745921099.624165,0,0,1,1,12
1745921100.333868,0,0,4,1,20
1745921100.627728,0,0,1,0,6
1745921100.627728,0,0,1,0,6
1745921100.627728,0,0,1,0,6
1745921100.627728,0,0,1,0,6
1745921101.328112,0,0,2,1,21
1745921101.629758,0,0,1,1,1
1745921101.629758,0,0,1,1,1
1745921101.629758,0,0,1,1,1
1745921101.629758,0,0,1,1,1
1745921102.324679,0,0,2,1,22
1745921102.624375,0,0,1,0,11
1745921102.624375,0,0,1,0,11
1745921102.624375,0,0,1,0,11
1745921102.624375,0,0,1,0,11
1745921103.329053,0,0,0,2,22
1745921103.626935,0,0,1,0,9
1745921103.626935,0,0,1,0,9
1745921103.626935,0,0,1,0,9
1745921104.330037,0,0,2,1,24
1745921104.330037,0,0,2,1,24
1745921104.625243,0,0,0,0,4
1745921104.625243,0,0,0,0,4
1745921104.625243,0,0,0,0,4
1745921105.336961,0,0,0,0,12
1745921105.336961,0,0,0,0,12
1745921105.626786,0,0,0,0,5
1745921105.626786,0,0,0,0,5
1745921105.626786,0,0,0,0,5
1745921106.331949,0,0,0,4,17
1745921106.331949,0,0,0,4,17
1745921106.629193,0,0,1,0,2
1745921106.629193,0,0,1,0,2
1745921106.629193,0,0,1,0,2
1745921107.330358,0,0,5,2,9
1745921107.330358,0,0,5,2,9
1745921107.629573,0,0,5,1,8
1745921107.629573,0,0,5,1,8
1745921107.629573,0,0,5,1,8
1745921108.333555,0,0,1,2,15
1745921108.333555,0,0,1,2,15
1745921108.629892,0,0,1,3,5
1745921108.629892,0,0,1,3,5
1745921108.629892,0,0,1,3,5
1745921109.330216,0,0,3,2,21
1745921109.330216,0,0,3,2,21
1745921109.62843,0,0,0,0,3
1745921109.62843,0,0,0,0,3
1745921109.62843,0,0,0,0,3
1745921110.338205,0,0,1,0,26
1745921110.338205,0,0,1,0,26
1745921110.642081,0,0,0,0,15
1745921110.642081,0,0,0,0,15
1745921110.642081,0,0,0,0,15
1745921111.334046,0,0,1,2,30
1745921111.634449,0,0,1,2,5
1745921111.634449,0,0,1,2,5
1745921111.634449,0,0,1,2,5
1745921111.634449,0,0,1,2,5
1745921112.338877,0,0,5,1,27
1745921112.642972,0,0,4,0,4
1745921112.642972,0,0,4,0,4
1745921112.642972,0,0,4,0,4
1745921112.642972,0,0,4,0,4
1745921113.335296,0,0,7,0,26
1745921113.64635,0,0,1,1,7
1745921113.64635,0,0,1,1,7
1745921113.64635,0,0,1,1,7
1745921113.64635,0,0,1,1,7
1745921114.33623,0,0,3,3,19
1745921114.636427,0,0,1,1,11
1745921114.636427,0,0,1,1,11
1745921114.636427,0,0,1,1,11
1745921114.636427,0,0,1,1,11
1745921115.335565,0,0,2,1,12
1745921115.66029,0,0,1,0,10
1745921115.66029,0,0,1,0,10
1745921115.66029,0,0,1,0,10
1745921115.66029,0,0,1,0,10
1745921116.336156,0,0,0,0,17
1745921116.635522,0,0,0,0,21
1745921116.635522,0,0,0,0,21
1745921116.635522,0,0,0,0,21
1745921116.635522,0,0,0,0,21
1745921117.343324,0,0,2,1,12
1745921117.642092,0,0,0,0,4
1745921117.642092,0,0,0,0,4
1745921117.642092,0,0,0,0,4
1745921117.642092,0,0,0,0,4
1745921118.350738,0,0,1,0,21
1745921118.638289,0,0,0,1,8
1745921118.638289,0,0,0,1,8
1745921118.638289,0,0,0,1,8
1745921119.3403,0,0,0,0,23
1745921119.3403,0,0,0,0,23
1745921119.64605,0,0,0,0,10
1745921119.64605,0,0,0,0,10
1745921119.64605,0,0,0,0,10
1745921120.346996,0,0,0,0,22
1745921120.346996,0,0,0,0,22
1745921120.651122,0,0,0,0,8
1745921120.651122,0,0,0,0,8
1745921120.651122,0,0,0,0,8
1745921121.348025,0,0,1,0,20
1745921121.348025,0,0,1,0,20
1745921121.643165,0,0,0,0,13
1745921121.643165,0,0,0,0,13
1745921121.643165,0,0,0,0,13
1745921122.34296,0,0,0,0,12
1745921122.34296,0,0,0,0,12
1745921122.641079,0,0,0,1,6
1745921122.641079,0,0,0,1,6
1745921122.641079,0,0,0,1,6
1745921123.351487,0,0,0,0,23
1745921123.351487,0,0,0,0,23
1745921123.66389,0,0,0,0,9
1745921123.66389,0,0,0,0,9
1745921123.66389,0,0,0,0,9
1745921124.345479,0,0,1,1,14
1745921124.345479,0,0,1,1,14
1745921124.653937,0,0,0,0,9
1745921124.653937,0,0,0,0,9
1745921124.653937,0,0,0,0,9
1745921125.357047,0,0,1,0,20
1745921125.647905,0,0,0,0,13
1745921125.647905,0,0,0,0,13
1745921125.647905,0,0,0,0,13
1745921125.647905,0,0,0,0,13
1745921126.351489,0,0,1,0,29
1745921126.653342,0,0,0,0,4
1745921126.653342,0,0,0,0,4
1745921126.653342,0,0,0,0,4
1745921126.653342,0,0,0,0,4
1745921127.348694,0,0,0,0,16
1745921127.671109,0,0,0,0,6
1745921127.671109,0,0,0,0,6
1745921127.671109,0,0,0,0,6
1745921127.671109,0,0,0,0,6
1745921128.35084,0,0,0,0,20
1745921128.65811,0,0,0,0,9
1745921128.65811,0,0,0,0,9
1745921128.65811,0,0,0,0,9
1745921128.65811,0,0,0,0,9
1745921129.352162,0,0,1,0,34
1745921129.655628,0,0,0,0,9
1745921129.655628,0,0,0,0,9
1745921129.655628,0,0,0,0,9
1745921129.655628,0,0,0,0,9
1745921130.352519,0,0,1,0,18
1745921130.651666,0,0,0,0,5
1745921130.651666,0,0,0,0,5
1745921130.651666,0,0,0,0,5
1745921130.651666,0,0,0,0,5
1745921131.356778,0,0,0,0,18
1745921131.65607,0,0,1,0,4
1745921131.65607,0,0,1,0,4
1745921131.65607,0,0,1,0,4
1745921132.354191,0,0,0,0,25
1745921132.354191,0,0,0,0,25
1745921132.658,0,0,0,0,7
1745921132.658,0,0,0,0,7
1745921132.658,0,0,0,0,7
1745921133.368617,0,0,1,0,31
1745921133.368617,0,0,1,0,31
1745921133.655718,0,0,0,0,5
1745921133.655718,0,0,0,0,5
1745921133.655718,0,0,0,0,5
1745921134.357343,0,0,1,0,17
1745921134.357343,0,0,1,0,17
1745921134.659122,0,0,0,0,3
1745921134.659122,0,0,0,0,3
1745921134.659122,0,0,0,0,3
1745921135.356931,0,0,1,0,31
1745921135.356931,0,0,1,0,31
1745921135.655592,0,0,0,1,9
1745921135.655592,0,0,0,1,9
1745921135.655592,0,0,0,1,9
1745921136.357435,0,0,0,0,24
1745921136.357435,0,0,0,0,24
1745921136.657663,0,0,0,0,6
1745921136.657663,0,0,0,0,6
1745921136.657663,0,0,0,0,6
1745921137.361256,0,0,0,0,11
1745921137.361256,0,0,0,0,11
1745921137.66554,0,0,0,0,8
1745921137.66554,0,0,0,0,8
1745921137.66554,0,0,0,0,8
1745921138.362691,0,0,0,1,23
1745921138.362691,0,0,0,1,23
1745921138.661394,0,0,0,0,4
1745921138.661394,0,0,0,0,4
1745921138.661394,0,0,0,0,4
1745921139.364343,0,0,0,0,15
1745921139.660985,0,0,0,0,14
1745921139.660985,0,0,0,0,14
1745921139.660985,0,0,0,0,14
1745921139.660985,0,0,0,0,14
1745921140.37695,0,0,0,2,20
1745921140.668845,0,0,0,1,8
1745921140.668845,0,0,0,1,8
1745921140.668845,0,0,0,1,8
1745921140.668845,0,0,0,1,8
1745921141.36386,0,0,0,0,17
1745921141.666252,0,0,0,0,6
1745921141.666252,0,0,0,0,6
1745921141.666252,0,0,0,0,6
1745921141.666252,0,0,0,0,6
1745921142.363981,0,0,0,0,11
1745921142.670906,0,0,0,0,8
1745921142.670906,0,0,0,0,8
1745921142.670906,0,0,0,0,8
1745921142.670906,0,0,0,0,8
1745921143.366724,0,0,1,0,9
1745921143.662454,0,0,0,0,11
1745921143.662454,0,0,0,0,11
1745921143.662454,0,0,0,0,11
1745921143.662454,0,0,0,0,11
1745921144.367731,0,0,1,2,20
1745921144.664687,0,0,1,0,8
1745921144.664687,0,0,1,0,8
1745921144.664687,0,0,1,0,8
1745921144.664687,0,0,1,0,8
1745921145.378261,0,0,1,0,19
1745921145.665657,0,0,0,1,8
1745921145.665657,0,0,0,1,8
1745921145.665657,0,0,0,1,8
1745921146.371066,0,0,0,0,14
1745921146.371066,0,0,0,0,14
1745921146.665734,0,0,0,0,6
1745921146.665734,0,0,0,0,6
1745921146.665734,0,0,0,0,6
1745921147.374332,0,0,0,1,26
1745921147.374332,0,0,0,1,26
1745921147.664897,0,0,0,0,12
1745921147.664897,0,0,0,0,12
1745921147.664897,0,0,0,0,12
1745921148.37088,0,0,2,0,25
1745921148.37088,0,0,2,0,25
1745921148.667034,0,0,0,0,15
1745921148.667034,0,0,0,0,15
1745921148.667034,0,0,0,0,15
1745921149.380212,0,0,2,0,28
1745921149.380212,0,0,2,0,28
1745921149.667253,0,0,0,0,7
1745921149.667253,0,0,0,0,7
1745921149.667253,0,0,0,0,7
1745921150.377259,0,0,0,0,15
1745921150.377259,0,0,0,0,15
1745921150.674127,0,0,1,0,2
1745921150.674127,0,0,1,0,2
1745921150.674127,0,0,1,0,2
1745921151.382141,0,0,1,0,27
1745921151.382141,0,0,1,0,27
1745921151.672499,0,0,0,0,4
1745921151.672499,0,0,0,0,4
1745921151.672499,0,0,0,0,4
1745921152.381874,0,0,1,0,22
1745921152.674184,0,0,0,0,3
1745921152.674184,0,0,0,0,3
1745921152.674184,0,0,0,0,3
1745921152.674184,0,0,0,0,3
1745921153.398172,0,0,0,0,23
1745921153.686423,0,0,1,0,10
1745921153.686423,0,0,1,0,10
1745921153.686423,0,0,1,0,10
1745921153.686423,0,0,1,0,10
1745921154.383659,0,0,0,0,21
1745921154.672387,0,0,0,0,2
1745921154.672387,0,0,0,0,2
1745921154.672387,0,0,0,0,2
1745921154.672387,0,0,0,0,2
1745921155.380629,0,0,1,1,22
1745921155.689095,0,0,1,0,10
1745921155.689095,0,0,1,0,10
1745921155.689095,0,0,1,0,10
1745921155.689095,0,0,1,0,10
1745921156.391409,0,0,0,1,28
1745921156.673702,0,0,0,0,9
1745921156.673702,0,0,0,0,9
1745921156.673702,0,0,0,0,9
1745921156.673702,0,0,0,0,9
1745921157.3823,0,0,0,1,16
1745921157.681301,0,0,0,0,2
1745921157.681301,0,0,0,0,2
1745921157.681301,0,0,0,0,2
1745921157.681301,0,0,0,0,2
1745921158.38953,0,0,0,0,20
1745921158.680231,0,0,0,0,14
1745921158.680231,0,0,0,0,14
1745921158.680231,0,0,0,0,14
1745921158.680231,0,0,0,0,14
1745921159.389462,0,0,0,0,14
1745921159.675483,0,0,0,1,8
1745921159.675483,0,0,0,1,8
1745921159.675483,0,0,0,1,8
1745921160.395217,0,0,0,0,19
1745921160.395217,0,0,0,0,19
1745921160.677415,0,0,0,1,7
1745921160.677415,0,0,0,1,7
1745921160.677415,0,0,0,1,7
1745921161.387881,0,0,0,0,26
1745921161.387881,0,0,0,0,26
1745921161.682391,0,0,0,0,9
1745921161.682391,0,0,0,0,9
1745921161.682391,0,0,0,0,9
1745921162.390804,0,0,1,1,12
1745921162.390804,0,0,1,1,12
1745921162.689082,0,0,0,0,3
1745921162.689082,0,0,0,0,3
1745921162.689082,0,0,0,0,3
1745921163.399966,0,0,3,0,25
1745921163.399966,0,0,3,0,25
1745921163.681265,0,0,0,0,3
1745921163.681265,0,0,0,0,3
1745921163.681265,0,0,0,0,3
1745921164.393085,0,0,0,0,22
1745921164.393085,0,0,0,0,22
1745921164.701417,0,0,1,0,9
1745921164.701417,0,0,1,0,9
1745921164.701417,0,0,1,0,9
1745921165.397748,0,0,0,1,35
1745921165.397748,0,0,0,1,35
1745921165.685057,0,0,0,0,3
1745921165.685057,0,0,0,0,3
1745921165.685057,0,0,0,0,3
1745921166.400935,0,0,0,0,11
1745921166.684756,0,0,0,1,8
1745921166.684756,0,0,0,1,8
1745921166.684756,0,0,0,1,8
1745921166.684756,0,0,0,1,8
1745921167.409449,0,0,1,1,31
1745921167.701283,0,0,0,0,11
1745921167.701283,0,0,0,0,11
1745921167.701283,0,0,0,0,11
1745921167.701283,0,0,0,0,11
1745921168.397588,0,0,0,0,12
1745921168.685417,0,0,0,1,9
1745921168.685417,0,0,0,1,9
1745921168.685417,0,0,0,1,9
1745921168.685417,0,0,0,1,9
1745921169.397806,0,0,0,0,34
1745921169.698466,0,0,0,0,17
1745921169.698466,0,0,0,0,17
1745921169.698466,0,0,0,0,17
1745921169.698466,0,0,0,0,17
1745921170.405345,0,0,0,0,26
1745921170.68744,0,0,0,0,8
1745921170.68744,0,0,0,0,8
1745921170.68744,0,0,0,0,8
1745921170.68744,0,0,0,0,8
1745921171.407543,0,0,0,0,21
1745921171.688091,0,0,0,0,7
1745921171.688091,0,0,0,0,7
1745921171.688091,0,0,0,0,7
1745921171.688091,0,0,0,0,7
1745921172.430701,0,0,1,0,17
1745921172.690201,0,0,0,0,4
1745921172.690201,0,0,0,0,4
1745921172.690201,0,0,0,0,4
1745921172.690201,0,0,0,0,4
1745921173.415419,0,0,0,0,19
1745921173.69024,0,0,0,0,19
1745921173.69024,0,0,0,0,19
1745921173.69024,0,0,0,0,19
1745921174.411033,0,0,2,0,18
1745921174.411033,0,0,2,0,18
1745921174.721837,0,0,0,0,11
1745921174.721837,0,0,0,0,11
1745921174.721837,0,0,0,0,11
1745921175.409791,0,0,0,0,24
1745921175.409791,0,0,0,0,24
1745921175.708204,0,0,0,0,10
1745921175.708204,0,0,0,0,10
1745921175.708204,0,0,0,0,10
1745921176.40988,0,0,0,0,10
1745921176.40988,0,0,0,0,10
1745921176.710715,0,0,0,0,8
1745921176.710715,0,0,0,0,8
1745921176.710715,0,0,0,0,8
1745921177.410484,0,0,0,0,13
1745921177.410484,0,0,0,0,13
1745921177.710705,0,0,0,0,14
1745921177.710705,0,0,0,0,14
1745921177.710705,0,0,0,0,14
1745921178.418663,0,0,0,0,29
1745921178.418663,0,0,0,0,29
1745921178.712118,0,0,0,0,4
1745921178.712118,0,0,0,0,4
1745921178.712118,0,0,0,0,4
1745921179.421656,0,0,1,0,17
1745921179.421656,0,0,1,0,17
1745921179.719747,0,0,0,0,10
1745921179.719747,0,0,0,0,10
1745921179.719747,0,0,0,0,10
1745921180.414656,0,0,1,0,23
1745921180.720689,0,0,0,0,8
1745921180.720689,0,0,0,0,8
1745921180.720689,0,0,0,0,8
1745921180.720689,0,0,0,0,8
1745921181.421497,0,0,0,0,14
1745921181.716685,0,0,0,0,9
1745921181.716685,0,0,0,0,9
1745921181.716685,0,0,0,0,9
1745921181.716685,0,0,0,0,9
1745921182.417951,0,0,0,0,12
1745921182.725746,0,0,0,0,18
1745921182.725746,0,0,0,0,18
1745921182.725746,0,0,0,0,18
1745921182.725746,0,0,0,0,18
1745921183.415846,0,0,0,0,15
1745921183.720435,0,0,0,0,10
1745921183.720435,0,0,0,0,10
1745921183.720435,0,0,0,0,10
1745921183.720435,0,0,0,0,10
1745921184.416537,0,0,1,0,31
1745921184.717522,0,0,0,0,15
1745921184.717522,0,0,0,0,15
1745921184.717522,0,0,0,0,15
1745921184.717522,0,0,0,0,15
1745921185.417451,0,0,0,1,22
1745921185.72241,0,0,0,0,14
1745921185.72241,0,0,0,0,14
1745921185.72241,0,0,0,0,14
1745921186.420953,0,0,1,0,29
1745921186.420953,0,0,1,0,29
1745921186.723019,0,0,0,0,6
1745921186.723019,0,0,0,0,6
1745921186.723019,0,0,0,0,6
1745921187.418089,0,0,0,0,18
1745921187.418089,0,0,0,0,18
1745921187.721501,0,0,0,0,6
1745921187.721501,0,0,0,0,6
1745921187.721501,0,0,0,0,6
1745921188.434072,0,0,0,0,20
1745921188.434072,0,0,0,0,20
1745921188.722805,0,0,2,0,7
1745921188.722805,0,0,2,0,7
1745921188.722805,0,0,2,0,7
1745921189.422539,0,0,0,0,24
1745921189.422539,0,0,0,0,24
1745921189.727131,0,0,1,0,15
1745921189.727131,0,0,1,0,15
1745921189.727131,0,0,1,0,15
1745921190.430611,0,0,1,0,21
1745921190.430611,0,0,1,0,21
1745921190.724138,0,0,0,0,6
1745921190.724138,0,0,0,0,6
1745921190.724138,0,0,0,0,6
1745921191.446046,0,0,0,0,13
1745921191.446046,0,0,0,0,13
1745921191.724255,0,0,0,0,9
1745921191.724255,0,0,0,0,9
1745921191.724255,0,0,0,0,9
1745921192.427085,0,0,0,1,25
1745921192.427085,0,0,0,1,25
1745921192.72809,0,0,0,0,3
1745921192.72809,0,0,0,0,3
1745921192.72809,0,0,0,0,3
1745921193.426768,0,0,1,0,21
1745921193.724789,0,0,0,1,8
1745921193.724789,0,0,0,1,8
1745921193.724789,0,0,0,1,8
1745921193.724789,0,0,0,1,8
1745921194.427001,0,0,0,0,22
1745921194.744009,0,0,0,0,6
1745921194.744009,0,0,0,0,6
1745921194.744009,0,0,0,0,6
1745921194.744009,0,0,0,0,6
1745921195.42946,0,0,0,0,30
1745921195.73623,0,0,0,0,15
1745921195.73623,0,0,0,0,15
1745921195.73623,0,0,0,0,15
1745921195.73623,0,0,0,0,15
1745921196.42633,0,0,1,1,24
1745921196.743319,0,0,1,1,4
1745921196.743319,0,0,1,1,4
1745921196.743319,0,0,1,1,4
1745921196.743319,0,0,1,1,4
1745921197.428017,0,0,1,1,29
1745921197.733185,0,0,0,1,11
1745921197.733185,0,0,0,1,11
1745921197.733185,0,0,0,1,11
1745921197.733185,0,0,0,1,11
1745921198.427829,0,0,0,0,17
1745921198.727466,0,0,1,0,5
1745921198.727466,0,0,1,0,5
1745921198.727466,0,0,1,0,5
1745921198.727466,0,0,1,0,5
1745921199.430397,0,0,1,2,18
1745921199.729084,0,0,0,0,7
1745921199.729084,0,0,0,0,7
1745921199.729084,0,0,0,0,7
1745921200.432394,0,0,0,0,14
1745921200.432394,0,0,0,0,14
1745921200.729486,0,0,0,1,7
1745921200.729486,0,0,0,1,7
1745921200.729486,0,0,0,1,7
1745921201.43554,0,0,0,0,23
1745921201.43554,0,0,0,0,23
1745921201.731888,0,0,0,1,13
1745921201.731888,0,0,0,1,13
1745921201.731888,0,0,0,1,13
1745921202.448653,0,0,0,0,20
1745921202.448653,0,0,0,0,20
1745921202.730394,0,0,0,0,11
1745921202.730394,0,0,0,0,11
1745921202.730394,0,0,0,0,11
1745921203.43781,0,0,1,0,13
1745921203.43781,0,0,1,0,13
1745921203.740438,0,0,0,0,9
1745921203.740438,0,0,0,0,9
1745921203.740438,0,0,0,0,9
1745921204.431102,0,0,0,1,13
1745921204.431102,0,0,0,1,13
1745921204.751101,0,0,0,0,6
1745921204.751101,0,0,0,0,6
1745921204.751101,0,0,0,0,6
1745921205.431859,0,0,0,0,16
1745921205.431859,0,0,0,0,16
1745921205.739906,0,0,0,0,6
1745921205.739906,0,0,0,0,6
1745921205.739906,0,0,0,0,6
1745921206.436354,0,0,0,0,9
1745921206.737011,0,0,0,0,17
1745921206.737011,0,0,0,0,17
1745921206.737011,0,0,0,0,17
1745921206.737011,0,0,0,0,17
1745921207.433093,0,0,0,0,16
1745921207.738516,0,0,0,0,15
1745921207.738516,0,0,0,0,15
1745921207.738516,0,0,0,0,15
1745921207.738516,0,0,0,0,15
1745921208.440119,0,0,0,0,11
1745921208.745061,0,0,0,0,6
1745921208.745061,0,0,0,0,6
1745921208.745061,0,0,0,0,6
1745921208.745061,0,0,0,0,6
1745921209.436758,0,0,0,0,22
1745921209.742432,0,0,0,0,7
1745921209.742432,0,0,0,0,7
1745921209.742432,0,0,0,0,7
1745921209.742432,0,0,0,0,7
1745921210.4423,0,0,0,0,21
1745921210.752571,0,0,0,0,12
1745921210.752571,0,0,0,0,12
1745921210.752571,0,0,0,0,12
1745921210.752571,0,0,0,0,12
1745921211.443721,0,0,1,0,25
1745921211.740389,0,0,0,0,8
1745921211.740389,0,0,0,0,8
1745921211.740389,0,0,0,0,8
1745921211.740389,0,0,0,0,8
1745921212.442128,0,0,0,0,12
1745921212.741648,0,0,1,0,7
1745921212.741648,0,0,1,0,7
1745921212.741648,0,0,1,0,7
1745921213.441754,0,0,0,0,17
1745921213.441754,0,0,0,0,17
1745921213.743804,0,0,0,0,10
1745921213.743804,0,0,0,0,10
1745921213.743804,0,0,0,0,10
1745921214.444336,0,0,0,0,30
1745921214.444336,0,0,0,0,30
1745921214.744073,0,0,0,0,10
1745921214.744073,0,0,0,0,10
1745921214.744073,0,0,0,0,10
1745921215.444463,0,0,1,0,30
1745921215.444463,0,0,1,0,30
1745921215.747936,0,0,0,0,10
1745921215.747936,0,0,0,0,10
1745921215.747936,0,0,0,0,10
1745921216.457849,0,0,0,0,15
1745921216.457849,0,0,0,0,15
1745921216.747782,0,0,0,1,3
1745921216.747782,0,0,0,1,3
1745921216.747782,0,0,0,1,3
1745921217.442591,0,0,0,0,27
1745921217.442591,0,0,0,0,27
1745921217.757018,0,0,0,0,20
1745921217.757018,0,0,0,0,20
1745921217.757018,0,0,0,0,20
1745921218.449652,0,0,0,1,12
1745921218.449652,0,0,0,1,12
1745921218.76143,0,0,0,0,18
1745921218.76143,0,0,0,0,18
1745921218.76143,0,0,0,0,18
1745921219.451961,0,0,0,0,16
1745921219.451961,0,0,0,0,16
1745921219.754838,0,0,0,0,8
1745921219.754838,0,0,0,0,8
1745921219.754838,0,0,0,0,8
1745921220.448102,0,0,1,0,21
1745921220.752722,0,0,0,1,2
1745921220.752722,0,0,0,1,2
1745921220.752722,0,0,0,1,2
1745921220.752722,0,0,0,1,2
1745921221.449386,0,0,0,0,17
1745921221.754602,0,0,0,0,6
1745921221.754602,0,0,0,0,6
1745921221.754602,0,0,0,0,6
1745921221.754602,0,0,0,0,6
1745921222.450428,0,0,0,0,19
1745921222.75381,0,0,0,0,11
1745921222.75381,0,0,0,0,11
1745921222.75381,0,0,0,0,11
1745921222.75381,0,0,0,0,11
1745921223.453842,0,0,1,0,17
1745921223.756415,0,0,0,0,8
1745921223.756415,0,0,0,0,8
1745921223.756415,0,0,0,0,8
1745921223.756415,0,0,0,0,8
1745921224.451367,0,0,1,1,17
1745921224.75798,0,0,0,1,16
1745921224.75798,0,0,0,1,16
1745921224.75798,0,0,0,1,16
1745921224.75798,0,0,0,1,16
1745921225.450297,0,0,1,0,23
1745921225.756463,0,0,0,0,3
1745921225.756463,0,0,0,0,3
1745921225.756463,0,0,0,0,3
1745921225.756463,0,0,0,0,3
1745921226.453872,0,0,0,1,15
1745921226.765249,0,0,0,0,5
1745921226.765249,0,0,0,0,5
1745921226.765249,0,0,0,0,5
1745921227.456671,0,0,1,0,14
1745921227.456671,0,0,1,0,14
1745921227.760109,0,0,0,0,22
1745921227.760109,0,0,0,0,22
1745921227.760109,0,0,0,0,22
1745921228.454862,0,0,0,0,21
1745921228.454862,0,0,0,0,21
1745921228.761651,0,0,0,0,20
1745921228.761651,0,0,0,0,20
1745921228.761651,0,0,0,0,20
1745921229.454231,0,0,0,0,20
1745921229.454231,0,0,0,0,20
1745921229.760481,0,0,1,0,11
1745921229.760481,0,0,1,0,11
1745921229.760481,0,0,1,0,11
1745921230.4565,0,0,0,0,11
1745921230.4565,0,0,0,0,11
1745921230.763443,0,0,0,0,9
1745921230.763443,0,0,0,0,9
1745921230.763443,0,0,0,0,9
1745921231.463118,0,0,2,0,27
1745921231.463118,0,0,2,0,27
1745921231.762117,0,0,0,0,6
1745921231.762117,0,0,0,0,6
1745921231.762117,0,0,0,0,6
1745921232.456328,0,0,2,0,16
1745921232.456328,0,0,2,0,16
1745921232.768217,0,0,1,0,7
1745921232.768217,0,0,1,0,7
1745921232.768217,0,0,1,0,7
1745921233.456537,0,0,0,0,20
1745921233.763689,0,0,0,1,2
1745921233.763689,0,0,0,1,2
1745921233.763689,0,0,0,1,2
1745921233.763689,0,0,0,1,2
1745921234.461494,0,0,1,0,13
1745921234.766208,0,0,1,0,15
1745921234.766208,0,0,1,0,15
1745921234.766208,0,0,1,0,15
1745921234.766208,0,0,1,0,15
1745921235.467293,0,0,0,0,25
1745921235.765582,0,0,0,0,10
1745921235.765582,0,0,0,0,10
1745921235.765582,0,0,0,0,10
1745921235.765582,0,0,0,0,10
1745921236.461438,0,0,2,0,14
1745921236.768965,0,0,0,0,2
1745921236.768965,0,0,0,0,2
1745921236.768965,0,0,0,0,2
1745921236.768965,0,0,0,0,2
1745921237.462093,0,0,0,1,22
1745921237.775574,0,0,0,0,6
1745921237.775574,0,0,0,0,6
1745921237.775574,0,0,0,0,6
1745921237.775574,0,0,0,0,6
1745921238.47162,0,0,1,1,21
1745921238.768402,0,0,0,0,3
1745921238.768402,0,0,0,0,3
1745921238.768402,0,0,0,0,3
1745921239.46588,0,0,0,0,18
1745921239.46588,0,0,0,0,18
1745921239.768072,0,0,0,0,6
1745921239.768072,0,0,0,0,6
1745921239.768072,0,0,0,0,6
1745921240.466757,0,0,0,0,14
1745921240.466757,0,0,0,0,14
1745921240.770345,0,0,1,0,15
1745921240.770345,0,0,1,0,15
1745921240.770345,0,0,1,0,15
1745921241.471731,0,0,0,0,25
1745921241.471731,0,0,0,0,25
1745921241.769162,0,0,0,0,14
1745921241.769162,0,0,0,0,14
1745921241.769162,0,0,0,0,14
1745921242.469159,0,0,0,0,26
1745921242.469159,0,0,0,0,26
1745921242.77306,0,0,1,0,8
1745921242.77306,0,0,1,0,8
1745921242.77306,0,0,1,0,8
1745921243.485789,0,0,1,0,18
1745921243.485789,0,0,1,0,18
1745921243.776504,0,0,0,0,11
1745921243.776504,0,0,0,0,11
1745921243.776504,0,0,0,0,11
1745921244.471209,0,0,0,1,27
1745921244.471209,0,0,0,1,27
1745921244.780703,0,0,0,0,16
1745921244.780703,0,0,0,0,16
1745921244.780703,0,0,0,0,16
1745921245.471935,0,0,0,0,29
1745921245.471935,0,0,0,0,29
1745921245.77494,0,0,2,0,9
1745921245.77494,0,0,2,0,9
1745921245.77494,0,0,2,0,9
1745921246.473545,0,0,0,0,24
1745921246.473545,0,0,0,0,24
1745921246.785639,0,0,0,0,3
1745921246.785639,0,0,0,0,3
1745921246.785639,0,0,0,0,3
1745921247.47114,0,0,1,0,25
1745921247.777006,0,0,0,0,4
1745921247.777006,0,0,0,0,4
1745921247.777006,0,0,0,0,4
1745921247.777006,0,0,0,0,4
1745921248.479289,0,0,0,0,16
1745921248.777279,0,0,0,0,19
1745921248.777279,0,0,0,0,19
1745921248.777279,0,0,0,0,19
1745921248.777279,0,0,0,0,19
1745921249.494465,0,0,0,1,12
1745921249.790236,0,0,1,0,8
1745921249.790236,0,0,1,0,8
1745921249.790236,0,0,1,0,8
1745921249.790236,0,0,1,0,8
1745921250.473477,0,0,1,0,19
1745921250.789123,0,0,0,0,12
1745921250.789123,0,0,0,0,12
1745921250.789123,0,0,0,0,12
1745921250.789123,0,0,0,0,12
1745921251.484047,0,0,0,0,25
1745921251.783858,0,0,0,0,6
1745921251.783858,0,0,0,0,6
1745921251.783858,0,0,0,0,6
1745921251.783858,0,0,0,0,6
1745921252.479312,0,0,0,0,13
1745921252.779709,0,0,0,0,8
1745921252.779709,0,0,0,0,8
1745921252.779709,0,0,0,0,8
1745921253.477149,0,0,1,0,29
1745921253.477149,0,0,1,0,29
1745921253.782599,0,0,1,0,9
1745921253.782599,0,0,1,0,9
1745921253.782599,0,0,1,0,9
1745921254.476048,0,0,0,0,26
1745921254.476048,0,0,0,0,26
1745921254.783144,0,0,1,0,5
1745921254.783144,0,0,1,0,5
1745921254.783144,0,0,1,0,5
1745921255.478199,0,0,1,0,18
1745921255.478199,0,0,1,0,18
1745921255.782502,0,0,0,0,4
1745921255.782502,0,0,0,0,4
1745921255.782502,0,0,0,0,4
1745921256.501656,0,0,0,1,28
1745921256.501656,0,0,0,1,28
1745921256.783624,0,0,1,0,8
1745921256.783624,0,0,1,0,8
1745921256.783624,0,0,1,0,8
1745921257.480778,0,0,0,0,15
1745921257.480778,0,0,0,0,15
1745921257.783459,0,0,0,0,11
1745921257.783459,0,0,0,0,11
1745921257.783459,0,0,0,0,11
1745921258.490283,0,0,1,0,18
1745921258.490283,0,0,1,0,18
1745921258.789961,0,0,0,0,8
1745921258.789961,0,0,0,0,8
1745921258.789961,0,0,0,0,8
1745921259.487989,0,0,0,2,13
1745921259.786784,0,0,0,0,6
1745921259.786784,0,0,0,0,6
1745921259.786784,0,0,0,0,6
1745921259.786784,0,0,0,0,6
1745921260.484899,0,0,1,0,30
1745921260.788182,0,0,0,0,7
1745921260.788182,0,0,0,0,7
1745921260.788182,0,0,0,0,7
1745921260.788182,0,0,0,0,7
1745921261.484777,0,0,0,1,16
1745921261.793121,0,0,0,0,11
1745921261.793121,0,0,0,0,11
1745921261.793121,0,0,0,0,11
1745921261.793121,0,0,0,0,11
1745921262.486402,0,0,0,0,18
1745921262.803518,0,0,0,0,1
1745921262.803518,0,0,0,0,1
1745921262.803518,0,0,0,0,1
1745921262.803518,0,0,0,0,1
1745921263.49059,0,0,0,0,25
1745921263.79728,0,0,0,0,5
1745921263.79728,0,0,0,0,5
1745921263.79728,0,0,0,0,5
1745921263.79728,0,0,0,0,5
1745921264.495926,0,0,0,0,28
1745921264.800011,0,0,0,0,5
1745921264.800011,0,0,0,0,5
1745921264.800011,0,0,0,0,5
1745921264.800011,0,0,0,0,5
1745921265.494721,0,0,0,0,29
1745921265.797916,0,0,0,0,3
1745921265.797916,0,0,0,0,3
1745921265.797916,0,0,0,0,3
1745921265.797916,0,0,0,0,3
1745921266.503831,0,0,0,0,23
1745921266.799203,0,0,0,0,4
1745921266.799203,0,0,0,0,4
1745921266.799203,0,0,0,0,4
1745921267.488656,0,0,0,0,21
1745921267.488656,0,0,0,0,21
1745921267.794493,0,0,0,0,13
1745921267.794493,0,0,0,0,13
1745921267.794493,0,0,0,0,13
1745921268.494044,0,0,0,0,26
1745921268.494044,0,0,0,0,26
1745921268.797539,0,0,0,0,10
1745921268.797539,0,0,0,0,10
1745921268.797539,0,0,0,0,10
1745921269.492219,0,0,0,0,11
1745921269.492219,0,0,0,0,11
1745921269.797886,0,0,0,0,11
1745921269.797886,0,0,0,0,11
1745921269.797886,0,0,0,0,11
1745921270.493814,0,0,1,0,24
1745921270.493814,0,0,1,0,24
1745921270.800281,0,0,0,0,4
1745921270.800281,0,0,0,0,4
1745921270.800281,0,0,0,0,4
1745921271.50999,0,0,0,0,17
1745921271.50999,0,0,0,0,17
1745921271.800212,0,0,1,0,3
1745921271.800212,0,0,1,0,3
1745921271.800212,0,0,1,0,3
1745921272.501009,0,0,0,0,25
1745921272.501009,0,0,0,0,25
1745921272.812734,0,0,0,0,11
1745921272.812734,0,0,0,0,11
1745921272.812734,0,0,0,0,11
1745921273.494741,0,0,1,1,30
1745921273.801756,0,0,1,0,18
1745921273.801756,0,0,1,0,18
1745921273.801756,0,0,1,0,18
1745921273.801756,0,0,1,0,18
1745921274.498764,0,0,1,0,18
1745921274.811931,0,0,1,1,8
1745921274.811931,0,0,1,1,8
1745921274.811931,0,0,1,1,8
1745921274.811931,0,0,1,1,8
1745921275.497819,0,0,0,0,27
1745921275.80964,0,0,0,0,13
1745921275.80964,0,0,0,0,13
1745921275.80964,0,0,0,0,13
1745921275.80964,0,0,0,0,13
1745921276.497788,0,0,0,0,18
1745921276.806337,0,0,0,1,5
1745921276.806337,0,0,0,1,5
1745921276.806337,0,0,0,1,5
1745921276.806337,0,0,0,1,5
1745921277.500508,0,0,0,0,18
1745921277.813123,0,0,0,0,6
1745921277.813123,0,0,0,0,6
1745921277.813123,0,0,0,0,6
1745921277.813123,0,0,0,0,6
1745921278.505083,0,0,0,1,19
1745921278.810248,0,0,0,0,15
1745921278.810248,0,0,0,0,15
1745921278.810248,0,0,0,0,15
1745921278.810248,0,0,0,0,15
1745921279.520208,0,0,0,0,22
1745921279.812585,0,0,0,0,17
1745921279.812585,0,0,0,0,17
1745921279.812585,0,0,0,0,17
1745921280.513161,0,0,0,0,14
1745921280.513161,0,0,0,0,14
1745921280.813165,0,0,0,0,8
1745921280.813165,0,0,0,0,8
1745921280.813165,0,0,0,0,8
1745921281.525893,0,0,1,0,27
1745921281.525893,0,0,1,0,27
1745921281.818036,0,0,0,0,3
1745921281.818036,0,0,0,0,3
1745921281.818036,0,0,0,0,3
1745921282.519576,0,0,0,0,15
1745921282.519576,0,0,0,0,15
1745921282.817259,0,0,1,0,9
1745921282.817259,0,0,1,0,9
1745921282.817259,0,0,1,0,9
1745921283.519594,0,0,0,0,16
1745921283.519594,0,0,0,0,16
1745921283.817386,0,0,0,0,5
1745921283.817386,0,0,0,0,5
1745921283.817386,0,0,0,0,5
1745921284.519017,0,0,1,1,24
1745921284.519017,0,0,1,1,24
1745921284.817521,0,0,0,0,13
1745921284.817521,0,0,0,0,13
1745921284.817521,0,0,0,0,13
1745921285.516681,0,0,0,1,20
1745921285.516681,0,0,0,1,20
1745921285.82389,0,0,0,0,4
1745921285.82389,0,0,0,0,4
1745921285.82389,0,0,0,0,4
1745921286.52275,0,0,0,0,24
1745921286.52275,0,0,0,0,24
1745921286.825069,0,0,1,0,9
1745921286.825069,0,0,1,0,9
1745921286.825069,0,0,1,0,9
1745921287.521539,0,0,1,1,21
1745921287.819567,0,0,0,0,14
1745921287.819567,0,0,0,0,14
1745921287.819567,0,0,0,0,14
1745921287.819567,0,0,0,0,14
1745921288.521351,0,0,0,0,20
1745921288.822357,0,0,0,0,11
1745921288.822357,0,0,0,0,11
1745921288.822357,0,0,0,0,11
1745921288.822357,0,0,0,0,11
1745921289.52202,0,0,0,0,29
1745921289.82406,0,0,0,0,13
1745921289.82406,0,0,0,0,13
1745921289.82406,0,0,0,0,13
1745921289.82406,0,0,0,0,13
1745921290.521955,0,0,0,2,11
1745921290.828011,0,0,1,0,15
1745921290.828011,0,0,1,0,15
1745921290.828011,0,0,1,0,15
1745921290.828011,0,0,1,0,15
1745921291.525591,0,0,0,0,19
1745921291.837366,0,0,0,0,6
1745921291.837366,0,0,0,0,6
1745921291.837366,0,0,0,0,6
1745921291.837366,0,0,0,0,6
1745921292.525556,0,0,0,0,27
1745921292.832772,0,0,1,0,6
1745921292.832772,0,0,1,0,6
1745921292.832772,0,0,1,0,6
1745921293.530329,0,0,0,0,18
1745921293.530329,0,0,0,0,18
1745921293.831035,0,0,0,0,9
1745921293.831035,0,0,0,0,9
1745921293.831035,0,0,0,0,9
1745921294.527461,0,0,1,0,20
1745921294.527461,0,0,1,0,20
1745921294.826142,0,0,0,0,9
1745921294.826142,0,0,0,0,9
1745921294.826142,0,0,0,0,9
1745921295.535397,0,0,0,1,14
1745921295.535397,0,0,0,1,14
1745921295.828189,0,0,0,0,8
1745921295.828189,0,0,0,0,8
1745921295.828189,0,0,0,0,8
1745921296.526364,0,0,0,0,16
1745921296.526364,0,0,0,0,16
1745921296.828485,0,0,0,0,8
1745921296.828485,0,0,0,0,8
1745921296.828485,0,0,0,0,8
1745921297.532426,0,0,0,0,15
1745921297.532426,0,0,0,0,15
1745921297.840492,0,0,0,0,10
1745921297.840492,0,0,0,0,10
1745921297.840492,0,0,0,0,10
1745921298.553201,0,0,0,0,21
1745921298.553201,0,0,0,0,21
1745921298.831937,0,0,0,0,8
1745921298.831937,0,0,0,0,8
1745921298.831937,0,0,0,0,8
1745921299.531267,0,0,1,0,30
1745921299.531267,0,0,1,0,30
1745921299.859,0,0,0,0,7
1745921299.859,0,0,0,0,7
1745921299.859,0,0,0,0,7
1745921300.530695,0,0,0,0,26
1745921300.834046,0,0,0,0,7
1745921300.834046,0,0,0,0,7
1745921300.834046,0,0,0,0,7
1745921300.834046,0,0,0,0,7
1745921301.534854,0,0,0,0,9
1745921301.838981,0,0,0,0,7
1745921301.838981,0,0,0,0,7
1745921301.838981,0,0,0,0,7
1745921301.838981,0,0,0,0,7
1745921302.540762,0,0,2,0,24
1745921302.836035,0,0,0,0,13
1745921302.836035,0,0,0,0,13
1745921302.836035,0,0,0,0,13
1745921302.836035,0,0,0,0,13
1745921303.537483,0,0,0,0,22
1745921303.845545,0,0,0,0,12
1745921303.845545,0,0,0,0,12
1745921303.845545,0,0,0,0,12
1745921303.845545,0,0,0,0,12
1745921304.53668,0,0,0,0,11
1745921304.842782,0,0,0,0,3
1745921304.842782,0,0,0,0,3
1745921304.842782,0,0,0,0,3
1745921304.842782,0,0,0,0,3
1745921305.536027,0,0,0,0,20
1745921305.842245,0,0,0,0,5
1745921305.842245,0,0,0,0,5
1745921305.842245,0,0,0,0,5
1745921305.842245,0,0,0,0,5
1745921306.538457,0,0,0,0,12
1745921306.847087,0,0,1,0,17
1745921306.847087,0,0,1,0,17
1745921306.847087,0,0,1,0,17
1745921307.537645,0,0,0,0,37
1745921307.537645,0,0,0,0,37
1745921307.843769,0,0,0,0,2
1745921307.843769,0,0,0,0,2
1745921307.843769,0,0,0,0,2
1745921308.539537,0,0,1,0,20
1745921308.539537,0,0,1,0,20
1745921308.852399,0,0,0,0,15
1745921308.852399,0,0,0,0,15
1745921308.852399,0,0,0,0,15
1745921309.542786,0,0,0,1,14
1745921309.542786,0,0,0,1,14
1745921309.844855,0,0,0,0,5
1745921309.844855,0,0,0,0,5
1745921309.844855,0,0,0,0,5
1745921310.540761,0,0,1,0,19
1745921310.540761,0,0,1,0,19
1745921310.846157,0,0,0,0,3
1745921310.846157,0,0,0,0,3
1745921310.846157,0,0,0,0,3
1745921311.542453,0,0,0,1,24
1745921311.542453,0,0,0,1,24
1745921311.854531,0,0,0,0,11
1745921311.854531,0,0,0,0,11
1745921311.854531,0,0,0,0,11
1745921312.550642,0,0,0,0,43
1745921312.550642,0,0,0,0,43
1745921312.846234,0,0,0,0,9
1745921312.846234,0,0,0,0,9
1745921312.846234,0,0,0,0,9
1745921313.54889,0,0,0,0,11
1745921313.54889,0,0,0,0,11
1745921313.859673,0,0,1,2,11
1745921313.859673,0,0,1,2,11
1745921313.859673,0,0,1,2,11
1745921314.553554,0,0,0,1,31
1745921314.869036,0,0,0,0,8
1745921314.869036,0,0,0,0,8
1745921314.869036,0,0,0,0,8
1745921314.869036,0,0,0,0,8
1745921315.551955,0,0,0,3,19
1745921315.851277,0,0,1,0,5
1745921315.851277,0,0,1,0,5
1745921315.851277,0,0,1,0,5
1745921315.851277,0,0,1,0,5
1745921316.548496,0,0,0,0,29
1745921316.853589,0,0,0,0,3
1745921316.853589,0,0,0,0,3
1745921316.853589,0,0,0,0,3
1745921316.853589,0,0,0,0,3
1745921317.548109,0,0,3,0,23
1745921317.851905,0,0,0,0,6
1745921317.851905,0,0,0,0,6
1745921317.851905,0,0,0,0,6
1745921317.851905,0,0,0,0,6
1745921318.552034,0,0,0,0,22
1745921318.855604,0,0,2,0,15
1745921318.855604,0,0,2,0,15
1745921318.855604,0,0,2,0,15
1745921318.855604,0,0,2,0,15
1745921319.555622,0,0,0,0,21
1745921319.854021,0,0,0,0,8
1745921319.854021,0,0,0,0,8
1745921319.854021,0,0,0,0,8
1745921319.854021,0,0,0,0,8
1745921320.557251,0,0,0,0,27
1745921320.866489,0,0,0,0,11
1745921320.866489,0,0,0,0,11
1745921320.866489,0,0,0,0,11
1745921321.554194,0,0,0,0,20
1745921321.554194,0,0,0,0,20
1745921321.862096,0,0,1,0,7
1745921321.862096,0,0,1,0,7
1745921321.862096,0,0,1,0,7
1745921322.553371,0,0,0,0,17
1745921322.553371,0,0,0,0,17
1745921322.866324,0,0,0,0,14
1745921322.866324,0,0,0,0,14
1745921322.866324,0,0,0,0,14
1745921323.573638,0,0,1,0,25
1745921323.573638,0,0,1,0,25
1745921323.862597,0,0,0,0,6
1745921323.862597,0,0,0,0,6
1745921323.862597,0,0,0,0,6
1745921324.560107,0,0,1,0,20
1745921324.560107,0,0,1,0,20
1745921324.862146,0,0,0,0,11
1745921324.862146,0,0,0,0,11
1745921324.862146,0,0,0,0,11
1745921325.561648,0,0,0,0,20
1745921325.561648,0,0,0,0,20
1745921325.863112,0,0,2,0,9
1745921325.863112,0,0,2,0,9
1745921325.863112,0,0,2,0,9
1745921326.568102,0,0,1,1,29
1745921326.568102,0,0,1,1,29
1745921326.867123,0,0,0,0,16
1745921326.867123,0,0,0,0,16
1745921326.867123,0,0,0,0,16
1745921327.564204,0,0,0,0,24
1745921327.564204,0,0,0,0,24
1745921327.87375,0,0,0,0,0
1745921327.87375,0,0,0,0,0
1745921327.87375,0,0,0,0,0
1745921328.564174,0,0,0,0,18
1745921328.865947,0,0,0,0,13
1745921328.865947,0,0,0,0,13
1745921328.865947,0,0,0,0,13
1745921328.865947,0,0,0,0,13
1745921329.561777,0,0,0,1,23
1745921329.870139,0,0,0,0,15
1745921329.870139,0,0,0,0,15
1745921329.870139,0,0,0,0,15
1745921329.870139,0,0,0,0,15
1745921330.56068,0,0,0,1,27
1745921330.868136,0,0,0,0,13
1745921330.868136,0,0,0,0,13
1745921330.868136,0,0,0,0,13
1745921330.868136,0,0,0,0,13
1745921331.563969,0,0,0,0,21
1745921331.872885,0,0,0,0,7
1745921331.872885,0,0,0,0,7
1745921331.872885,0,0,0,0,7
1745921331.872885,0,0,0,0,7
1745921332.585332,0,0,0,0,21
1745921332.891324,0,0,1,0,8
1745921332.891324,0,0,1,0,8
1745921332.891324,0,0,1,0,8
1745921332.891324,0,0,1,0,8
1745921333.573083,0,0,0,0,25
1745921333.875461,0,0,0,0,1
1745921333.875461,0,0,0,0,1
1745921333.875461,0,0,0,0,1
1745921333.875461,0,0,0,0,1
1745921334.57308,0,0,1,0,19
1745921334.871457,0,0,0,0,8
1745921334.871457,0,0,0,0,8
1745921334.871457,0,0,0,0,8
1745921334.871457,0,0,0,0,8
1745921335.582601,0,0,0,0,21
1745921335.875094,0,0,0,0,23
1745921335.875094,0,0,0,0,23
1745921335.875094,0,0,0,0,23
1745921336.574465,0,0,2,0,18
1745921336.574465,0,0,2,0,18
1745921336.87505,0,0,0,0,4
1745921336.87505,0,0,0,0,4
1745921336.87505,0,0,0,0,4
1745921337.577428,0,0,1,1,32
1745921337.577428,0,0,1,1,32
1745921337.87437,0,0,0,0,9
1745921337.87437,0,0,0,0,9
1745921337.87437,0,0,0,0,9
1745921338.579697,0,0,0,0,20
1745921338.579697,0,0,0,0,20
1745921338.874464,0,0,0,0,10
1745921338.874464,0,0,0,0,10
1745921338.874464,0,0,0,0,10
1745921339.578878,0,0,1,0,17
1745921339.578878,0,0,1,0,17
1745921339.874866,0,0,0,0,9
1745921339.874866,0,0,0,0,9
1745921339.874866,0,0,0,0,9
1745921340.58045,0,0,1,0,28
1745921340.58045,0,0,1,0,28
1745921340.894011,0,0,0,0,3
1745921340.894011,0,0,0,0,3
1745921340.894011,0,0,0,0,3
1745921341.58372,0,0,0,0,29
1745921341.58372,0,0,0,0,29
1745921341.885518,0,0,1,0,15
1745921341.885518,0,0,1,0,15
1745921341.885518,0,0,1,0,15
1745921342.580415,0,0,0,0,20
1745921342.879944,0,0,1,0,11
1745921342.879944,0,0,1,0,11
1745921342.879944,0,0,1,0,11
1745921342.879944,0,0,1,0,11
1745921343.586078,0,0,0,0,25
1745921343.879543,0,0,0,0,8
1745921343.879543,0,0,0,0,8
1745921343.879543,0,0,0,0,8
1745921343.879543,0,0,0,0,8
1745921344.588985,0,0,0,0,16
1745921344.878559,0,0,0,0,6
1745921344.878559,0,0,0,0,6
1745921344.878559,0,0,0,0,6
1745921344.878559,0,0,0,0,6
1745921345.583742,0,0,0,0,10
1745921345.882973,0,0,0,0,9
1745921345.882973,0,0,0,0,9
1745921345.882973,0,0,0,0,9
1745921345.882973,0,0,0,0,9
1745921346.589987,0,0,1,0,33
1745921346.888097,0,0,0,0,23
1745921346.888097,0,0,0,0,23
1745921346.888097,0,0,0,0,23
1745921346.888097,0,0,0,0,23
1745921347.58776,0,0,0,0,16
1745921347.887428,0,0,0,0,5
1745921347.887428,0,0,0,0,5
1745921347.887428,0,0,0,0,5
1745921347.887428,0,0,0,0,5
1745921348.587631,0,0,1,0,10
1745921348.88836,0,0,0,0,6
1745921348.88836,0,0,0,0,6
1745921348.88836,0,0,0,0,6
1745921348.88836,0,0,0,0,6
1745921349.598794,0,0,1,1,18
1745921349.886014,0,0,1,0,12
1745921349.886014,0,0,1,0,12
1745921349.886014,0,0,1,0,12
1745921350.59662,0,0,1,0,21
1745921350.59662,0,0,1,0,21
1745921350.885947,0,0,0,0,10
1745921350.885947,0,0,0,0,10
1745921350.885947,0,0,0,0,10
1745921351.599945,0,0,0,0,17
1745921351.599945,0,0,0,0,17
1745921351.883525,0,0,0,0,6
1745921351.883525,0,0,0,0,6
1745921351.883525,0,0,0,0,6
1745921352.618771,0,0,0,0,22
1745921352.618771,0,0,0,0,22
1745921352.884084,0,0,0,0,5
1745921352.884084,0,0,0,0,5
1745921352.884084,0,0,0,0,5
1745921353.602938,0,0,1,1,21
1745921353.602938,0,0,1,1,21
1745921353.888171,0,0,1,0,1
1745921353.888171,0,0,1,0,1
1745921353.888171,0,0,1,0,1
1745921354.603705,0,0,0,0,16
1745921354.603705,0,0,0,0,16
1745921354.886945,0,0,0,0,6
1745921354.886945,0,0,0,0,6
1745921354.886945,0,0,0,0,6
1745921355.612108,0,0,0,0,17
1745921355.612108,0,0,0,0,17
1745921355.890339,0,0,0,0,8
1745921355.890339,0,0,0,0,8
1745921355.890339,0,0,0,0,8
1745921356.602114,0,0,0,0,14
1745921356.895962,0,0,0,0,1
1745921356.895962,0,0,0,0,1
1745921356.895962,0,0,0,0,1
1745921356.895962,0,0,0,0,1
1745921357.612889,0,0,1,0,28
1745921357.895583,0,0,0,0,17
1745921357.895583,0,0,0,0,17
1745921357.895583,0,0,0,0,17
1745921357.895583,0,0,0,0,17
1745921358.606029,0,0,0,0,15
1745921358.906752,0,0,0,0,13
1745921358.906752,0,0,0,0,13
1745921358.906752,0,0,0,0,13
1745921358.906752,0,0,0,0,13
1745921359.629659,0,0,0,1,26
1745921359.906939,0,0,2,0,5
1745921359.906939,0,0,2,0,5
1745921359.906939,0,0,2,0,5
1745921359.906939,0,0,2,0,5
1745921360.603804,0,0,0,0,20
1745921360.910387,0,0,0,0,5
1745921360.910387,0,0,0,0,5
1745921360.910387,0,0,0,0,5
1745921360.910387,0,0,0,0,5
1745921361.611823,0,0,0,0,22
1745921361.909571,0,0,0,0,10
1745921361.909571,0,0,0,0,10
1745921361.909571,0,0,0,0,10
1745921361.909571,0,0,0,0,10
1745921362.616968,0,0,0,0,25
1745921362.913354,0,0,0,0,8
1745921362.913354,0,0,0,0,8
1745921362.913354,0,0,0,0,8
1745921363.61233,0,0,0,0,20
1745921363.61233,0,0,0,0,20
1745921363.908938,0,0,0,0,3
1745921363.908938,0,0,0,0,3
1745921363.908938,0,0,0,0,3
1745921364.624534,0,0,0,0,14
1745921364.624534,0,0,0,0,14
1745921364.916648,0,0,1,0,4
1745921364.916648,0,0,1,0,4
1745921364.916648,0,0,1,0,4
1745921365.609273,0,0,0,0,12
1745921365.609273,0,0,0,0,12
1745921365.920849,0,0,0,0,10
1745921365.920849,0,0,0,0,10
1745921365.920849,0,0,0,0,10
1745921366.607601,0,0,1,0,30
1745921366.607601,0,0,1,0,30
1745921366.920118,0,0,0,0,5
1745921366.920118,0,0,0,0,5
1745921366.920118,0,0,0,0,5
1745921367.617639,0,0,0,0,16
1745921367.617639,0,0,0,0,16
1745921367.921803,0,0,0,0,6
1745921367.921803,0,0,0,0,6
1745921367.921803,0,0,0,0,6
1745921368.617036,0,0,0,0,17
1745921368.617036,0,0,0,0,17
1745921368.926196,0,0,1,0,12
1745921368.926196,0,0,1,0,12
1745921368.926196,0,0,1,0,12
1745921369.615681,0,0,1,1,16
1745921369.615681,0,0,1,1,16
1745921369.923317,0,0,0,0,12
1745921369.923317,0,0,0,0,12
1745921369.923317,0,0,0,0,12
1745921370.618285,0,0,0,0,19
1745921370.924534,0,0,0,0,10
1745921370.924534,0,0,0,0,10
1745921370.924534,0,0,0,0,10
1745921370.924534,0,0,0,0,10
1745921371.629928,0,0,0,0,16
1745921371.929971,0,0,1,0,11
1745921371.929971,0,0,1,0,11
1745921371.929971,0,0,1,0,11
1745921371.929971,0,0,1,0,11
1745921372.61438,0,0,1,1,13
1745921372.935835,0,0,0,0,5
1745921372.935835,0,0,0,0,5
1745921372.935835,0,0,0,0,5
1745921372.935835,0,0,0,0,5
1745921373.612904,0,0,0,0,19
1745921373.926433,0,0,0,0,2
1745921373.926433,0,0,0,0,2
1745921373.926433,0,0,0,0,2
1745921373.926433,0,0,0,0,2
1745921374.619779,0,0,0,1,14
1745921374.928421,0,0,0,0,3
1745921374.928421,0,0,0,0,3
1745921374.928421,0,0,0,0,3
1745921374.928421,0,0,0,0,3
1745921375.625459,0,0,0,0,23
1745921375.936011,0,0,1,0,11
1745921375.936011,0,0,1,0,11
1745921375.936011,0,0,1,0,11
1745921376.622768,0,0,0,0,16
1745921376.622768,0,0,0,0,16
1745921376.930665,0,0,1,0,15
1745921376.930665,0,0,1,0,15
1745921376.930665,0,0,1,0,15
1745921377.631548,0,0,0,0,19
1745921377.631548,0,0,0,0,19
1745921377.927548,0,0,0,0,7
1745921377.927548,0,0,0,0,7
1745921377.927548,0,0,0,0,7
1745921378.618952,0,0,0,0,18
1745921378.618952,0,0,0,0,18
1745921378.945387,0,0,0,1,8
1745921378.945387,0,0,0,1,8
1745921378.945387,0,0,0,1,8
1745921379.619637,0,0,4,0,17
1745921379.619637,0,0,4,0,17
1745921379.932154,0,0,0,0,8
1745921379.932154,0,0,0,0,8
1745921379.932154,0,0,0,0,8
1745921380.623399,0,0,0,0,22
1745921380.623399,0,0,0,0,22
1745921380.939471,0,0,0,0,16
1745921380.939471,0,0,0,0,16
1745921380.939471,0,0,0,0,16
1745921381.620354,0,0,0,0,20
1745921381.620354,0,0,0,0,20
1745921381.935938,0,0,0,0,8
1745921381.935938,0,0,0,0,8
1745921381.935938,0,0,0,0,8
1745921382.625007,0,0,0,0,19
1745921382.625007,0,0,0,0,19
1745921382.94316,0,0,1,0,7
1745921382.94316,0,0,1,0,7
1745921382.94316,0,0,1,0,7
1745921383.622064,0,0,1,0,25
1745921383.622064,0,0,1,0,25
1745921383.951245,0,0,0,0,5
1745921383.951245,0,0,0,0,5
1745921383.951245,0,0,0,0,5
1745921384.644472,0,0,0,0,11
1745921384.949439,0,0,0,1,11
1745921384.949439,0,0,0,1,11
1745921384.949439,0,0,0,1,11
1745921384.949439,0,0,0,1,11
1745921385.626013,0,0,0,0,24
1745921385.94493,0,0,0,0,17
1745921385.94493,0,0,0,0,17
1745921385.94493,0,0,0,0,17
1745921385.94493,0,0,0,0,17
1745921386.625747,0,0,0,0,34
1745921386.950556,0,0,0,0,12
1745921386.950556,0,0,0,0,12
1745921386.950556,0,0,0,0,12
1745921386.950556,0,0,0,0,12
1745921387.628349,0,0,0,0,22
1745921387.947531,0,0,0,0,5
1745921387.947531,0,0,0,0,5
1745921387.947531,0,0,0,0,5
1745921387.947531,0,0,0,0,5
1745921388.625151,0,0,0,0,22
1745921388.954899,0,0,0,0,3
1745921388.954899,0,0,0,0,3
1745921388.954899,0,0,0,0,3
1745921388.954899,0,0,0,0,3
1745921389.633571,0,0,0,0,19
1745921389.94909,0,0,0,0,16
1745921389.94909,0,0,0,0,16
1745921389.94909,0,0,0,0,16
1745921390.639692,0,0,1,0,16
1745921390.639692,0,0,1,0,16
1745921390.947874,0,0,0,0,10
1745921390.947874,0,0,0,0,10
1745921390.947874,0,0,0,0,10
1745921391.654658,0,0,0,1,12
1745921391.654658,0,0,0,1,12
1745921391.949029,0,0,0,0,11
1745921391.949029,0,0,0,0,11
1745921391.949029,0,0,0,0,11
1745921392.642913,0,0,1,0,8
1745921392.642913,0,0,1,0,8
1745921392.945651,0,0,0,0,16
1745921392.945651,0,0,0,0,16
1745921392.945651,0,0,0,0,16
1745921393.643784,0,0,0,0,11
1745921393.643784,0,0,0,0,11
1745921393.947664,0,0,0,0,18
1745921393.947664,0,0,0,0,18
1745921393.947664,0,0,0,0,18
1745921394.650929,0,0,0,1,27
1745921394.650929,0,0,0,1,27
1745921394.978195,0,0,0,0,14
1745921394.978195,0,0,0,0,14
1745921394.978195,0,0,0,0,14
1745921395.644938,0,0,0,0,14
1745921395.644938,0,0,0,0,14
1745921395.956898,0,0,0,0,12
1745921395.956898,0,0,0,0,12
1745921395.956898,0,0,0,0,12
1745921396.644469,0,0,0,1,28
1745921396.951505,0,0,0,0,9
1745921396.951505,0,0,0,0,9
1745921396.951505,0,0,0,0,9
1745921396.951505,0,0,0,0,9
1745921397.653425,0,0,1,1,41
1745921397.956415,0,0,0,0,11
1745921397.956415,0,0,0,0,11
1745921397.956415,0,0,0,0,11
1745921397.956415,0,0,0,0,11
1745921398.646603,0,0,0,1,17
1745921398.954092,0,0,0,0,18
1745921398.954092,0,0,0,0,18
1745921398.954092,0,0,0,0,18
1745921398.954092,0,0,0,0,18
1745921399.647785,0,0,2,0,11
1745921399.954239,0,0,0,0,10
1745921399.954239,0,0,0,0,10
1745921399.954239,0,0,0,0,10
1745921399.954239,0,0,0,0,10
1745921400.649773,0,0,0,0,16
1745921400.975313,0,0,0,0,15
1745921400.975313,0,0,0,0,15
1745921400.975313,0,0,0,0,15
1745921400.975313,0,0,0,0,15
1745921401.649694,0,0,1,1,16
1745921401.960205,0,0,0,0,7
1745921401.960205,0,0,0,0,7
1745921401.960205,0,0,0,0,7
1745921401.960205,0,0,0,0,7
1745921402.653654,0,0,0,0,25
1745921402.962345,0,0,0,0,11
1745921402.962345,0,0,0,0,11
1745921402.962345,0,0,0,0,11
1745921402.962345,0,0,0,0,11
1745921403.654442,0,0,0,0,21
1745921403.959336,0,0,0,0,4
1745921403.959336,0,0,0,0,4
1745921403.959336,0,0,0,0,4
1745921404.65732,0,0,0,1,16
1745921404.65732,0,0,0,1,16
1745921404.961882,0,0,0,0,4
1745921404.961882,0,0,0,0,4
1745921404.961882,0,0,0,0,4
1745921405.674017,0,0,1,0,28
1745921405.674017,0,0,1,0,28
1745921405.973801,0,0,0,0,12
1745921405.973801,0,0,0,0,12
1745921405.973801,0,0,0,0,12
1745921406.653105,0,0,0,0,8
1745921406.653105,0,0,0,0,8
1745921406.963489,0,0,0,1,9
1745921406.963489,0,0,0,1,9
1745921406.963489,0,0,0,1,9
1745921407.65462,0,0,0,0,24
1745921407.65462,0,0,0,0,24
1745921407.963791,0,0,0,0,7
1745921407.963791,0,0,0,0,7
1745921407.963791,0,0,0,0,7
1745921408.655137,0,0,0,1,13
1745921408.655137,0,0,0,1,13
1745921408.965372,0,0,1,0,14
1745921408.965372,0,0,1,0,14
1745921408.965372,0,0,1,0,14
1745921409.657199,0,0,0,0,21
1745921409.657199,0,0,0,0,21
1745921409.978186,0,0,0,0,7
1745921409.978186,0,0,0,0,7
1745921409.978186,0,0,0,0,7
1745921410.661426,0,0,0,0,28
1745921410.661426,0,0,0,0,28
1745921410.976156,0,0,0,0,12
1745921410.976156,0,0,0,0,12
1745921410.976156,0,0,0,0,12
1745921411.664478,0,0,2,0,20
1745921411.977708,0,0,0,1,4
1745921411.977708,0,0,0,1,4
1745921411.977708,0,0,0,1,4
1745921411.977708,0,0,0,1,4
1745921412.667903,0,0,0,0,17
1745921412.997526,0,0,0,0,6
1745921412.997526,0,0,0,0,6
1745921412.997526,0,0,0,0,6
1745921412.997526,0,0,0,0,6
1745921413.659182,0,0,1,0,15
1745921413.983146,0,0,0,0,5
1745921413.983146,0,0,0,0,5
1745921413.983146,0,0,0,0,5
1745921413.983146,0,0,0,0,5
1745921414.660562,0,0,0,0,12
1745921414.974965,0,0,0,0,11
1745921414.974965,0,0,0,0,11
1745921414.974965,0,0,0,0,11
1745921414.974965,0,0,0,0,11
1745921415.658707,0,0,2,0,19
1745921415.97908,0,0,1,0,10
1745921415.97908,0,0,1,0,10
1745921415.97908,0,0,1,0,10
1745921415.97908,0,0,1,0,10
1745921416.672206,0,0,0,0,9
1745921416.97717,0,0,0,0,11
1745921416.97717,0,0,0,0,11
1745921416.97717,0,0,0,0,11
1745921417.672211,0,0,1,0,25
1745921417.672211,0,0,1,0,25
1745921417.984507,0,0,0,0,16
1745921417.984507,0,0,0,0,16
1745921417.984507,0,0,0,0,16
1745921418.666666,0,0,0,0,16
1745921418.666666,0,0,0,0,16
1745921418.977319,0,0,0,0,5
1745921418.977319,0,0,0,0,5
1745921418.977319,0,0,0,0,5
1745921419.666217,0,0,0,0,27
1745921419.666217,0,0,0,0,27
1745921419.990187,0,0,0,0,11
1745921419.990187,0,0,0,0,11
1745921419.990187,0,0,0,0,11
1745921420.667672,0,0,0,0,17
1745921420.667672,0,0,0,0,17
1745921420.981618,0,0,0,0,12
1745921420.981618,0,0,0,0,12
1745921420.981618,0,0,0,0,12
1745921421.675444,0,0,0,0,22
1745921421.675444,0,0,0,0,22
1745921421.990828,0,0,0,0,11
1745921421.990828,0,0,0,0,11
1745921421.990828,0,0,0,0,11
1745921422.669168,0,0,0,0,15
1745921422.669168,0,0,0,0,15
1745921422.989131,0,0,0,0,10
1745921422.989131,0,0,0,0,10
1745921422.989131,0,0,0,0,10
1745921423.681611,0,0,0,0,23
1745921423.681611,0,0,0,0,23
1745921423.986402,0,0,0,0,10
1745921423.986402,0,0,0,0,10
1745921423.986402,0,0,0,0,10
1745921424.669875,0,0,0,0,18
1745921424.669875,0,0,0,0,18
1745921425.01114,0,0,0,0,9
1745921425.01114,0,0,0,0,9
1745921425.01114,0,0,0,0,9
1745921425.681614,0,0,0,0,18
1745921425.681614,0,0,0,0,18
1745921426.009326,0,0,0,0,8
1745921426.009326,0,0,0,0,8
1745921426.009326,0,0,0,0,8
1745921426.668918,0,0,0,0,13
1745921427.003977,0,0,1,0,13
1745921427.003977,0,0,1,0,13
1745921427.003977,0,0,1,0,13
1745921427.003977,0,0,1,0,13
1745921427.669175,0,0,0,0,23
1745921428.007896,0,0,0,0,9
1745921428.007896,0,0,0,0,9
1745921428.007896,0,0,0,0,9
1745921428.007896,0,0,0,0,9
1745921428.670842,0,0,0,0,15
1745921428.998424,0,0,0,0,5
1745921428.998424,0,0,0,0,5
1745921428.998424,0,0,0,0,5
1745921428.998424,0,0,0,0,5
1745921429.679917,0,0,0,1,29
1745921430.004055,0,0,0,0,23
1745921430.004055,0,0,0,0,23
1745921430.004055,0,0,0,0,23
1745921430.004055,0,0,0,0,23
1745921430.675827,0,0,1,0,21
1745921431.012178,0,0,0,0,11
1745921431.012178,0,0,0,0,11
1745921431.012178,0,0,0,0,11
1745921431.674484,0,0,0,0,13
1745921431.674484,0,0,0,0,13
1745921432.002569,0,0,0,0,17
1745921432.002569,0,0,0,0,17
1745921432.002569,0,0,0,0,17
1745921432.677424,0,0,1,0,31
1745921432.677424,0,0,1,0,31
1745921432.998563,0,0,0,0,14
1745921432.998563,0,0,0,0,14
1745921432.998563,0,0,0,0,14
1745921433.681498,0,0,0,0,20
1745921433.681498,0,0,0,0,20
1745921434.004708,0,0,0,0,11
1745921434.004708,0,0,0,0,11
1745921434.004708,0,0,0,0,11
1745921434.676985,0,0,1,0,20
1745921434.676985,0,0,1,0,20
1745921435.0022,0,0,0,0,14
1745921435.0022,0,0,0,0,14
1745921435.0022,0,0,0,0,14
1745921435.679041,0,0,1,0,23
1745921435.679041,0,0,1,0,23
1745921436.003311,0,0,0,0,4
1745921436.003311,0,0,0,0,4
1745921436.003311,0,0,0,0,4
1745921436.684299,0,0,0,0,23
1745921436.684299,0,0,0,0,23
1745921437.003786,0,0,0,0,14
1745921437.003786,0,0,0,0,14
1745921437.003786,0,0,0,0,14
1745921437.686094,0,0,0,0,14
1745921437.686094,0,0,0,0,14
1745921438.00729,0,0,0,0,3
1745921438.00729,0,0,0,0,3
1745921438.00729,0,0,0,0,3
1745921438.684604,0,0,0,0,14
1745921438.684604,0,0,0,0,14
1745921439.011194,0,0,0,0,10
1745921439.011194,0,0,0,0,10
1745921439.011194,0,0,0,0,10
1745921439.683423,0,0,0,1,18
1745921440.006696,0,0,0,0,13
1745921440.006696,0,0,0,0,13
1745921440.006696,0,0,0,0,13
1745921440.006696,0,0,0,0,13
1745921440.68378,0,0,0,0,16
1745921441.016012,0,0,0,0,7
1745921441.016012,0,0,0,0,7
1745921441.016012,0,0,0,0,7
1745921441.016012,0,0,0,0,7
1745921441.685684,0,0,0,0,23
1745921442.008969,0,0,0,0,12
1745921442.008969,0,0,0,0,12
1745921442.008969,0,0,0,0,12
1745921442.008969,0,0,0,0,12
1745921442.683976,0,0,1,0,17
1745921443.023506,0,0,0,0,8
1745921443.023506,0,0,0,0,8
1745921443.023506,0,0,0,0,8
1745921443.023506,0,0,0,0,8
1745921443.692465,0,0,0,0,25
1745921444.011698,0,0,0,0,8
1745921444.011698,0,0,0,0,8
1745921444.011698,0,0,0,0,8
1745921444.011698,0,0,0,0,8
1745921444.693085,0,0,0,1,24
1745921445.011763,0,0,0,0,10
1745921445.011763,0,0,0,0,10
1745921445.011763,0,0,0,0,10
1745921445.695751,0,0,1,0,16
1745921445.695751,0,0,1,0,16
1745921446.013374,0,0,0,0,2
1745921446.013374,0,0,0,0,2
1745921446.013374,0,0,0,0,2
1745921446.69908,0,0,1,0,13
1745921446.69908,0,0,1,0,13
1745921447.01737,0,0,0,0,10
1745921447.01737,0,0,0,0,10
1745921447.01737,0,0,0,0,10
1745921447.698805,0,0,2,0,17
1745921447.698805,0,0,2,0,17
1745921448.023018,0,0,0,0,8
1745921448.023018,0,0,0,0,8
1745921448.023018,0,0,0,0,8
1745921448.695922,0,0,0,0,16
1745921448.695922,0,0,0,0,16
1745921449.016423,0,0,0,1,14
1745921449.016423,0,0,0,1,14
1745921449.016423,0,0,0,1,14
1745921449.703611,0,0,0,0,19
1745921449.703611,0,0,0,0,19
1745921450.026465,0,0,0,0,9
1745921450.026465,0,0,0,0,9
1745921450.026465,0,0,0,0,9
1745921450.694461,0,0,0,0,25
1745921450.694461,0,0,0,0,25
1745921451.017472,0,0,0,0,9
1745921451.017472,0,0,0,0,9
1745921451.017472,0,0,0,0,9
1745921451.693952,0,0,0,0,8
1745921451.693952,0,0,0,0,8
1745921452.025709,0,0,1,0,11
1745921452.025709,0,0,1,0,11
1745921452.025709,0,0,1,0,11
1745921452.703521,0,0,0,0,26
1745921453.020191,0,0,0,0,7
1745921453.020191,0,0,0,0,7
1745921453.020191,0,0,0,0,7
1745921453.020191,0,0,0,0,7
1745921453.699726,0,0,0,0,13
1745921454.023926,0,0,0,1,9
1745921454.023926,0,0,0,1,9
1745921454.023926,0,0,0,1,9
1745921454.023926,0,0,0,1,9
1745921454.702445,0,0,0,0,22
1745921455.026954,0,0,0,0,9
1745921455.026954,0,0,0,0,9
1745921455.026954,0,0,0,0,9
1745921455.026954,0,0,0,0,9
1745921455.702762,0,0,1,0,15
1745921456.024031,0,0,1,0,17
1745921456.024031,0,0,1,0,17
1745921456.024031,0,0,1,0,17
1745921456.024031,0,0,1,0,17
1745921456.702691,0,0,0,0,20
1745921457.025306,0,0,0,0,10
1745921457.025306,0,0,0,0,10
1745921457.025306,0,0,0,0,10
1745921457.025306,0,0,0,0,10
1745921457.70048,0,0,1,0,17
1745921458.032652,0,0,2,0,9
1745921458.032652,0,0,2,0,9
1745921458.032652,0,0,2,0,9
1745921458.701194,0,0,0,0,31
1745921458.701194,0,0,0,0,31
1745921459.023332,0,0,1,0,11
1745921459.023332,0,0,1,0,11
1745921459.023332,0,0,1,0,11
1745921459.705192,0,0,0,0,28
1745921459.705192,0,0,0,0,28
1745921460.02371,0,0,0,1,12
1745921460.02371,0,0,0,1,12
1745921460.02371,0,0,0,1,12
1745921460.722837,0,0,0,0,21
1745921460.722837,0,0,0,0,21
1745921461.025101,0,0,1,0,3
1745921461.025101,0,0,1,0,3
1745921461.025101,0,0,1,0,3
1745921461.707125,0,0,0,0,32
1745921461.707125,0,0,0,0,32
1745921462.026103,0,0,0,0,9
1745921462.026103,0,0,0,0,9
1745921462.026103,0,0,0,0,9
1745921462.706303,0,0,0,1,22
1745921462.706303,0,0,0,1,22
1745921463.041674,0,0,0,1,5
1745921463.041674,0,0,0,1,5
1745921463.041674,0,0,0,1,5
1745921463.70812,0,0,0,0,8
1745921463.70812,0,0,0,0,8
1745921464.038231,0,0,0,0,3
1745921464.038231,0,0,0,0,3
1745921464.038231,0,0,0,0,3
1745921464.714707,0,0,1,0,22
1745921465.031972,0,0,0,0,5
1745921465.031972,0,0,0,0,5
1745921465.031972,0,0,0,0,5
1745921465.031972,0,0,0,0,5
1745921465.710442,0,0,0,1,28
1745921466.034006,0,0,0,0,11
1745921466.034006,0,0,0,0,11
1745921466.034006,0,0,0,0,11
1745921466.034006,0,0,0,0,11
1745921466.708922,0,0,0,0,25
1745921467.038822,0,0,0,0,4
1745921467.038822,0,0,0,0,4
1745921467.038822,0,0,0,0,4
1745921467.038822,0,0,0,0,4
1745921467.715834,0,0,0,0,19
1745921468.038955,0,0,0,0,6
1745921468.038955,0,0,0,0,6
1745921468.038955,0,0,0,0,6
1745921468.038955,0,0,0,0,6
1745921468.716556,0,0,2,0,27
1745921469.040803,0,0,0,0,4
1745921469.040803,0,0,0,0,4
1745921469.040803,0,0,0,0,4
1745921469.040803,0,0,0,0,4
1745921469.735822,0,0,0,0,29
1745921470.047998,0,0,0,0,2
1745921470.047998,0,0,0,0,2
1745921470.047998,0,0,0,0,2
1745921470.719353,0,0,1,1,13
1745921470.719353,0,0,1,1,13
1745921471.043663,0,0,0,0,8
1745921471.043663,0,0,0,0,8
1745921471.043663,0,0,0,0,8
1745921471.717179,0,0,0,0,22
1745921471.717179,0,0,0,0,22
1745921472.041757,0,0,0,0,3
1745921472.041757,0,0,0,0,3
1745921472.041757,0,0,0,0,3
1745921472.717624,0,0,1,0,15
1745921472.717624,0,0,1,0,15
1745921473.038968,0,0,1,0,15
1745921473.038968,0,0,1,0,15
1745921473.038968,0,0,1,0,15
1745921473.720315,0,0,0,0,33
1745921473.720315,0,0,0,0,33
1745921474.042999,0,0,0,0,2
1745921474.042999,0,0,0,0,2
1745921474.042999,0,0,0,0,2
1745921474.72108,0,0,0,0,23
1745921474.72108,0,0,0,0,23
1745921475.041377,0,0,2,0,10
1745921475.041377,0,0,2,0,10
1745921475.041377,0,0,2,0,10
1745921475.72821,0,0,1,0,19
1745921475.72821,0,0,1,0,19
1745921476.04334,0,0,0,0,13
1745921476.04334,0,0,0,0,13
1745921476.04334,0,0,0,0,13
1745921476.723688,0,0,0,0,19
1745921476.723688,0,0,0,0,19
1745921477.046902,0,0,0,0,10
1745921477.046902,0,0,0,0,10
1745921477.046902,0,0,0,0,10
1745921477.722057,0,0,2,1,26
1745921478.04745,0,0,1,0,10
1745921478.04745,0,0,1,0,10
1745921478.04745,0,0,1,0,10
1745921478.04745,0,0,1,0,10
1745921478.727162,0,0,0,0,18
1745921479.048684,0,0,1,0,7
1745921479.048684,0,0,1,0,7
1745921479.048684,0,0,1,0,7
1745921479.048684,0,0,1,0,7
1745921479.721818,0,0,0,0,10
1745921480.055312,0,0,1,0,8
1745921480.055312,0,0,1,0,8
1745921480.055312,0,0,1,0,8
1745921480.055312,0,0,1,0,8
1745921480.725037,0,0,0,0,25
1745921481.055268,0,0,0,0,10
1745921481.055268,0,0,0,0,10
1745921481.055268,0,0,0,0,10
1745921481.055268,0,0,0,0,10
1745921481.727036,0,0,0,1,19
1745921482.051214,0,0,0,0,8
1745921482.051214,0,0,0,0,8
1745921482.051214,0,0,0,0,8
1745921482.051214,0,0,0,0,8
1745921482.738005,0,0,0,0,19
1745921483.048851,0,0,0,0,10
1745921483.048851,0,0,0,0,10
1745921483.048851,0,0,0,0,10
1745921483.048851,0,0,0,0,10
1745921483.735063,0,0,0,0,18
1745921484.053347,0,0,1,0,12
1745921484.053347,0,0,1,0,12
1745921484.053347,0,0,1,0,12
1745921484.729919,0,0,0,0,13
1745921484.729919,0,0,0,0,13
1745921485.057616,0,0,0,0,10
1745921485.057616,0,0,0,0,10
1745921485.057616,0,0,0,0,10
1745921485.737652,0,0,0,0,19
1745921485.737652,0,0,0,0,19
1745921486.053086,0,0,0,0,5
1745921486.053086,0,0,0,0,5
1745921486.053086,0,0,0,0,5
1745921486.734915,0,0,0,0,20
1745921486.734915,0,0,0,0,20
1745921487.055005,0,0,0,1,7
1745921487.055005,0,0,0,1,7
1745921487.055005,0,0,0,1,7
1745921487.73332,0,0,0,1,23
1745921487.73332,0,0,0,1,23
1745921488.054065,0,0,0,0,7
1745921488.054065,0,0,0,0,7
1745921488.054065,0,0,0,0,7
1745921488.731852,0,0,0,0,18
1745921488.731852,0,0,0,0,18
1745921489.054208,0,0,0,0,10
1745921489.054208,0,0,0,0,10
1745921489.054208,0,0,0,0,10
1745921489.744767,0,0,0,1,26
1745921489.744767,0,0,0,1,26
1745921490.058361,0,0,0,2,11
1745921490.058361,0,0,0,2,11
1745921490.058361,0,0,0,2,11
1745921490.756518,0,0,0,0,28
1745921490.756518,0,0,0,0,28
1745921491.056604,0,0,0,0,7
1745921491.056604,0,0,0,0,7
1745921491.056604,0,0,0,0,7
1745921491.737833,0,0,0,0,31
1745921491.737833,0,0,0,0,31
1745921492.072472,0,0,0,0,12
1745921492.072472,0,0,0,0,12
1745921492.072472,0,0,0,0,12
1745921492.738776,0,0,0,1,23
1745921493.061378,0,0,0,0,20
1745921493.061378,0,0,0,0,20
1745921493.061378,0,0,0,0,20
1745921493.061378,0,0,0,0,20
1745921493.742356,0,0,2,0,26
1745921494.061299,0,0,0,0,14
1745921494.061299,0,0,0,0,14
1745921494.061299,0,0,0,0,14
1745921494.061299,0,0,0,0,14
1745921494.743084,0,0,1,0,20
1745921495.061056,0,0,0,0,15
1745921495.061056,0,0,0,0,15
1745921495.061056,0,0,0,0,15
1745921495.061056,0,0,0,0,15
1745921495.740901,0,0,0,0,18
1745921496.066136,0,0,0,0,13
1745921496.066136,0,0,0,0,13
1745921496.066136,0,0,0,0,13
1745921496.066136,0,0,0,0,13
1745921496.750601,0,0,1,0,23
1745921497.068085,0,0,1,0,11
1745921497.068085,0,0,1,0,11
1745921497.068085,0,0,1,0,11
1745921497.068085,0,0,1,0,11
1745921497.75894,0,0,1,1,25
1745921498.065102,0,0,0,0,14
1745921498.065102,0,0,0,0,14
1745921498.065102,0,0,0,0,14
1745921498.752052,0,0,0,0,25
1745921498.752052,0,0,0,0,25
1745921499.067435,0,0,0,0,8
1745921499.067435,0,0,0,0,8
1745921499.067435,0,0,0,0,8
1745921499.750324,0,0,0,2,16
1745921499.750324,0,0,0,2,16
1745921500.068051,0,0,1,0,9
1745921500.068051,0,0,1,0,9
1745921500.068051,0,0,1,0,9
1745921500.754378,0,0,1,1,14
1745921500.754378,0,0,1,1,14
1745921501.071272,0,0,2,0,4
1745921501.071272,0,0,2,0,4
1745921501.071272,0,0,2,0,4
1745921501.769175,0,0,1,0,28
1745921501.769175,0,0,1,0,28
1745921502.067496,0,0,0,0,18
1745921502.067496,0,0,0,0,18
1745921502.067496,0,0,0,0,18
1745921502.756656,0,0,0,0,22
1745921502.756656,0,0,0,0,22
1745921503.073232,0,0,0,0,10
1745921503.073232,0,0,0,0,10
1745921503.073232,0,0,0,0,10
1745921503.751586,0,0,2,1,28
1745921503.751586,0,0,2,1,28
1745921504.069097,0,0,0,0,5
1745921504.069097,0,0,0,0,5
1745921504.069097,0,0,0,0,5
1745921504.765712,0,0,0,0,11
1745921504.765712,0,0,0,0,11
1745921505.086038,0,0,0,0,22
1745921505.086038,0,0,0,0,22
1745921505.086038,0,0,0,0,22
1745921505.761043,0,0,2,0,30
1745921506.069439,0,0,0,0,11
1745921506.069439,0,0,0,0,11
1745921506.069439,0,0,0,0,11
1745921506.069439,0,0,0,0,11
1745921506.756444,0,0,0,0,25
1745921507.07263,0,0,0,0,8
1745921507.07263,0,0,0,0,8
1745921507.07263,0,0,0,0,8
1745921507.07263,0,0,0,0,8
1745921507.764011,0,0,0,1,13
1745921508.078663,0,0,0,0,14
1745921508.078663,0,0,0,0,14
1745921508.078663,0,0,0,0,14
1745921508.078663,0,0,0,0,14
1745921508.762262,0,0,1,1,19
1745921509.073938,0,0,0,0,5
1745921509.073938,0,0,0,0,5
1745921509.073938,0,0,0,0,5
1745921509.073938,0,0,0,0,5
1745921509.765722,0,0,0,0,19
1745921510.078863,0,0,0,0,8
1745921510.078863,0,0,0,0,8
1745921510.078863,0,0,0,0,8
1745921510.078863,0,0,0,0,8
1745921510.780068,0,0,1,1,19
1745921511.085632,0,0,0,0,10
1745921511.085632,0,0,0,0,10
1745921511.085632,0,0,0,0,10
1745921511.085632,0,0,0,0,10
1745921511.768542,0,0,0,0,20
1745921512.077294,0,0,0,0,11
1745921512.077294,0,0,0,0,11
1745921512.077294,0,0,0,0,11
1745921512.767057,0,0,2,0,14
1745921512.767057,0,0,2,0,14
1745921513.077115,0,0,0,0,11
1745921513.077115,0,0,0,0,11
1745921513.077115,0,0,0,0,11
1745921513.775052,0,0,0,0,16
1745921513.775052,0,0,0,0,16
1745921514.086086,0,0,0,0,14
1745921514.086086,0,0,0,0,14
1745921514.086086,0,0,0,0,14
1745921514.774888,0,0,0,0,24
1745921514.774888,0,0,0,0,24
1745921515.078225,0,0,0,1,10
1745921515.078225,0,0,0,1,10
1745921515.078225,0,0,0,1,10
1745921515.76725,0,0,1,0,15
1745921515.76725,0,0,1,0,15
1745921516.07908,0,0,0,0,4
1745921516.07908,0,0,0,0,4
1745921516.07908,0,0,0,0,4
1745921516.779247,0,0,1,0,9
1745921516.779247,0,0,1,0,9
1745921517.08005,0,0,0,0,5
1745921517.08005,0,0,0,0,5
1745921517.08005,0,0,0,0,5
1745921517.790778,0,0,0,0,11
1745921517.790778,0,0,0,0,11
1745921518.085619,0,0,0,0,13
1745921518.085619,0,0,0,0,13
1745921518.085619,0,0,0,0,13
1745921518.769323,0,0,1,0,24
1745921518.769323,0,0,1,0,24
1745921519.088842,0,0,0,1,19
1745921519.088842,0,0,0,1,19
1745921519.088842,0,0,0,1,19
1745921519.777656,0,0,0,0,19
1745921520.085112,0,0,0,0,16
1745921520.085112,0,0,0,0,16
1745921520.085112,0,0,0,0,16
1745921520.085112,0,0,0,0,16
1745921520.772591,0,0,0,2,15
1745921521.084399,0,0,1,0,10
1745921521.084399,0,0,1,0,10
1745921521.084399,0,0,1,0,10
1745921521.084399,0,0,1,0,10
1745921521.773073,0,0,0,0,21
1745921522.086666,0,0,0,1,18
1745921522.086666,0,0,0,1,18
1745921522.086666,0,0,0,1,18
1745921522.086666,0,0,0,1,18
1745921522.774765,0,0,0,1,34
1745921523.088394,0,0,0,0,13
1745921523.088394,0,0,0,0,13
1745921523.088394,0,0,0,0,13
1745921523.088394,0,0,0,0,13
1745921523.802967,0,0,0,0,7
1745921524.099045,0,0,0,0,14
1745921524.099045,0,0,0,0,14
1745921524.099045,0,0,0,0,14
1745921524.099045,0,0,0,0,14
1745921524.792269,0,0,0,0,25
1745921525.097458,0,0,0,0,15
1745921525.097458,0,0,0,0,15
1745921525.097458,0,0,0,0,15
1745921525.097458,0,0,0,0,15
1745921525.782665,0,0,2,0,17
1745921526.093042,0,0,0,0,13
1745921526.093042,0,0,0,0,13
1745921526.093042,0,0,0,0,13
1745921526.77968,0,0,0,0,23
1745921526.77968,0,0,0,0,23
1745921527.091674,0,0,0,0,11
1745921527.091674,0,0,0,0,11
1745921527.091674,0,0,0,0,11
1745921527.784272,0,0,0,0,13
1745921527.784272,0,0,0,0,13
1745921528.100025,0,0,0,0,3
1745921528.100025,0,0,0,0,3
1745921528.100025,0,0,0,0,3
1745921528.786128,0,0,1,0,21
1745921528.786128,0,0,1,0,21
1745921529.094822,0,0,0,0,6
1745921529.094822,0,0,0,0,6
1745921529.094822,0,0,0,0,6
1745921529.796028,0,0,0,0,21
1745921529.796028,0,0,0,0,21
1745921530.100969,0,0,0,0,6
1745921530.100969,0,0,0,0,6
1745921530.100969,0,0,0,0,6
1745921530.789854,0,0,0,0,9
1745921530.789854,0,0,0,0,9
1745921531.100053,0,0,0,0,7
1745921531.100053,0,0,0,0,7
1745921531.100053,0,0,0,0,7
1745921531.790219,0,0,0,0,18
1745921531.790219,0,0,0,0,18
1745921532.101952,0,0,0,0,3
1745921532.101952,0,0,0,0,3
1745921532.101952,0,0,0,0,3
1745921532.789567,0,0,0,0,24
1745921532.789567,0,0,0,0,24
1745921533.10533,0,0,0,0,11
1745921533.10533,0,0,0,0,11
1745921533.10533,0,0,0,0,11
1745921533.788755,0,0,0,1,13
1745921534.106812,0,0,0,0,14
1745921534.106812,0,0,0,0,14
1745921534.106812,0,0,0,0,14
1745921534.106812,0,0,0,0,14
1745921534.791859,0,0,0,0,15
1745921535.121288,0,0,0,0,16
1745921535.121288,0,0,0,0,16
1745921535.121288,0,0,0,0,16
1745921535.121288,0,0,0,0,16
1745921535.797972,0,0,1,0,23
1745921536.115122,0,0,0,1,8
1745921536.115122,0,0,0,1,8
1745921536.115122,0,0,0,1,8
1745921536.115122,0,0,0,1,8
1745921536.808321,0,0,1,1,15
1745921537.102744,0,0,0,0,5
1745921537.102744,0,0,0,0,5
1745921537.102744,0,0,0,0,5
1745921537.102744,0,0,0,0,5
1745921537.794213,0,0,1,0,18
1745921538.11109,0,0,0,0,16
1745921538.11109,0,0,0,0,16
1745921538.11109,0,0,0,0,16
1745921538.11109,0,0,0,0,16
1745921538.7971,0,0,1,0,17
1745921539.102785,0,0,0,0,3
1745921539.102785,0,0,0,0,3
1745921539.102785,0,0,0,0,3
1745921539.102785,0,0,0,0,3
1745921539.80943,0,0,0,0,16
1745921540.108262,0,0,1,2,7
1745921540.108262,0,0,1,2,7
1745921540.108262,0,0,1,2,7
1745921540.797503,0,0,0,0,20
1745921540.797503,0,0,0,0,20
1745921541.108868,0,0,0,0,5
1745921541.108868,0,0,0,0,5
1745921541.108868,0,0,0,0,5
1745921541.799605,0,0,1,0,31
1745921541.799605,0,0,1,0,31
1745921542.108388,0,0,0,0,5
1745921542.108388,0,0,0,0,5
1745921542.108388,0,0,0,0,5
1745921542.80167,0,0,0,0,21
1745921542.80167,0,0,0,0,21
1745921543.107136,0,0,0,0,11
1745921543.107136,0,0,0,0,11
1745921543.107136,0,0,0,0,11
1745921543.804038,0,0,0,0,30
1745921543.804038,0,0,0,0,30
1745921544.104764,0,0,0,0,12
1745921544.104764,0,0,0,0,12
1745921544.104764,0,0,0,0,12
1745921544.816194,0,0,0,0,24
1745921544.816194,0,0,0,0,24
1745921545.109507,0,0,0,0,8
1745921545.109507,0,0,0,0,8
1745921545.109507,0,0,0,0,8
1745921545.810171,0,0,1,0,33
1745921545.810171,0,0,1,0,33
1745921546.111801,0,0,0,0,6
1745921546.111801,0,0,0,0,6
1745921546.111801,0,0,0,0,6
1745921546.801106,0,0,2,1,31
1745921547.108037,0,0,0,0,7
1745921547.108037,0,0,0,0,7
1745921547.108037,0,0,0,0,7
1745921547.108037,0,0,0,0,7
1745921547.806942,0,0,1,0,17
1745921548.110478,0,0,0,0,14
1745921548.110478,0,0,0,0,14
1745921548.110478,0,0,0,0,14
1745921548.110478,0,0,0,0,14
1745921548.80183,0,0,1,0,23
1745921549.111268,0,0,0,0,4
1745921549.111268,0,0,0,0,4
1745921549.111268,0,0,0,0,4
1745921549.111268,0,0,0,0,4
1745921549.826862,0,0,1,0,18
1745921550.11798,0,0,0,0,8
1745921550.11798,0,0,0,0,8
1745921550.11798,0,0,0,0,8
1745921550.11798,0,0,0,0,8
1745921550.815073,0,0,0,0,20
1745921551.114476,0,0,0,0,13
1745921551.114476,0,0,0,0,13
1745921551.114476,0,0,0,0,13
1745921551.804879,0,0,0,0,11
1745921551.804879,0,0,0,0,11
1745921552.110807,0,0,0,0,5
1745921552.110807,0,0,0,0,5
1745921552.110807,0,0,0,0,5
1745921552.809815,0,0,1,0,20
1745921552.809815,0,0,1,0,20
1745921553.122881,0,0,0,1,13
1745921553.122881,0,0,0,1,13
1745921553.122881,0,0,0,1,13
1745921553.807402,0,0,0,0,25
1745921553.807402,0,0,0,0,25
1745921554.114116,0,0,1,0,12
1745921554.114116,0,0,1,0,12
1745921554.114116,0,0,1,0,12
1745921554.815956,0,0,0,1,20
1745921554.815956,0,0,0,1,20
1745921555.115585,0,0,0,0,7
1745921555.115585,0,0,0,0,7
1745921555.115585,0,0,0,0,7
1745921555.814195,0,0,0,0,22
1745921555.814195,0,0,0,0,22
1745921556.116197,0,0,0,0,6
1745921556.116197,0,0,0,0,6
1745921556.116197,0,0,0,0,6
1745921556.843229,0,0,1,1,22
1745921556.843229,0,0,1,1,22
1745921557.127658,0,0,0,0,16
1745921557.127658,0,0,0,0,16
1745921557.127658,0,0,0,0,16
1745921557.833292,0,0,0,0,13
1745921557.833292,0,0,0,0,13
1745921558.126278,0,0,0,0,2
1745921558.126278,0,0,0,0,2
1745921558.126278,0,0,0,0,2
1745921558.81231,0,0,0,1,25
1745921558.81231,0,0,0,1,25
1745921559.143253,0,0,0,0,10
1745921559.143253,0,0,0,0,10
1745921559.143253,0,0,0,0,10
1745921559.825035,0,0,0,1,23
1745921560.128164,0,0,0,0,4
1745921560.128164,0,0,0,0,4
1745921560.128164,0,0,0,0,4
1745921560.128164,0,0,0,0,4
1745921560.813159,0,0,0,0,21
1745921561.125155,0,0,0,0,8
1745921561.125155,0,0,0,0,8
1745921561.125155,0,0,0,0,8
1745921561.125155,0,0,0,0,8
1745921561.822116,0,0,1,0,24
1745921562.129723,0,0,0,0,6
1745921562.129723,0,0,0,0,6
1745921562.129723,0,0,0,0,6
1745921562.129723,0,0,0,0,6
1745921562.81846,0,0,1,0,17
1745921563.127524,0,0,1,0,8
1745921563.127524,0,0,1,0,8
1745921563.127524,0,0,1,0,8
1745921563.127524,0,0,1,0,8
1745921563.838792,0,0,0,0,19
1745921564.128101,0,0,1,0,3
1745921564.128101,0,0,1,0,3
1745921564.128101,0,0,1,0,3
1745921564.128101,0,0,1,0,3
1745921564.81813,0,0,0,0,22
1745921565.127472,0,0,0,0,14
1745921565.127472,0,0,0,0,14
1745921565.127472,0,0,0,0,14
1745921565.82412,0,0,0,0,36
1745921565.82412,0,0,0,0,36
1745921566.156378,0,0,1,1,7
1745921566.156378,0,0,1,1,7
1745921566.156378,0,0,1,1,7
1745921566.822901,0,0,1,0,16
1745921566.822901,0,0,1,0,16
1745921567.133095,0,0,0,0,11
1745921567.133095,0,0,0,0,11
1745921567.133095,0,0,0,0,11
1745921567.826485,0,0,0,0,25
1745921567.826485,0,0,0,0,25
1745921568.13335,0,0,0,0,7
1745921568.13335,0,0,0,0,7
1745921568.13335,0,0,0,0,7
1745921568.825119,0,0,1,0,19
1745921568.825119,0,0,1,0,19
1745921569.136433,0,0,0,0,18
1745921569.136433,0,0,0,0,18
1745921569.136433,0,0,0,0,18
1745921569.827064,0,0,0,0,14
1745921569.827064,0,0,0,0,14
1745921570.137764,0,0,0,0,5
1745921570.137764,0,0,0,0,5
1745921570.137764,0,0,0,0,5
1745921570.846233,0,0,0,0,19
1745921570.846233,0,0,0,0,19
1745921571.134942,0,0,0,1,9
1745921571.134942,0,0,0,1,9
1745921571.134942,0,0,0,1,9
1745921571.832203,0,0,1,0,25
1745921571.832203,0,0,1,0,25
1745921572.15332,0,0,1,0,6
1745921572.15332,0,0,1,0,6
1745921572.15332,0,0,1,0,6
1745921572.831209,0,0,0,0,32
1745921572.831209,0,0,0,0,32
1745921573.139676,0,0,0,0,7
1745921573.139676,0,0,0,0,7
1745921573.139676,0,0,0,0,7
1745921573.831831,0,0,0,0,21
1745921574.135991,0,0,0,0,14
1745921574.135991,0,0,0,0,14
1745921574.135991,0,0,0,0,14
1745921574.135991,0,0,0,0,14
1745921574.831957,0,0,0,0,24
1745921575.138931,0,0,0,1,16
1745921575.138931,0,0,0,1,16
1745921575.138931,0,0,0,1,16
1745921575.138931,0,0,0,1,16
1745921575.831674,0,0,0,0,36
1745921576.143333,0,0,0,0,6
1745921576.143333,0,0,0,0,6
1745921576.143333,0,0,0,0,6
1745921576.143333,0,0,0,0,6
1745921576.836061,0,0,0,0,20
1745921577.143136,0,0,1,0,5
1745921577.143136,0,0,1,0,5
1745921577.143136,0,0,1,0,5
1745921577.143136,0,0,1,0,5
1745921577.8443,0,0,0,0,24
1745921578.146675,0,0,0,0,2
1745921578.146675,0,0,0,0,2
1745921578.146675,0,0,0,0,2
1745921578.146675,0,0,0,0,2
1745921578.835324,0,0,0,0,13
1745921579.167935,0,0,0,0,15
1745921579.167935,0,0,0,0,15
1745921579.167935,0,0,0,0,15
1745921579.839274,0,0,0,0,24
1745921579.839274,0,0,0,0,24
1745921580.146899,0,0,0,0,11
1745921580.146899,0,0,0,0,11
1745921580.146899,0,0,0,0,11
1745921580.839886,0,0,1,0,13
1745921580.839886,0,0,1,0,13
1745921581.148061,0,0,0,0,8
1745921581.148061,0,0,0,0,8
1745921581.148061,0,0,0,0,8
1745921581.835961,0,0,1,0,19
1745921581.835961,0,0,1,0,19
1745921582.145134,0,0,0,0,7
1745921582.145134,0,0,0,0,7
1745921582.145134,0,0,0,0,7
1745921582.836285,0,0,1,0,19
1745921582.836285,0,0,1,0,19
1745921583.145843,0,0,0,1,8
1745921583.145843,0,0,0,1,8
1745921583.145843,0,0,0,1,8
1745921583.838988,0,0,0,0,18
1745921583.838988,0,0,0,0,18
1745921584.147164,0,0,0,0,13
1745921584.147164,0,0,0,0,13
1745921584.147164,0,0,0,0,13
1745921584.841307,0,0,1,0,13
1745921584.841307,0,0,1,0,13
1745921585.146998,0,0,0,0,7
1745921585.146998,0,0,0,0,7
1745921585.146998,0,0,0,0,7
1745921585.839023,0,0,0,0,43
1745921585.839023,0,0,0,0,43
1745921586.151048,0,0,1,0,6
1745921586.151048,0,0,1,0,6
1745921586.151048,0,0,1,0,6
1745921586.841133,0,0,0,0,20
1745921587.150304,0,0,0,0,17
1745921587.150304,0,0,0,0,17
1745921587.150304,0,0,0,0,17
1745921587.150304,0,0,0,0,17
1745921587.84245,0,0,0,0,29
1745921588.149628,0,0,0,0,11
1745921588.149628,0,0,0,0,11
1745921588.149628,0,0,0,0,11
1745921588.149628,0,0,0,0,11
1745921588.84375,0,0,1,0,17
1745921589.15096,0,0,0,1,5
1745921589.15096,0,0,0,1,5
1745921589.15096,0,0,0,1,5
1745921589.15096,0,0,0,1,5
1745921589.846229,0,0,1,0,26
1745921590.151966,0,0,0,0,5
1745921590.151966,0,0,0,0,5
1745921590.151966,0,0,0,0,5
1745921590.151966,0,0,0,0,5
1745921590.84976,0,0,0,0,20
1745921591.15459,0,0,0,0,4
1745921591.15459,0,0,0,0,4
1745921591.15459,0,0,0,0,4
1745921591.15459,0,0,0,0,4
1745921591.850373,0,0,0,2,7
1745921592.155432,0,0,0,0,4
1745921592.155432,0,0,0,0,4
1745921592.155432,0,0,0,0,4
1745921592.155432,0,0,0,0,4
1745921592.851535,0,0,0,0,29
1745921593.161535,0,0,0,0,3
1745921593.161535,0,0,0,0,3
1745921593.161535,0,0,0,0,3
1745921593.849588,0,0,0,0,26
1745921593.849588,0,0,0,0,26
1745921594.167019,0,0,0,0,9
1745921594.167019,0,0,0,0,9
1745921594.167019,0,0,0,0,9
1745921594.855838,0,0,0,0,23
1745921594.855838,0,0,0,0,23
1745921595.163561,0,0,0,0,5
1745921595.163561,0,0,0,0,5
1745921595.163561,0,0,0,0,5
1745921595.857306,0,0,1,2,23
1745921595.857306,0,0,1,2,23
1745921596.158034,0,0,0,0,15
1745921596.158034,0,0,0,0,15
1745921596.158034,0,0,0,0,15
1745921596.865438,0,0,1,0,14
1745921596.865438,0,0,1,0,14
1745921597.159967,0,0,0,1,9
1745921597.159967,0,0,0,1,9
1745921597.159967,0,0,0,1,9
1745921597.858036,0,0,0,0,26
1745921597.858036,0,0,0,0,26
1745921598.165616,0,0,0,0,6
1745921598.165616,0,0,0,0,6
1745921598.165616,0,0,0,0,6
1745921598.863803,0,0,1,1,12
1745921598.863803,0,0,1,1,12
1745921599.164272,0,0,0,0,7
1745921599.164272,0,0,0,0,7
1745921599.164272,0,0,0,0,7
1745921599.858839,0,0,0,0,28
1745921600.172302,0,0,0,0,5
1745921600.172302,0,0,0,0,5
1745921600.172302,0,0,0,0,5
1745921600.172302,0,0,0,0,5
1745921600.857243,0,0,0,0,41
1745921601.167391,0,0,0,0,7
1745921601.167391,0,0,0,0,7
1745921601.167391,0,0,0,0,7
1745921601.167391,0,0,0,0,7
1745921601.856977,0,0,0,0,37
1745921602.169465,0,0,0,0,7
1745921602.169465,0,0,0,0,7
1745921602.169465,0,0,0,0,7
1745921602.169465,0,0,0,0,7
1745921602.857854,0,0,0,1,23
1745921603.16891,0,0,0,0,5
1745921603.16891,0,0,0,0,5
1745921603.16891,0,0,0,0,5
1745921603.16891,0,0,0,0,5
1745921603.87063,0,0,0,0,20
1745921604.169351,0,0,0,1,12
1745921604.169351,0,0,0,1,12
1745921604.169351,0,0,0,1,12
1745921604.169351,0,0,0,1,12
1745921604.864956,0,0,2,1,15
1745921605.16666,0,0,0,0,10
1745921605.16666,0,0,0,0,10
1745921605.16666,0,0,0,0,10
1745921605.16666,0,0,0,0,10
1745921605.864859,0,0,0,0,24
1745921606.170759,0,0,0,0,10
1745921606.170759,0,0,0,0,10
1745921606.170759,0,0,0,0,10
1745921606.170759,0,0,0,0,10
1745921606.87891,0,0,0,0,16
1745921607.17536,0,0,0,0,14
1745921607.17536,0,0,0,0,14
1745921607.17536,0,0,0,0,14
1745921607.865894,0,0,1,1,17
1745921607.865894,0,0,1,1,17
1745921608.17608,0,0,0,0,16
1745921608.17608,0,0,0,0,16
1745921608.17608,0,0,0,0,16
1745921608.867974,0,0,1,0,18
1745921608.867974,0,0,1,0,18
1745921609.174418,0,0,0,0,6
1745921609.174418,0,0,0,0,6
1745921609.174418,0,0,0,0,6
1745921609.872274,0,0,1,1,15
1745921609.872274,0,0,1,1,15
1745921610.174172,0,0,0,0,8
1745921610.174172,0,0,0,0,8
1745921610.174172,0,0,0,0,8
1745921610.878471,0,0,1,0,28
1745921610.878471,0,0,1,0,28
1745921611.174039,0,0,0,0,11
1745921611.174039,0,0,0,0,11
1745921611.174039,0,0,0,0,11
1745921611.88195,0,0,1,0,28
1745921611.88195,0,0,1,0,28
1745921612.187689,0,0,1,0,5
1745921612.187689,0,0,1,0,5
1745921612.187689,0,0,1,0,5
1745921612.879117,0,0,0,0,15
1745921612.879117,0,0,0,0,15
1745921613.187502,0,0,1,0,8
1745921613.187502,0,0,1,0,8
1745921613.187502,0,0,1,0,8
1745921613.870618,0,0,0,0,28
1745921613.870618,0,0,0,0,28
1745921614.206864,0,0,1,0,13
1745921614.206864,0,0,1,0,13
1745921614.206864,0,0,1,0,13
1745921614.871494,0,0,1,0,27
1745921615.190101,0,0,0,0,16
1745921615.190101,0,0,0,0,16
1745921615.190101,0,0,0,0,16
1745921615.190101,0,0,0,0,16
1745921615.87705,0,0,3,0,15
1745921616.189822,0,0,0,0,9
1745921616.189822,0,0,0,0,9
1745921616.189822,0,0,0,0,9
1745921616.189822,0,0,0,0,9
1745921616.874128,0,0,0,0,23
1745921617.187063,0,0,0,0,7
1745921617.187063,0,0,0,0,7
1745921617.187063,0,0,0,0,7
1745921617.187063,0,0,0,0,7
1745921617.882564,0,0,0,0,22
1745921618.188647,0,0,0,0,7
1745921618.188647,0,0,0,0,7
1745921618.188647,0,0,0,0,7
1745921618.188647,0,0,0,0,7
1745921618.87957,0,0,0,0,21
1745921619.186224,0,0,0,0,4
1745921619.186224,0,0,0,0,4
1745921619.186224,0,0,0,0,4
1745921619.186224,0,0,0,0,4
1745921619.883257,0,0,1,0,15
1745921620.188685,0,0,0,0,9
1745921620.188685,0,0,0,0,9
1745921620.188685,0,0,0,0,9
1745921620.188685,0,0,0,0,9
1745921620.889056,0,0,0,0,32
1745921621.188727,0,0,0,0,9
1745921621.188727,0,0,0,0,9
1745921621.188727,0,0,0,0,9
1745921621.892376,0,0,2,0,20
1745921621.892376,0,0,2,0,20
1745921622.187352,0,0,0,0,16
1745921622.187352,0,0,0,0,16
1745921622.187352,0,0,0,0,16
1745921622.883442,0,0,1,0,19
1745921622.883442,0,0,1,0,19
1745921623.188208,0,0,0,0,15
1745921623.188208,0,0,0,0,15
1745921623.188208,0,0,0,0,15
1745921623.889392,0,0,0,0,22
1745921623.889392,0,0,0,0,22
1745921624.188487,0,0,0,0,11
1745921624.188487,0,0,0,0,11
1745921624.188487,0,0,0,0,11
1745921624.900947,0,0,0,0,25
1745921624.900947,0,0,0,0,25
1745921625.189823,0,0,0,0,10
1745921625.189823,0,0,0,0,10
1745921625.189823,0,0,0,0,10
1745921625.899122,0,0,1,0,18
1745921625.899122,0,0,1,0,18
1745921626.190181,0,0,0,0,11
1745921626.190181,0,0,0,0,11
1745921626.190181,0,0,0,0,11
1745921626.886892,0,0,0,0,14
1745921626.886892,0,0,0,0,14
1745921627.197142,0,0,0,0,11
1745921627.197142,0,0,0,0,11
1745921627.197142,0,0,0,0,11
1745921627.890073,0,0,1,1,24
1745921627.890073,0,0,1,1,24
1745921628.210333,0,0,0,0,10
1745921628.210333,0,0,0,0,10
1745921628.210333,0,0,0,0,10
1745921628.88848,0,0,1,0,23
1745921629.19357,0,0,0,0,8
1745921629.19357,0,0,0,0,8
1745921629.19357,0,0,0,0,8
1745921629.19357,0,0,0,0,8
1745921629.887936,0,0,0,0,25
1745921630.196879,0,0,0,0,8
1745921630.196879,0,0,0,0,8
1745921630.196879,0,0,0,0,8
1745921630.196879,0,0,0,0,8
1745921630.894383,0,0,0,0,27
1745921631.195959,0,0,0,1,13
1745921631.195959,0,0,0,1,13
1745921631.195959,0,0,0,1,13
1745921631.195959,0,0,0,1,13
1745921631.88755,0,0,0,0,19
1745921632.204908,0,0,0,0,7
1745921632.204908,0,0,0,0,7
1745921632.204908,0,0,0,0,7
1745921632.204908,0,0,0,0,7
1745921632.907771,0,0,1,0,18
1745921633.199736,0,0,0,0,13
1745921633.199736,0,0,0,0,13
1745921633.199736,0,0,0,0,13
1745921633.199736,0,0,0,0,13
1745921633.893815,0,0,1,1,17
1745921634.200398,0,0,0,0,7
1745921634.200398,0,0,0,0,7
1745921634.200398,0,0,0,0,7
1745921634.894081,0,0,0,0,31
1745921634.894081,0,0,0,0,31
1745921635.198553,0,0,0,0,3
1745921635.198553,0,0,0,0,3
1745921635.198553,0,0,0,0,3
1745921635.897651,0,0,0,0,20
1745921635.897651,0,0,0,0,20
1745921636.201309,0,0,1,1,7
1745921636.201309,0,0,1,1,7
1745921636.201309,0,0,1,1,7
1745921636.89388,0,0,0,0,8
1745921636.89388,0,0,0,0,8
1745921637.202277,0,0,0,0,12
1745921637.202277,0,0,0,0,12
1745921637.202277,0,0,0,0,12
1745921637.896737,0,0,0,0,25
1745921637.896737,0,0,0,0,25
1745921638.203048,0,0,0,0,20
1745921638.203048,0,0,0,0,20
1745921638.203048,0,0,0,0,20
1745921638.92099,0,0,1,0,14
1745921638.92099,0,0,1,0,14
1745921639.204087,0,0,0,0,5
1745921639.204087,0,0,0,0,5
1745921639.204087,0,0,0,0,5
1745921639.89798,0,0,0,0,16
1745921639.89798,0,0,0,0,16
1745921640.20671,0,0,0,0,12
1745921640.20671,0,0,0,0,12
1745921640.20671,0,0,0,0,12
1745921640.902121,0,0,0,0,31
1745921640.902121,0,0,0,0,31
1745921641.218458,0,0,1,0,16
1745921641.218458,0,0,1,0,16
1745921641.218458,0,0,1,0,16
1745921641.903478,0,0,0,1,22
1745921642.207194,0,0,0,0,12
1745921642.207194,0,0,0,0,12
1745921642.207194,0,0,0,0,12
1745921642.207194,0,0,0,0,12
1745921642.900314,0,0,0,0,27
1745921643.211264,0,0,0,0,6
1745921643.211264,0,0,0,0,6
1745921643.211264,0,0,0,0,6
1745921643.211264,0,0,0,0,6
1745921643.898602,0,0,0,0,25
1745921644.209631,0,0,0,0,4
1745921644.209631,0,0,0,0,4
1745921644.209631,0,0,0,0,4
1745921644.209631,0,0,0,0,4
1745921644.899572,0,0,1,0,16
1745921645.21298,0,0,0,0,8
1745921645.21298,0,0,0,0,8
1745921645.21298,0,0,0,0,8
1745921645.21298,0,0,0,0,8
1745921645.914019,0,0,0,0,21
1745921646.212752,0,0,0,0,8
1745921646.212752,0,0,0,0,8
1745921646.212752,0,0,0,0,8
1745921646.212752,0,0,0,0,8
1745921646.911323,0,0,0,0,20
1745921647.217265,0,0,0,0,11
1745921647.217265,0,0,0,0,11
1745921647.217265,0,0,0,0,11
1745921647.217265,0,0,0,0,11
1745921647.92134,0,0,0,0,27
1745921648.215486,0,0,1,0,7
1745921648.215486,0,0,1,0,7
1745921648.215486,0,0,1,0,7
1745921648.913245,0,0,0,0,30
1745921648.913245,0,0,0,0,30
1745921649.220343,0,0,0,0,5
1745921649.220343,0,0,0,0,5
1745921649.220343,0,0,0,0,5
1745921649.915081,0,0,0,0,21
1745921649.915081,0,0,0,0,21
1745921650.218614,0,0,1,0,10
1745921650.218614,0,0,1,0,10
1745921650.218614,0,0,1,0,10
1745921650.910862,0,0,0,0,21
1745921650.910862,0,0,0,0,21
1745921651.219827,0,0,0,0,9
1745921651.219827,0,0,0,0,9
1745921651.219827,0,0,0,0,9
1745921651.910346,0,0,1,0,8
1745921651.910346,0,0,1,0,8
1745921652.217526,0,0,0,0,11
1745921652.217526,0,0,0,0,11
1745921652.217526,0,0,0,0,11
1745921652.908675,0,0,1,0,32
1745921652.908675,0,0,1,0,32
1745921653.21888,0,0,0,0,6
1745921653.21888,0,0,0,0,6
1745921653.21888,0,0,0,0,6
1745921653.909994,0,0,0,0,28
1745921653.909994,0,0,0,0,28
1745921654.222759,0,0,1,0,10
1745921654.222759,0,0,1,0,10
1745921654.222759,0,0,1,0,10
1745921654.929499,0,0,0,0,25
1745921654.929499,0,0,0,0,25
1745921655.222317,0,0,0,0,9
1745921655.222317,0,0,0,0,9
1745921655.222317,0,0,0,0,9
1745921655.91865,0,0,0,0,17
1745921656.227276,0,0,0,0,10
1745921656.227276,0,0,0,0,10
1745921656.227276,0,0,0,0,10
1745921656.227276,0,0,0,0,10
1745921656.915563,0,0,0,0,23
1745921657.228451,0,0,0,0,4
1745921657.228451,0,0,0,0,4
1745921657.228451,0,0,0,0,4
1745921657.228451,0,0,0,0,4
1745921657.919489,0,0,1,0,13
1745921658.232889,0,0,0,0,1
1745921658.232889,0,0,0,0,1
1745921658.232889,0,0,0,0,1
1745921658.232889,0,0,0,0,1
1745921658.921737,0,0,0,0,15
1745921659.230269,0,0,0,0,4
1745921659.230269,0,0,0,0,4
1745921659.230269,0,0,0,0,4
1745921659.230269,0,0,0,0,4
1745921659.918423,0,0,1,0,23
1745921660.228112,0,0,0,0,11
1745921660.228112,0,0,0,0,11
1745921660.228112,0,0,0,0,11
1745921660.228112,0,0,0,0,11
1745921660.930855,0,0,1,0,25
1745921661.229884,0,0,0,0,9
1745921661.229884,0,0,0,0,9
1745921661.229884,0,0,0,0,9
1745921661.229884,0,0,0,0,9
1745921661.935753,0,0,0,1,27
1745921662.23916,0,0,1,0,14
1745921662.23916,0,0,1,0,14
1745921662.23916,0,0,1,0,14
1745921662.925678,0,0,2,0,19
1745921662.925678,0,0,2,0,19
1745921663.228364,0,0,0,0,4
1745921663.228364,0,0,0,0,4
1745921663.228364,0,0,0,0,4
1745921663.924077,0,0,2,0,26
1745921663.924077,0,0,2,0,26
1745921664.227606,0,0,0,0,11
1745921664.227606,0,0,0,0,11
1745921664.227606,0,0,0,0,11
1745921664.925933,0,0,1,1,9
1745921664.925933,0,0,1,1,9
1745921665.228246,0,0,0,0,5
1745921665.228246,0,0,0,0,5
1745921665.228246,0,0,0,0,5
1745921665.925673,0,0,0,0,26
1745921665.925673,0,0,0,0,26
1745921666.238128,0,0,0,0,8
1745921666.238128,0,0,0,0,8
1745921666.238128,0,0,0,0,8
1745921666.930463,0,0,2,0,21
1745921666.930463,0,0,2,0,21
1745921667.231273,0,0,0,0,6
1745921667.231273,0,0,0,0,6
1745921667.231273,0,0,0,0,6
1745921667.933403,0,0,1,0,20
1745921667.933403,0,0,1,0,20
1745921668.242029,0,0,0,0,6
1745921668.242029,0,0,0,0,6
1745921668.242029,0,0,0,0,6
1745921668.933732,0,0,0,0,44
1745921668.933732,0,0,0,0,44
1745921669.239584,0,0,1,0,11
1745921669.239584,0,0,1,0,11
1745921669.239584,0,0,1,0,11
1745921669.93248,0,0,0,0,18
1745921670.233463,0,0,0,0,2
1745921670.233463,0,0,0,0,2
1745921670.233463,0,0,0,0,2
1745921670.233463,0,0,0,0,2
1745921670.929588,0,0,0,0,29
1745921671.244593,0,0,1,0,8
1745921671.244593,0,0,1,0,8
1745921671.244593,0,0,1,0,8
1745921671.244593,0,0,1,0,8
1745921671.937595,0,0,0,1,17
1745921672.240961,0,0,0,0,15
1745921672.240961,0,0,0,0,15
1745921672.240961,0,0,0,0,15
1745921672.240961,0,0,0,0,15
1745921672.931974,0,0,0,0,21
1745921673.253042,0,0,0,0,11
1745921673.253042,0,0,0,0,11
1745921673.253042,0,0,0,0,11
1745921673.253042,0,0,0,0,11
1745921673.939235,0,0,1,0,14
1745921674.24208,0,0,0,0,10
1745921674.24208,0,0,0,0,10
1745921674.24208,0,0,0,0,10
1745921674.24208,0,0,0,0,10
1745921674.943697,0,0,1,1,27
1745921675.245891,0,0,0,0,5
1745921675.245891,0,0,0,0,5
1745921675.245891,0,0,0,0,5
1745921675.245891,0,0,0,0,5
1745921675.941239,0,0,1,0,15
1745921676.242702,0,0,0,0,2
1745921676.242702,0,0,0,0,2
1745921676.242702,0,0,0,0,2
1745921676.95062,0,0,1,0,21
1745921676.95062,0,0,1,0,21
1745921677.258579,0,0,0,0,3
1745921677.258579,0,0,0,0,3
1745921677.258579,0,0,0,0,3
1745921677.940052,0,0,0,0,23
1745921677.940052,0,0,0,0,23
1745921678.246206,0,0,0,1,10
1745921678.246206,0,0,0,1,10
1745921678.246206,0,0,0,1,10
1745921678.942968,0,0,0,0,20
1745921678.942968,0,0,0,0,20
1745921679.247705,0,0,0,1,8
1745921679.247705,0,0,0,1,8
1745921679.247705,0,0,0,1,8
1745921679.951868,0,0,0,0,24
1745921679.951868,0,0,0,0,24
1745921680.245799,0,0,0,0,9
1745921680.245799,0,0,0,0,9
1745921680.245799,0,0,0,0,9
1745921680.947893,0,0,0,0,25
1745921680.947893,0,0,0,0,25
1745921681.260549,0,0,0,0,10
1745921681.260549,0,0,0,0,10
1745921681.260549,0,0,0,0,10
1745921681.962268,0,0,0,0,9
1745921681.962268,0,0,0,0,9
1745921682.257653,0,0,0,0,5
1745921682.257653,0,0,0,0,5
1745921682.257653,0,0,0,0,5
1745921682.948388,0,0,0,0,26
1745921682.948388,0,0,0,0,26
1745921683.258986,0,0,0,0,6
1745921683.258986,0,0,0,0,6
1745921683.258986,0,0,0,0,6
1745921683.945642,0,0,1,1,17
1745921683.945642,0,0,1,1,17
1745921684.264547,0,0,0,0,8
1745921684.264547,0,0,0,0,8
1745921684.264547,0,0,0,0,8
1745921684.94664,0,0,1,0,22
1745921685.255603,0,0,0,0,12
1745921685.255603,0,0,0,0,12
1745921685.255603,0,0,0,0,12
1745921685.255603,0,0,0,0,12
1745921685.949505,0,0,0,0,28
1745921686.259363,0,0,0,0,3
1745921686.259363,0,0,0,0,3
1745921686.259363,0,0,0,0,3
1745921686.259363,0,0,0,0,3
1745921686.947641,0,0,0,0,22
1745921687.26513,0,0,0,0,11
1745921687.26513,0,0,0,0,11
1745921687.26513,0,0,0,0,11
1745921687.26513,0,0,0,0,11
1745921687.950442,0,0,0,0,12
1745921688.259411,0,0,0,0,9
1745921688.259411,0,0,0,0,9
1745921688.259411,0,0,0,0,9
1745921688.259411,0,0,0,0,9
1745921688.9524,0,0,0,0,16
1745921689.259689,0,0,0,0,9
1745921689.259689,0,0,0,0,9
1745921689.259689,0,0,0,0,9
1745921689.955303,0,0,0,0,9
1745921689.955303,0,0,0,0,9
1745921690.264918,0,0,0,0,12
1745921690.264918,0,0,0,0,12
1745921690.264918,0,0,0,0,12
1745921690.953035,0,0,0,0,14
1745921690.953035,0,0,0,0,14
1745921691.259984,0,0,0,0,7
1745921691.259984,0,0,0,0,7
1745921691.259984,0,0,0,0,7
1745921691.95775,0,0,0,0,13
1745921691.95775,0,0,0,0,13
1745921692.261412,0,0,0,0,5
1745921692.261412,0,0,0,0,5
1745921692.261412,0,0,0,0,5
1745921692.967849,0,0,0,0,28
1745921692.967849,0,0,0,0,28
1745921693.260424,0,0,0,0,13
1745921693.260424,0,0,0,0,13
1745921693.260424,0,0,0,0,13
1745921693.962138,0,0,1,0,24
1745921693.962138,0,0,1,0,24
1745921694.265765,0,0,0,0,6
1745921694.265765,0,0,0,0,6
1745921694.265765,0,0,0,0,6
1745921694.95541,0,0,0,0,21
1745921694.95541,0,0,0,0,21
1745921695.265053,0,0,0,0,7
1745921695.265053,0,0,0,0,7
1745921695.265053,0,0,0,0,7
1745921695.968801,0,0,1,0,33
1745921695.968801,0,0,1,0,33
1745921696.285522,0,0,0,0,4
1745921696.285522,0,0,0,0,4
1745921696.285522,0,0,0,0,4
1745921696.958019,0,0,0,0,17
1745921696.958019,0,0,0,0,17
1745921697.272288,0,0,0,0,7
1745921697.272288,0,0,0,0,7
1745921697.272288,0,0,0,0,7
1745921697.961836,0,0,0,0,18
1745921698.280059,0,0,0,0,10
1745921698.280059,0,0,0,0,10
1745921698.280059,0,0,0,0,10
1745921698.280059,0,0,0,0,10
1745921698.962444,0,0,0,0,20
1745921699.267913,0,0,0,0,6
1745921699.267913,0,0,0,0,6
1745921699.267913,0,0,0,0,6
1745921699.267913,0,0,0,0,6
1745921699.967235,0,0,0,0,19
1745921700.269536,0,0,0,0,6
1745921700.269536,0,0,0,0,6
1745921700.269536,0,0,0,0,6
1745921700.269536,0,0,0,0,6
1745921700.962916,0,0,0,0,23
1745921701.268707,0,0,0,0,6
1745921701.268707,0,0,0,0,6
1745921701.268707,0,0,0,0,6
1745921701.268707,0,0,0,0,6
1745921701.966909,0,0,0,1,22
1745921702.275303,0,0,0,0,8
1745921702.275303,0,0,0,0,8
1745921702.275303,0,0,0,0,8
1745921702.275303,0,0,0,0,8
1745921702.972581,0,0,0,0,22
1745921703.275197,0,0,0,0,6
1745921703.275197,0,0,0,0,6
1745921703.275197,0,0,0,0,6
1745921703.964571,0,0,0,0,22
1745921703.964571,0,0,0,0,22
1745921704.275132,0,0,1,0,4
1745921704.275132,0,0,1,0,4
1745921704.275132,0,0,1,0,4
1745921704.96718,0,0,0,0,11
1745921704.96718,0,0,0,0,11
1745921705.274593,0,0,0,0,7
1745921705.274593,0,0,0,0,7
1745921705.274593,0,0,0,0,7
1745921705.967584,0,0,0,0,25
1745921705.967584,0,0,0,0,25
1745921706.272887,0,0,0,0,5
1745921706.272887,0,0,0,0,5
1745921706.272887,0,0,0,0,5
1745921706.967639,0,0,0,0,25
1745921706.967639,0,0,0,0,25
1745921707.275247,0,0,1,0,3
1745921707.275247,0,0,1,0,3
1745921707.275247,0,0,1,0,3
1745921707.970802,0,0,0,0,21
1745921707.970802,0,0,0,0,21
1745921708.280972,0,0,0,0,7
1745921708.280972,0,0,0,0,7
1745921708.280972,0,0,0,0,7
1745921708.991967,0,0,0,0,26
1745921708.991967,0,0,0,0,26
1745921709.282456,0,0,1,1,12
1745921709.282456,0,0,1,1,12
1745921709.282456,0,0,1,1,12
1745921709.978086,0,0,0,0,28
1745921709.978086,0,0,0,0,28
1745921710.286927,0,0,0,0,9
1745921710.286927,0,0,0,0,9
1745921710.286927,0,0,0,0,9
1745921710.979531,0,0,3,0,16
1745921710.979531,0,0,3,0,16
1745921711.284537,0,0,0,0,10
1745921711.284537,0,0,0,0,10
1745921711.284537,0,0,0,0,10
1745921711.985751,0,0,0,0,19
1745921712.284795,0,0,0,0,5
1745921712.284795,0,0,0,0,5
1745921712.284795,0,0,0,0,5
1745921712.284795,0,0,0,0,5
1745921712.979257,0,0,0,0,18
1745921713.284054,0,0,0,2,10
1745921713.284054,0,0,0,2,10
1745921713.284054,0,0,0,2,10
1745921713.284054,0,0,0,2,10
1745921713.977432,0,0,1,1,11
1745921714.282108,0,0,0,0,20
1745921714.282108,0,0,0,0,20
1745921714.282108,0,0,0,0,20
1745921714.282108,0,0,0,0,20
1745921714.980389,0,0,0,1,31
1745921715.282483,0,0,1,0,6
1745921715.282483,0,0,1,0,6
1745921715.282483,0,0,1,0,6
1745921715.282483,0,0,1,0,6
1745921715.99053,0,0,0,0,18
1745921716.288634,0,0,0,0,9
1745921716.288634,0,0,0,0,9
1745921716.288634,0,0,0,0,9
1745921716.288634,0,0,0,0,9
1745921716.984215,0,0,0,0,20
1745921717.289903,0,0,0,0,7
1745921717.289903,0,0,0,0,7
1745921717.289903,0,0,0,0,7
1745921717.981889,0,0,1,0,26
1745921717.981889,0,0,1,0,26
1745921718.290852,0,0,1,0,5
1745921718.290852,0,0,1,0,5
1745921718.290852,0,0,1,0,5
1745921718.985396,0,0,0,0,21
1745921718.985396,0,0,0,0,21
1745921719.288373,0,0,0,0,10
1745921719.288373,0,0,0,0,10
1745921719.288373,0,0,0,0,10
1745921719.989802,0,0,0,0,14
1745921719.989802,0,0,0,0,14
1745921720.290934,0,0,0,0,8
1745921720.290934,0,0,0,0,8
1745921720.290934,0,0,0,0,8
1745921720.996812,0,0,0,0,19
1745921720.996812,0,0,0,0,19
1745921721.29108,0,0,0,0,6
1745921721.29108,0,0,0,0,6
1745921721.29108,0,0,0,0,6
1745921721.994325,0,0,0,0,27
1745921721.994325,0,0,0,0,27
1745921722.321232,0,0,0,0,10
1745921722.321232,0,0,0,0,10
1745921722.321232,0,0,0,0,10
1745921722.991418,0,0,0,0,23
1745921722.991418,0,0,0,0,23
1745921723.301286,0,0,0,0,5
1745921723.301286,0,0,0,0,5
1745921723.301286,0,0,0,0,5
1745921723.99418,0,0,0,0,23
1745921723.99418,0,0,0,0,23
1745921724.304214,0,0,0,0,8
1745921724.304214,0,0,0,0,8
1745921724.304214,0,0,0,0,8
1745921724.989653,0,0,1,0,22
1745921725.301537,0,0,0,0,3
1745921725.301537,0,0,0,0,3
1745921725.301537,0,0,0,0,3
1745921725.301537,0,0,0,0,3
1745921725.995157,0,0,0,0,11
1745921726.305091,0,0,0,0,7
1745921726.305091,0,0,0,0,7
1745921726.305091,0,0,0,0,7
1745921726.305091,0,0,0,0,7
1745921726.994078,0,0,0,0,15
1745921727.30969,0,0,0,0,1
1745921727.30969,0,0,0,0,1
1745921727.30969,0,0,0,0,1
1745921727.30969,0,0,0,0,1
1745921727.998615,0,0,0,0,17
1745921728.320038,0,0,0,0,7
1745921728.320038,0,0,0,0,7
1745921728.320038,0,0,0,0,7
1745921728.320038,0,0,0,0,7
1745921729.00508,0,0,2,0,12
1745921729.307565,0,0,0,0,5
1745921729.307565,0,0,0,0,5
1745921729.307565,0,0,0,0,5
1745921729.307565,0,0,0,0,5
1745921730.000578,0,0,0,0,9
1745921730.305855,0,0,0,0,6
1745921730.305855,0,0,0,0,6
1745921730.305855,0,0,0,0,6
1745921730.996391,0,0,1,1,13
1745921730.996391,0,0,1,1,13
1745921731.307924,0,0,0,0,5
1745921731.307924,0,0,0,0,5
1745921731.307924,0,0,0,0,5
1745921732.001833,0,0,0,0,12
1745921732.001833,0,0,0,0,12
1745921732.313078,0,0,0,0,13
1745921732.313078,0,0,0,0,13
1745921732.313078,0,0,0,0,13
1745921733.00013,0,0,0,1,23
1745921733.00013,0,0,0,1,23
1745921733.306662,0,0,0,1,5
1745921733.306662,0,0,0,1,5
1745921733.306662,0,0,0,1,5
1745921734.008267,0,0,0,0,11
1745921734.008267,0,0,0,0,11
1745921734.311644,0,0,0,0,11
1745921734.311644,0,0,0,0,11
1745921734.311644,0,0,0,0,11
1745921735.015893,0,0,0,1,13
1745921735.015893,0,0,0,1,13
1745921735.333127,0,0,0,0,6
1745921735.333127,0,0,0,0,6
1745921735.333127,0,0,0,0,6
1745921736.003192,0,0,0,0,12
1745921736.003192,0,0,0,0,12
1745921736.316509,0,0,0,1,3
1745921736.316509,0,0,0,1,3
1745921736.316509,0,0,0,1,3
1745921737.012629,0,0,0,0,17
1745921737.012629,0,0,0,0,17
1745921737.31308,0,0,0,0,10
1745921737.31308,0,0,0,0,10
1745921737.31308,0,0,0,0,10
1745921738.007872,0,0,0,0,10
1745921738.007872,0,0,0,0,10
1745921738.314975,0,0,0,0,5
1745921738.314975,0,0,0,0,5
1745921738.314975,0,0,0,0,5
1745921739.006623,0,0,0,1,12
1745921739.314695,0,0,0,0,3
1745921739.314695,0,0,0,0,3
1745921739.314695,0,0,0,0,3
1745921739.314695,0,0,0,0,3
1745921740.007498,0,0,1,0,12
1745921740.31992,0,0,0,0,6
1745921740.31992,0,0,0,0,6
1745921740.31992,0,0,0,0,6
1745921740.31992,0,0,0,0,6
1745921741.008957,0,0,0,0,8
1745921741.328445,0,0,0,0,5
1745921741.328445,0,0,0,0,5
1745921741.328445,0,0,0,0,5
1745921741.328445,0,0,0,0,5
1745921742.006102,0,0,0,1,10
1745921742.329548,0,0,1,1,3
1745921742.329548,0,0,1,1,3
1745921742.329548,0,0,1,1,3
1745921742.329548,0,0,1,1,3
1745921743.009127,0,0,0,0,6
1745921743.327667,0,0,0,0,30
1745921743.327667,0,0,0,0,30
1745921743.327667,0,0,0,0,30
1745921743.327667,0,0,0,0,30
1745921744.012698,0,0,0,1,19
1745921744.321338,0,0,0,1,20
1745921744.321338,0,0,0,1,20
1745921744.321338,0,0,0,1,20
1745921745.014574,0,0,0,0,15
1745921745.014574,0,0,0,0,15
1745921745.334747,0,0,0,0,20
1745921745.334747,0,0,0,0,20
1745921745.334747,0,0,0,0,20
1745921746.013214,0,0,0,1,18
1745921746.013214,0,0,0,1,18
1745921746.333203,0,0,0,0,7
1745921746.333203,0,0,0,0,7
1745921746.333203,0,0,0,0,7
1745921747.016141,0,0,0,0,13
1745921747.016141,0,0,0,0,13
1745921747.326655,0,0,0,0,5
1745921747.326655,0,0,0,0,5
1745921747.326655,0,0,0,0,5
1745921748.01959,0,0,0,0,18
1745921748.01959,0,0,0,0,18
1745921748.331644,0,0,0,0,1
1745921748.331644,0,0,0,0,1
1745921748.331644,0,0,0,0,1
1745921749.020004,0,0,0,1,19
1745921749.020004,0,0,0,1,19
1745921749.328007,0,0,1,0,6
1745921749.328007,0,0,1,0,6
1745921749.328007,0,0,1,0,6
1745921750.023735,0,0,0,0,27
1745921750.023735,0,0,0,0,27
1745921750.331967,0,0,0,0,6
1745921750.331967,0,0,0,0,6
1745921750.331967,0,0,0,0,6
1745921751.017956,0,0,1,0,16
1745921751.017956,0,0,1,0,16
1745921751.343189,0,0,0,0,8
1745921751.343189,0,0,0,0,8
1745921751.343189,0,0,0,0,8
1745921752.017442,0,0,0,0,11
1745921752.330487,0,0,1,0,5
1745921752.330487,0,0,1,0,5
1745921752.330487,0,0,1,0,5
1745921752.330487,0,0,1,0,5
1745921753.017587,0,0,0,0,12
1745921753.344039,0,0,0,0,2
1745921753.344039,0,0,0,0,2
1745921753.344039,0,0,0,0,2
1745921753.344039,0,0,0,0,2
1745921754.023174,0,0,1,0,16
1745921754.343044,0,0,0,2,4
1745921754.343044,0,0,0,2,4
1745921754.343044,0,0,0,2,4
1745921754.343044,0,0,0,2,4
1745921755.02061,0,0,1,0,15
1745921755.334551,0,0,1,0,15
1745921755.334551,0,0,1,0,15
1745921755.334551,0,0,1,0,15
1745921755.334551,0,0,1,0,15
1745921756.023057,0,0,0,0,24
1745921756.337625,0,0,1,0,1
1745921756.337625,0,0,1,0,1
1745921756.337625,0,0,1,0,1
1745921756.337625,0,0,1,0,1
1745921757.042563,0,0,1,0,13
1745921757.346877,0,0,0,0,21
1745921757.346877,0,0,0,0,21
1745921757.346877,0,0,0,0,21
1745921757.346877,0,0,0,0,21
1745921758.03107,0,0,0,0,13
1745921758.336874,0,0,0,1,20
1745921758.336874,0,0,0,1,20
1745921758.336874,0,0,0,1,20
1745921759.028861,0,0,0,0,16
1745921759.028861,0,0,0,0,16
1745921759.341508,0,0,0,0,6
1745921759.341508,0,0,0,0,6
1745921759.341508,0,0,0,0,6
1745921760.031025,0,0,0,0,13
1745921760.031025,0,0,0,0,13
1745921760.339803,0,0,0,0,1
1745921760.339803,0,0,0,0,1
1745921760.339803,0,0,0,0,1
1745921761.036375,0,0,1,0,26
1745921761.036375,0,0,1,0,26
1745921761.341179,0,0,0,0,9
1745921761.341179,0,0,0,0,9
1745921761.341179,0,0,0,0,9
1745921762.052263,0,0,0,1,12
1745921762.052263,0,0,0,1,12
1745921762.34184,0,0,0,0,4
1745921762.34184,0,0,0,0,4
1745921762.34184,0,0,0,0,4
1745921763.031437,0,0,0,0,21
1745921763.031437,0,0,0,0,21
1745921763.340976,0,0,0,0,5
1745921763.340976,0,0,0,0,5
1745921763.340976,0,0,0,0,5
1745921764.032261,0,0,0,1,12
1745921764.032261,0,0,0,1,12
1745921764.350904,0,0,0,0,10
1745921764.350904,0,0,0,0,10
1745921764.350904,0,0,0,0,10
1745921765.03439,0,0,0,0,20
1745921765.03439,0,0,0,0,20
1745921765.344702,0,0,0,0,8
1745921765.344702,0,0,0,0,8
1745921765.344702,0,0,0,0,8
1745921766.033942,0,0,1,0,8
1745921766.033942,0,0,1,0,8
1745921766.353753,0,0,0,0,3
1745921766.353753,0,0,0,0,3
1745921766.353753,0,0,0,0,3
1745921767.040001,0,0,0,0,12
1745921767.348914,0,0,0,0,12
1745921767.348914,0,0,0,0,12
1745921767.348914,0,0,0,0,12
1745921767.348914,0,0,0,0,12
1745921768.037921,0,0,0,0,20
1745921768.348555,0,0,1,0,4
1745921768.348555,0,0,1,0,4
1745921768.348555,0,0,1,0,4
1745921768.348555,0,0,1,0,4
1745921769.037791,0,0,0,0,6
1745921769.352451,0,0,1,0,4
1745921769.352451,0,0,1,0,4
1745921769.352451,0,0,1,0,4
1745921769.352451,0,0,1,0,4
1745921770.050053,0,0,0,0,14
1745921770.349179,0,0,0,0,5
1745921770.349179,0,0,0,0,5
1745921770.349179,0,0,0,0,5
1745921770.349179,0,0,0,0,5
1745921771.038962,0,0,0,0,14
1745921771.359149,0,0,0,1,6
1745921771.359149,0,0,0,1,6
1745921771.359149,0,0,0,1,6
1745921771.359149,0,0,0,1,6
1745921772.044022,0,0,0,1,11
1745921772.357688,0,0,0,0,8
1745921772.357688,0,0,0,0,8
1745921772.357688,0,0,0,0,8
1745921772.357688,0,0,0,0,8
1745921773.04399,0,0,0,0,15
1745921773.35216,0,0,0,0,4
1745921773.35216,0,0,0,0,4
1745921773.35216,0,0,0,0,4
1745921774.045084,0,0,2,0,26
1745921774.045084,0,0,2,0,26
1745921774.355438,0,0,0,0,6
1745921774.355438,0,0,0,0,6
1745921774.355438,0,0,0,0,6
1745921775.044106,0,0,0,0,21
1745921775.044106,0,0,0,0,21
1745921775.353902,0,0,0,0,9
1745921775.353902,0,0,0,0,9
1745921775.353902,0,0,0,0,9
1745921776.051655,0,0,1,0,12
1745921776.051655,0,0,1,0,12
1745921776.356944,0,0,0,0,10
1745921776.356944,0,0,0,0,10
1745921776.356944,0,0,0,0,10
1745921777.066585,0,0,0,0,18
1745921777.066585,0,0,0,0,18
1745921777.355314,0,0,0,0,11
1745921777.355314,0,0,0,0,11
1745921777.355314,0,0,0,0,11
1745921778.050063,0,0,0,0,23
1745921778.050063,0,0,0,0,23
1745921778.354254,0,0,0,0,13
1745921778.354254,0,0,0,0,13
1745921778.354254,0,0,0,0,13
1745921779.049721,0,0,0,0,15
1745921779.353816,0,0,0,0,13
1745921779.353816,0,0,0,0,13
1745921779.353816,0,0,0,0,13
1745921779.353816,0,0,0,0,13
1745921780.051808,0,0,1,1,14
1745921780.356872,0,0,0,0,6
1745921780.356872,0,0,0,0,6
1745921780.356872,0,0,0,0,6
1745921780.356872,0,0,0,0,6
1745921781.050273,0,0,0,0,13
1745921781.355409,0,0,0,0,5
1745921781.355409,0,0,0,0,5
1745921781.355409,0,0,0,0,5
1745921781.355409,0,0,0,0,5
1745921782.054616,0,0,1,0,20
1745921782.364763,0,0,0,0,12
1745921782.364763,0,0,0,0,12
1745921782.364763,0,0,0,0,12
1745921782.364763,0,0,0,0,12
1745921783.056809,0,0,0,0,8
1745921783.362574,0,0,0,0,14
1745921783.362574,0,0,0,0,14
1745921783.362574,0,0,0,0,14
1745921783.362574,0,0,0,0,14
1745921784.052013,0,0,0,0,20
1745921784.361652,0,0,1,0,4
1745921784.361652,0,0,1,0,4
1745921784.361652,0,0,1,0,4
1745921784.361652,0,0,1,0,4
1745921785.060012,0,0,1,0,20
1745921785.377935,0,0,0,0,3
1745921785.377935,0,0,0,0,3
1745921785.377935,0,0,0,0,3
1745921786.05408,0,0,0,0,20
1745921786.05408,0,0,0,0,20
1745921786.366013,0,0,0,0,5
1745921786.366013,0,0,0,0,5
1745921786.366013,0,0,0,0,5
1745921787.05708,0,0,1,0,17
1745921787.05708,0,0,1,0,17
1745921787.36529,0,0,0,0,1
1745921787.36529,0,0,0,0,1
1745921787.36529,0,0,0,0,1
1745921788.058131,0,0,0,0,25
1745921788.058131,0,0,0,0,25
1745921788.360537,0,0,0,0,5
1745921788.360537,0,0,0,0,5
1745921788.360537,0,0,0,0,5
1745921789.067262,0,0,0,0,17
1745921789.067262,0,0,0,0,17
1745921789.360981,0,0,0,0,7
1745921789.360981,0,0,0,0,7
1745921789.360981,0,0,0,0,7
1745921790.078293,0,0,0,0,13
1745921790.078293,0,0,0,0,13
1745921790.360786,0,0,0,0,14
1745921790.360786,0,0,0,0,14
1745921790.360786,0,0,0,0,14
1745921791.06914,0,0,1,0,23
1745921791.06914,0,0,1,0,23
1745921791.383061,0,0,1,0,6
1745921791.383061,0,0,1,0,6
1745921791.383061,0,0,1,0,6
1745921792.060463,0,0,0,0,8
1745921792.060463,0,0,0,0,8
1745921792.364812,0,0,0,0,3
1745921792.364812,0,0,0,0,3
1745921792.364812,0,0,0,0,3
1745921793.068239,0,0,0,0,24
1745921793.366661,0,0,0,0,5
1745921793.366661,0,0,0,0,5
1745921793.366661,0,0,0,0,5
1745921793.366661,0,0,0,0,5
1745921794.064117,0,0,0,0,17
1745921794.366021,0,0,1,0,6
1745921794.366021,0,0,1,0,6
1745921794.366021,0,0,1,0,6
1745921794.366021,0,0,1,0,6
1745921795.063486,0,0,0,0,13
1745921795.365559,0,0,0,0,3
1745921795.365559,0,0,0,0,3
1745921795.365559,0,0,0,0,3
1745921795.365559,0,0,0,0,3
1745921796.072998,0,0,0,1,13
1745921796.367601,0,0,0,1,3
1745921796.367601,0,0,0,1,3
1745921796.367601,0,0,0,1,3
1745921796.367601,0,0,0,1,3
1745921797.06396,0,0,0,1,13
1745921797.385945,0,0,0,1,19
1745921797.385945,0,0,0,1,19
1745921797.385945,0,0,0,1,19
1745921797.385945,0,0,0,1,19
1745921798.064412,0,0,0,0,6
1745921798.374913,0,0,0,0,2
1745921798.374913,0,0,0,0,2
1745921798.374913,0,0,0,0,2
1745921798.374913,0,0,0,0,2
1745921799.070425,0,0,2,0,7
1745921799.377028,0,0,0,0,4
1745921799.377028,0,0,0,0,4
1745921799.377028,0,0,0,0,4
1745921800.064929,0,0,0,0,11
1745921800.064929,0,0,0,0,11
1745921800.385954,0,0,0,0,25
1745921800.385954,0,0,0,0,25
1745921800.385954,0,0,0,0,25
1745921801.076784,0,0,1,1,22
1745921801.076784,0,0,1,1,22
1745921801.381739,0,0,0,0,7
1745921801.381739,0,0,0,0,7
1745921801.381739,0,0,0,0,7
1745921802.085529,0,0,0,0,19
1745921802.085529,0,0,0,0,19
1745921802.380863,0,0,0,0,10
1745921802.380863,0,0,0,0,10
1745921802.380863,0,0,0,0,10
1745921803.074014,0,0,0,1,14
1745921803.074014,0,0,0,1,14
1745921803.381418,0,0,0,0,2
1745921803.381418,0,0,0,0,2
1745921803.381418,0,0,0,0,2
1745921804.081008,0,0,0,0,14
1745921804.081008,0,0,0,0,14
1745921804.380819,0,0,0,0,5
1745921804.380819,0,0,0,0,5
1745921804.380819,0,0,0,0,5
1745921805.076295,0,0,1,0,5
1745921805.076295,0,0,1,0,5
1745921805.381052,0,0,1,0,4
1745921805.381052,0,0,1,0,4
1745921805.381052,0,0,1,0,4
1745921806.071533,0,0,0,0,15
1745921806.071533,0,0,0,0,15
1745921806.391876,0,0,0,0,4
1745921806.391876,0,0,0,0,4
1745921806.391876,0,0,0,0,4
1745921807.071974,0,0,0,0,13
1745921807.385,0,0,1,0,5
1745921807.385,0,0,1,0,5
1745921807.385,0,0,1,0,5
1745921807.385,0,0,1,0,5
1745921808.072642,0,0,1,0,19
1745921808.384225,0,0,0,0,8
1745921808.384225,0,0,0,0,8
1745921808.384225,0,0,0,0,8
1745921808.384225,0,0,0,0,8
1745921809.073046,0,0,0,0,15
1745921809.387105,0,0,0,0,4
1745921809.387105,0,0,0,0,4
1745921809.387105,0,0,0,0,4
1745921809.387105,0,0,0,0,4
1745921810.073666,0,0,0,0,17
1745921810.387011,0,0,0,0,1
1745921810.387011,0,0,0,0,1
1745921810.387011,0,0,0,0,1
1745921810.387011,0,0,0,0,1
1745921811.084508,0,0,1,0,9
1745921811.389471,0,0,0,0,7
1745921811.389471,0,0,0,0,7
1745921811.389471,0,0,0,0,7
1745921811.389471,0,0,0,0,7
1745921812.079766,0,0,0,0,23
1745921812.386797,0,0,0,2,1
1745921812.386797,0,0,0,2,1
1745921812.386797,0,0,0,2,1
1745921812.386797,0,0,0,2,1
1745921813.081364,0,0,0,0,8
1745921813.393905,0,0,0,0,4
1745921813.393905,0,0,0,0,4
1745921813.393905,0,0,0,0,4
1745921814.078514,0,0,0,0,18
1745921814.078514,0,0,0,0,18
1745921814.389291,0,0,0,0,2
1745921814.389291,0,0,0,0,2
1745921814.389291,0,0,0,0,2
1745921815.083004,0,0,1,0,27
1745921815.083004,0,0,1,0,27
1745921815.391779,0,0,0,0,8
1745921815.391779,0,0,0,0,8
1745921815.391779,0,0,0,0,8
1745921816.0828,0,0,1,0,10
1745921816.0828,0,0,1,0,10
1745921816.389626,0,0,0,0,5
1745921816.389626,0,0,0,0,5
1745921816.389626,0,0,0,0,5
1745921817.084008,0,0,1,1,14
1745921817.084008,0,0,1,1,14
1745921817.391587,0,0,0,1,8
1745921817.391587,0,0,0,1,8
1745921817.391587,0,0,0,1,8
1745921818.085452,0,0,1,0,15
1745921818.085452,0,0,1,0,15
1745921818.39776,0,0,0,0,6
1745921818.39776,0,0,0,0,6
1745921818.39776,0,0,0,0,6
1745921819.099777,0,0,0,0,15
1745921819.099777,0,0,0,0,15
1745921819.41391,0,0,0,0,11
1745921819.41391,0,0,0,0,11
1745921819.41391,0,0,0,0,11
1745921820.092954,0,0,0,0,9
1745921820.092954,0,0,0,0,9
1745921820.412217,0,0,0,0,20
1745921820.412217,0,0,0,0,20
1745921820.412217,0,0,0,0,20
1745921821.093818,0,0,0,0,16
1745921821.39536,0,0,0,0,16
1745921821.39536,0,0,0,0,16
1745921821.39536,0,0,0,0,16
1745921821.39536,0,0,0,0,16
1745921822.093071,0,0,0,1,18
1745921822.395175,0,0,0,0,10
1745921822.395175,0,0,0,0,10
1745921822.395175,0,0,0,0,10
1745921822.395175,0,0,0,0,10
1745921823.094817,0,0,1,0,6
1745921823.399886,0,0,0,0,4
1745921823.399886,0,0,0,0,4
1745921823.399886,0,0,0,0,4
1745921823.399886,0,0,0,0,4
1745921824.102427,0,0,0,0,23
1745921824.398907,0,0,0,0,3
1745921824.398907,0,0,0,0,3
1745921824.398907,0,0,0,0,3
1745921824.398907,0,0,0,0,3
1745921825.116688,0,0,0,0,18
1745921825.400044,0,0,0,0,7
1745921825.400044,0,0,0,0,7
1745921825.400044,0,0,0,0,7
1745921825.400044,0,0,0,0,7
1745921826.105682,0,0,0,0,9
1745921826.412192,0,0,0,0,6
1745921826.412192,0,0,0,0,6
1745921826.412192,0,0,0,0,6
1745921827.100959,0,0,0,0,19
1745921827.100959,0,0,0,0,19
1745921827.400038,0,0,0,0,2
1745921827.400038,0,0,0,0,2
1745921827.400038,0,0,0,0,2
1745921828.103227,0,0,0,0,6
1745921828.103227,0,0,0,0,6
1745921828.425033,0,0,0,0,2
1745921828.425033,0,0,0,0,2
1745921828.425033,0,0,0,0,2
1745921829.103137,0,0,1,0,16
1745921829.103137,0,0,1,0,16
1745921829.403278,0,0,0,1,4
1745921829.403278,0,0,0,1,4
1745921829.403278,0,0,0,1,4
1745921830.107714,0,0,0,0,21
1745921830.107714,0,0,0,0,21
1745921830.403027,0,0,0,0,11
1745921830.403027,0,0,0,0,11
1745921830.403027,0,0,0,0,11
1745921831.110128,0,0,0,0,11
1745921831.110128,0,0,0,0,11
1745921831.405484,0,0,0,0,5
1745921831.405484,0,0,0,0,5
1745921831.405484,0,0,0,0,5
1745921832.108282,0,0,0,0,5
1745921832.108282,0,0,0,0,5
1745921832.410873,0,0,0,0,2
1745921832.410873,0,0,0,0,2
1745921832.410873,0,0,0,0,2
1745921833.107706,0,0,2,0,16
1745921833.107706,0,0,2,0,16
1745921833.414833,0,0,0,1,1
1745921833.414833,0,0,0,1,1
1745921833.414833,0,0,0,1,1
1745921834.111758,0,0,1,0,15
1745921834.413223,0,0,1,0,15
1745921834.413223,0,0,1,0,15
1745921834.413223,0,0,1,0,15
1745921834.413223,0,0,1,0,15
1745921835.109075,0,0,0,0,15
1745921835.41429,0,0,0,0,6
1745921835.41429,0,0,0,0,6
1745921835.41429,0,0,0,0,6
1745921835.41429,0,0,0,0,6
1745921836.109732,0,0,0,0,25
1745921836.410839,0,0,0,0,6
1745921836.410839,0,0,0,0,6
1745921836.410839,0,0,0,0,6
1745921836.410839,0,0,0,0,6
1745921837.110464,0,0,0,0,4
1745921837.419636,0,0,0,0,11
1745921837.419636,0,0,0,0,11
1745921837.419636,0,0,0,0,11
1745921837.419636,0,0,0,0,11
1745921838.118983,0,0,0,1,13
1745921838.414717,0,0,0,0,8
1745921838.414717,0,0,0,0,8
1745921838.414717,0,0,0,0,8
1745921838.414717,0,0,0,0,8
1745921839.110518,0,0,0,0,12
1745921839.41815,0,0,0,0,12
1745921839.41815,0,0,0,0,12
1745921839.41815,0,0,0,0,12
1745921839.41815,0,0,0,0,12
1745921840.118672,0,0,2,0,12
1745921840.417814,0,0,1,0,7
1745921840.417814,0,0,1,0,7
1745921840.417814,0,0,1,0,7
1745921841.113596,0,0,0,0,9
1745921841.113596,0,0,0,0,9
1745921841.42202,0,0,0,0,4
1745921841.42202,0,0,0,0,4
1745921841.42202,0,0,0,0,4
1745921842.127127,0,0,0,0,27
1745921842.127127,0,0,0,0,27
1745921842.421241,0,0,0,0,4
1745921842.421241,0,0,0,0,4
1745921842.421241,0,0,0,0,4
1745921843.115971,0,0,0,0,15
1745921843.115971,0,0,0,0,15
1745921843.419368,0,0,0,0,5
1745921843.419368,0,0,0,0,5
1745921843.419368,0,0,0,0,5
1745921844.123462,0,0,1,0,11
1745921844.123462,0,0,1,0,11
1745921844.424873,0,0,0,0,4
1745921844.424873,0,0,0,0,4
1745921844.424873,0,0,0,0,4
1745921845.131602,0,0,0,0,12
1745921845.131602,0,0,0,0,12
1745921845.425037,0,0,0,0,7
1745921845.425037,0,0,0,0,7
1745921845.425037,0,0,0,0,7
1745921846.125913,0,0,1,0,11
1745921846.125913,0,0,1,0,11
1745921846.442771,0,0,0,0,0
1745921846.442771,0,0,0,0,0
1745921846.442771,0,0,0,0,0
1745921847.140787,0,0,0,0,21
1745921847.140787,0,0,0,0,21
1745921847.423583,0,0,0,0,4
1745921847.423583,0,0,0,0,4
1745921847.423583,0,0,0,0,4
1745921848.137342,0,0,0,0,4
1745921848.137342,0,0,0,0,4
1745921848.436947,0,0,0,0,6
1745921848.436947,0,0,0,0,6
1745921848.436947,0,0,0,0,6
1745921849.129691,0,0,1,0,7
1745921849.430297,0,0,1,0,4
1745921849.430297,0,0,1,0,4
1745921849.430297,0,0,1,0,4
1745921849.430297,0,0,1,0,4
1745921850.129802,0,0,1,0,14
1745921850.438363,0,0,0,0,5
1745921850.438363,0,0,0,0,5
1745921850.438363,0,0,0,0,5
1745921850.438363,0,0,0,0,5
1745921851.138984,0,0,0,0,14
1745921851.439476,0,0,0,0,11
1745921851.439476,0,0,0,0,11
1745921851.439476,0,0,0,0,11
1745921851.439476,0,0,0,0,11
1745921852.138422,0,0,0,1,14
1745921852.432364,0,0,0,0,18
1745921852.432364,0,0,0,0,18
1745921852.432364,0,0,0,0,18
1745921852.432364,0,0,0,0,18
1745921853.135818,0,0,1,0,24
1745921853.432446,0,0,1,0,7
1745921853.432446,0,0,1,0,7
1745921853.432446,0,0,1,0,7
1745921853.432446,0,0,1,0,7
1745921854.133871,0,0,0,0,15
1745921854.432384,0,0,0,0,1
1745921854.432384,0,0,0,0,1
1745921854.432384,0,0,0,0,1
1745921854.432384,0,0,0,0,1
1745921855.138535,0,0,0,0,11
1745921855.438162,0,0,0,0,5
1745921855.438162,0,0,0,0,5
1745921855.438162,0,0,0,0,5
1745921855.438162,0,0,0,0,5
1745921856.153913,0,0,2,0,14
1745921856.43397,0,0,0,1,5
1745921856.43397,0,0,0,1,5
1745921856.43397,0,0,0,1,5
1745921857.137497,0,0,0,1,12
1745921857.137497,0,0,0,1,12
1745921857.436527,0,0,0,0,7
1745921857.436527,0,0,0,0,7
1745921857.436527,0,0,0,0,7
1745921858.151453,0,0,0,0,15
1745921858.151453,0,0,0,0,15
1745921858.435634,0,0,0,0,9
1745921858.435634,0,0,0,0,9
1745921858.435634,0,0,0,0,9
1745921859.153113,0,0,0,0,15
1745921859.153113,0,0,0,0,15
1745921859.437248,0,0,0,0,3
1745921859.437248,0,0,0,0,3
1745921859.437248,0,0,0,0,3
1745921860.153486,0,0,0,0,9
1745921860.153486,0,0,0,0,9
1745921860.470778,0,0,0,0,9
1745921860.470778,0,0,0,0,9
1745921860.470778,0,0,0,0,9
1745921861.155191,0,0,0,0,15
1745921861.155191,0,0,0,0,15
1745921861.455096,0,0,0,0,4
1745921861.455096,0,0,0,0,4
1745921861.455096,0,0,0,0,4
1745921862.174277,0,0,2,0,15
1745921862.447929,0,0,0,0,11
1745921862.447929,0,0,0,0,11
1745921862.447929,0,0,0,0,11
1745921862.447929,0,0,0,0,11
1745921863.152567,0,0,2,0,15
1745921863.451944,0,0,1,0,17
1745921863.451944,0,0,1,0,17
1745921863.451944,0,0,1,0,17
1745921863.451944,0,0,1,0,17
1745921864.151503,0,0,0,0,10
1745921864.449231,0,0,0,0,15
1745921864.449231,0,0,0,0,15
1745921864.449231,0,0,0,0,15
1745921864.449231,0,0,0,0,15
1745921865.153162,0,0,0,0,10
1745921865.448332,0,0,0,0,2
1745921865.448332,0,0,0,0,2
1745921865.448332,0,0,0,0,2
1745921865.448332,0,0,0,0,2
1745921866.160027,0,0,2,0,7
1745921866.447995,0,0,0,0,8
1745921866.447995,0,0,0,0,8
1745921866.447995,0,0,0,0,8
1745921866.447995,0,0,0,0,8
1745921867.158335,0,0,0,0,21
1745921867.449127,0,0,0,1,7
1745921867.449127,0,0,0,1,7
1745921867.449127,0,0,0,1,7
1745921867.449127,0,0,0,1,7
1745921868.168308,0,0,0,0,30
1745921868.457977,0,0,0,0,6
1745921868.457977,0,0,0,0,6
1745921868.457977,0,0,0,0,6
1745921868.457977,0,0,0,0,6
1745921869.171323,0,0,0,1,7
1745921869.456709,0,0,1,0,1
1745921869.456709,0,0,1,0,1
1745921869.456709,0,0,1,0,1
1745921870.158987,0,0,1,0,14
1745921870.158987,0,0,1,0,14
1745921870.453075,0,0,0,0,6
1745921870.453075,0,0,0,0,6
1745921870.453075,0,0,0,0,6
1745921871.162377,0,0,0,0,9
1745921871.162377,0,0,0,0,9
1745921871.455592,0,0,0,0,6
1745921871.455592,0,0,0,0,6
1745921871.455592,0,0,0,0,6
1745921872.165103,0,0,0,0,19
1745921872.165103,0,0,0,0,19
1745921872.456148,0,0,0,0,5
1745921872.456148,0,0,0,0,5
1745921872.456148,0,0,0,0,5
1745921873.164964,0,0,1,0,22
1745921873.164964,0,0,1,0,22
1745921873.456054,0,0,0,0,11
1745921873.456054,0,0,0,0,11
1745921873.456054,0,0,0,0,11
1745921874.171787,0,0,0,0,16
1745921874.171787,0,0,0,0,16
1745921874.462148,0,0,0,0,14
1745921874.462148,0,0,0,0,14
1745921874.462148,0,0,0,0,14
1745921875.168947,0,0,1,0,37
1745921875.168947,0,0,1,0,37
1745921875.475255,0,0,0,0,12
1745921875.475255,0,0,0,0,12
1745921875.475255,0,0,0,0,12
1745921876.172619,0,0,0,0,11
1745921876.45987,0,0,0,0,3
1745921876.45987,0,0,0,0,3
1745921876.45987,0,0,0,0,3
1745921876.45987,0,0,0,0,3
1745921877.170601,0,0,1,0,12
1745921877.46225,0,0,0,0,6
1745921877.46225,0,0,0,0,6
1745921877.46225,0,0,0,0,6
1745921877.46225,0,0,0,0,6
1745921878.175925,0,0,0,0,22
1745921878.465774,0,0,0,0,6
