Time,PMT
1755517403.518023,10018
1755517403.621745,9441
1755517403.722508,9993
1755517403.823974,9461
1755517403.924979,9197
1755517404.026291,9742
1755517404.126827,9508
1755517404.227568,9469
1755517404.328158,9732
1755517404.429697,9543
1755517404.530432,9539
1755517404.632156,9859
1755517404.835278,9112
1755517404.936009,1469
1755517405.036739,2769
1755517405.137469,6105
1755517405.238524,9331
1755517405.339723,9120
1755517405.441361,8864
1755517405.542091,9987
1755517405.642822,9292
1755517405.743573,9042
1755517405.844305,9212
1755517405.946032,9417
1755517406.04778,9697
1755517406.149507,9132
1755517406.352958,9407
1755517406.454685,9269
1755517406.555416,9629
1755517406.656653,9166
1755517406.757932,9241
1755517406.858663,9351
1755517406.959393,8904
1755517407.060125,9500
1755517407.160855,9550
1755517407.262031,9033
1755517407.362737,9294
1755517407.566193,8994
1755517407.667063,9209
1755517407.7683,9423
1755517407.869542,9185
1755517407.97127,9299
1755517408.071857,8957
1755517408.173211,9679
1755517408.273941,9212
1755517408.374672,9242
1755517408.475185,8934
1755517408.579051,9427
1755517408.679782,9609
1755517408.782507,9510
1755517408.884235,9564
1755517409.087643,8919
1755517409.189378,8797
1755517409.290847,9293
1755517409.392059,8664
1755517409.493787,9143
1755517409.595023,9897
1755517409.695753,9252
1755517409.796566,9522
1755517409.897811,10015
1755517409.998541,9292
1755517410.099272,9748
1755517410.3088,9529
1755517410.3088,9529
1755517410.530759,9035
1755517410.530759,9035
1755517410.658417,8579
1755517410.759395,8962
1755517410.862628,9176
1755517411.066086,8876
1755517411.167812,9093
1755517411.269511,9344
1755517411.370243,9470
1755517411.471969,8709
1755517411.572701,9639
1755517411.673787,9130
1755517411.774553,8792
1755517411.876281,9171
1755517411.977011,9232
1755517412.077743,8884
1755517412.182108,9143
1755517412.387557,9024
1755517412.488287,9163
1755517412.589019,9371
1755517412.68975,9272
1755517412.790479,9828
1755517412.89121,9024
1755517412.992938,8866
1755517413.097658,10185
1755517413.199388,9564
1755517413.301114,9722
1755517413.401772,9139
1755517413.502531,8842
1755517413.704558,9644
1755517413.80828,9240
1755517413.913,9749
1755517414.014194,9447
1755517414.115578,9794
1755517414.217223,9238
1755517414.319094,9904
1755517414.419965,9299
1755517414.52171,9789
1755517414.622735,9710
1755517414.724201,9796
1755517414.825179,10616
1755517414.926109,8867
1755517415.027501,9783
1755517415.129584,9556
1755517415.335165,9258
1755517415.43669,8983
1755517415.5383,9674
1755517415.639921,8826
1755517415.741348,9267
1755517415.842079,9480
1755517415.943315,9186
1755517416.044048,9917
1755517416.144782,9549
1755517416.245515,9262
1755517416.346246,9014
1755517416.447974,9387
1755517416.651307,9547
1755517416.753302,10020
1755517416.85391,9661
1755517416.954959,9500
1755517417.056191,9838
1755517417.156998,9582
1755517417.258688,9784
1755517417.359836,9303
1755517417.460549,9661
1755517417.562092,9001
1755517417.663449,9214
1755517417.764109,9199
1755517417.966684,9930
1755517418.068096,9919
1755517418.170055,9807
1755517418.271668,9418
1755517418.373235,9757
1755517418.474139,10435
1755517418.575287,9322
1755517418.676204,8967
1755517418.777433,8950
1755517418.878538,9188
1755517418.979464,9135
1755517419.080444,9477
1755517419.28353,9534
1755517419.38515,9525
1755517419.486615,9303
1755517419.587561,9024
1755517419.688267,9582
1755517419.789398,9265
1755517419.890606,8971
1755517419.991945,8723
1755517420.092635,10149
1755517420.193468,9441
1755517420.294359,8979
1755517420.396012,9070
1755517420.497227,9435
1755517420.703106,9298
1755517420.804268,9628
1755517420.905127,9974
1755517421.006067,9332
1755517421.106995,9967
1755517421.208286,9596
1755517421.309106,8946
1755517421.409837,9301
1755517421.511207,9460
1755517421.612519,9525
1755517421.714093,9313
1755517421.815727,8451
1755517421.917971,6944
1755517422.120406,9290
1755517422.221747,9098
1755517422.322713,9250
1755517422.423655,9758
1755517422.524894,9541
1755517422.625752,9538
1755517422.726643,9138
1755517422.828199,9452
1755517422.929237,9451
1755517423.031286,9103
1755517423.133092,9753
1755517423.23488,9663
1755517423.438299,8828
1755517423.539085,9009
1755517423.640007,8788
1755517423.741008,9584
1755517423.842581,9342
1755517423.944112,9524
1755517424.045125,8820
1755517424.146465,9423
1755517424.248022,9324
1755517424.349886,9169
1755517424.450757,9517
1755517424.552144,9212
1755517424.656495,9353
1755517424.858428,9507
1755517424.959182,9101
1755517425.059991,9899
1755517425.161313,9287
1755517425.262471,9233
1755517425.363706,9650
1755517425.464406,9513
1755517425.566032,9721
1755517425.667627,9222
1755517425.768924,9171
1755517425.86997,9470
1755517425.972097,9116
1755517426.074833,9470
1755517426.278228,9340
1755517426.379051,9105
1755517426.480611,9452
1755517426.582099,9153
1755517426.682725,9470
1755517426.78429,9560
1755517426.885843,9246
1755517426.98648,9171
1755517427.087389,9543
1755517427.190271,9481
1755517427.392611,9516
1755517427.493603,8713
1755517427.594956,9225
1755517427.696927,9031
1755517427.797432,9681
1755517427.898709,9607
1755517427.999379,9267
1755517428.100366,8525
1755517428.201842,9322
1755517428.303377,9021
1755517428.404411,9917
1755517428.506556,9381
1755517428.708154,9350
1755517428.809115,9270
1755517428.909956,9341
1755517429.011487,9455
1755517429.113076,8977
1755517429.213803,9471
1755517429.315353,9739
1755517429.416129,9277
1755517429.517821,9459
1755517429.619044,9325
1755517429.720027,9823
1755517429.825271,9425
1755517429.926778,9703
1755517430.028148,9263
1755517430.131414,8839
1755517430.336434,8733
1755517430.437323,8861
1755517430.538293,8656
1755517430.639776,9755
1755517430.74106,9636
1755517430.842536,9371
1755517430.944141,9448
1755517431.045825,9077
1755517431.147103,9152
1755517431.24859,9794
1755517431.35152,9384
1755517431.452774,9026
1755517431.65626,8925
1755517431.758002,9140
1755517431.858926,9730
1755517431.960624,9429
1755517432.061901,8787
1755517432.162777,9219
1755517432.263529,8962
1755517432.364939,9505
1755517432.465983,9055
1755517432.56727,9586
1755517432.668356,9279
1755517432.770027,9324
1755517432.874312,9439
1755517433.078897,9134
1755517433.180158,9292
1755517433.281468,9061
1755517433.383275,9562
1755517433.483847,9724
1755517433.585224,8976
1755517433.686555,9256
1755517433.78809,8923
1755517433.892558,9572
1755517433.994205,9533
1755517434.19934,9071
1755517434.300973,9150
1755517434.402828,8963
1755517434.504416,9656
1755517434.605135,9809
1755517434.710906,9132
1755517434.812095,9240
1755517434.913188,9347
1755517435.01493,9435
1755517435.116832,9371
1755517435.217511,9316
1755517435.320441,9297
1755517435.421944,9457
1755517435.524664,9170
1755517435.626383,9408
1755517435.829336,9372
1755517435.931314,8942
1755517436.032879,9274
1755517436.133794,9314
1755517436.235464,9619
1755517436.341615,8808
1755517436.443404,8900
1755517436.547143,9678
1755517436.648784,9622
1755517436.751142,8909
1755517436.85412,9613
1755517436.958714,9149
1755517437.060132,9554
1755517437.267066,9255
1755517437.367717,9428
1755517437.469061,8880
1755517437.570932,9453
1755517437.6722,9410
1755517437.772929,9788
1755517437.873999,8479
1755517437.975595,9508
1755517438.076806,9208
1755517438.180212,9206
1755517438.281468,9145
1755517438.385354,9183
1755517438.486569,9010
1755517438.693122,9571
1755517438.794005,7850
1755517438.895746,9298
1755517438.996531,9257
1755517439.098276,9425
1755517439.199613,9197
1755517439.300536,9145
1755517439.401203,8731
1755517439.502183,9506
1755517439.603771,8937
1755517439.707072,8818
1755517439.808593,9111
1755517439.911034,9266
1755517440.01662,9095
1755517440.222989,9249
1755517440.324322,9118
1755517440.425815,9527
1755517440.526632,8917
1755517440.628083,8930
1755517440.729201,9315
1755517440.831536,9644
1755517440.933499,9013
1755517441.034695,9585
1755517441.135419,9421
1755517441.339519,9419
1755517441.440182,9427
1755517441.541116,8976
1755517441.641818,9225
1755517441.742767,9133
1755517441.843508,9857
1755517441.945177,9688
1755517442.046409,9285
1755517442.148044,9484
1755517442.249505,9974
1755517442.351001,8542
1755517442.452454,9659
1755517442.554764,8933
1755517442.7563,9556
1755517442.857983,9244
1755517442.959147,9786
1755517443.060744,9567
1755517443.161823,9467
1755517443.262781,9994
1755517443.363385,9144
1755517443.464654,9144
1755517443.566086,10006
1755517443.672141,9165
1755517443.773514,9282
1755517443.875084,9412
1755517443.977985,9523
1755517444.184565,9879
1755517444.286142,9588
1755517444.387252,9158
1755517444.489105,9101
1755517444.589835,9262
1755517444.690566,9440
1755517444.791296,9520
1755517444.892141,9797
1755517444.993165,9354
1755517445.094939,9196
1755517445.300275,9093
1755517445.401671,9024
1755517445.508133,9289
1755517445.609283,9075
1755517445.709948,9794
1755517445.811504,9561
1755517445.913339,9240
1755517446.014153,9214
1755517446.115442,5133
1755517446.216793,1736
1755517446.318224,3835
1755517446.419482,9016
1755517446.521225,9936
1755517446.625796,9084
1755517446.829529,9461
1755517446.930437,9325
1755517447.030988,9288
1755517447.132614,9229
1755517447.233782,9726
1755517447.33507,9063
1755517447.436389,9247
1755517447.537852,9037
1755517447.638684,9153
1755517447.73946,9238
1755517447.840573,9464
1755517447.944927,9343
1755517448.046124,8962
1755517448.24851,9613
1755517448.349434,8887
1755517448.450403,9428
1755517448.552516,9474
1755517448.653275,9458
1755517448.755033,8923
1755517448.856273,9284
1755517448.958131,9591
1755517449.059878,8992
1755517449.168032,9116
1755517449.269542,9555
1755517449.371113,9254
1755517449.57448,9141
1755517449.676105,9613
1755517449.777356,9362
1755517449.878218,9131
1755517449.978791,8998
1755517450.081108,9744
1755517450.188516,9782
1755517450.289211,9583
1755517450.390023,9225
1755517450.491486,9323
1755517450.592036,9637
1755517450.693326,9023
1755517450.794575,9155
1755517450.896158,9223
1755517451.041437,9005
1755517451.147154,9588
1755517451.249575,9109
1755517451.350141,8899
1755517451.450992,9390
1755517451.552684,9273
1755517451.653698,9236
1755517451.755703,9411
1755517451.958193,9488
1755517452.058868,10022
1755517452.160413,9857
1755517452.261204,9008
1755517452.36189,8928
1755517452.463289,8560
1755517452.564157,9705
1755517452.664793,9300
1755517452.765658,9002
1755517452.866293,8704
1755517452.967126,8459
1755517453.170929,9756
1755517453.272008,9675
1755517453.373338,9552
1755517453.475067,9662
1755517453.576252,9339
1755517453.678382,8743
1755517453.780034,9955
1755517453.881448,9495
1755517453.982056,9035
1755517454.083457,9151
1755517454.184714,8799
1755517454.285693,9219
1755517454.4879,8939
1755517454.589631,9072
1755517454.691081,9413
1755517454.792562,9233
1755517454.893271,8906
1755517454.994349,8894
1755517455.095327,9665
1755517455.1969,8880
1755517455.297613,9700
1755517455.398663,9391
1755517455.499908,8839
1755517455.600974,9004
1755517455.701862,9565
1755517455.905324,8658
1755517456.006373,9381
1755517456.107295,9234
1755517456.209248,9269
1755517456.309987,9360
1755517456.41119,9604
1755517456.512667,9164
1755517456.613869,9021
1755517456.715324,9570
1755517456.81721,9628
1755517456.922459,8931
1755517457.028114,8914
1755517457.231532,9210
1755517457.333271,9367
1755517457.43411,8637
1755517457.535971,9326
1755517457.636708,9390
1755517457.737657,8618
1755517457.838741,9437
1755517457.939396,9011
1755517458.040248,7476
1755517458.145621,2144
1755517458.247192,5503
1755517458.349122,9565
1755517458.450129,9613
1755517458.654803,9232
1755517458.756951,9495
1755517458.85819,9117
1755517458.959483,8815
1755517459.060993,9013
1755517459.161537,9458
1755517459.291771,8676
1755517459.398483,8414
1755517459.5,9367
1755517459.601308,8943
1755517459.702575,9519
1755517459.803677,8357
1755517459.905012,9434
1755517460.019572,8819
1755517460.1213,9132
1755517460.223033,9633
1755517460.32405,9711
1755517460.425291,9383
1755517460.530667,9350
1755517460.732543,9557
1755517460.833517,8744
1755517460.934388,9239
1755517461.035937,9817
1755517461.137085,9135
1755517461.237984,9544
1755517461.339443,8978
1755517461.440689,8909
1755517461.542041,9491
1755517461.643136,9337
1755517461.744617,9755
1755517461.846318,9400
1755517461.947656,9137
1755517462.150728,9107
1755517462.252169,10025
1755517462.353385,9771
1755517462.454202,9899
1755517462.555652,9324
1755517462.656523,9536
1755517462.757796,9765
1755517462.858375,8928
1755517462.959102,9669
1755517463.060098,9247
1755517463.161674,9165
1755517463.266055,9101
1755517463.469128,9462
1755517463.571012,9098
1755517463.672655,9110
1755517463.774037,9449
1755517463.875708,9442
1755517463.976659,8915
1755517464.077864,9683
1755517464.178798,9144
1755517464.279684,9030
1755517464.381056,9065
1755517464.481908,10004
1755517464.583276,9273
1755517464.683959,9087
1755517464.78513,8935
1755517464.988052,9647
1755517465.088582,9211
1755517465.189535,9905
1755517465.291357,8986
1755517465.392871,9299
1755517465.494174,9111
1755517465.59539,10097
1755517465.696623,9078
1755517465.798066,9355
1755517465.899125,9073
1755517465.999841,9442
1755517466.20366,9876
1755517466.304514,9389
1755517466.40608,9215
1755517466.507545,9668
1755517466.608551,8870
1755517466.709629,9181
1755517466.810577,9192
1755517466.912015,9118
1755517467.01302,8969
1755517467.113899,9328
1755517467.215604,9517
1755517467.316952,9778
1755517467.519535,9586
1755517467.621045,9447
1755517467.722531,9144
1755517467.823543,9662
1755517467.924494,8786
1755517468.026076,9322
1755517468.127465,9073
1755517468.228574,10048
1755517468.330123,9689
1755517468.431066,8569
1755517468.532078,9107
1755517468.633476,9063
1755517468.734177,10109
1755517468.938239,9123
1755517469.039198,9835
1755517469.140567,9351
1755517469.241782,10205
1755517469.342919,9709
1755517469.443905,9209
1755517469.544895,9416
1755517469.646507,9398
1755517469.747321,9502
1755517469.848666,9018
1755517469.949641,9784
1755517470.050979,9473
1755517470.152466,9193
1755517470.257458,9381
1755517470.459548,9371
1755517470.561059,9210
1755517470.662769,8809
1755517470.764288,8825
1755517470.865414,9354
1755517470.966989,9716
1755517471.067717,8736
1755517471.168448,8914
1755517471.269199,9181
1755517471.374106,9579
1755517471.47508,10081
1755517471.679023,9733
1755517471.780723,9744
1755517471.881547,9948
1755517471.982254,9224
1755517472.083444,9279
1755517472.18417,9381
1755517472.28518,8989
1755517472.385951,9228
1755517472.486985,8878
1755517472.587889,9732
1755517472.68947,9194
1755517472.791585,9626
1755517472.994106,9408
1755517473.095926,8780
1755517473.197387,9678
1755517473.298727,9413
1755517473.400052,9208
1755517473.501795,10054
1755517473.602884,9338
1755517473.704179,9348
1755517473.805768,8652
1755517473.906881,8188
1755517474.008736,7461
1755517474.113849,9389
1755517474.215996,9496
1755517474.420515,8790
1755517474.521056,8792
1755517474.623019,9557
1755517474.723838,9472
1755517474.824709,8783
1755517474.926093,9301
1755517475.027578,9893
1755517475.128969,9636
1755517475.229859,8543
1755517475.330665,9711
1755517475.431385,9531
1755517475.536878,9223
1755517475.64067,9104
1755517475.843534,8787
1755517475.944997,8752
1755517476.046522,9455
1755517476.147539,9453
1755517476.249134,9419
1755517476.349932,9752
1755517476.450789,9567
1755517476.552085,9240
1755517476.653807,9958
1755517476.754781,8645
1755517476.855526,9320
1755517476.958258,8944
1755517477.058972,9005
1755517477.263155,8882
1755517477.36414,9021
1755517477.465419,9567
1755517477.566959,9218
1755517477.668984,9232
1755517477.770104,9523
1755517477.870826,9402
1755517477.971604,9168
1755517478.072112,9680
1755517478.173019,9087
1755517478.375877,9165
1755517478.476883,9474
1755517478.578093,9495
1755517478.679819,8876
1755517478.780507,9693
1755517478.881918,9535
1755517478.982922,8831
1755517479.084119,9565
1755517479.185662,9188
1755517479.28642,9150
1755517479.387949,9041
1755517479.489262,8814
1755517479.691317,9465
1755517479.792092,9327
1755517479.893121,9650
1755517479.993763,9101
1755517480.094807,8857
1755517480.195418,9402
1755517480.296568,9154
1755517480.397106,9280
1755517480.497778,9267
1755517480.598979,9061
1755517480.70011,9304
1755517480.801897,9333
1755517481.00377,9331
1755517481.10585,8806
1755517481.207019,9241
1755517481.308392,9351
1755517481.410017,9121
1755517481.511062,9233
1755517481.612009,9212
1755517481.71275,9291
1755517481.814172,9800
1755517481.914854,9703
1755517482.015959,9287
1755517482.117444,8434
1755517482.218416,2218
1755517482.326252,4395
1755517482.430431,9147
1755517482.634032,9115
1755517482.735002,9676
1755517482.83623,8752
1755517482.937178,8657
1755517483.03916,9109
1755517483.140144,8743
1755517483.241407,9490
1755517483.341993,9464
1755517483.443479,9094
1755517483.544176,8818
1755517483.645448,9430
1755517483.749336,10068
1755517483.952033,8858
1755517484.052828,9296
1755517484.153618,10139
1755517484.254814,9200
1755517484.355551,9043
1755517484.456695,9254
1755517484.557863,8668
1755517484.659212,9008
1755517484.760209,9267
1755517484.861123,9304
1755517484.962099,9219
1755517485.063811,9222
1755517485.265871,9264
1755517485.366681,9215
1755517485.467754,9339
1755517485.569915,9387
1755517485.671151,9680
1755517485.772173,9443
1755517485.873612,8704
1755517485.974462,9271
1755517486.07516,9156
1755517486.176594,5441
1755517486.277896,9190
1755517486.378973,9388
1755517486.581664,9233
1755517486.682401,8914
1755517486.783485,9041
1755517486.885145,8921
1755517486.987859,8509
1755517487.089552,9430
1755517487.191171,9565
1755517487.292526,9343
1755517487.393814,1066
1755517487.494485,1658
1755517487.602085,2016
1755517487.703572,2690
1755517487.804518,7102
1755517488.006581,9232
1755517488.10841,9368
1755517488.20974,9207
1755517488.310356,9501
1755517488.411263,9493
1755517488.513119,9258
1755517488.613836,9184
1755517488.715326,9360
1755517488.81684,9732
1755517488.919959,9212
1755517489.021929,9081
1755517489.122909,9081
1755517489.326224,9451
1755517489.427682,9698
1755517489.528532,9717
1755517489.630062,9022
1755517489.730836,8950
1755517489.831903,9063
1755517489.9326,9384
1755517490.03345,9023
1755517490.134134,9207
1755517490.235989,9670
1755517490.336749,9577
1755517490.442878,8875
1755517490.544346,8741
1755517490.650032,9102
1755517490.855775,9161
1755517490.957186,9269
1755517491.058079,9059
1755517491.159574,9438
1755517491.260515,9203
1755517491.361155,8734
1755517491.46235,9150
1755517491.563741,9280
1755517491.664374,8724
1755517491.765468,9021
1755517491.870005,9106
1755517491.971266,9213
1755517492.072329,9261
1755517492.274907,9139
1755517492.376528,8600
1755517492.4771,8889
1755517492.577672,9853
1755517492.679183,9397
1755517492.780388,9001
1755517492.881864,8898
1755517492.982898,9214
1755517493.084306,9141
1755517493.185981,9333
1755517493.287388,9338
1755517493.389573,9101
1755517493.492527,9140
1755517493.696118,10138
1755517493.797258,9224
1755517493.898032,9923
1755517493.99931,9350
1755517494.100528,8555
1755517494.202019,8867
1755517494.303153,9077
1755517494.404102,8885
1755517494.505234,9037
1755517494.608476,8727
1755517494.714087,9156
1755517494.816344,9016
1755517494.919839,8705
1755517495.122097,8649
1755517495.223173,9339
1755517495.324211,9372
1755517495.424897,9177
1755517495.526093,9288
1755517495.626962,9061
1755517495.728076,8841
1755517495.829567,8798
1755517495.930648,8626
1755517496.032102,9225
1755517496.13428,9823
1755517496.235028,9628
1755517496.341365,8952
1755517496.543976,9328
1755517496.645362,9439
1755517496.746924,9294
1755517496.848077,9114
1755517496.949055,9447
1755517497.050666,8827
1755517497.151704,9481
1755517497.252929,9068
1755517497.354005,9102
1755517497.455595,9558
1755517497.558437,9072
1755517497.659595,8887
1755517497.764561,9422
1755517497.871673,9459
1755517497.972677,9672
1755517498.175242,9842
1755517498.276271,8641
1755517498.377312,8828
1755517498.478779,9323
1755517498.579606,8648
1755517498.680773,8322
1755517498.78163,9558
1755517498.88281,9359
1755517498.984092,9508
1755517499.085798,9183
1755517499.188361,8921
1755517499.291364,9339
1755517499.493933,9584
1755517499.594585,9329
1755517499.696238,9345
1755517499.797132,9396
1755517499.899436,9012
1755517499.999967,8773
1755517500.101204,8959
1755517500.202298,9308
1755517500.303367,9092
1755517500.406832,9154
1755517500.507835,8653
1755517500.609369,9001
1755517500.811553,9210
1755517500.912819,9252
1755517501.014262,8990
1755517501.115444,9369
1755517501.21734,9156
1755517501.319157,8790
1755517501.420974,9301
1755517501.523051,8689
1755517501.623989,9104
1755517501.725016,9274
1755517501.826026,9306
1755517501.928496,8656
1755517502.031035,8562
1755517502.234064,9574
1755517502.335192,9275
1755517502.436168,8526
1755517502.537968,8998
1755517502.638967,8950
1755517502.740233,9312
1755517502.840988,9577
1755517502.942179,9081
1755517503.043738,9541
1755517503.144648,9592
1755517503.247367,9183
1755517503.348865,9359
1755517503.450057,9397
1755517503.553296,9442
1755517503.757365,8763
1755517503.857901,9349
1755517503.958882,9259
1755517504.060151,9400
1755517504.161925,9147
1755517504.263082,9065
1755517504.364078,9535
1755517504.465635,9058
1755517504.566962,9178
1755517504.667507,9627
1755517504.769134,9505
1755517504.872029,9198
1755517505.075642,9117
1755517505.176584,9629
1755517505.277433,8884
1755517505.379494,10003
1755517505.481223,9928
1755517505.58395,8904
1755517505.684681,9103
1755517505.78552,9510
1755517505.88625,9222
1755517505.990481,9492
1755517506.092209,8856
1755517506.195931,9438
1755517506.397857,9744
1755517506.499079,9029
1755517506.601028,8945
1755517506.70207,9649
1755517506.803452,9646
1755517506.904938,9538
1755517507.005778,8885
1755517507.107396,9102
1755517507.208249,9151
1755517507.309652,9398
1755517507.410969,8725
1755517507.512126,9302
1755517507.615928,2324
1755517507.817211,307
1755517507.918734,206
1755517508.019743,257
1755517508.121091,286
1755517508.222804,186
1755517508.323722,247
1755517508.424475,208
1755517508.525884,335
1755517508.627424,295
1755517508.728879,226
1755517508.830687,186
1755517509.035095,346
1755517509.136602,236
1755517509.237884,306
1755517509.339226,335
1755517509.44003,277
1755517509.541738,344
1755517509.642826,346
1755517509.744073,355
1755517509.84511,455
1755517509.946212,375
1755517510.047634,423
1755517510.150087,439
1755517510.253098,805
1755517510.354473,680
1755517510.558445,746
1755517510.660212,1071
1755517510.761207,1188
1755517510.862369,1522
1755517510.963767,2002
1755517511.064759,2871
1755517511.165363,6798
1755517511.265926,9715
1755517511.367014,9160
1755517511.468419,9338
1755517511.572132,9169
1755517511.673506,9509
1755517511.774356,9380
1755517511.977703,9489
1755517512.078535,9907
1755517512.179998,9087
1755517512.281061,9043
1755517512.381707,9419
1755517512.483605,9480
1755517512.585393,8851
1755517512.686641,9639
1755517512.788061,9278
1755517512.890253,9237
1755517513.092578,8894
1755517513.194143,9816
1755517513.295405,9697
1755517513.396758,8682
1755517513.498153,9369
1755517513.599128,9319
1755517513.700636,9398
1755517513.801682,9183
1755517513.902735,9470
1755517514.005044,9530
1755517514.10656,9308
1755517514.20799,9336
1755517514.314919,9164
1755517514.416082,8926
1755517514.620795,9228
1755517514.721524,9093
1755517514.823089,9058
1755517514.924399,8972
1755517515.025529,9314
1755517515.126418,9039
1755517515.227166,9062
1755517515.328343,9666
1755517515.429397,8985
1755517515.530527,9374
1755517515.636195,8684
1755517515.741154,9098
1755517515.842261,8585
1755517516.044717,9513
1755517516.146049,9335
1755517516.247555,9033
1755517516.349043,8730
1755517516.450036,8743
1755517516.551382,9551
1755517516.652419,9560
1755517516.753845,9179
1755517516.854441,9095
1755517516.955305,9894
1755517517.056054,9548
1755517517.158981,10036
1755517517.362336,9110
1755517517.464471,9017
1755517517.56605,9450
1755517517.666688,9896
1755517517.767758,9696
1755517517.868924,9252
1755517517.9704,9736
1755517518.071407,9128
1755517518.172908,9221
1755517518.274361,9738
1755517518.375871,9476
1755517518.479229,9066
1755517518.579971,9181
1755517518.681652,8920
1755517518.886247,9411
1755517518.987897,9355
1755517519.089298,9033
1755517519.190629,8792
1755517519.292182,9197
1755517519.394065,9559
1755517519.495084,9532
1755517519.595743,9656
1755517519.697442,9203
1755517519.798336,8850
1755517519.900093,9296
1755517520.001816,9545
1755517520.102511,8838
1755517520.306944,8809
1755517520.407968,8978
1755517520.509196,9078
1755517520.609814,9759
1755517520.711079,9302
1755517520.812357,8935
1755517520.913863,8718
1755517521.015197,8516
1755517521.116748,9157
1755517521.218055,9999
1755517521.31889,9054
1755517521.422951,9372
1755517521.528009,8652
1755517521.730732,9185
1755517521.832205,9302
1755517521.933719,9190
1755517522.034773,8549
1755517522.135859,9388
1755517522.236671,9522
1755517522.338039,9322
1755517522.439019,9784
1755517522.53989,9497
1755517522.640996,8941
1755517522.743149,9025
1755517522.8441,8637
1755517523.047044,9589
1755517523.147875,9124
1755517523.249597,9437
1755517523.350577,9160
1755517523.451783,8784
1755517523.552973,9141
1755517523.654216,8859
1755517523.755661,9473
1755517523.856865,9238
1755517523.95845,9391
1755517524.060004,8891
1755517524.161781,9520
1755517524.267392,9591
1755517524.373087,8850
1755517524.576827,8668
1755517524.678505,9107
1755517524.779934,9928
1755517524.88083,8811
1755517524.981868,9036
1755517525.08256,9543
1755517525.183778,9652
1755517525.285304,9465
1755517525.386164,9419
1755517525.486984,9442
1755517525.587876,9227
1755517525.821539,6962
1755517525.923031,8788
1755517526.024041,9434
1755517526.125008,9339
1755517526.32905,9065
1755517526.42991,9280
1755517526.53202,8667
1755517526.633254,8633
1755517526.734615,9234
1755517526.835493,9357
1755517526.936997,8778
1755517527.037964,9062
1755517527.139321,9145
1755517527.239889,9167
1755517527.341035,9056
1755517527.442531,9389
1755517527.543432,8979
1755517527.647021,9614
1755517527.850202,9874
1755517527.951196,8535
1755517528.052261,9142
1755517528.153104,9480
1755517528.254493,9744
1755517528.355362,8922
1755517528.457191,8857
1755517528.558513,8793
1755517528.659853,9078
1755517528.761053,9367
1755517528.862067,9464
1755517528.962794,8597
1755517529.166582,9517
1755517529.267793,9208
1755517529.368672,9278
1755517529.469441,9526
1755517529.570586,9194
1755517529.671526,9054
1755517529.772581,8876
1755517529.873509,9680
1755517529.974581,9151
1755517530.075589,9019
1755517530.176442,9013
1755517530.278113,9097
1755517530.480109,9461
1755517530.580971,9607
1755517530.681793,9065
1755517530.783102,8883
1755517530.884366,9174
1755517530.985803,8803
1755517531.086573,9000
1755517531.188022,9433
1755517531.289065,9679
1755517531.389796,9292
1755517531.491525,9212
1755517531.594986,8930
1755517531.796813,9052
1755517531.897721,9800
1755517531.999203,8513
1755517532.100321,9048
1755517532.201726,9309
1755517532.302652,9402
1755517532.404038,9458
1755517532.505567,9317
1755517532.606773,8487
1755517532.70878,9352
1755517532.813826,9291
1755517532.91558,9110
1755517533.119159,8799
1755517533.219964,9751
1755517533.321513,9601
1755517533.422977,9796
1755517533.523918,9550
1755517533.625229,9041
1755517533.726012,8463
1755517533.827347,9078
1755517533.928977,9455
1755517534.030142,9499
1755517534.132128,9118
1755517534.232958,9074
1755517534.335629,9617
1755517534.543303,9212
1755517534.645541,9125
1755517534.746461,9532
1755517534.847784,9375
1755517534.949116,9217
1755517535.050368,9283
1755517535.152114,9140
1755517535.253015,9712
1755517535.354167,9312
1755517535.455425,9036
1755517535.556546,9632
1755517535.658,9225
1755517535.762622,8784
1755517535.868162,9512
1755517535.971373,9705
1755517536.174982,9464
1755517536.276115,9650
1755517536.376878,8981
1755517536.477929,9589
1755517536.578659,8895
1755517536.67939,9887
1755517536.780126,8825
1755517536.881848,8985
1755517536.982579,9470
1755517537.083309,8795
1755517537.184385,9428
1755517537.388436,8951
1755517537.489425,9466
1755517537.59005,9401
1755517537.691163,9484
1755517537.792115,9291
1755517537.893141,8928
1755517537.994494,9274
1755517538.095561,9360
1755517538.196275,9045
1755517538.297832,7631
1755517538.399128,9358
1755517538.500676,9000
1755517538.604062,9933
1755517538.708115,9373
1755517538.911906,9024
1755517539.013019,8999
1755517539.113849,9163
1755517539.215161,9248
1755517539.316278,9216
1755517539.418081,9685
1755517539.518996,9384
1755517539.620345,9018
1755517539.721258,9473
1755517539.822963,9252
1755517539.924041,9359
1755517540.126331,9531
1755517540.227745,9012
1755517540.32886,8811
1755517540.42954,9773
1755517540.530653,9721
1755517540.631844,9230
1755517540.733117,9538
1755517540.834612,9340
1755517540.935296,8968
1755517541.036753,9097
1755517541.137552,9266
1755517541.238416,9111
1755517541.440179,9058
1755517541.541563,9564
1755517541.642131,9674
1755517541.743631,9320
1755517541.844398,9814
1755517541.945756,8859
1755517542.047395,9110
1755517542.148496,9564
1755517542.249388,9217
1755517542.350607,8763
1755517542.453666,9450
1755517542.555725,9964
1755517542.657261,9740
1755517542.759476,9168
1755517542.961869,8922
1755517543.062647,9873
1755517543.163587,8777
1755517543.265006,9150
1755517543.366757,8786
1755517543.467718,9112
1755517543.569334,9486
1755517543.670138,8719
1755517543.771417,9409
1755517543.873951,9304
1755517543.975672,9064
1755517544.078495,8996
1755517544.180539,9760
1755517544.383505,9388
1755517544.48469,8706
1755517544.585619,9293
1755517544.686507,8554
1755517544.787624,9434
1755517544.88838,8862
1755517544.98951,9018
1755517545.09118,9526
1755517545.192515,9335
1755517545.296682,8822
1755517545.397526,9172
1755517545.498528,9445
1755517545.701913,9366
1755517545.803027,8505
1755517545.904653,9515
1755517546.005905,9343
1755517546.106982,9230
1755517546.208377,9122
1755517546.309298,9938
1755517546.410128,9153
1755517546.510918,9356
1755517546.612461,9109
1755517546.715809,9743
1755517546.816744,9421
1755517546.919958,9165
1755517547.024593,8849
1755517547.230575,9089
1755517547.332047,9283
1755517547.433736,9116
1755517547.535564,9447
1755517547.636415,9052
1755517547.737499,9348
1755517547.839582,9051
1755517547.940895,9051
1755517548.041442,8891
1755517548.143188,8806
1755517548.244745,9354
1755517548.347838,9079
1755517548.452942,8724
1755517548.558754,8760
1755517548.663813,9375
1755517548.866654,8434
1755517548.968131,9006
1755517549.069061,9769
1755517549.170026,9161
1755517549.271241,9395
1755517549.371926,9604
1755517549.472816,9693
1755517549.573568,9022
1755517549.675196,9977
1755517549.77671,9348
1755517549.878844,9017
1755517549.984641,9045
1755517550.187163,9513
1755517550.288366,9614
1755517550.389252,9317
1755517550.490383,9205
1755517550.591169,8919
1755517550.692203,8314
1755517550.793973,9295
1755517550.895199,9404
1755517550.995971,8692
1755517551.096894,9571
1755517551.197833,8955
1755517551.298722,8752
1755517551.401873,9044
1755517551.503577,9517
1755517551.707612,9004
1755517551.808985,8996
1755517551.909627,7929
1755517552.010259,9529
1755517552.110889,10096
1755517552.211918,9452
1755517552.312457,8762
1755517552.413205,8585
1755517552.51411,9077
1755517552.619214,8905
1755517552.7201,9000
1755517552.826481,9269
1755517553.030868,8834
1755517553.132783,9164
1755517553.234534,9149
1755517553.335637,9307
1755517553.436776,9195
1755517553.537976,9041
1755517553.638835,9369
1755517553.740087,9955
1755517553.840881,9246
1755517553.94267,9450
1755517554.04396,9288
1755517554.245739,8836
1755517554.347187,8989
1755517554.448057,9031
1755517554.549333,8718
1755517554.650146,9592
1755517554.751164,9166
1755517554.852409,9027
1755517554.953098,9007
1755517555.053908,8858
1755517555.15494,9581
1755517555.255949,9028
1755517555.35694,9515
1755517555.458965,9066
1755517555.559881,9146
1755517555.763155,9653
1755517555.864114,9538
1755517555.96484,9024
1755517556.066594,8943
1755517556.167449,9518
1755517556.268545,8397
1755517556.369739,9170
1755517556.471212,8869
1755517556.57216,9450
1755517556.673345,9181
1755517556.875895,9542
1755517556.875895,9542
1755517556.977737,8914
1755517557.181391,8997
1755517557.284064,9291
1755517557.386003,9780
1755517557.48955,9232
1755517557.591229,9284
1755517557.692767,9326
1755517557.793973,9851
1755517557.894888,9076
1755517557.995647,9378
1755517558.096906,9233
1755517558.201039,9439
1755517558.302022,9516
1755517558.406538,9539
1755517558.512718,9178
1755517558.71635,9342
1755517558.817134,8949
1755517558.918476,9541
1755517559.019982,8817
1755517559.120867,8990
1755517559.221484,9352
1755517559.32341,9222
1755517559.424188,8960
1755517559.52479,8906
1755517559.62609,8618
1755517559.726881,9028
1755517559.830049,8820
1755517559.932093,8731
1755517560.135138,8827
1755517560.236574,9207
1755517560.337475,9702
1755517560.438708,9739
1755517560.539383,8750
1755517560.640591,8299
1755517560.74196,8760
1755517560.843541,9096
1755517560.945255,8396
1755517561.046358,8071
1755517561.14981,9337
1755517561.250629,9650
1755517561.353543,8997
1755517561.556586,9351
1755517561.658113,8785
1755517561.759531,9101
1755517561.860725,9200
1755517561.961561,9084
1755517562.063102,9523
1755517562.164582,9213
1755517562.265961,9380
1755517562.366943,9239
1755517562.467669,8240
1755517562.570015,9028
1755517562.670626,9462
1755517562.872679,8178
1755517562.974814,8802
1755517563.075498,8760
1755517563.176386,9406
1755517563.277747,8790
1755517563.379494,9209
1755517563.480554,9509
1755517563.582022,9214
1755517563.68349,9392
1755517563.787219,8666
1755517563.891164,8937
1755517563.996981,9176
1755517564.097909,9432
1755517564.199102,9140
1755517564.401081,8835
1755517564.502161,9091
1755517564.60279,9331
1755517564.704288,9005
1755517564.805601,9238
1755517564.906994,8669
1755517565.008679,8791
1755517565.109346,9129
1755517565.210101,8664
1755517565.310809,8748
1755517565.415515,9327
1755517565.521563,9129
1755517565.627622,9389
1755517565.731346,9432
1755517565.835633,8841
1755517566.039277,9392
1755517566.140602,9819
1755517566.241995,9616
1755517566.342891,9504
1755517566.444896,8793
1755517566.54579,9177
1755517566.647126,9374
1755517566.747939,8917
1755517566.849209,8926
1755517566.95021,9366
1755517567.051562,9195
1755517567.155569,9824
1755517567.258019,9097
1755517567.461837,8663
1755517567.562589,9041
1755517567.663321,9550
1755517567.765048,9043
1755517567.865778,9649
1755517567.967022,8415
1755517568.068749,9142
1755517568.16948,10135
1755517568.27021,9173
1755517568.370941,9024
1755517568.472061,9612
1755517568.572821,8872
1755517568.774123,9025
1755517568.87573,8956
1755517568.976503,9327
1755517569.077763,9668
1755517569.178919,8926
1755517569.279728,9374
1755517569.380739,9484
1755517569.481642,9256
1755517569.582939,9250
1755517571.150239,9072
1755517571.150239,9072
1755517571.250997,8624
1755517571.352504,8748
1755517571.453123,9481
1755517571.554154,9521
1755517571.655622,8790
1755517571.757085,9845
1755517571.857845,9487
1755517571.960566,9374
1755517572.164139,9271
1755517572.265697,9393
1755517572.36668,8813
1755517572.467557,9248
1755517572.56874,8647
1755517572.669945,9070
1755517572.770829,9565
1755517572.872007,9428
1755517572.972929,9423
1755517573.075187,9006
1755517573.176894,9429
1755517573.277629,9530
1755517573.382157,9184
1755517573.585148,9784
1755517573.685951,9335
1755517573.787572,8866
1755517573.888104,9002
1755517573.989,9435
1755517574.090191,9388
1755517574.191228,8897
1755517574.292778,9453
1755517574.393914,9452
1755517574.494616,9741
1755517574.596174,8605
1755517574.799325,8811
1755517574.900296,9428
1755517575.001103,9513
1755517575.102116,8988
1755517575.20374,8560
1755517575.305107,9006
1755517575.405949,8785
1755517575.506628,9138
1755517575.607436,9364
1755517575.708047,9482
1755517575.809692,9247
1755517575.911218,9081
1755517576.113739,9352
1755517576.214824,9289
1755517576.316049,8900
1755517576.416793,9836
1755517576.51813,9275
1755517576.619379,8652
1755517576.720359,8843
1755517576.821835,8681
1755517576.923544,8779
1755517577.025193,9267
1755517577.12584,8822
1755517577.226949,9148
1755517577.32784,8950
1755517577.429147,9298
1755517577.631206,9091
1755517577.732139,8560
1755517577.833175,8947
1755517577.935085,8929
1755517578.036827,8895
1755517578.137718,9148
1755517578.238575,8507
1755517578.339502,4399
1755517578.440805,9259
1755517578.542114,9436
1755517578.642814,9900
1755517578.746045,8764
1755517578.848159,9920
1755517579.051334,9405
1755517579.152371,9353
1755517579.25313,9031
1755517579.354139,8484
1755517579.455151,9573
1755517579.556582,9365
1755517579.65798,9556
1755517579.758844,9111
1755517579.860357,9407
1755517579.962015,9089
1755517580.06269,9396
1755517580.165281,9104
1755517580.368917,9623
1755517580.469831,9225
1755517580.570813,9486
1755517580.671999,9625
1755517580.773027,8443
1755517580.873609,9047
1755517580.975389,9157
1755517581.076884,9054
1755517581.178127,8662
1755517581.278814,8908
1755517581.380646,9466
1755517581.481373,8875
1755517581.583494,9469
1755517581.787151,9078
1755517581.888314,9815
1755517581.989956,9189
1755517582.090661,9145
1755517582.192337,9363
1755517582.293211,8713
1755517582.394712,8561
1755517582.495519,8610
1755517582.596218,9017
1755517582.697163,9292
1755517582.79844,9241
1755517582.899714,9163
1755517583.00216,9009
1755517583.20537,8837
1755517583.306477,9761
1755517583.407064,8768
1755517583.50862,9039
1755517583.610042,5314
1755517583.710749,2959
1755517583.812077,6622
1755517583.913713,9701
1755517584.015226,8836
1755517584.116699,9332
1755517584.218361,8665
1755517584.31933,9646
1755517584.523046,9392
1755517584.625093,8652
1755517584.725796,8718
1755517584.826476,9406
1755517584.92773,8305
1755517585.029404,9550
1755517585.130517,9860
1755517585.231429,9097
1755517585.332335,9246
1755517585.433509,8984
1755517585.534358,9340
1755517585.638198,8879
1755517585.739115,9106
1755517585.944432,8831
1755517586.045128,8530
1755517586.146017,9158
1755517586.247099,9141
1755517586.348782,9313
1755517586.449902,9068
1755517586.551208,9298
1755517586.652115,9077
1755517586.753492,8759
1755517586.854457,9250
1755517586.956355,9126
1755517587.15917,9001
1755517587.260024,9231
1755517587.361309,9349
1755517587.462386,8815
1755517587.56378,8955
1755517587.66508,9684
1755517587.766247,9538
1755517587.867734,9557
1755517587.968435,8758
1755517588.069292,9478
1755517588.170165,9625
1755517588.271111,9351
1755517588.37216,8936
1755517588.575871,9555
1755517588.677189,9504
1755517588.777966,9347
1755517588.879142,8964
1755517588.980197,9559
1755517589.081211,9236
1755517589.182666,9265
1755517589.284256,9558
1755517589.385472,6975
1755517589.486133,8255
1755517589.587674,10143
1755517589.692294,9099
1755517589.896109,8841
1755517589.997191,9329
1755517590.098562,8898
1755517590.199135,9485
1755517590.300746,9044
1755517590.401594,9162
1755517590.502724,9245
1755517590.60384,8940
1755517590.70509,8602
1755517590.806782,9285
1755517590.907135,9307
1755517591.008748,9231
1755517591.113458,9158
1755517591.31814,9467
1755517591.419064,9631
1755517591.520658,9085
1755517591.622043,9419
1755517591.723771,9554
1755517591.824502,8974
1755517591.925232,9302
1755517592.026962,9367
1755517592.128203,9363
1755517592.232342,9471
1755517592.334159,8809
1755517592.435726,9668
1755517592.536365,6985
1755517592.740433,9568
1755517592.841609,9508
1755517592.943412,9066
1755517593.044865,8861
1755517593.146595,9446
1755517593.247508,9126
1755517593.349231,9594
1755517593.450208,8546
1755517593.550944,9063
1755517593.651654,9085
1755517593.75327,9447
1755517593.95508,9021
1755517594.056217,9393
1755517594.157114,9623
1755517594.258751,9504
1755517594.360067,9268
1755517594.460832,9150
1755517594.562064,9097
1755517594.663089,8968
1755517594.76455,8830
1755517594.865981,8932
1755517594.967101,9483
1755517595.067925,8837
1755517595.171446,9312
1755517595.276204,9202
1755517595.479763,9036
1755517595.581479,9919
1755517595.682171,9692
1755517595.78316,8842
1755517595.883891,9460
1755517595.984894,9385
1755517596.085842,8757
1755517596.187506,9137
1755517596.288799,9220
1755517596.390324,9268
1755517596.496062,8714
1755517596.597684,8492
1755517596.702204,9194
1755517596.804619,8885
1755517597.006273,8839
1755517597.107611,9147
1755517597.214246,9110
1755517597.315974,9161
1755517597.417816,8876
1755517597.518693,9258
1755517597.619844,8610
1755517597.720823,8595
1755517597.822304,8671
1755517597.923852,9246
1755517598.024647,9405
1755517598.125513,8863
1755517598.228676,8879
1755517598.43187,9600
1755517598.533479,9497
1755517598.635021,9296
1755517598.735642,9451
1755517598.837075,9503
1755517598.938625,8862
1755517599.039611,8446
1755517599.14147,9170
1755517599.243197,9083
1755517599.344926,9043
1755517599.44603,9287
1755517599.547758,8709
1755517599.649486,8837
1755517599.852943,9247
1755517599.953548,9591
1755517600.054324,9119
1755517600.155132,9890
1755517600.256818,8673
1755517600.358096,8600
1755517600.459534,9562
1755517600.56032,8989
1755517600.6618,9174
1755517600.763133,8723
1755517600.965229,9189
1755517601.067026,9430
1755517601.167998,9240
1755517601.268601,8558
1755517601.369476,9367
1755517601.470143,9168
1755517601.571665,8589
1755517601.672556,9267
1755517601.774322,8853
1755517601.875776,9462
1755517601.978603,8869
1755517602.079865,8650
1755517602.180953,9496
1755517602.286677,8717
1755517602.48914,9448
1755517602.590193,8737
1755517602.691733,9503
1755517602.792408,8681
1755517602.893374,9022
1755517602.99499,8935
1755517603.096126,9640
1755517603.196674,9129
1755517603.297984,9594
1755517603.401865,8586
1755517603.503739,8569
1755517603.605714,8546
1755517603.710576,8815
1755517603.912971,8733
1755517604.013611,9320
1755517604.114926,9060
1755517604.216083,8491
1755517604.316815,9182
1755517604.418007,9259
1755517604.519244,8761
1755517604.620237,9149
1755517604.720933,9017
1755517604.827923,9412
1755517604.929567,8647
1755517605.03465,9525
1755517605.139805,9129
1755517605.241003,9120
1755517605.444619,9348
1755517605.545757,9185
1755517605.646856,8991
1755517605.748056,9288
1755517605.849591,9435
1755517605.950342,9349
1755517606.05119,9360
1755517606.152241,9282
1755517606.253686,8970
1755517606.355184,9320
1755517606.456503,8853
1755517606.557829,9306
1755517606.659566,9906
1755517606.863141,9023
1755517606.96405,10345
1755517607.06489,8915
1755517607.166068,9893
1755517607.267154,9447
1755517607.367827,8939
1755517607.469153,9336
1755517607.570217,8568
1755517607.6714,8706
1755517607.772373,9249
1755517607.873548,8944
1755517607.975995,9517
1755517608.17942,9442
1755517608.280436,8810
1755517608.381769,9345
1755517608.48276,9218
1755517608.584363,8612
1755517608.685006,9936
1755517608.785926,9780
1755517608.887639,9418
1755517608.988708,9181
1755517609.090473,9069
1755517609.293114,9024
1755517609.394648,8972
1755517609.495477,8965
1755517609.596469,9050
1755517609.697601,8582
1755517609.798228,9182
1755517609.899848,9574
1755517610.000863,9364
1755517610.102819,9337
1755517610.204131,9495
1755517610.306482,9262
1755517610.407758,8778
1755517610.509874,9395
1755517610.712314,8589
1755517610.813005,9563
1755517610.914363,9727
1755517611.015269,8760
1755517611.116503,9561
1755517611.217881,9528
1755517611.318811,9323
1755517611.419593,8543
1755517611.520681,9338
1755517611.621968,8688
1755517611.724222,9016
1755517611.82541,8627
1755517612.028026,9470
1755517612.129752,8785
1755517612.230947,8775
1755517612.332289,8752
1755517612.433052,9735
1755517612.534093,8719
1755517612.635412,9692
1755517612.736178,8981
1755517612.837026,8934
1755517612.937667,8515
1755517613.038613,9103
1755517613.141105,9576
1755517613.243106,9573
1755517613.446264,9539
1755517613.549056,9932
1755517613.650918,8933
1755517613.753002,9355
1755517613.854323,9208
1755517613.955218,9009
1755517614.056636,8805
1755517614.158192,9364
1755517614.25914,8826
1755517614.360398,8759
1755517614.46166,9016
1755517614.563934,8662
1755517614.665134,8873
1755517614.767349,8911
1755517614.973255,8684
1755517615.075052,8831
1755517615.17573,9187
1755517615.27714,9091
1755517615.377845,8420
1755517615.478894,9767
1755517615.579736,9668
1755517615.681186,8477
1755517615.782591,9141
1755517615.985119,9226
1755517615.985119,9226
1755517616.187483,8935
1755517616.288298,8828
1755517616.390406,9712
1755517616.496291,9859
1755517616.59825,8863
1755517616.699214,9052
1755517616.802258,8946
1755517616.903551,8914
1755517617.004796,9659
1755517617.105866,9419
1755517617.206841,8932
1755517617.308014,9271
1755517617.411433,9118
1755517617.512994,9275
1755517617.614017,9136
1755517617.818347,8829
1755517617.91915,8591
1755517618.020486,9147
1755517618.121974,9518
1755517618.223263,9181
1755517618.324793,9169
1755517618.425453,9219
1755517618.526615,9222
1755517618.627766,9006
1755517618.729126,8731
1755517618.830744,8738
1755517618.935485,9041
1755517619.137913,9430
1755517619.239555,9031
1755517619.340306,8833
1755517619.441677,9332
1755517619.542807,9146
1755517619.643756,9856
1755517619.745023,9242
1755517619.845963,9698
1755517619.947623,8302
1755517620.048899,9133
1755517620.15014,9255
1755517620.25819,8727
1755517620.359068,9615
1755517620.461396,8931
1755517620.665086,8618
1755517620.765943,9726
1755517620.867032,9674
1755517620.967833,8739
1755517621.069502,9285
1755517621.171139,9770
1755517621.272194,9628
1755517621.373676,9735
1755517621.474612,8758
1755517621.575654,9164
1755517621.677766,9058
1755517621.780037,9054
1755517621.881516,9332
1755517622.08425,9254
1755517622.185063,8748
1755517622.286487,8853
1755517622.38813,9366
1755517622.489451,9464
1755517622.590517,9498
1755517622.691505,9001
1755517622.792291,9118
1755517622.893044,8803
1755517622.994514,8948
1755517623.096185,9786
1755517623.197567,8808
1755517623.401255,8999
1755517623.506116,8935
1755517623.607952,8994
1755517623.709133,8746
1755517623.809963,8985
1755517623.911679,9182
1755517624.012939,8986
1755517624.114882,8838
1755517624.215411,9062
1755517624.316379,8963
1755517624.417603,9671
1755517624.521953,9420
1755517624.622882,9006
1755517624.825719,9581
1755517624.927278,9767
1755517625.028558,9182
1755517625.130136,9480
1755517625.2313,9044
1755517625.332249,9579
1755517625.432763,9143
1755517625.534063,9269
1755517625.635438,9025
1755517625.736946,8787
1755517625.838217,9528
1755517625.940046,8965
1755517626.041006,9597
1755517626.24366,9141
1755517626.344558,9514
1755517626.445644,9665
1755517626.549519,9030
1755517626.651165,9316
1755517626.752798,9121
1755517626.853878,9032
1755517626.95456,8561
1755517627.055472,9721
1755517627.160086,9941
1755517627.261539,9767
1755517627.467091,9022
1755517627.568111,8988
1755517627.668998,8742
1755517627.76962,9381
1755517627.870592,9220
1755517627.971607,9077
1755517628.072988,9202
1755517628.174318,9710
1755517628.275259,9094
1755517628.376213,9449
1755517628.477523,9169
1755517628.579628,8461
1755517628.787216,9517
1755517628.888064,9013
1755517628.989204,9145
1755517629.089961,8892
1755517629.190837,8991
1755517629.292279,8881
1755517629.394505,9185
1755517629.496862,9313
1755517629.598167,9426
1755517629.699083,9443
1755517629.800045,8805
1755517629.900638,9523
1755517630.005135,9100
1755517630.106576,9217
1755517630.310466,9461
1755517630.412449,9344
1755517630.513611,9677
1755517630.614975,8928
1755517630.715674,9583
1755517630.816969,9437
1755517630.917876,9464
1755517631.018776,8979
1755517631.11987,8556
1755517631.22128,8786
1755517631.423512,9335
1755517631.423512,9335
1755517631.524922,9170
1755517631.730153,8938
1755517631.8316,9403
1755517631.932441,9004
1755517632.033749,9545
1755517632.135029,8767
1755517632.235682,9557
1755517632.336571,8742
1755517632.437598,9541
1755517632.538671,9043
1755517632.639721,9074
1755517632.843398,9063
1755517632.843398,9063
1755517633.050683,9258
1755517633.152118,9888
1755517633.252942,8569
1755517633.353689,10025
1755517633.458038,9850
1755517633.559373,9591
1755517633.660578,9189
1755517633.7612,8934
1755517633.863114,8232
1755517633.964587,9066
1755517634.065384,8909
1755517634.165991,8567
1755517634.273568,8885
1755517634.374243,8860
1755517634.47677,9090
1755517634.682176,9291
1755517634.783494,9011
1755517634.884847,8791
1755517634.986191,8752
1755517635.087529,8900
1755517635.188909,9094
1755517635.290071,9549
1755517635.391,8857
1755517635.492071,9023
1755517635.592759,9325
1755517635.695323,9038
1755517635.796047,9213
1755517635.897001,9172
1755517636.103074,9116
1755517636.203778,9443
1755517636.304594,9522
1755517636.406022,9257
1755517636.507507,9006
1755517636.608857,9551
1755517636.709834,8962
1755517636.811374,9434
1755517636.913088,9044
1755517637.014196,9761
1755517637.118778,9566
1755517637.219751,9250
1755517637.320976,9236
1755517637.423031,9406
1755517637.62851,9230
1755517637.73013,9073
1755517637.83155,9978
1755517637.93246,9563
1755517638.033716,8918
1755517638.134729,9226
1755517638.235443,9412
1755517638.337037,9154
1755517638.437697,9030
1755517638.538913,9099
1755517638.640281,9204
1755517638.744056,8807
1755517638.946615,10044
1755517639.048102,8927
1755517639.149544,9936
1755517639.251132,8692
1755517639.353121,9314
1755517639.454614,9045
1755517639.556146,9376
1755517639.656846,9205
1755517639.757454,8756
1755517639.858097,9359
1755517639.964013,9734
1755517640.065134,8336
1755517640.166948,9244
1755517640.370029,8710
1755517640.471182,9777
1755517640.572741,9718
1755517640.674134,8974
1755517640.77555,9278
1755517640.876844,9684
1755517640.977359,9341
1755517641.078345,9456
1755517641.179271,9373
1755517641.280095,9491
1755517641.382098,9519
1755517641.483824,9043
1755517641.688173,9388
1755517641.789526,8524
1755517641.891035,9191
1755517641.992537,9497
1755517642.094077,9060
1755517642.195574,9418
1755517642.296703,9196
1755517642.397922,9395
1755517642.499017,9120
1755517642.600226,9001
1755517642.700966,8973
1755517642.805108,9381
1755517642.907289,9111
1755517643.110982,8806
1755517643.212093,9187
1755517643.312697,9105
1755517643.41404,9048
1755517643.515762,9535
1755517643.617513,9189
1755517643.718082,9217
1755517643.819334,9076
1755517643.919908,9555
1755517644.021151,9442
1755517644.121995,9499
1755517644.226698,9565
1755517644.327392,8798
1755517644.529479,9832
1755517644.63082,9246
1755517644.731831,8850
1755517644.833031,9110
1755517644.933719,9375
1755517645.035132,9160
1755517645.13634,9406
1755517645.237617,8698
1755517645.339007,9448
1755517645.440208,9001
1755517645.541688,8750
1755517645.643941,9320
1755517645.745421,8809
1755517645.948236,8841
1755517646.049183,8846
1755517646.150338,8946
1755517646.255837,8881
1755517646.35692,9042
1755517646.458106,8993
1755517646.558935,9302
1755517646.66006,8346
1755517646.761205,8700
1755517646.862377,8866
1755517646.963986,10077
1755517647.06554,9216
1755517647.173229,9360
1755517647.276884,9792
1755517647.381409,9528
1755517647.583153,9476
1755517647.684206,9589
1755517647.78597,9689
1755517647.887545,9077
1755517647.989144,9242
1755517648.089919,9129
1755517648.191509,8967
1755517648.292999,8404
1755517648.394242,8682
1755517648.496818,8696
1755517648.597649,9818
1755517648.800056,9197
1755517648.902244,9286
1755517649.004574,8863
1755517649.10901,9805
1755517649.210498,8927
1755517649.312148,9070
1755517649.414135,8422
1755517649.514923,9276
1755517649.616137,9267
1755517649.717249,9454
1755517649.818116,9220
1755517649.919246,9413
1755517650.122967,9593
1755517650.122967,9593
1755517650.328693,8923
1755517650.429988,9042
1755517650.53298,8893
1755517650.633711,8994
1755517650.735077,9085
1755517650.83654,9274
1755517650.93806,8993
1755517651.039764,9065
1755517651.14105,9152
1755517651.242527,8997
1755517651.345244,8898
1755517651.447147,9420
1755517651.549371,9216
1755517651.758839,8818
1755517651.860835,9873
1755517651.96372,9614
1755517652.065448,9191
1755517652.166178,9053
1755517652.266909,9232
1755517652.367916,8831
1755517652.468521,9522
1755517652.569578,9489
1755517652.670404,9005
1755517652.771118,9323
1755517652.872734,8965
1755517652.974162,8971
1755517653.079824,9587
1755517653.186699,9534
1755517653.28955,9523
1755517653.491066,8788
1755517653.59196,9326
1755517653.693518,9364
1755517653.794372,9330
1755517653.895999,9406
1755517653.997216,8605
1755517654.098719,9083
1755517654.199796,9220
1755517654.301382,9440
1755517654.403128,9395
1755517654.506095,9177
1755517654.610976,9143
1755517654.814228,9394
1755517654.91539,9183
1755517655.016823,9730
1755517655.118076,8720
1755517655.21898,9454
1755517655.320298,9248
1755517655.421129,9272
1755517655.52224,9188
1755517655.623011,8563
1755517655.725101,9148
1755517655.827916,9259
1755517655.928723,9156
1755517656.030425,9163
1755517656.136404,9608
1755517656.338325,9008
1755517656.439681,9247
1755517656.541052,9450
1755517656.642436,9715
1755517656.743676,9591
1755517656.844425,9469
1755517656.945637,9593
1755517657.046556,8680
1755517657.147138,9206
1755517657.2491,9209
1755517657.35209,9314
1755517657.453166,9013
1755517657.65673,8654
1755517657.757293,9158
1755517657.858873,9283
1755517657.960112,9581
1755517658.061182,9280
1755517658.162089,8562
1755517658.263199,9039
1755517658.364668,9382
1755517658.466064,9014
1755517658.567204,8394
1755517658.670738,9497
1755517658.771891,9194
1755517658.875065,9150
1755517658.977605,9583
1755517659.082106,9387
1755517659.289209,8966
1755517659.401159,9903
1755517659.502883,9447
1755517659.610127,8438
1755517659.710685,8800
1755517659.811563,9377
1755517659.912946,9212
1755517660.01384,9723
1755517660.115084,9916
1755517660.216327,8919
1755517660.317519,9575
1755517660.419044,9219
1755517660.519936,9723
1755517660.623589,9020
1755517660.825959,9094
1755517660.926812,9667
1755517661.028506,9597
1755517661.129151,9528
1755517661.229792,9230
1755517661.330395,9681
1755517661.431839,8694
1755517661.533566,9368
1755517661.634298,9500
1755517661.735027,9073
1755517661.835758,9113
1755517661.93649,8825
1755517662.139606,9014
1755517662.240533,9075
1755517662.342031,9635
1755517662.442601,9217
1755517662.544018,8489
1755517662.645581,9442
1755517662.746922,9186
1755517662.848828,9224
1755517662.950209,8620
1755517663.051154,9450
1755517663.152596,9660
1755517663.254119,8618
1755517663.456766,9670
1755517663.558384,9023
1755517663.659315,10086
1755517663.760097,9178
1755517663.861357,8226
1755517663.962575,9276
1755517664.064042,9402
1755517664.165354,8814
1755517664.266524,9311
1755517664.367927,8885
1755517664.468592,8821
1755517664.570109,9269
1755517664.671549,9522
1755517664.776092,9138
1755517664.981865,9243
1755517665.08273,9240
1755517665.184421,9086
1755517665.285663,9264
1755517665.38702,9205
1755517665.488493,9381
1755517665.589081,9285
1755517665.689698,8517
1755517665.791458,8903
1755517665.893858,9013
1755517665.999193,9075
1755517666.103834,9127
1755517666.306716,8707
1755517666.407935,8792
1755517666.509214,8797
1755517666.610064,9360
1755517666.710887,9362
1755517666.81165,9110
1755517666.913779,8792
1755517667.014894,9197
1755517667.115726,8925
1755517667.21666,9273
1755517667.317326,9218
1755517667.418191,9666
1755517667.620723,9270
1755517667.72269,8953
1755517667.823946,8621
1755517667.925595,8854
1755517668.027109,9240
1755517668.128047,9074
1755517668.229183,8819
1755517668.330709,9386
1755517668.43185,9462
1755517668.533458,9113
1755517668.634051,8966
1755517668.734639,9096
1755517668.835481,8974
1755517669.038897,9490
1755517669.140483,9302
1755517669.241457,8616
1755517669.342954,9202
1755517669.444461,9408
1755517669.545111,9071
1755517669.645795,9018
1755517669.747355,9688
1755517669.84862,8966
1755517669.950142,9101
1755517670.051052,9622
1755517670.152279,8910
1755517670.357778,9169
1755517670.459557,9491
1755517670.56128,8739
1755517670.66244,8748
1755517670.764095,8981
1755517670.865214,9187
1755517670.966904,9037
1755517671.068438,9070
1755517671.169543,8753
1755517671.270441,8890
1755517671.371662,9434
1755517671.472874,9336
1755517671.57442,8931
1755517671.7821,9333
1755517671.883872,9452
1755517671.985117,9195
1755517672.086681,9629
1755517672.188147,9628
1755517672.2891,9222
1755517672.390149,9371
1755517672.491369,9652
1755517672.592907,10055
1755517672.694,9060
1755517672.795083,9388
1755517672.895975,9554
1755517672.99693,8984
1755517673.098737,9105
1755517673.303204,9637
1755517673.403889,9236
1755517673.50496,9320
1755517673.606561,9606
1755517673.707473,9265
1755517673.808428,9043
1755517673.909235,8898
1755517674.009879,9657
1755517674.110963,8764
1755517674.211942,9328
1755517674.313354,9170
1755517674.41501,9069
1755517674.620939,8878
1755517674.72237,8616
1755517674.82365,9202
1755517674.924765,9296
1755517675.025596,9530
1755517675.126463,8595
1755517675.227636,9073
1755517675.329323,8614
1755517675.430109,9058
1755517675.532594,9220
1755517675.633838,8770
1755517675.734953,9157
1755517675.837988,9006
1755517676.043185,9406
1755517676.14403,8865
1755517676.24532,9102
1755517676.346059,8358
1755517676.446937,8901
1755517676.548168,9078
1755517676.649838,9216
1755517676.750853,9681
1755517676.852073,9168
1755517676.952911,9559
1755517677.054375,9195
1755517677.157273,8960
1755517677.259991,9555
1755517677.462679,8512
1755517677.563749,8924
1755517677.664808,8391
1755517677.765827,8929
1755517677.866883,9588
1755517677.967625,9320
1755517678.069131,8551
1755517678.169758,9063
1755517678.27111,9096
1755517678.378172,8518
1755517678.580945,8997
1755517678.682814,8834
1755517678.788104,9208
1755517678.89004,9407
1755517678.991168,9542
1755517679.091858,8521
1755517679.193458,8877
1755517679.294053,9026
1755517679.395467,9190
1755517679.497068,8818
1755517679.598305,9542
1755517679.700835,8816
1755517679.807498,9253
1755517679.90956,8896
1755517680.01507,9689
1755517680.117799,9315
1755517680.321711,8841
1755517680.422654,9262
1755517680.523612,9370
1755517680.624945,9602
1755517680.726313,8799
1755517680.827613,8983
1755517680.929157,8892
1755517681.030073,9255
1755517681.131053,9427
1755517681.232181,9018
1755517681.333238,8411
1755517681.439723,8939
1755517681.540584,8824
1755517681.745817,9292
1755517681.846523,9830
1755517681.948091,9461
1755517682.049323,9354
1755517682.150907,9361
1755517682.252482,9077
1755517682.353501,9077
1755517682.454115,9143
1755517682.554922,8918
1755517682.657859,8524
1755517682.758654,8799
1755517682.86062,9336
1755517683.062867,8859
1755517683.164496,9603
1755517683.265601,8684
1755517683.368344,9012
1755517683.471055,9035
1755517683.572116,9251
1755517683.674063,9357
1755517683.774726,9288
1755517683.875592,8902
1755517683.976429,9153
1755517684.08412,9072
1755517684.187014,9203
1755517684.288883,9659
1755517684.391577,9416
1755517684.500028,9501
1755517684.600824,9504
1755517684.806119,8890
1755517684.906982,9408
1755517685.007785,9106
1755517685.108539,9121
1755517685.210066,9445
1755517685.311218,8729
1755517685.412423,8912
1755517685.513225,9325
1755517685.61417,9034
1755517685.716828,8815
1755517685.818612,9097
1755517685.921366,9453
1755517686.025557,9390
1755517686.228177,9422
1755517686.329642,8702
1755517686.431204,9255
1755517686.532499,9418
1755517686.634707,8932
1755517686.735237,8753
1755517686.83654,9999
1755517686.937217,9436
1755517687.039275,8955
1755517687.146826,8962
1755517687.249947,9115
1755517687.352966,8968
1755517687.454107,8908
1755517687.557035,8520
1755517687.7611,9185
1755517687.861867,8534
1755517687.962768,8542
1755517688.06408,9051
1755517688.165243,8797
1755517688.265861,9869
1755517688.366784,9274
1755517688.467523,8278
1755517688.571703,9101
1755517688.672281,9097
1755517688.773911,9505
1755517688.87512,9129
1755517688.977972,9256
1755517689.188077,8990
1755517689.289989,9586
1755517689.391629,8471
1755517689.492703,9280
1755517689.594002,10000
1755517689.69523,9226
1755517689.796091,9488
1755517689.897641,9551
1755517689.999213,9727
1755517690.100589,8848
1755517690.202333,9160
1755517690.413815,9033
1755517690.530503,8936
1755517690.530503,8936
1755517690.63246,8748
1755517690.835276,9611
1755517690.936057,9862
1755517691.037261,9258
1755517691.137932,9476
1755517691.239881,9161
1755517691.341148,9163
1755517691.443282,8704
1755517691.544142,9151
1755517691.645337,9852
1755517691.746235,10089
1755517691.847302,9271
1755517691.951048,9147
1755517692.052188,9689
1755517692.256715,9532
1755517692.358311,9331
1755517692.459042,9321
1755517692.56028,9018
1755517692.662006,9102
1755517692.762996,8763
1755517692.863724,9312
1755517692.964454,9034
1755517693.065734,9192
1755517693.167242,9230
1755517693.268136,9495
1755517693.469758,8746
1755517693.571079,8793
1755517693.672917,8994
1755517693.773717,9117
1755517693.874998,9685
1755517693.976506,8984
1755517694.077872,9302
1755517694.179843,8924
1755517694.281668,9152
1755517694.382627,8617
1755517694.483915,8855
1755517694.585021,9465
1755517694.686179,9519
1755517694.787908,9702
1755517694.994173,8852
1755517695.095637,9037
1755517695.197106,9559
1755517695.298353,9649
1755517695.399492,9462
1755517695.500181,8570
1755517695.601935,8992
1755517695.702845,9116
1755517695.803947,9159
1755517695.905435,9163
1755517696.006541,9237
1755517696.10908,9289
1755517696.315484,9385
1755517696.417164,8762
1755517696.518579,9111
1755517696.619873,9210
1755517696.720966,9189
1755517696.822092,8850
1755517696.923527,9178
1755517697.025118,9154
1755517697.126692,9500
1755517697.228076,9567
1755517697.329549,9243
1755517697.430972,9268
1755517697.532255,9162
1755517697.633472,9395
1755517697.835693,9387
1755517697.936947,8365
1755517698.037957,9216
1755517698.138788,9401
1755517698.24011,9218
1755517698.341549,9838
1755517698.443267,8936
1755517698.544347,9804
1755517698.645191,9380
1755517698.745919,8498
1755517698.846469,8861
1755517699.049214,9191
1755517699.150098,8762
1755517699.25099,8999
1755517699.351669,8998
1755517699.453196,9091
1755517699.554139,9332
1755517699.655576,9187
1755517699.756884,9091
1755517699.857714,8420
1755517699.960376,8961
1755517700.061872,9192
1755517700.163028,9500
1755517700.264151,9879
1755517700.368185,9016
1755517700.570977,9009
1755517700.672077,8941
1755517700.773126,9787
1755517700.874717,9223
1755517700.975832,9197
1755517701.076948,8989
1755517701.178666,9251
1755517701.280112,9009
1755517701.382021,9223
1755517701.483067,9777
1755517701.688291,9800
1755517701.789883,9055
1755517701.890839,8914
1755517701.992163,9109
1755517702.093148,9130
1755517702.195692,9059
1755517702.296454,8872
1755517702.398286,9387
1755517702.499721,9227
1755517702.601086,9697
1755517702.702088,9633
1755517702.803268,8835
1755517702.904342,9616
1755517703.107081,9618
1755517703.207926,9033
1755517703.309182,9332
1755517703.410114,9471
1755517703.510862,9757
1755517703.611928,9132
1755517703.713766,9191
1755517703.821217,9222
1755517703.922679,9225
1755517704.025043,9417
1755517704.126777,9711
1755517704.228769,9412
1755517704.330412,9070
1755517704.437165,9244
1755517704.541223,9167
1755517704.648226,8959
1755517704.852122,9528
1755517704.953202,8339
1755517705.054746,8764
1755517705.155818,9122
1755517705.256696,9347
1755517705.357352,9130
1755517705.458912,8812
1755517705.559963,9341
1755517705.661063,9485
1755517705.762364,9545
1755517705.865903,8731
1755517705.969155,9229
1755517706.069998,8557
1755517706.273096,9287
1755517706.373795,9285
1755517706.475381,9233
1755517706.576681,9476
1755517706.678209,9780
1755517706.778979,9030
1755517706.880448,8987
1755517706.981858,9841
1755517707.08312,9193
1755517707.183898,8821
1755517707.286112,9538
1755517707.387513,9161
1755517707.492855,8950
1755517707.697589,9342
1755517707.799011,9396
1755517707.900983,8816
1755517708.002118,9245
1755517708.102823,9185
1755517708.204208,9025
1755517708.304992,9892
1755517708.406109,9315
1755517708.507463,8820
1755517708.608664,9239
1755517708.71017,8965
1755517708.810669,9253
1755517709.013306,9045
1755517709.114006,9294
1755517709.215562,9009
1755517709.317689,9571
1755517709.418476,9118
1755517709.519415,9679
1755517709.62118,9954
1755517709.722632,9019
1755517709.82374,8822
1755517709.924938,9229
1755517710.02622,4186
1755517710.127826,5924
1755517710.330078,9457
1755517710.431332,8868
1755517710.532428,9169
1755517710.634146,9221
1755517710.735477,9128
1755517710.836555,8973
1755517710.938613,9445
1755517711.040146,9070
1755517711.140952,8590
1755517711.241652,9364
1755517711.347051,8320
1755517711.450217,8937
1755517711.552159,9351
1755517711.658332,9374
1755517711.86205,9365
1755517711.963313,8512
1755517712.064657,8998
1755517712.166576,9429
1755517712.268326,8845
1755517712.369565,9156
1755517712.471293,9594
1755517712.573022,9387
1755517712.674433,8963
1755517712.775285,9171
1755517712.876866,9293
1755517712.978807,9083
1755517713.0819,9030
1755517713.183128,9216
1755517713.386654,9256
1755517713.488097,8980
1755517713.589451,9659
1755517713.691158,8878
1755517713.79225,8625
1755517713.893259,9147
1755517713.994274,9533
1755517714.095614,9818
1755517714.196631,9533
1755517714.297396,9437
1755517714.398849,9413
1755517714.502,8938
1755517714.603825,8877
1755517714.807372,8858
1755517714.908708,5407
1755517715.009928,8713
1755517715.110931,9177
1755517715.212147,8793
1755517715.313583,9335
1755517715.415144,8891
1755517715.516436,9062
1755517715.618023,9381
1755517715.719102,9131
1755517715.920906,9115
1755517716.022329,9623
1755517716.123904,8939
1755517716.225906,8774
1755517716.326956,8154
1755517716.428187,4227
1755517716.529533,9896
1755517716.630721,9032
1755517716.731812,8922
1755517716.833386,8397
1755517716.934232,9489
1755517717.035439,9564
1755517717.136356,9651
1755517717.339936,9305
1755517717.441099,9558
1755517717.542089,8783
1755517717.643253,8698
1755517717.744443,8815
1755517717.845914,9096
1755517717.947233,9514
1755517718.049831,9213
1755517718.150723,9931
1755517718.251675,9519
1755517718.353148,8898
1755517718.455034,9608
1755517718.562095,9312
1755517718.765004,7205
1755517718.866341,9295
1755517718.967747,9447
1755517719.069078,8427
1755517719.170503,9129
1755517719.272159,8705
1755517719.373591,8853
1755517719.474894,8736
1755517719.575575,9266
1755517719.676807,8850
1755517719.777687,9099
1755517719.880935,9223
1755517719.984719,8719
1755517720.086419,9193
1755517720.18863,9741
1755517720.395062,9754
1755517720.496073,8741
1755517720.597242,9370
1755517720.698573,9987
1755517720.799673,9090
1755517720.900526,9141
1755517721.002081,9137
1755517721.103441,9234
1755517721.204617,6246
1755517721.312913,1927
1755517721.416635,2535
1755517721.539308,7075
1755517721.640298,8723
1755517721.740987,9286
1755517721.84176,9278
1755517722.044337,9609
1755517722.145132,9067
1755517722.246543,9111
1755517722.347854,8577
1755517722.449169,9120
1755517722.550208,9085
1755517722.651904,9272
1755517722.75311,9495
1755517722.854399,9448
1755517722.955639,9265
1755517723.056999,9451
1755517723.158254,9283
1755517723.262151,9475
1755517723.364907,9021
1755517723.568362,8739
1755517723.669094,9182
1755517723.769824,9143
1755517723.870814,9525
1755517723.971544,9063
1755517724.072789,8889
1755517724.173637,9241
1755517724.276113,8889
1755517724.376804,9077
1755517724.478114,8893
1755517724.578886,9337
1755517724.781687,8763
1755517724.882985,9397
1755517724.983573,9355
1755517725.084812,9136
1755517725.1863,9272
1755517725.287812,9466
1755517725.38882,8929
1755517725.489493,9555
1755517725.590732,9107
1755517725.691929,8774
1755517725.794483,9423
1755517725.895074,9295
1755517725.996504,9750
1755517726.199873,9131
1755517726.301317,9384
1755517726.402057,9112
1755517726.503526,9293
1755517726.60498,9166
1755517726.706486,8974
1755517726.808104,9496
1755517726.908992,9059
1755517727.010671,9382
1755517727.11232,8893
1755517727.213745,8843
1755517727.315077,9039
1755517727.418594,8839
1755517727.520801,9138
1755517727.725433,8876
1755517727.826594,9499
1755517727.927923,9671
1755517728.0296,8664
1755517728.130825,9543
1755517728.231842,9315
1755517728.332877,8957
1755517728.434588,9399
1755517728.535493,9127
1755517728.636367,8882
1755517728.7371,8884
1755517728.940177,9070
1755517729.041963,8999
1755517729.142562,9552
1755517729.244418,8894
1755517729.345354,9302
1755517729.446254,9385
1755517729.547402,9273
1755517729.649117,8848
1755517729.751036,8742
1755517729.852247,9307
1755517729.953561,9159
1755517730.157025,9594
1755517730.258047,9047
1755517730.358769,8995
1755517730.460193,8755
1755517730.562078,8921
1755517730.663322,9126
1755517730.764663,9334
1755517730.866098,9306
1755517730.96749,8955
1755517731.069399,8752
1755517731.171611,9627
1755517731.273078,8554
1755517731.373852,9476
1755517731.477056,8788
1755517731.685496,9262
1755517731.787262,9248
1755517731.888019,9299
1755517731.988707,9554
1755517732.089892,9566
1755517732.190821,9006
1755517732.292168,9383
1755517732.393351,9299
1755517732.494592,8998
1755517732.596009,8894
1755517732.6968,9524
1755517732.79839,9164
1755517733.000488,8949
1755517733.101584,9278
1755517733.20374,9221
1755517733.304868,9265
1755517733.406214,9275
1755517733.506848,9261
1755517733.607914,9666
1755517733.709184,9647
1755517733.811023,10005
1755517733.911869,8914
1755517734.013479,8611
1755517734.219075,9135
1755517734.319837,9011
1755517734.421215,9213
1755517734.522356,8947
1755517734.623156,9712
1755517734.724955,9184
1755517734.826044,9150
1755517734.93004,9298
1755517735.030683,9330
1755517735.132699,9642
1755517735.234923,9430
1755517735.338741,8861
1755517735.540381,8614
1755517735.64144,9380
1755517735.742754,9337
1755517735.843989,9206
1755517735.944888,9236
1755517736.045437,9647
1755517736.146812,9154
1755517736.2477,10278
1755517736.348585,9178
1755517736.449909,9672
1755517736.552097,8993
1755517736.653377,9399
1755517736.856068,9079
1755517736.957159,8902
1755517737.057908,9687
1755517737.159482,9136
1755517737.260865,9478
1755517737.362491,9003
1755517737.46373,8998
1755517737.564876,9609
1755517737.666162,9211
1755517737.768805,9635
1755517737.87075,9250
1755517737.97292,9004
1755517738.078231,9698
1755517738.280714,9393
1755517738.381535,9224
1755517738.482413,8971
1755517738.583868,8969
1755517738.684838,9378
1755517738.785758,9185
1755517738.88645,9394
1755517738.987032,9355
1755517739.088053,8938
1755517739.189166,9405
1755517739.292787,9032
1755517739.394802,8978
1755517739.495556,9389
1755517739.605261,9416
1755517739.809664,9630
1755517739.910574,9354
1755517740.011582,9127
1755517740.112665,9338
1755517740.21377,9277
1755517740.314673,9107
1755517740.415465,9375
1755517740.516693,9335
1755517740.618624,9653
1755517740.720076,9699
1755517740.825301,8882
1755517740.926767,8938
1755517741.02897,9481
1755517741.233104,9840
1755517741.334957,9553
1755517741.435617,9705
1755517741.536965,9492
1755517741.638212,8879
1755517741.739855,9651
1755517741.841333,9154
1755517741.943556,8716
1755517742.044521,9567
1755517742.14611,8898
1755517742.246736,9232
1755517742.348126,8837
1755517742.449352,9296
1755517742.554373,8731
1755517742.758625,9012
1755517742.859741,9236
1755517742.961176,9188
1755517743.062675,9182
1755517743.163219,9448
1755517743.264028,9334
1755517743.365522,9369
1755517743.466218,8749
1755517743.567358,8967
1755517743.668879,9662
1755517743.770054,9824
1755517743.876194,9064
1755517743.981072,9087
1755517744.188895,10017
1755517744.289651,6937
1755517744.391165,6403
1755517744.492157,9505
1755517744.593305,10014
1755517744.694107,9602
1755517744.795562,8979
1755517744.897539,9325
1755517744.999384,9426
1755517745.100916,8933
1755517745.201766,9211
1755517745.303492,8886
1755517745.404223,9242
1755517745.606581,9315
1755517745.70823,9355
1755517745.810313,9394
1755517745.91184,9061
1755517746.012531,8739
1755517746.11398,9699
1755517746.215305,9474
1755517746.316669,9500
1755517746.418274,9172
1755517746.51936,9219
1755517746.620948,9075
1755517746.722772,9624
1755517746.925164,8846
1755517747.026612,9098
1755517747.12753,9047
1755517747.229108,10041
1755517747.330018,9305
1755517747.431897,9314
1755517747.532713,9373
1755517747.633501,9257
1755517747.734844,9453
1755517747.83638,8765
1755517747.938024,9838
1755517748.039032,9019
1755517748.140213,8895
1755517748.242556,9421
1755517748.446379,9493
1755517748.547599,9316
1755517748.648631,9165
1755517748.749582,9281
1755517748.851089,8748
1755517748.952201,9286
1755517749.053771,9195
1755517749.155307,8735
1755517749.256716,9515
1755517749.358273,9600
1755517749.459789,8993
1755517749.561007,9395
1755517749.664554,8759
1755517749.87037,9794
1755517749.973704,9183
1755517750.07446,8863
1755517750.175369,8730
1755517750.276972,9596
1755517750.378772,9017
1755517750.479714,9401
1755517750.580799,9071
1755517750.681531,9480
1755517750.782502,9349
1755517750.883917,9771
1755517750.985378,9363
1755517751.088531,9122
1755517751.292851,8800
1755517751.394058,8951
1755517751.494945,8316
1755517751.596386,9088
1755517751.697309,10136
1755517751.798796,9301
1755517751.899656,8715
1755517752.001163,9585
1755517752.102123,9657
1755517752.203186,8568
1755517752.306672,9093
1755517752.415382,8941
1755517752.519104,9187
1755517752.620369,8887
1755517752.827336,9357
1755517752.928157,9254
1755517753.030466,9226
1755517753.131473,9286
1755517753.232799,8990
1755517753.333457,9219
1755517753.434935,9125
1755517753.536804,9119
1755517753.637809,8940
1755517753.739034,9572
1755517753.839851,9115
1755517753.94115,8953
1755517754.041922,9179
1755517754.14977,9365
1755517754.251651,9304
1755517754.456095,9230
1755517754.556825,8795
1755517754.658553,9810
1755517754.759284,8666
1755517754.862524,8824
1755517754.964251,9262
1755517755.064982,9798
1755517755.165719,9321
1755517755.267266,9109
1755517755.368139,9328
1755517755.469231,8962
1755517755.572496,9373
1755517755.775029,9369
1755517755.876053,9086
1755517755.977457,9348
1755517756.078184,9282
1755517756.17963,9098
1755517756.281379,9641
1755517756.38247,9071
1755517756.483374,9167
1755517756.584435,9756
1755517756.685202,9467
1755517756.786769,9373
1755517756.888067,9131
1755517756.990056,9579
1755517757.192638,9021
1755517757.294265,8826
1755517757.395137,8981
1755517757.495866,9272
1755517757.597515,9286
1755517757.699064,9867
1755517757.800347,8905
1755517757.90195,8946
1755517758.003622,9324
1755517758.10431,9325
1755517758.204925,8845
1755517758.407347,8582
1755517758.509048,8908
1755517758.610218,8876
1755517758.711832,9231
1755517758.813211,9232
1755517758.914515,9565
1755517759.015116,9582
1755517759.116033,9096
1755517759.216828,9524
1755517759.318228,9694
1755517759.522245,9213
1755517759.624291,8819
1755517759.725829,9149
1755517759.826653,8817
1755517759.931179,8923
1755517760.032442,9361
1755517760.133164,9719
1755517760.234194,9076
1755517760.335622,8784
1755517760.436872,9195
1755517760.538699,9064
1755517760.639816,9296
1755517760.740818,8781
1755517760.845623,9799
1755517761.048479,9220
1755517761.149749,9094
1755517761.251232,8927
1755517761.352375,9293
1755517761.453631,9253
1755517761.555128,9359
1755517761.656309,9240
1755517761.758584,9161
1755517761.8599,8902
1755517761.963949,8681
1755517762.06497,9017
1755517762.166372,9171
1755517762.267506,9413
1755517762.370311,9162
1755517762.57479,9021
1755517762.675837,8916
1755517762.777051,9050
1755517762.879597,8803
1755517762.980157,9665
1755517763.081133,8734
1755517763.182611,8987
1755517763.284187,9559
1755517763.385094,8988
1755517763.486658,9009
1755517763.588055,9161
1755517763.689698,9346
1755517763.792695,9735
1755517763.995206,9459
1755517764.096778,9264
1755517764.19761,9024
1755517764.298491,9863
1755517764.399453,9171
1755517764.501109,8784
1755517764.602035,9184
1755517764.703215,9191
1755517764.804708,9360
1755517764.906365,9069
1755517765.009243,8573
1755517765.112169,9103
1755517765.216972,9436
1755517765.419756,9626
1755517765.521463,8957
1755517765.622965,8837
1755517765.725025,9807
1755517765.826649,9466
1755517765.928148,8936
1755517766.028827,9018
1755517766.129982,9460
1755517766.231656,9205
1755517766.33326,8838
1755517766.43501,9159
1755517766.53574,9560
1755517766.637316,9421
1755517766.741007,8477
1755517766.951097,9378
1755517767.052367,9479
1755517767.15406,8958
1755517767.255197,9521
1755517767.356457,9213
1755517767.457227,9903
1755517767.5587,9470
1755517767.660077,9440
1755517767.760669,9483
1755517767.861669,9029
1755517767.962773,9119
1755517768.064145,9371
1755517768.267118,9002
1755517768.368412,8618
1755517768.469996,9342
1755517768.571893,8930
1755517768.673048,9253
1755517768.774642,8858
1755517768.876407,10121
1755517768.97725,8885
1755517769.078067,8569
1755517769.179136,9171
1755517769.280081,9470
1755517769.38109,9118
1755517769.582925,9081
1755517769.684131,9120
1755517769.785069,8351
1755517769.885707,9250
1755517769.986459,8803
1755517770.088134,9087
1755517770.189883,9061
1755517770.291342,8979
1755517770.392454,9504
1755517770.493752,9180
1755517770.59562,9624
1755517770.797372,9151
1755517770.899663,9763
1755517771.001211,9187
1755517771.102261,8718
1755517771.203569,9505
1755517771.304378,9632
1755517771.405548,9113
1755517771.50675,9594
1755517771.607423,9506
1755517771.709741,8962
1755517771.811066,8803
1755517771.912892,9565
1755517772.015848,9229
1755517772.118601,9011
1755517772.321013,8922
1755517772.422505,8907
1755517772.524072,9117
1755517772.625079,9197
1755517772.726807,8699
1755517772.827537,9838
1755517772.929372,8808
1755517773.030795,9406
1755517773.131989,9002
1755517773.232901,8819
1755517773.336283,9123
1755517773.43965,8203
1755517773.542972,8971
1755517773.648436,8941
1755517773.852098,8979
1755517773.953572,8918
1755517774.054334,9100
1755517774.155443,9316
1755517774.256973,9484
1755517774.357643,9377
1755517774.458995,8899
1755517774.559836,9113
1755517774.661305,9549
1755517774.763819,8867
1755517774.866009,8816
1755517775.069453,8782
1755517775.17048,9245
1755517775.271447,9121
1755517775.372366,9284
1755517775.474294,9290
1755517775.575353,8925
1755517775.677187,9093
1755517775.778757,9697
1755517775.880213,9117
1755517775.981532,9623
1755517776.08254,9177
1755517776.284198,8357
1755517776.38595,9483
1755517776.48713,8519
1755517776.588221,8853
1755517776.689274,9589
1755517776.790221,9113
1755517776.890861,9161
1755517776.991875,9028
1755517777.093595,9496
1755517777.195879,9258
1755517777.297167,9843
1755517777.397889,9064
1755517777.499698,9183
1755517777.603472,9298
1755517777.710008,9348
1755517777.815414,8946
1755517778.018952,8750
1755517778.120397,9699
1755517778.22141,9058
1755517778.323149,8816
1755517778.423928,9515
1755517778.524743,9353
1755517778.625915,9063
1755517778.727263,9067
1755517778.828499,9146
1755517778.929539,9075
1755517779.03224,9340
1755517779.137658,8926
1755517779.340526,9360
1755517779.444037,8443
1755517779.545655,9575
1755517779.647087,9484
1755517779.748015,9353
1755517779.848574,8989
1755517779.949746,8530
1755517780.050413,8870
1755517780.151126,8916
1755517780.252046,8937
1755517780.352842,9395
1755517780.45409,9135
1755517780.656901,9621
1755517780.759057,9191
1755517780.859652,9394
1755517780.961203,8872
1755517781.062092,8801
1755517781.163094,9059
1755517781.26438,9221
1755517781.365516,8513
1755517781.466582,8796
1755517781.567461,9159
1755517781.668911,9354
1755517781.770472,9718
1755517781.871825,8958
1755517782.074985,9228
1755517782.176518,9494
1755517782.278173,9128
1755517782.379792,9358
1755517782.480734,8856
1755517782.581565,8955
1755517782.682448,9089
1755517782.783816,8848
1755517782.885549,9780
1755517783.090046,8557
1755517783.192127,9002
1755517783.315796,9248
1755517783.420029,8759
1755517783.529837,8624
1755517783.631366,8500
1755517783.732296,9045
1755517783.833829,8933
1755517783.934886,9281
1755517784.036128,9008
1755517784.137673,9020
1755517784.23931,9150
1755517784.340626,9248
1755517784.442222,9163
1755517784.542929,8936
1755517784.644136,9228
1755517784.846273,9838
1755517784.946928,9080
1755517785.047497,8939
1755517785.151231,8856
1755517785.252956,9181
1755517785.353688,9490
1755517785.455415,9417
1755517785.55814,8955
1755517785.658871,8587
1755517785.7596,9133
1755517785.860331,9311
1755517785.961062,8914
1755517786.062132,9063
1755517786.164542,9813
1755517786.369653,9165
1755517786.47129,9081
1755517786.57219,8503
1755517786.672934,8516
1755517786.774438,9329
1755517786.875437,9237
1755517786.976743,8874
1755517787.077738,9723
1755517787.179013,8896
1755517787.280461,9305
1755517787.382115,9817
1755517787.484229,8333
1755517787.586557,9371
1755517787.693763,9141
1755517787.897871,9024
1755517787.998813,9718
1755517788.100107,9270
1755517788.201126,8998
1755517788.30192,8829
1755517788.403403,9302
1755517788.505062,9767
1755517788.605805,8735
1755517788.706867,8885
1755517788.807628,9507
1755517788.908819,9585
1755517789.011824,8844
1755517789.214963,9221
1755517789.315718,9349
1755517789.41689,8421
1755517789.518279,8886
1755517789.619868,9380
1755517789.720567,8381
1755517789.82196,9053
1755517789.923199,9561
1755517790.024073,8902
1755517790.125944,9433
1755517790.227686,9740
1755517790.329724,9036
1755517790.435445,8995
1755517790.538766,9636
1755517790.742879,9159
1755517790.844381,9172
1755517790.945419,9540
1755517791.0464,9595
1755517791.147876,9893
1755517791.248899,9661
1755517791.350186,8599
1755517791.451727,8981
1755517791.552466,9340
1755517791.653721,9431
1755517791.754958,9374
1755517791.856503,8951
1755517792.062224,9355
1755517792.163758,9277
1755517792.26484,9695
1755517792.366509,9186
1755517792.467743,8761
1755517792.56898,9107
1755517792.669723,9499
1755517792.771129,9742
1755517792.87205,8858
1755517792.973114,9182
1755517793.074636,9180
1755517793.176893,9652
1755517793.283085,9699
1755517793.48713,9393
1755517793.58875,8561
1755517793.689694,8450
1755517793.790552,9191
1755517793.892047,8561
1755517793.99313,8814
1755517794.093976,9152
1755517794.195434,8821
1755517794.296433,9376
1755517794.397551,8910
1755517794.49899,9197
1755517794.600649,9374
1755517794.703424,9681
1755517794.908071,9020
1755517795.009544,9155
1755517795.110657,9355
1755517795.212349,9666
1755517795.313171,8708
1755517795.414032,9280
1755517795.514955,9551
1755517795.616395,8655
1755517795.717764,9056
1755517795.819159,9359
1755517795.920058,9415
1755517796.021607,9187
1755517796.12261,9415
1755517796.225145,9304
1755517796.427918,9392
1755517796.529158,8810
1755517796.630457,9467
1755517796.731864,9358
1755517796.83363,8991
1755517796.934621,9159
1755517797.036098,8947
1755517797.137603,9034
1755517797.239211,9457
1755517797.340775,9373
1755517797.443073,9140
1755517797.54473,8901
1755517797.645594,9250
1755517797.847974,9043
1755517797.949379,9210
1755517798.050184,9126
1755517798.151042,9032
1755517798.252596,9413
1755517798.353212,9084
1755517798.454156,8975
1755517798.555402,9205
1755517798.656052,9150
1755517798.757502,8802
1755517798.858568,9182
1755517799.062437,9110
1755517799.163284,8904
1755517799.264618,8990
1755517799.36612,9448
1755517799.467489,9322
1755517799.568976,8671
1755517799.669791,8629
1755517799.771253,9422
1755517799.87224,9407
1755517800.119475,9534
1755517800.246138,8092
1755517800.499458,8843
1755517800.885444,5202
1755517801.039543,9174
1755517801.193641,9289
1755517801.36968,7277
1755517801.57564,3847
1755517801.751677,8188
1755517801.880074,7539
1755517801.981544,8918
1755517802.082581,8769
1755517802.183696,9306
1755517802.28517,9007
1755517802.385878,9552
1755517802.486903,9482
1755517802.589621,9170
1755517802.690629,8870
1755517802.892657,9372
1755517802.994544,9059
1755517803.095522,9091
1755517803.196175,9070
1755517803.297396,9029
1755517803.398424,9353
1755517803.499525,9446
1755517803.60165,9272
1755517803.702355,9433
1755517803.803219,9081
1755517804.005814,9323
1755517804.005814,9323
1755517804.211065,9447
1755517804.313121,9269
1755517804.416243,9125
1755517804.518169,8918
1755517804.619818,9129
1755517804.722565,8798
1755517804.824327,8703
1755517804.925699,8631
1755517805.032104,9435
1755517805.133343,9571
1755517805.235016,9383
1755517805.336314,9397
1755517805.440354,9246
1755517805.541974,8630
1755517805.745867,9124
1755517805.847357,9399
1755517805.948465,9267
1755517806.050682,8951
1755517806.152169,9291
1755517806.253696,9642
1755517806.355271,9116
1755517806.456052,9396
1755517806.557719,9078
1755517806.658585,9636
1755517806.760386,8585
1755517806.863516,8833
1755517807.068314,9213
1755517807.16963,9208
1755517807.271744,9859
1755517807.37266,9374
1755517807.474158,9842
1755517807.575464,9209
1755517807.676554,9377
1755517807.777285,9123
1755517807.879013,9397
1755517807.980208,8883
1755517808.081452,9007
1755517808.182182,9927
1755517808.283488,9653
1755517808.384213,9530
1755517808.589035,8915
1755517808.689873,9500
1755517808.791599,9732
1755517808.89233,9331
1755517808.993919,9233
1755517809.094895,9695
1755517809.196667,9373
1755517809.300008,9289
1755517809.401038,9175
1755517809.505723,9414
1755517809.60633,9383
1755517809.70881,9607
1755517809.810267,9107
1755517809.914392,8794
1755517810.117591,9186
1755517810.218707,8791
1755517810.323427,9406
1755517810.424922,9458
1755517810.526072,9154
1755517810.62703,9271
1755517810.728391,9135
1755517810.829174,9207
1755517810.929761,8987
1755517811.031715,8954
1755517811.134704,9399
1755517811.237019,9343
1755517811.339646,8925
1755517811.543739,8690
1755517811.645316,9775
1755517811.746628,9238
1755517811.84815,8973
1755517811.950202,9416
1755517812.052185,9570
1755517812.15302,9143
1755517812.254612,9104
1755517812.355565,9281
1755517812.456261,10020
1755517812.558756,9307
1755517812.660163,9210
1755517812.863078,9058
1755517812.964058,8783
1755517813.065809,9179
1755517813.166561,9568
1755517813.267434,8763
1755517813.3683,9408
1755517813.469129,9243
1755517813.570364,9048
1755517813.671319,9112
1755517813.772777,9048
1755517813.873856,9358
1755517813.978862,9278
1755517814.082185,8642
1755517814.284471,9214
1755517814.385807,8999
1755517814.486805,9505
1755517814.58781,9474
1755517814.689234,9051
1755517814.791162,9251
1755517814.892693,9238
1755517814.993992,9141
1755517815.095068,9448
1755517815.198238,9082
1755517815.299554,9238
1755517815.401963,8915
1755517815.502636,9585
1755517815.608946,9105
1755517815.713084,8997
1755517815.918617,9302
1755517816.019742,9453
1755517816.120865,10057
1755517816.222708,9416
1755517816.323355,9150
1755517816.424756,9191
1755517816.525786,8749
1755517816.627375,9459
1755517816.729241,8854
1755517816.830682,8980
1755517817.033176,9230
1755517817.134812,8491
1755517817.134812,8491
1755517817.338291,9173
1755517817.441102,9551
1755517817.543443,8637
1755517817.64496,9072
1755517817.745989,9353
1755517817.848721,9578
1755517817.950215,9044
1755517818.051158,9034
1755517818.152189,9690
1755517818.255514,8487
1755517818.356911,7386
1755517818.461717,8978
1755517818.665857,9535
1755517818.766731,9288
1755517818.869042,9578
1755517818.971815,9383
1755517819.073705,9196
1755517819.17515,8743
1755517819.27649,9246
1755517819.37789,8629
1755517819.47919,8400
1755517819.580907,8966
1755517819.685073,8860
1755517819.78894,9367
1755517819.889746,9275
1755517819.993631,9231
1755517820.199633,9267
1755517820.301067,9444
1755517820.401933,8972
1755517820.503926,8902
1755517820.605442,9220
1755517820.706526,9704
1755517820.808337,8810
1755517820.909117,8583
1755517821.010778,9561
1755517821.111838,8925
1755517821.213173,8891
1755517821.317787,9109
1755517821.422014,9440
1755517821.625779,9599
1755517821.728025,8870
1755517821.829135,8831
1755517821.929885,9012
1755517822.03171,9457
1755517822.132995,9320
1755517822.233936,9629
1755517822.335505,9599
1755517822.436984,9420
1755517822.538045,9301
1755517822.639166,9018
1755517822.740292,8593
1755517822.840915,8735
1755517823.04731,8950
1755517823.148565,8888
1755517823.249449,8841
1755517823.350851,9408
1755517823.45287,8665
1755517823.554376,9309
1755517823.655874,9251
1755517823.756768,8702
1755517823.85773,9112
1755517823.958692,9657
1755517824.060112,10017
1755517824.161973,9051
1755517824.263097,9196
1755517824.465486,9281
1755517824.566989,9645
1755517824.668632,8756
1755517824.769819,8647
1755517824.871263,9345
1755517824.973174,8595
1755517825.074368,9190
1755517825.175555,9121
1755517825.277054,9241
1755517825.38102,8550
1755517825.48317,8937
1755517825.584739,8890
1755517825.686275,9139
1755517825.890016,8618
1755517825.990625,8339
1755517826.092158,9267
1755517826.192866,9393
1755517826.293594,9282
1755517826.394791,8547
1755517826.495864,9596
1755517826.597262,9013
1755517826.69784,9365
1755517826.801514,8998
1755517826.902074,8780
1755517827.00522,9184
1755517827.106795,8624
1755517827.313358,8551
1755517827.415275,9439
1755517827.515782,9432
1755517827.616876,9298
1755517827.718136,9253
1755517827.819631,8906
1755517827.920824,9150
1755517828.021858,9541
1755517828.123652,9185
1755517828.224685,9442
1755517828.325569,8861
1755517828.427748,9052
1755517828.531927,8874
1755517828.735111,8959
1755517828.836521,9308
1755517828.938125,9556
1755517829.039443,9060
1755517829.14084,9536
1755517829.242572,9456
1755517829.343715,8967
1755517829.444538,9501
1755517829.54536,9640
1755517829.647747,9112
1755517829.748396,9567
1755517829.849364,8982
1755517829.950297,9610
1755517830.051716,9495
1755517830.256819,8442
1755517830.35796,9392
1755517830.459286,9464
1755517830.560362,9468
1755517830.662025,9020
1755517830.763067,8956
1755517830.864621,8980
1755517830.965867,8859
1755517831.067215,8900
1755517831.168748,8883
1755517831.270265,8835
1755517831.371608,9206
1755517831.576316,8789
1755517831.67755,9127
1755517831.778897,9255
1755517831.880629,9652
1755517831.981829,8290
1755517832.08318,9156
1755517832.184722,8863
1755517832.285757,9313
1755517832.387291,9336
1755517832.489091,9563
1755517832.591067,8864
1755517832.692508,9374
1755517832.794108,9655
1755517833.000272,8946
1755517833.101759,9173
1755517833.20249,8438
1755517833.304376,9117
1755517833.405111,9490
1755517833.506832,8700
1755517833.607745,9295
1755517833.709253,8600
1755517833.810101,9251
1755517833.913206,8863
1755517834.013964,9071
1755517834.115458,9330
1755517834.216425,9409
1755517834.318845,9685
1755517834.522304,8847
1755517834.624197,9372
1755517834.725058,8943
1755517834.825795,9559
1755517834.927119,9366
1755517835.028155,9095
1755517835.129456,8795
1755517835.230852,9310
1755517835.335086,8480
1755517835.438161,8692
1755517835.539213,9440
1755517835.641599,9044
1755517835.845091,8840
1755517835.946843,9139
1755517836.048366,8934
1755517836.149512,8818
1755517836.251109,9045
1755517836.351874,9795
1755517836.452557,9276
1755517836.553184,8973
1755517836.654507,9089
1755517836.755443,9600
1755517836.858099,9380
1755517836.959878,7570
1755517837.061077,9140
1755517837.263971,9247
1755517837.365654,9480
1755517837.467817,9034
1755517837.56974,8663
1755517837.670445,9115
1755517837.771841,9418
1755517837.873297,8979
1755517837.974293,9327
1755517838.075299,9207
1755517838.17783,9538
1755517838.281177,9501
1755517838.382865,8840
1755517838.483874,8672
1755517838.585813,8868
1755517838.793495,9538
1755517838.89515,9423
1755517838.99614,8575
1755517839.098721,9553
1755517839.200088,9085
1755517839.30123,9046
1755517839.402707,9874
1755517839.503926,9257
1755517839.605592,8744
1755517839.706419,8777
1755517839.807891,9027
1755517839.909447,8860
1755517840.009992,8732
1755517840.116392,9464
1755517840.320153,9369
1755517840.421287,9255
1755517840.522355,8796
1755517840.623609,9649
1755517840.725649,9270
1755517840.826249,8936
1755517840.927013,9110
1755517841.028098,8982
1755517841.129529,8429
1755517841.23008,8900
1755517841.331305,9424
1755517841.432299,9257
1755517841.640033,8960
1755517841.74088,9182
1755517841.842155,8886
1755517841.943593,9661
1755517842.044399,6715
1755517842.145364,8706
1755517842.246857,9616
1755517842.348982,8949
1755517842.450057,8439
1755517842.551619,9078
1755517842.652529,9235
1755517842.754393,9296
1755517842.9557,9510
1755517843.057219,9022
1755517843.158555,8516
1755517843.259337,9416
1755517843.360873,9041
1755517843.461814,9044
1755517843.564362,9273
1755517843.666148,9726
1755517843.767151,9435
1755517843.868028,9209
1755517843.969786,8608
1755517844.070992,9238
1755517844.172126,8721
1755517844.375759,9150
1755517844.476484,9372
1755517844.577745,9233
1755517844.678972,9286
1755517844.779777,8481
1755517844.880819,9273
1755517844.982011,8834
1755517845.083717,10304
1755517845.287515,8633
1755517845.287515,8633
1755517845.390748,9134
1755517845.492476,9083
1755517845.595632,8918
1755517845.70228,9039
1755517845.907604,8951
1755517846.009528,5710
1755517846.110819,7996
1755517846.21162,7648
1755517846.313537,8654
1755517846.415048,9989
1755517846.515695,9369
1755517846.616455,9626
1755517846.717894,9384
1755517846.818879,9437
1755517846.91983,9380
1755517847.021353,9101
1755517847.223553,8734
1755517847.327275,8676
1755517847.429002,9181
1755517847.530731,9486
1755517847.632025,9052
1755517847.732931,9365
1755517847.834662,8630
1755517847.93639,9407
1755517848.037925,8844
1755517848.138897,9438
1755517848.239638,9320
1755517848.344082,8688
1755517848.446058,8884
1755517848.550795,9071
1755517848.651337,9031
1755517848.755768,9116
1755517848.958261,8841
1755517849.05972,9708
1755517849.16092,8557
1755517849.26179,9319
1755517849.362804,9701
1755517849.464765,9219
1755517849.565719,9182
1755517849.666477,9507
1755517849.767886,8697
1755517849.869292,7277
1755517849.970531,7724
1755517850.073746,9533
1755517850.177196,10613
1755517850.381373,10229
1755517850.482902,9130
1755517850.583814,9513
1755517850.685412,9419
1755517850.786326,9760
1755517850.886974,9707
1755517850.988825,9494
1755517851.091014,9355
1755517851.192234,9375
1755517851.294199,9218
1755517851.395506,9308
1755517851.49656,9994
1755517851.700101,8946
1755517851.801196,9100
1755517851.902105,8829
1755517852.003533,9563
1755517852.104314,8940
1755517852.205612,9378
1755517852.30709,8632
1755517852.408445,8554
1755517852.509194,8843
1755517852.611641,9224
1755517852.714269,9266
1755517852.816116,8895
1755517852.918015,9430
1755517853.021846,8186
1755517853.226963,8630
1755517853.327672,8678
1755517853.430539,9021
1755517853.531727,8864
1755517853.633993,9827
1755517853.73475,9011
1755517853.835913,9321
1755517853.937048,9284
1755517854.038312,9470
1755517854.1404,8793
1755517854.242138,9219
1755517854.344373,9482
1755517854.449353,9292
1755517854.55604,9757
1755517854.764166,8789
1755517854.865998,9024
1755517854.967543,9375
1755517855.069336,9401
1755517855.170899,9304
1755517855.272803,8949
1755517855.37415,9344
1755517855.474869,9084
1755517855.576809,9024
1755517855.678696,9932
1755517855.780768,9359
1755517855.882792,9223
1755517855.985611,9317
1755517856.190387,9141
1755517856.291936,8872
1755517856.392863,8630
1755517856.493658,9345
1755517856.59451,8467
1755517856.695985,8879
1755517856.796854,9200
1755517856.898127,9143
1755517856.999184,9232
1755517857.100753,8920
1755517857.202202,8900
1755517857.303171,9478
1755517857.408222,8800
1755517857.611458,8633
1755517857.712921,8771
1755517857.814171,8405
1755517857.915733,9245
1755517858.016687,9222
1755517858.118076,9034
1755517858.219155,9141
1755517858.320378,9306
1755517858.421781,9615
1755517858.522783,9346
1755517858.623535,8773
1755517858.724531,9168
1755517858.825672,8878
1755517858.929193,9147
1755517859.134001,9441
1755517859.235169,9212
1755517859.336572,8717
1755517859.438146,8929
1755517859.539121,8784
1755517859.640739,9092
1755517859.741818,8894
1755517859.842606,8721
1755517859.94398,9371
1755517860.044541,9029
1755517860.146266,8994
1755517860.251943,10163
1755517860.45561,9200
1755517860.557188,9588
1755517860.65871,9574
1755517860.760003,9122
1755517860.861203,9090
1755517860.962448,9383
1755517861.063315,9586
1755517861.164654,9394
1755517861.265347,8600
1755517861.366312,8755
1755517861.467739,9326
1755517861.569053,9880
1755517861.670144,8962
1755517861.875884,9271
1755517861.977233,8978
1755517862.078359,7723
1755517862.179073,3961
1755517862.280188,8801
1755517862.381698,9171
1755517862.482635,8728
1755517862.584449,9262
1755517862.685584,9502
1755517862.78693,8752
1755517862.887689,8822
1755517862.98841,8707
1755517863.092487,9216
1755517863.297895,9221
1755517863.398951,8975
1755517863.499665,9124
1755517863.600723,8816
1755517863.702023,9220
1755517863.803181,9104
1755517863.90462,8803
1755517864.005626,9167
1755517864.106803,9854
1755517864.208639,9191
1755517864.310151,9378
1755517864.41145,8825
1755517864.512834,9242
1755517864.717595,9082
1755517864.819009,8578
1755517864.919833,8847
1755517865.021372,9326
1755517865.12312,9081
1755517865.224819,9075
1755517865.325731,9582
1755517865.427376,9946
1755517865.528761,8245
1755517865.629662,8850
1755517865.731174,9555
1755517865.832001,9154
1755517866.03459,9632
1755517866.135964,9065
1755517866.236899,9590
1755517866.337701,9245
1755517866.439153,9245
1755517866.540111,9102
1755517866.641126,9305
1755517866.742117,9634
1755517866.843296,9102
1755517866.945481,9061
1755517867.049619,9103
1755517867.152424,9376
1755517867.35692,9429
1755517867.458357,9020
1755517867.559122,9755
1755517867.659974,9459
1755517867.761525,9276
1755517867.86306,9041
1755517867.964564,9083
1755517868.066041,9194
1755517868.167518,8839
1755517868.269128,9516
1755517868.370496,9332
1755517868.471324,8965
1755517868.572472,9016
1755517868.775912,9025
1755517868.87669,9257
1755517868.978162,9293
1755517869.079309,9036
1755517869.18118,9315
1755517869.281945,9308
1755517869.383669,8935
1755517869.485192,9160
1755517869.585884,9315
1755517869.687454,9008
1755517869.788653,8883
1755517869.891264,8732
1755517870.095324,9586
1755517870.196803,9026
1755517870.29837,9461
1755517870.399754,9745
1755517870.501123,9667
1755517870.6035,9494
1755517870.70431,9354
1755517870.805613,8864
1755517870.907115,8384
1755517871.008064,9212
1755517871.109759,9616
1755517871.211445,9018
1755517871.313977,8972
1755517871.51962,8916
1755517871.621393,9216
1755517871.722607,9465
1755517871.824147,9040
1755517871.925734,9440
1755517872.026461,9580
1755517872.130106,9252
1755517872.231846,8924
1755517872.333451,8985
1755517872.434273,9125
1755517872.536057,9254
1755517872.738758,8972
1755517872.738758,8972
1755517872.840242,8888
1755517873.05158,9124
1755517873.152548,9260
1755517873.254399,9396
1755517873.355328,8966
1755517873.456088,8535
1755517873.55709,9118
1755517873.658028,8965
1755517873.758789,9239
1755517873.860368,9253
1755517873.961362,8683
1755517874.062307,8945
1755517874.163791,9587
1755517874.264539,10044
1755517874.368537,8769
1755517874.572671,9217
1755517874.673714,9352
1755517874.775051,8822
1755517874.876151,9238
1755517874.978192,8976
1755517875.079173,8843
1755517875.180119,9609
1755517875.281178,9321
1755517875.382245,9271
1755517875.485349,9281
1755517875.590278,9587
1755517875.692288,9557
1755517875.795607,8914
1755517875.899868,9325
1755517876.104356,9211
1755517876.211072,9424
1755517876.312799,8975
1755517876.413872,9458
1755517876.515131,9391
1755517876.616676,9700
1755517876.717442,9149
1755517876.818549,9267
1755517876.919331,9029
1755517877.020669,9137
1755517877.12159,9670
1755517877.223834,9115
1755517877.429351,9307
1755517877.53099,9248
1755517877.631871,9555
1755517877.733328,9028
1755517877.834366,9253
1755517877.935652,9645
1755517878.036653,9158
1755517878.137691,9105
1755517878.238742,9411
1755517878.339932,9813
1755517878.441659,8798
1755517878.543892,9507
1755517878.748348,9142
1755517878.850075,9201
1755517878.951071,9426
1755517879.052201,9126
1755517879.152937,9847
1755517879.254284,8988
1755517879.355483,9822
1755517879.456916,9198
1755517879.558609,9587
1755517879.660566,9003
1755517879.762381,9065
1755517879.863501,9246
1755517879.965227,9535
1755517880.070566,9233
1755517880.277441,9217
1755517880.380124,8716
1755517880.481514,9744
1755517880.582816,9822
1755517880.683602,8890
1755517880.785216,9732
1755517880.886676,9383
1755517880.987281,9413
1755517881.088823,8420
1755517881.190898,8885
1755517881.292112,9455
1755517881.494214,9003
1755517881.595587,9341
1755517881.69637,9049
1755517881.79714,9169
1755517881.897778,9042
1755517881.999118,9394
1755517882.100633,9308
1755517882.202175,8902
1755517882.303582,9417
1755517882.405399,8849
1755517882.507132,9377
1755517882.611845,9349
1755517882.714796,9082
1755517882.918886,8952
1755517883.019838,8855
1755517883.121564,8611
1755517883.222891,8734
1755517883.324247,9224
1755517883.425196,9430
1755517883.526402,8882
1755517883.62731,8829
1755517883.728025,9641
1755517883.829168,9363
1755517883.931221,9083
1755517884.034029,8929
1755517884.135469,8842
1755517884.342658,9212
1755517884.444324,7524
1755517884.545361,1840
1755517884.646106,2967
1755517884.747193,7706
1755517884.848586,9132
1755517884.950207,9496
1755517885.051392,9260
1755517885.152799,9101
1755517885.25418,9577
1755517885.360154,9128
1755517885.462254,8716
1755517885.665697,9317
1755517885.767059,9244
1755517885.868123,8994
1755517885.969358,8998
1755517886.071011,8932
1755517886.171687,9595
1755517886.272983,9131
1755517886.374505,8559
1755517886.475625,8564
1755517886.576867,8850
1755517886.680444,8959
1755517886.782131,9263
1755517886.886557,9745
1755517887.091189,9116
1755517887.192554,9598
1755517887.293493,9639
1755517887.395275,9267
1755517887.496138,8833
1755517887.597866,9515
1755517887.699166,8933
1755517887.800386,9375
1755517887.90215,9492
1755517888.003477,8970
1755517888.104606,9047
1755517888.207093,8771
1755517888.311224,9651
1755517888.513831,8908
1755517888.615404,9274
1755517888.716055,9001
1755517888.817127,8983
1755517888.918236,9326
1755517889.018871,8953
1755517889.120329,9274
1755517889.22117,8875
1755517889.323051,8774
1755517889.423658,9492
1755517889.525067,8766
1755517889.627905,9700
1755517889.729134,8317
1755517889.932695,9218
1755517890.034442,9277
1755517890.135385,9302
1755517890.236564,9369
1755517890.338033,9037
1755517890.439615,9489
1755517890.540958,9472
1755517890.641781,9065
1755517890.742607,8430
1755517890.846063,9613
1755517890.94784,9078
1755517891.04951,9501
1755517891.15169,8954
1755517891.354732,8644
1755517891.45544,9065
1755517891.557344,8655
1755517891.658927,9115
1755517891.760057,9245
1755517891.860831,8553
1755517891.962474,9513
1755517892.064182,9006
1755517892.16637,8552
1755517892.267507,9541
1755517892.368909,9634
1755517892.571596,9093
1755517892.571596,9093
1755517892.777059,9147
1755517892.878742,9539
1755517892.980206,9481
1755517893.081299,9268
1755517893.182897,9183
1755517893.284088,8854
1755517893.385815,9348
1755517893.486562,9131
1755517893.58736,9077
1755517893.689504,9284
1755517893.792887,9498
1755517893.893976,8398
1755517893.994605,8834
1755517894.200472,8896
1755517894.30207,8533
1755517894.403503,8892
1755517894.504939,8872
1755517894.605648,9453
1755517894.707138,9183
1755517894.807848,8986
1755517894.909878,9369
1755517895.011407,7554
1755517895.113553,9085
1755517895.215975,9333
1755517895.31753,8891
1755517895.419078,7799
1755517895.625019,9479
1755517895.727198,9395
1755517895.828703,9861
1755517895.9296,9465
1755517896.030424,9164
1755517896.13167,9521
1755517896.23254,9626
1755517896.333634,8595
1755517896.434394,9368
1755517896.537395,9655
1755517896.638125,9312
1755517896.739327,9219
1755517896.840225,8919
1755517897.045391,9064
1755517897.147129,9141
1755517897.248049,9135
1755517897.34967,9417
1755517897.450592,9442
1755517897.551358,9149
1755517897.65209,9033
1755517897.754064,9100
1755517897.854765,9473
1755517897.956026,9510
1755517898.05742,9112
1755517898.163632,8728
1755517898.264828,9684
1755517898.467284,9370
1755517898.569001,9310
1755517898.670762,9119
1755517898.771686,9313
1755517898.872611,8996
1755517898.973396,5516
1755517899.074942,1861
1755517899.176204,5915
1755517899.277118,9047
1755517899.380171,9655
1755517899.482292,9155
1755517899.583152,9171
1755517899.685147,9343
1755517899.786773,9347
1755517899.991931,9136
1755517900.093077,9125
1755517900.194185,9109
1755517900.295617,8744
1755517900.397432,9419
1755517900.498535,8822
1755517900.599903,8977
1755517900.701004,9614
1755517900.802507,9516
1755517900.904421,9184
1755517901.006744,9157
1755517901.108811,9182
1755517901.312379,8798
1755517901.414285,9498
1755517901.51514,8953
1755517901.616052,8968
1755517901.717518,8998
1755517901.819225,8976
1755517901.920387,8402
1755517902.022005,9270
1755517902.123063,9360
1755517902.224129,9241
1755517902.324794,9059
1755517902.426777,9481
1755517902.529437,9370
1755517902.73302,9156
1755517902.834148,8988
1755517902.935355,9218
1755517903.036091,9331
1755517903.137219,9146
1755517903.238053,9312
1755517903.339242,9240
1755517903.440436,8804
1755517903.541789,8948
1755517903.643189,8195
1755517903.744702,9052
1755517903.845678,9259
1755517903.948634,8848
1755517904.053709,8574
1755517904.258343,9091
1755517904.359317,9586
1755517904.461474,8712
1755517904.562857,9390
1755517904.66488,9350
1755517904.766115,9186
1755517904.866739,9222
1755517904.967963,8733
1755517905.068887,9422
1755517905.17018,9546
1755517905.27165,8721
1755517905.373173,9081
1755517905.578595,9110
1755517905.68025,8873
1755517905.78172,9539
1755517905.883171,8614
1755517905.984523,9456
1755517906.085626,9267
1755517906.186828,8794
1755517906.288322,9448
1755517906.38921,8841
1755517906.490144,9867
1755517906.591783,8963
1755517906.693439,9630
1755517906.794481,9530
1755517906.897934,8999
1755517907.104031,9395
1755517907.210265,8979
1755517907.317976,8847
1755517907.418737,9080
1755517907.519463,9411
1755517907.621154,9027
1755517907.722513,9481
1755517907.82325,8894
1755517907.925043,9519
1755517908.026132,9664
1755517908.127511,9163
1755517908.331162,9240
1755517908.43252,9106
1755517908.533107,9404
1755517908.634814,8996
1755517908.735753,9490
1755517908.836891,8849
1755517908.938413,9190
1755517909.039788,9233
1755517909.141517,9230
1755517909.243245,9663
1755517909.343975,9421
1755517909.444706,8964
1755517909.545436,8954
1755517909.748892,9279
1755517909.849622,9490
1755517909.950471,9767
1755517910.051146,8959
1755517910.152117,9567
1755517910.253188,9270
1755517910.353876,9405
1755517910.455008,9462
1755517910.556638,8983
1755517910.657825,9457
1755517910.759722,8871
1755517910.860979,9105
1755517910.962924,8857
1755517911.167808,9479
1755517911.269063,8730
1755517911.370667,9300
1755517911.472116,9354
1755517911.573094,9061
1755517911.674199,8664
1755517911.775684,9144
1755517911.877098,9387
1755517911.978185,9190
1755517912.079642,9540
1755517912.180648,8732
1755517912.283789,8948
1755517912.487263,8604
1755517912.588102,8786
1755517912.688827,9173
1755517912.790155,9049
1755517912.89137,9020
1755517912.992501,9374
1755517913.093548,8966
1755517913.19482,8886
1755517913.296379,8802
1755517913.398623,9125
1755517913.502229,8715
1755517913.603894,9275
1755517913.808502,8790
1755517913.909765,8709
1755517914.010668,9345
1755517914.111427,8961
1755517914.212711,9182
1755517914.314154,9739
1755517914.415839,9676
1755517914.517276,8764
1755517914.618792,9456
1755517914.719692,9613
1755517914.820845,9144
1755517914.922214,9253
1755517915.027582,8805
1755517915.128854,9094
1755517915.3321,9001
1755517915.3321,9001
1755517915.537241,9167
1755517915.638074,9064
1755517915.74018,8892
1755517915.841534,9017
1755517915.942321,9812
1755517916.043584,8828
1755517916.145244,9256
1755517916.246626,8462
1755517916.348386,9168
1755517916.449822,9099
1755517916.550807,9338
1755517916.657256,9084
1755517916.760495,9476
1755517916.964721,8405
1755517917.065379,9527
1755517917.166233,9568
1755517917.267824,8987
1755517917.369782,9219
1755517917.470876,9486
1755517917.572165,8836
1755517917.676746,9294
1755517917.777941,9061
1755517917.879656,8887
1755517917.980636,9239
1755517918.082058,8863
1755517918.182715,9547
1755517918.389643,8866
1755517918.49038,9341
1755517918.592132,9159
1755517918.693527,9112
1755517918.794345,10057
1755517918.896006,9059
1755517918.997232,8564
1755517919.098487,9095
1755517919.199495,9038
1755517919.300698,9495
1755517919.402086,9182
1755517919.504048,8728
1755517919.605526,9815
1755517919.813675,8817
1755517919.915518,8954
1755517920.016144,9311
1755517920.11788,8541
1755517920.218685,9572
1755517920.320039,9096
1755517920.420943,9028
1755517920.522098,9203
1755517920.623591,9271
1755517920.725571,9158
1755517920.827891,9294
1755517920.928923,9105
1755517921.030167,9669
1755517921.235299,8596
1755517921.337036,9229
1755517921.437989,8776
1755517921.539313,9612
1755517921.640554,9284
1755517921.741176,8715
1755517921.843089,8791
1755517921.94467,9131
1755517922.045671,9316
1755517922.146723,9569
1755517922.247924,9298
1755517922.349195,8659
1755517922.450622,9524
1755517922.656966,9204
1755517922.758583,9142
1755517922.859154,9167
1755517922.960165,9691
1755517923.06136,8834
1755517923.162873,8924
1755517923.264153,8747
1755517923.364827,9247
1755517923.46596,9106
1755517923.567618,9315
1755517923.668899,8945
1755517923.873371,9138
1755517923.974801,9257
1755517924.075643,8776
1755517924.176542,8929
1755517924.278332,8969
1755517924.379329,9633
1755517924.48089,9068
1755517924.581595,8887
1755517924.682553,9231
1755517924.787874,9096
1755517924.890332,9018
1755517924.995499,8909
1755517925.09706,9196
1755517925.200127,9421
1755517925.304157,9247
1755517925.509856,9278
1755517925.61079,9441
1755517925.712173,9113
1755517925.813039,9101
1755517925.913939,8741
1755517926.015339,9112
1755517926.116101,9150
1755517926.217552,9157
1755517926.318881,9395
1755517926.419967,9486
1755517926.520971,9930
1755517926.625227,9937
1755517926.829642,8728
1755517926.930978,8980
1755517927.03231,9217
1755517927.135018,9025
1755517927.236478,9126
1755517927.338074,9281
1755517927.438955,9109
1755517927.540088,9116
1755517927.640844,8972
1755517927.741778,8857
1755517927.843616,9242
1755517927.9446,9387
1755517928.047671,9517
1755517928.149089,8331
1755517928.357363,9558
1755517928.4591,9141
1755517928.560029,9026
1755517928.660688,9745
1755517928.762185,8936
1755517928.863473,9102
1755517928.964863,8896
1755517929.066246,8818
1755517929.167148,8988
1755517929.26815,8544
1755517929.471484,9701
1755517929.573387,9057
1755517929.67484,8949
1755517929.775851,8890
1755517929.877121,9045
1755517929.978843,9555
1755517930.079489,9389
1755517930.18022,9113
1755517930.280773,9298
1755517930.381922,9659
1755517930.486663,9012
1755517930.589494,9792
1755517930.691266,9314
1755517930.792453,9655
1755517930.995981,9065
1755517931.097525,8685
1755517931.198596,9518
1755517931.299975,9272
1755517931.40106,9447
1755517931.502687,9456
1755517931.604133,9118
1755517931.704952,9254
1755517931.806104,8937
1755517931.906848,9390
1755517932.008578,9485
1755517932.210759,9208
1755517932.312585,9761
1755517932.413769,9408
1755517932.515244,9036
1755517932.616483,9324
1755517932.718067,9302
1755517932.820156,8541
1755517932.921228,9349
1755517933.022236,2583
1755517933.123792,6685
1755517933.224746,8865
1755517933.32604,9210
1755517933.427916,9334
1755517933.531462,9503
1755517933.637094,9608
1755517933.743758,9075
1755517933.947379,9236
1755517934.048887,10009
1755517934.14979,9206
1755517934.251544,9110
1755517934.352654,8861
1755517934.453459,9364
1755517934.554647,9151
1755517934.655614,9280
1755517934.756693,9873
1755517934.857825,9018
1755517934.96129,8862
1755517935.066279,9448
1755517935.169863,9113
1755517935.274636,9029
1755517935.47937,8916
1755517935.58061,9423
1755517935.682028,8884
1755517935.784442,9672
1755517935.886169,8965
1755517935.986906,9321
1755517936.087953,8560
1755517936.189895,9260
1755517936.29058,8948
1755517936.392644,9190
1755517940.269792,9391
1755517940.373516,9082
1755517940.47624,9238
1755517940.578966,8906
1755517940.679696,9153
1755517940.781424,9411
1755517940.882155,9033
1755517940.983882,8994
1755517941.084613,9272
1755517941.185349,9440
1755517941.287071,8985
1755517941.387802,8795
1755517941.488618,9700
1755517941.690903,9576
1755517941.792633,9141
1755517941.89412,8404
1755517941.996846,9345
1755517942.098574,8414
1755517942.199499,8332
1755517942.300709,9080
1755517942.402204,8877
1755517942.502929,9431
1755517942.604074,9471
1755517942.704909,9034
1755517942.805611,9404
1755517942.908032,9524
1755517943.011769,8752
1755517943.215579,8768
1755517943.316866,8984
1755517943.418625,9188
1755517943.519698,8924
1755517943.620866,9489
1755517943.722096,9503
1755517943.8232,9188
1755517943.924248,9747
1755517944.025911,9167
1755517944.127345,8833
1755517944.227911,9337
1755517944.434916,8718
1755517944.535957,9471
1755517944.637031,8716
1755517944.738482,9462
1755517944.83969,8309
1755517944.941066,9006
1755517945.042313,9728
1755517945.143755,9591
1755517945.244704,8746
1755517945.346635,9349
1755517945.447902,9657
1755517945.548764,9061
1755517945.65059,9634
1755517945.855823,9203
1755517945.956865,9006
1755517946.057924,8905
1755517946.159262,9177
1755517946.260953,6303
1755517946.362122,7314
1755517946.464943,9647
1755517946.565673,9490
1755517946.67068,9647
1755517946.773167,8967
1755517946.874894,9299
1755517946.976389,9271
1755517947.077142,8972
1755517947.281098,9340
1755517947.382123,8888
1755517947.483535,9673
1755517947.584544,8791
1755517947.68519,9518
1755517947.786061,9209
1755517947.886646,9325
1755517947.987634,9268
1755517948.089214,9037
1755517948.190966,8953
1755517948.291501,9141
1755517948.393559,9455
1755517948.59779,9244
1755517948.699083,9191
1755517948.801177,9436
1755517948.902103,8659
1755517949.002832,9153
1755517949.104054,9029
1755517949.205061,9385
1755517949.305892,8896
1755517949.407694,9086
1755517949.508601,9454
1755517949.609184,9106
1755517949.710795,8876
1755517949.812451,8882
1755517949.914847,9307
1755517950.122368,9301
1755517950.223548,9418
1755517950.324099,9089
1755517950.42476,9099
1755517950.525934,9004
1755517950.627188,9273
1755517950.728284,9901
1755517950.829192,8790
1755517950.930445,9510
1755517951.031085,9191
1755517951.302358,9154
1755517951.302358,9154
1755517951.543214,8983
1755517951.646134,9191
1755517951.746843,8827
1755517951.848109,8996
1755517951.949891,9313
1755517952.051518,9377
1755517952.152676,8906
1755517952.253532,9022
1755517952.354064,9181
1755517952.455962,8135
1755517952.556778,9016
1755517952.759184,9064
1755517952.861199,9459
1755517952.962548,9462
1755517953.06408,9011
1755517953.165395,9297
1755517953.266945,9423
1755517953.367588,8753
1755517953.468507,9264
1755517953.571048,8715
1755517953.672776,8994
1755517953.774503,8680
1755517953.876231,9240
1755517953.977668,9079
1755517954.180977,9595
1755517954.282059,9368
1755517954.382668,9253
1755517954.485779,9368
1755517954.587288,8885
1755517954.688535,9659
1755517954.790128,9833
1755517954.891027,8989
1755517954.991823,9246
1755517955.09355,9033
1755517955.194441,9118
1755517955.295304,8397
1755517955.396324,9087
1755517955.499969,9276
1755517955.600726,9339
1755517955.805375,8888
1755517955.906526,8996
1755517956.007182,9924
1755517956.107898,9214
1755517956.208629,9182
1755517956.311354,8293
1755517956.413368,9577
1755517956.514373,9365
1755517956.616293,9134
1755517956.717029,8993
1755517956.818744,8749
1755517957.022223,8517
1755517957.156863,9061
1755517957.306463,8116
1755517957.420159,8689
1755517957.525387,9194
1755517957.627114,9574
1755517957.728843,9161
1755517957.833563,8935
1755517957.935291,9584
1755517958.036788,9941
1755517958.137743,8865
1755517958.238856,9069
1755517958.339612,8922
1755517958.543591,9015
1755517958.644833,9314
1755517958.746444,8542
1755517958.848021,8860
1755517958.948658,9092
1755517959.052381,9245
1755517959.155107,9240
1755517959.257832,8829
1755517959.359559,8827
1755517959.461023,9126
1755517959.562369,9186
1755517959.664171,8909
1755517959.765456,8787
1755517959.866504,9084
1755517960.070162,9121
1755517960.171204,8907
1755517960.272178,9061
1755517960.375064,8951
1755517960.476134,9409
1755517960.577326,8933
1755517960.681052,9160
1755517960.781661,8836
1755517960.882592,8986
1755517960.983337,10114
1755517961.084093,9607
1755517961.185637,8872
1755517961.291093,9160
1755517961.394028,8694
1755517961.599227,8763
1755517961.700856,9259
1755517961.802154,8894
1755517961.903114,9211
1755517962.003912,8859
1755517962.105241,9059
1755517962.205962,9719
1755517962.307793,8965
1755517962.54271,9737
1755517962.6953,5898
1755517962.805805,9565
1755517962.90853,9083
1755517963.010258,8955
1755517963.17083,9344
1755517963.17083,9344
1755517963.299114,7093
1755517963.400783,9245
1755517963.502503,9526
1755517963.60344,8876
1755517963.70463,9022
1755517963.90778,8453
1755517964.009183,8983
1755517964.110553,9302
1755517964.212177,9161
1755517964.313915,9563
1755517964.4155,9164
1755517964.516388,9247
1755517964.618133,8806
1755517964.719479,9127
1755517964.820775,9161
1755517964.922131,8613
1755517965.023643,9151
1755517965.125272,8954
1755517965.229617,9353
1755517965.435445,8904
1755517965.537072,9554
1755517965.638504,9030
1755517965.739963,8850
1755517965.841088,9137
1755517965.942489,9644
1755517966.043355,9537
1755517966.144581,8851
1755517966.245864,9132
1755517966.48519,9366
1755517966.640284,5835
1755517966.742012,9053
1755517966.843743,9082
1755517966.94534,9636
1755517967.046195,8983
1755517967.146859,8712
1755517967.249584,8768
1755517967.35071,9295
1755517967.454641,9236
1755517967.558806,9168
1755517967.660792,8707
1755517967.762064,9420
1755517967.863018,10172
1755517968.064534,9742
1755517968.16508,9080
1755517968.26899,9258
1755517968.370123,9225
1755517968.471522,9053
1755517968.572358,9778
1755517968.674165,9223
1755517968.775092,8966
1755517968.876041,9370
1755517968.977516,9224
1755517969.078584,9063
1755517969.179898,8991
1755517969.281264,8908
1755517969.483487,9498
1755517969.69526,9226
1755517969.796703,8605
1755517969.898464,9080
1755517970.000193,9341
1755517970.110916,8745
1755517970.215637,9284
1755517970.318357,8625
1755517970.500871,9192
1755517970.500871,9192
1755517970.605589,9176
1755517970.712094,9212
1755517970.81601,9386
1755517970.921727,9253
1755517971.025449,9257
1755517971.230874,9199
1755517971.333599,9179
1755517971.435328,9102
1755517971.537056,8856
1755517971.646762,8886
1755517971.748847,8933
1755517971.850485,9504
1755517971.955129,9206
1755517972.056904,8852
1755517972.158035,9166
1755517972.25872,8501
1755517972.359421,9106
1755517972.461183,9335
1755517972.565903,9549
1755517972.672059,8911
1755517972.772821,9120
1755517972.878352,9465
1755517973.119875,8741
1755517973.493895,8028
1755517973.623552,7843
1755517973.73525,8388
1755517973.839969,9496
1755517973.942695,9267
1755517974.043937,9185
1755517974.144742,8521
1755517974.245895,8650
1755517974.34733,8941
1755517974.448785,8851
1755517974.550517,9053
1755517974.656057,9244
1755517974.757122,9805
1755517974.959008,9318
1755517975.059751,9231
1755517975.16148,9299
1755517975.262209,8776
1755517975.365932,9313
1755517975.46766,9407
1755517975.569388,8984
1755517975.670151,8822
1755517975.778862,9195
1755517975.88358,8995
1755517975.985307,8795
1755517976.088035,8955
1755517976.189463,8883
1755517976.290194,8914
1755517976.391864,9471
1755517976.597598,8940
1755517976.698329,9421
1755517976.803049,8860
1755517976.904783,9151
1755517977.006132,8791
1755517977.106863,9808
1755517977.2097,9416
1755517977.313011,9636
1755517977.414517,9309
1755517977.516878,9480
1755517977.619617,8691
1755517977.7214,9156
1755517977.928574,8404
1755517978.031041,9066
1755517978.132771,9351
1755517978.235495,9335
1755517978.346199,9683
1755517978.451917,8584
1755517978.555639,9355
1755517978.660688,9072
1755517978.761419,9351
1755517978.873123,8807
1755517979.090539,8553
1755517979.090539,8553
1755517979.193264,9368
1755517979.293994,9411
1755517979.395722,9112
1755517979.497119,9221
1755517979.598844,8955
1755517979.699575,9540
1755517979.800946,8937
1755517980.005401,9367
1755517980.151012,9355
1755517980.25573,8756
1755517980.356461,8865
1755517980.457191,9073
1755517980.558919,8955
1755517980.76191,9292
1755517980.863638,8984
1755517980.965367,9407
1755517981.067094,9083
1755517981.167825,8885
1755517981.26916,9986
1755517981.369891,8984
1755517981.471619,9200
1755517981.573347,9377
1755517981.674077,9391
1755517981.775805,9309
1755517981.877533,9024
1755517981.982254,9883
1755517982.189698,9812
1755517982.29043,8726
1755517982.391159,9351
1755517982.492888,9103
1755517982.595613,9462
1755517982.696342,8964
1755517982.798071,9151
1755517982.899799,9466
1755517983.000529,9014
1755517983.10126,9441
1755517983.204982,8946
1755517983.305713,9947
1755517983.406444,9361
1755517983.608903,9309
1755517983.709632,9550
1755517983.810363,9014
1755517983.911094,9232
1755517984.011824,8785
1755517984.115172,10063
1755517984.217897,8897
1755517984.319143,9442
1755517984.420383,9521
1755517984.521111,9391
1755517984.622838,9554
1755517984.723569,9619
1755517984.827292,9495
1755517984.933009,9761
1755517985.138729,8792
1755517985.239459,9480
1755517985.34019,9272
1755517985.441917,8060
1755517985.543154,8830
1755517985.644375,8753
1755517985.745105,8855
1755517985.846833,9023
1755517985.947563,9520
1755517986.049292,9417
1755517986.150022,9510
1755517986.25175,9486
1755517986.352481,9371
1755517986.559442,9610
1755517986.660173,9470
1755517986.760903,9093
1755517986.861633,9321
1755517986.962364,9619
1755517987.063094,10076
1755517987.163825,9659
1755517987.264556,10106
1755517987.366284,9810
1755517987.467212,9848
1755517987.568939,8994
1755517987.670667,9212
1755517987.776384,9862
1755517987.981835,9286
1755517988.08456,8876
1755517988.18529,9748
1755517988.287019,9554
1755517988.38833,9446
1755517988.48906,9460
1755517988.589797,9440
1755517988.691519,8965
1755517988.79225,9619
1755517988.89298,9282
1755517989.095439,9391
1755517989.196168,10066
1755517989.304938,8498
1755517989.45354,9616
1755517989.45354,9616
1755517989.555269,9191
1755517989.655999,9441
1755517989.758725,9063
1755517989.968168,9235
1755517990.069233,9162
1755517990.169898,9258
1755517990.271136,9452
1755517990.371867,8964
1755517990.472598,9292
1755517990.573328,9321
1755517990.67406,8726
1755517990.776284,9753
1755517990.878009,8601
1755517990.97874,9431
1755517991.07947,9232
1755517991.280932,8547
1755517991.381661,9123
1755517991.482392,9649
1755517991.583123,9212
1755517991.683853,9024
1755517991.784584,9669
1755517991.885314,9619
1755517991.987532,9365
1755517992.088262,9063
1755517992.188993,8726
1755517992.289725,9768
1755517992.392449,9170
1755517992.497169,9625
1755517992.605878,8667
1755517992.813323,9490
1755517992.914568,9037
1755517993.016296,9269
1755517993.117027,9709
1755517993.217761,9539
1755517993.318487,9272
1755517993.419219,8984
1755517993.520947,8876
1755517993.624242,8568
1755517993.725969,9495
1755517993.826701,8984
1755517993.927431,9173
1755517994.032151,9880
1755517994.135873,9428
1755517994.339338,9495
1755517994.441057,8838
1755517994.541787,8646
1755517994.642517,9411
1755517994.743248,9272
1755517994.843979,9738
1755517994.944709,9947
1755517995.04544,9421
1755517995.147168,9063
1755517995.247898,8944
1755517995.5092,9093
1755517995.5092,9093
1755517995.612206,8630
1755517995.717924,9616
1755517995.820649,9564
1755517995.929358,9072
1755517996.031086,8925
1755517996.133812,8663
1755517996.338264,8935
1755517996.439993,9161
1755517996.541295,10098
1755517996.642026,8845
1755517996.744751,9374
1755517996.847476,9564
1755517996.94971,9106
1755517997.05144,9240
1755517997.158156,9279
1755517997.258886,9163
1755517997.360613,9102
1755517997.463244,8818
1755517997.564971,9112
1755517997.665701,9043
1755517997.769424,9267
1755517997.872152,8829
1755517998.075605,9564
1755517998.176335,9738
1755517998.277065,8984
1755517998.377735,9257
1755517998.478466,9083
1755517998.579197,9490
1755517998.680586,8245
1755517998.781318,9282
1755517998.883046,8925
1755517998.98577,9535
1755517999.0865,9818
1755517999.190224,9456
1755517999.29595,8938
1755517999.40067,9218
1755517999.606787,8560
1755517999.707518,8944
1755517999.809247,9574
1755517999.909976,9600
1755518000.010707,9123
1755518000.111943,9650
1755518000.212673,9431
1755518000.314402,9849
1755518000.415132,8865
1755518000.515863,9381
1755518000.624572,9348
1755518000.725302,8488
1755518000.832017,9033
1755518000.934744,9150
1755518001.14119,9131
1755518001.241921,9063
1755518001.343648,9446
1755518001.44438,9450
1755518001.54511,8974
1755518001.645841,9411
1755518001.747569,9279
1755518001.849296,9269
1755518001.951025,9751
1755518002.052752,8945
1755518002.153989,9018
1755518002.258216,9517
1755518002.360941,8858
1755518002.471645,8604
1755518002.67463,9358
1755518002.776357,8876
1755518002.877088,9838
1755518002.978815,8994
1755518003.079546,9431
1755518003.180277,9212
1755518003.28156,9271
1755518003.383289,9299
1755518003.490002,9149
1755518003.591731,9182
1755518003.692462,9500
1755518003.793192,9163
1755518003.893922,8765
1755518004.098375,9461
1755518004.200121,9258
1755518004.300851,8835
1755518004.404574,9589
1755518004.536222,9686
1755518004.536222,9686
1755518004.688816,6579
1755518004.793534,8823
1755518004.895262,10075
1755518004.99699,9348
1755518005.103704,9939
1755518005.204435,9321
1755518005.306163,9122
1755518005.511237,9047
1755518005.612962,9289
1755518005.71469,9113
1755518005.816418,8699
1755518005.917148,9768
1755518006.018385,8870
1755518006.119119,9123
1755518006.220844,2418
1755518006.321574,2323
1755518006.425297,2725
1755518006.53252,7498
1755518006.634248,9299
1755518006.74196,9279
1755518006.845682,9188
1755518006.950402,9043
1755518007.060616,9540
1755518007.165844,9405
1755518007.278543,9520
1755518007.481931,8776
1755518007.584658,9092
1755518007.685392,9073
1755518007.786119,8627
1755518007.88685,8676
1755518007.987851,9039
1755518008.089579,8837
1755518008.190867,10149
1755518008.291597,9202
1755518008.392328,9242
1755518008.493058,9470
1755518008.700504,8926
1755518008.802231,9230
1755518008.902962,9659
1755518009.004689,9073
1755518009.10542,9470
1755518009.206151,9301
1755518009.307882,8807
1755518009.409607,9161
1755518009.510338,9480
1755518009.612066,9427
1755518009.713793,9201
1755518009.814524,9401
1755518010.015985,8795
1755518010.118711,9092
1755518010.220438,9132
1755518010.321169,8686
1755518010.421899,9163
1755518010.52263,9103
1755518010.623361,8438
1755518010.725088,9309
1755518010.825819,8924
1755518010.926549,9490
1755518011.02728,8904
1755518011.130007,9452
1755518011.231351,9147
1755518011.333082,9348
1755518011.540526,9092
1755518011.641763,8692
1755518011.742494,9441
1755518011.844221,9712
1755518011.944952,9043
1755518012.04668,9191
1755518012.148408,8666
1755518012.249643,8593
1755518012.350373,9401
1755518012.455093,9361
1755518012.555824,9490
1755518012.657063,9423
1755518012.859521,9063
1755518012.962247,8926
1755518013.06448,9214
1755518013.165073,8738
1755518013.266801,9013
1755518013.368529,9073
1755518013.469259,8785
1755518013.570987,9063
1755518013.672716,8319
1755518013.773445,8934
1755518013.995299,9209
1755518013.995299,9209
1755518014.098534,9231
1755518014.199265,9560
1755518014.299997,9361
1755518014.406742,9182
1755518014.510464,9265
1755518014.720071,8846
1755518014.821798,9112
1755518014.922529,9302
1755518015.023259,4517
1755518015.12399,9411
1755518015.22572,8846
1755518015.327445,9220
1755518015.428177,9043
1755518015.529456,8955
1755518015.631183,9191
1755518015.731914,9331
1755518015.833642,9692
1755518015.934372,9351
1755518016.135834,9113
1755518016.236582,9131
1755518016.338311,8896
1755518016.43904,9222
1755518016.539772,9341
1755518016.6415,8758
1755518016.744224,9377
1755518016.844955,8984
1755518016.945685,8895
1755518017.046934,9037
1755518017.148663,8797
1755518017.25039,9692
1755518017.454843,9413
1755518017.55657,8778
1755518017.657949,9508
1755518017.758679,9639
1755518017.85941,9639
1755518017.962135,9122
1755518018.062865,9212
1755518018.163596,1767
1755518018.266322,2823
1755518018.368049,6330
1755518018.469286,9225
1755518018.570015,8974
1755518018.772474,9102
1755518018.874202,9407
1755518018.974934,8537
1755518019.075663,9490
1755518019.177391,8758
1755518019.279119,8748
1755518019.37985,9153
1755518019.48056,8866
1755518019.582288,9321
1755518019.684016,8847
1755518019.784747,9113
1755518019.885477,9202
1755518019.987205,9181
1755518020.088934,9191
1755518020.191658,9394
1755518020.39824,8953
1755518020.498972,9162
1755518020.600701,9161
1755518020.703426,8488
1755518020.806152,8552
1755518020.907879,9279
1755518021.008609,9441
1755518021.10934,8825
1755518021.211068,9004
1755518021.311798,9520
1755518021.413037,8534
1755518021.614499,8865
1755518021.716227,9210
1755518021.817954,9407
1755518021.918686,8815
1755518022.020412,8817
1755518022.121143,9222
1755518022.222871,8738
1755518022.323602,8339
1755518022.424332,8934
1755518022.525064,9212
1755518022.626894,9093
1755518022.727625,8855
1755518022.828355,9401
1755518023.031318,9186
1755518023.132048,9182
1755518023.232645,9185
1755518023.334376,8728
1755518023.435106,8954
1755518023.536834,8866
1755518023.637564,9182
1755518023.738295,8537
1755518023.839536,9531
1755518023.941262,9161
1755518024.041993,8775
1755518024.144228,9478
1755518024.248947,9186
1755518024.356143,9106
1755518024.560154,9073
1755518024.662156,9597
1755518024.763932,9138
1755518024.864663,8924
1755518024.965537,8872
1755518025.067675,9144
1755518025.168406,9162
1755518025.269392,9060
1755518025.370624,9295
1755518025.471353,9073
1755518025.572295,9074
1755518025.673458,9252
1755518025.779039,9102
1755518025.883585,8761
1755518026.086418,9077
1755518026.18791,8848
1755518026.28981,9077
1755518026.391095,9369
1755518026.492797,9508
1755518026.594253,9294
1755518026.6949,9438
1755518026.796154,8730
1755518026.897127,9279
1755518026.998472,9571
1755518027.1002,9202
1755518027.205544,8875
1755518027.409124,9229
1755518027.510566,8704
1755518027.611482,9522
1755518027.713027,9316
1755518027.814798,8951
1755518027.916379,8741
1755518028.017767,9241
1755518028.11922,9511
1755518028.220149,9442
1755518028.32155,9053
1755518028.422282,8944
1755518028.523739,9225
1755518028.624502,9447
1755518028.725091,8748
1755518028.830916,9109
1755518029.035788,8725
1755518029.136421,9380
1755518029.238147,9161
1755518029.33995,8779
1755518029.442674,8965
1755518029.5454,9053
1755518029.647127,8994
1755518029.748854,9092
1755518029.849586,9391
1755518030.054038,9153
1755518030.155767,9574
1755518030.257494,9181
1755518030.358244,8913
1755518030.45897,8806
1755518030.562713,8916
1755518030.663693,9140
1755518030.76507,9390
1755518030.866672,8739
1755518030.967522,9519
1755518031.069938,8874
1755518031.171203,9203
1755518031.27209,9535
1755518031.47467,9146
1755518031.57574,9003
1755518031.677135,9566
1755518031.778154,9354
1755518031.8792,8946
1755518031.980796,9439
1755518032.081813,9681
1755518032.183172,9234
1755518032.284003,9183
1755518032.385199,9526
1755518032.486882,9244
1755518032.588395,8885
1755518032.689781,9883
1755518032.892488,8850
1755518032.993122,9012
1755518033.094301,9201
1755518033.195414,8970
1755518033.296788,8917
1755518033.398174,9449
1755518033.499696,9613
1755518033.601362,8822
1755518033.703063,9577
1755518033.804791,9456
1755518033.906454,9295
1755518034.189698,9125
1755518034.318863,8791
1755518034.42857,9042
1755518034.541272,9339
1755518034.541272,9339
1755518034.655962,8945
1755518034.873401,9022
1755518034.986101,8500
1755518034.986101,8500
1755518035.097311,9037
1755518035.208044,8300
1755518035.318749,8928
1755518035.467356,7483
1755518035.72071,8481
1755518035.842407,8894
1755518035.842407,8894
1755518035.96508,8675
1755518036.168042,9589
1755518036.269276,9729
1755518036.370173,8692
1755518036.477568,8706
1755518036.587274,8702
1755518036.689002,9142
1755518036.790758,9395
1755518036.891843,9358
1755518036.992626,8662
1755518037.093481,8943
1755518037.194886,9516
1755518037.296282,9536
1755518037.399007,9309
1755518037.501732,9248
1755518037.604458,9151
1755518037.808911,9460
1755518037.909769,9072
1755518038.011062,8934
1755518038.11179,9629
1755518038.212901,9672
1755518038.314761,9257
1755518038.415545,9326
1755518038.516956,9259
1755518038.618685,9446
1755518038.719921,9482
1755518038.820653,9748
1755518038.934351,8323
1755518039.05653,9182
1755518039.186183,9396
1755518039.307861,8973
1755518039.410582,8946
1755518039.512015,9424
1755518039.615288,9366
1755518039.717016,9466
1755518039.817747,9212
1755518039.918477,8934
1755518040.023197,9481
1755518040.125736,9118
1755518040.328224,8990
1755518040.428961,9212
1755518040.530112,9243
1755518040.63157,9501
1755518040.733028,9895
1755518040.833758,9351
1755518040.93449,9212
1755518041.035854,9263
1755518041.136584,8646
1755518041.238353,9079
1755518041.343516,8772
1755518041.44536,9298
1755518041.547087,9004
1755518041.752268,8414
1755518041.852998,8696
1755518041.955723,8945
1755518042.056453,9153
1755518042.158182,9033
1755518042.259065,9833
1755518042.378404,9495
1755518042.487084,8848
1755518042.589809,8751
1755518042.692122,9060
1755518042.794854,8915
1755518042.896582,9141
1755518043.004152,9291
1755518043.117848,8589
1755518043.221569,8908
1755518043.323062,9222
1755518043.423793,8974
1755518043.785341,9523
1755518044.012771,4336
1755518044.122985,9151
1755518044.226707,9236
1755518044.333928,9018
1755518044.435167,9620
1755518044.536542,9400
1755518044.637472,9679
1755518044.738203,9024
1755518044.83993,9540
1755518044.942165,9324
1755518045.046853,9383
1755518045.151217,9438
1755518045.372632,9207
1755518045.372632,9207
1755518045.478348,8740
1755518045.592044,8944
1755518045.697762,8906
1755518045.908198,8975
1755518046.035371,9279
1755518046.035371,9279
1755518046.146096,9123
1755518046.252832,9144
1755518046.35456,8835
1755518046.561518,9292
1755518046.666238,9444
1755518046.767965,9181
1755518046.868696,9073
1755518046.970935,9203
1755518047.071661,9371
1755518047.174895,9221
1755518047.276623,9250
1755518047.378862,9311
1755518047.4796,9311
1755518047.583831,8970
1755518047.686556,8994
1755518047.791276,9403
1755518047.896993,9629
1755518047.997723,9153
1755518048.101446,9660
1755518048.304901,9643
1755518048.40663,9456
1755518048.50736,9460
1755518048.608092,9877
1755518048.708821,9689
1755518048.81055,9535
1755518048.91128,9947
1755518049.01201,9381
1755518049.114364,9476
1755518049.21709,8975
1755518049.420545,9768
1755518049.522272,9879
1755518049.623003,9311
1755518049.726727,9222
1755518049.842417,9334
1755518049.944145,9289
1755518050.064877,9379
1755518050.166605,9063
1755518050.273319,8428
1755518050.561705,9497
1755518050.683001,8303
1755518050.683001,8303
1755518050.814719,7075
1755518050.915734,9721
1755518051.024624,9294
1755518051.12752,9067
1755518051.233091,8572
1755518051.467738,9317
1755518051.579473,9128
1755518051.688231,8505
1755518051.788932,9205
1755518051.889889,8855
1755518051.990867,9467
1755518052.092374,9447
1755518052.194342,9434
1755518052.295463,9196
1755518052.396447,9199
1755518052.496988,9359
1755518052.601007,8968
1755518052.805372,9525
1755518052.906101,5916
1755518053.006912,3035
1755518053.10868,8480
1755518053.21059,9724
1755518053.311625,9095
1755518053.412665,9115
1755518053.626094,9213
1755518053.930281,8853
1755518054.161172,6936
1755518054.62892,7898
1755518054.768547,7105
1755518054.893214,8924
1755518054.996936,8522
1755518055.099661,9540
1755518055.201389,9250
1755518055.303117,8915
1755518055.404956,9259
1755518055.518651,9472
1755518055.621298,9391
1755518055.757934,8481
1755518055.877614,9108
1755518055.979341,8768
1755518056.083572,9086
1755518056.187295,9228
1755518056.290019,9900
1755518056.391256,9136
1755518056.492984,9269
1755518056.59571,9299
1755518056.696441,9510
1755518056.798645,9383
1755518056.901729,8982
1755518057.002965,9176
1755518057.10375,9624
1755518057.204454,9562
1755518057.305446,9525
1755518057.409075,8887
1755518057.613592,8636
1755518057.714324,9639
1755518057.815239,8928
1755518057.916322,9269
1755518058.017108,9584
1755518058.117874,9249
1755518058.219275,9289
1755518058.32056,9725
1755518058.422176,9476
1755518058.522854,9803
1755518058.624827,8933
1755518058.728425,8810
1755518058.930861,9834
1755518059.032588,8935
1755518059.133752,9024
1755518059.234856,9030
1755518059.336586,9348
1755518059.438086,8936
1755518059.539419,8802
1755518059.640768,9837
1755518059.741422,8832
1755518059.842588,9449
1755518059.943461,9556
1755518060.047742,9330
1755518060.149438,9695
1755518060.354449,8908
1755518060.455193,9429
1755518060.556314,9028
1755518060.657949,9140
1755518060.75911,9786
1755518060.860867,9424
1755518060.962447,9588
1755518061.063625,9270
1755518061.164356,9093
1755518061.293014,8892
1755518061.399764,8658
1755518061.501492,9869
1755518061.604217,9228
1755518061.707446,9735
1755518061.813164,9109
1755518061.916403,9240
1755518062.020127,8663
1755518062.121855,7284
1755518062.342268,7908
1755518062.342268,7908
1755518062.450483,8418
1755518062.555203,8897
1755518062.75866,8755
1755518062.859389,8636
1755518062.96012,9282
1755518063.06085,9073
1755518063.161581,8775
1755518063.262312,9629
1755518063.363042,9450
1755518063.463772,9232
1755518063.564504,9480
1755518063.665234,9699
1755518063.866695,8537
1755518063.967426,9857
1755518064.069153,9299
1755518064.171326,9200
1755518064.273054,9122
1755518064.374781,9269
1755518064.475687,9444
1755518064.576418,9242
1755518064.677474,9460
1755518064.778204,8984
1755518064.879443,8959
1755518064.980172,8686
1755518065.08238,9568
1755518065.28883,9301
1755518065.391555,9033
1755518065.492285,9729
1755518065.593015,8964
1755518065.694251,9186
1755518065.794981,9560
1755518065.895712,8845
1755518065.996446,9401
1755518066.09817,8965
1755518066.198901,8805
1755518066.30063,9269
1755518066.401359,8825
1755518066.502091,8954
1755518066.602821,9669
1755518066.80528,9639
1755518066.90601,9182
1755518067.006741,8587
1755518067.107473,9133
1755518067.20825,9178
1755518067.30898,9391
1755518067.409711,9490
1755518067.510442,9321
1755518067.611173,9252
1755518067.714897,9428
1755518067.816623,9043
1755518068.019082,9887
1755518068.12081,9240
1755518068.222537,8778
1755518068.323268,9053
1755518068.423998,9609
1755518068.524729,9977
1755518068.625459,9192
1755518068.727188,8856
1755518068.827918,9053
1755518068.929293,9706
1755518069.030026,9401
1755518069.130754,10086
1755518069.231497,9707
1755518069.433957,9272
1755518069.535683,9083
1755518069.636414,9798
1755518069.737088,9138
1755518069.837821,8855
1755518069.939546,9299
1755518070.040277,9857
1755518070.141512,9551
1755518070.245236,9448
1755518070.345966,9153
1755518070.446696,9550
1755518070.548425,9092
1755518070.650158,9170
1755518070.853608,9699
1755518070.954339,9500
1755518071.069032,9728
1755518071.172265,9221
1755518071.273501,9048
1755518071.374232,8954
1755518071.474962,8974
1755518071.575693,8686
1755518071.677232,8715
1755518071.778959,9476
1755518071.880688,9450
1755518071.982273,9863
1755518072.083006,9430
1755518072.290451,9588
1755518072.391937,9863
1755518072.493666,9043
1755518072.595393,8778
1755518072.696124,9351
1755518072.798851,8984
1755518072.900576,9476
1755518073.002305,8689
1755518073.103034,9123
1755518073.20576,9309
1755518073.30749,9141
1755518073.408727,9127
1755518073.510456,9829
1755518073.72887,8842
1755518073.847553,9322
1755518073.847553,9322
1755518073.951784,9037
1755518074.052554,9169
1755518074.15411,9078
1755518074.373972,9147
1755518074.4757,9279
1755518074.577427,8945
1755518074.678846,8903
1755518074.779577,8994
1755518074.880223,9429
1755518075.099046,8562
1755518075.199774,9093
1755518075.300522,10054
1755518075.401812,9645
1755518075.50253,8647
1755518075.603041,9779
1755518075.704501,9668
1755518075.805232,9262
1755518075.905969,9758
1755518076.008688,9618
1755518076.214139,9397
1755518076.31548,9038
1755518076.416076,8737
1755518076.516807,9828
1755518076.624307,9148
1755518076.725037,9163
1755518076.826598,8871
1755518076.929367,8922
1755518077.033089,9168
1755518077.135816,9790
1755518077.237566,9210
1755518077.339801,8734
1755518077.440532,9440
1755518077.54119,9308
1755518077.746592,9068
1755518077.84794,9047
1755518077.950019,8895
1755518078.051328,9397
1755518078.152225,9118
1755518078.25385,8944
1755518078.355359,9043
1755518078.456875,9486
1755518078.558298,9554
1755518078.659431,9007
1755518078.761091,9610
1755518078.863069,9423
1755518078.966155,9824
1755518079.17115,9479
1755518079.272877,9161
1755518079.373643,8852
1755518079.475445,9233
1755518079.576818,8887
1755518079.677557,9251
1755518079.778534,9170
1755518079.880208,9451
1755518079.981498,9438
1755518080.082892,8826
1755518080.184146,9086
1755518080.284876,9351
1755518080.389374,9311
1755518080.499787,9111
1755518080.601029,9027
1755518080.807322,10061
1755518080.909139,9939
1755518081.010001,9508
1755518081.111727,9505
1755518081.21356,9171
1755518081.315288,9122
1755518081.416714,9888
1755518081.518127,9752
1755518081.619525,9102
1755518081.721311,9736
1755518081.822481,9143
1755518081.924032,9729
1755518082.130614,9452
1755518082.233491,9511
1755518082.334406,9394
1755518082.435168,9705
1755518082.53691,9612
1755518082.637641,9252
1755518082.738569,9660
1755518082.83991,9502
1755518082.9415,9233
1755518083.042539,8838
1755518083.143115,9793
1755518083.24514,9066
1755518083.447598,9609
1755518083.550323,9702
1755518083.651054,9679
1755518083.752771,8956
1755518083.85405,9616
1755518083.954782,9401
1755518084.055512,9560
1755518084.156243,9292
1755518084.257971,9702
1755518084.358836,9775
1755518084.460073,9048
1755518084.560803,9302
1755518084.661832,9086
1755518084.762563,9371
1755518084.863321,9051
1755518085.07118,9896
1755518085.173904,9550
1755518085.275632,9476
1755518085.376363,9053
1755518085.477093,9302
1755518085.580816,9419
1755518085.681548,9113
1755518085.783274,9014
1755518085.884005,9043
1755518085.984735,9192
1755518086.085972,8781
1755518086.19169,8787
1755518086.294415,9140
1755518086.496169,9034
1755518086.597406,9176
1755518086.698138,9371
1755518086.798868,9173
1755518086.900596,9358
1755518087.003038,8930
1755518087.104765,9613
1755518087.206003,8978
1755518087.307732,9613
1755518087.408461,9530
1755518087.509192,9252
1755518087.612372,8954
1755518087.81694,9611
1755518087.918894,8847
1755518088.020325,9908
1755518088.121056,9163
1755518088.222783,10046
1755518088.323513,9182
1755518088.424245,9808
1755518088.524974,10126
1755518088.626211,10045
1755518088.72745,9205
1755518088.828181,9718
1755518088.928912,8984
1755518089.031637,9802
1755518089.136588,9985
1755518089.340045,9269
1755518089.441772,9456
1755518089.542502,9401
1755518089.644201,9164
1755518089.744932,9341
1755518089.846659,9545
1755518089.947391,9619
1755518090.058095,8933
1755518090.159822,9456
1755518090.260551,9173
1755518090.361284,8755
1755518090.462013,8974
1755518090.663476,9599
1755518090.765203,9201
1755518090.865932,9252
1755518090.966665,9778
1755518091.0679,8672
1755518091.168632,9728
1755518091.269362,8974
1755518091.370092,9639
1755518091.471333,9699
1755518091.572061,9054
1755518091.672969,9265
1755518091.7737,9500
1755518091.875428,9947
1755518091.978153,9578
1755518092.084868,8958
1755518092.192579,8967
1755518092.399028,9599
1755518092.500755,9083
1755518092.601486,9520
1755518092.703233,9258
1755518092.80496,10134
1755518092.905709,9876
1755518093.006944,9324
1755518093.107675,9867
1755518093.209403,9213
1755518093.310134,9649
1755518093.410864,9321
1755518093.511595,9619
1755518093.716048,8689
1755518093.817776,9377
1755518093.918507,9709
1755518094.019237,9609
1755518094.120965,9171
1755518094.221696,8855
1755518094.322426,9441
1755518094.423158,9291
1755518094.524885,8965
1755518094.626612,8857
1755518094.727343,8944
1755518094.829071,9564
1755518095.03153,9599
1755518095.133257,8896
1755518095.233988,9202
1755518095.334718,9679
1755518095.435448,9083
1755518095.537178,9338
1755518095.637907,9758
1755518095.738637,9014
1755518095.83937,8914
1755518095.941096,9279
1755518096.041726,4481
1755518096.142401,69
1755518096.348484,78
1755518096.449723,39
1755518096.550453,69
1755518096.651185,29
1755518096.753727,128
1755518096.855454,49
1755518096.956185,59
1755518097.056915,49
1755518097.158643,39
1755518097.259373,49
1755518097.361103,58
1755518097.462831,9
1755518097.564557,78
1755518097.665741,602
1755518097.87019,9609
1755518097.97092,9728
1755518098.071651,9242
1755518098.172381,9510
1755518098.273111,8726
1755518098.373843,10056
1755518098.474573,9371
1755518098.576138,10092
1755518098.677832,8466
1755518098.778562,9172
1755518098.879293,9977
1755518098.980023,9927
1755518099.081662,11393
1755518099.285625,9502
1755518099.386633,9415
1755518099.487271,9827
1755518099.588174,9365
1755518099.689436,9638
1755518099.790614,10180
1755518099.891453,9936
1755518099.992184,9153
1755518100.093911,9574
1755518100.316662,8762
1755518100.462291,9331
1755518100.570509,8954
1755518100.673235,9269
1755518100.774481,9284
1755518100.875243,9983
1755518100.976324,9635
1755518101.078647,9685
1755518101.179624,9180
1755518101.282988,9161
1755518101.486442,9240
1755518101.587174,9341
1755518101.688901,9073
1755518101.790629,9446
1755518101.892356,9633
1755518101.993529,5446
1755518102.094259,4755
1755518102.1948,9269
1755518102.295531,9222
1755518102.39726,9619
1755518102.497989,9421
1755518102.599213,9395
1755518102.700343,9749
1755518102.903537,9480
1755518103.005206,9383
1755518103.105979,9526
1755518103.207307,9474
1755518103.308251,8856
1755518103.4102,9092
1755518103.51107,9774
1755518103.611954,9486
1755518103.713127,8925
1755518103.814004,9704
1755518103.91498,9269
1755518104.016122,9620
1755518104.117381,9480
1755518104.320817,9198
1755518104.422031,9474
1755518104.522833,9454
1755518104.62389,9479
1755518104.725473,9755
1755518104.827064,9853
1755518104.92789,9838
1755518105.029198,8765
1755518105.130652,9452
1755518105.231742,5074
1755518105.338232,1042
1755518105.439099,1794
1755518105.541684,3480
1755518105.744482,9499
1755518105.845215,9053
1755518105.946308,9595
1755518106.047304,9445
1755518106.148432,9631
1755518106.249159,9550
1755518106.350121,9855
1755518106.451145,9849
1755518106.552543,9191
1755518106.653103,9317
1755518106.755627,9071
1755518106.856385,10014
1755518107.061834,8947
1755518107.163101,8798
1755518107.264728,9712
1755518107.365664,9035
1755518107.466396,9679
1755518107.568127,9731
1755518107.669123,9247
1755518107.770135,9523
1755518107.870799,9268
1755518107.972407,9782
1755518108.074279,9384
1755518108.178047,9087
1755518108.279212,9598
1755518108.485149,8850
1755518108.586112,9528
1755518108.687593,9716
1755518108.788362,10003
1755518108.889701,9483
1755518108.990365,7311
1755518109.091278,4409
1755518109.192555,9715
1755518109.293735,9221
1755518109.394575,9480
1755518109.597597,9611
1755518109.597597,9611
1755518109.700809,9465
1755518109.90706,9256
1755518110.007679,9123
1755518110.108733,9193
1755518110.209913,4516
1755518110.311353,4850
1755518110.41401,10179
1755518110.514934,9601
1755518110.616324,9458
1755518110.71695,9649
1755518110.817764,8947
1755518111.020828,9667
1755518111.122206,8571
1755518111.224969,9993
1755518111.325928,9003
1755518111.431005,9364
1755518111.531692,9683
1755518111.634746,9470
1755518111.735667,8888
1755518111.837955,9502
1755518111.940067,9763
1755518112.044255,9525
1755518112.145473,9859
1755518112.247033,8920
1755518112.348002,9418
1755518112.449436,9178
1755518112.652408,9058
1755518112.753888,9124
1755518112.854936,9213
1755518112.956325,9715
1755518113.057141,9036
1755518113.158849,9458
1755518113.260717,9679
1755518113.363096,9748
1755518113.469345,9263
1755518113.569891,9488
1755518113.671137,9175
1755518113.77293,9922
1755518113.880083,10023
1755518113.982035,9386
1755518114.18938,9213
1755518114.290458,9467
1755518114.391144,10100
1755518114.492061,9998
1755518114.59281,9479
1755518114.694693,9726
1755518114.795397,9910
1755518114.89622,8807
1755518114.997408,9418
1755518115.098504,9446
1755518115.199783,9459
1755518115.302635,9592
1755518115.404794,8995
1755518115.506378,9883
1755518115.614638,9412
1755518115.828665,9095
1755518115.930156,9715
1755518116.031888,9082
1755518116.133357,9618
1755518116.234312,9905
1755518116.335004,9623
1755518116.435752,9895
1755518116.537481,8974
1755518116.638412,9620
1755518116.739728,9050
1755518116.841418,9440
1755518116.942868,9561
1755518117.045546,9583
1755518117.151415,9672
1755518117.35636,9395
1755518117.458632,9034
1755518117.559368,10363
1755518117.660873,9162
1755518117.762308,9572
1755518117.863847,9759
1755518117.966131,9280
1755518118.066869,9152
1755518118.168296,10421
1755518118.269668,9578
1755518118.371164,9931
1755518118.472566,9477
1755518118.576158,9769
1755518118.778108,9838
1755518118.879517,9348
1755518118.980684,9410
1755518119.081756,9933
1755518119.182936,9576
1755518119.284232,9783
1755518119.385315,9497
1755518119.486609,9516
1755518119.587937,9701
1755518119.68916,10066
1755518119.79065,9626
1755518119.892138,9932
1755518120.096462,9236
1755518120.197014,10173
1755518120.29815,9818
1755518120.39982,9373
1755518120.500582,9557
1755518120.601998,9850
1755518120.703562,9442
1755518120.80426,9742
1755518120.904952,9255
1755518121.006498,9857
1755518121.107431,9531
1755518121.209164,9534
1755518121.310421,8888
1755518121.417285,8992
1755518121.623666,8657
1755518121.724312,9260
1755518121.825409,7754
1755518121.926871,9865
1755518122.027732,9587
1755518122.129113,10337
1755518122.22978,8900
1755518122.33027,9622
1755518122.435649,10069
1755518122.536422,9734
1755518122.637216,9891
1755518122.738841,9574
1755518122.940997,10362
1755518123.04273,9760
1755518123.14361,9486
1755518123.244527,9294
1755518123.346961,9296
1755518123.448327,9115
1755518123.549939,9054
1755518123.650676,9648
1755518123.751346,9148
1755518123.853256,8801
1755518123.954568,9446
1755518124.055327,9666
1755518124.157847,9364
1755518124.261078,9173
1755518124.467345,10138
1755518124.568298,9430
1755518124.669399,9030
1755518124.770772,10199
1755518124.871712,9322
1755518124.972926,9573
1755518125.074675,9729
1755518125.175957,9488
1755518125.277941,9158
1755518125.379043,9554
1755518125.480174,9275
1755518125.581635,9934
1755518125.784471,10024
1755518125.885849,9804
1755518125.986661,9750
1755518126.087681,9592
1755518126.188903,9365
1755518126.289601,9404
1755518126.390793,9674
1755518126.491758,9022
1755518126.593314,9275
1755518126.69593,8715
1755518126.79704,9059
1755518126.898156,9563
1755518126.999116,9677
1755518127.202601,9705
1755518127.304225,9525
1755518127.405105,9902
1755518127.506182,9497
1755518127.607617,9474
1755518127.708584,9577
1755518127.809949,10062
1755518127.911592,10005
1755518128.013135,9779
1755518128.114547,10048
1755518128.215883,10095
1755518128.317006,9355
1755518128.424603,10167
1755518128.527414,9463
1755518128.730161,9472
1755518128.831728,9451
1755518128.932295,9724
1755518129.033098,9136
1755518129.134118,9522
1755518129.234888,9675
1755518129.335727,9629
1755518129.437309,9755
1755518129.538509,9535
1755518129.639611,9792
1755518129.740855,9373
1755518129.842581,10439
1755518129.94799,9515
1755518130.050773,9164
1755518130.255868,9624
1755518130.357175,9811
1755518130.458517,9453
1755518130.55999,9027
1755518130.661484,9271
1755518130.762021,9538
1755518130.863371,9620
1755518130.96438,9484
1755518131.066011,9111
1755518131.166615,9343
1755518131.26826,9720
1755518131.473273,9616
1755518131.574849,9224
1755518131.675685,9361
1755518131.777897,9779
1755518131.879116,9168
1755518131.980256,9709
1755518132.081815,9324
1755518132.183063,9165
1755518132.283862,10079
1755518132.384557,10328
1755518132.485796,9719
1755518132.58692,9394
1755518132.687939,9562
1755518132.792757,9607
1755518133.000094,9464
1755518133.1031,10283
1755518133.203847,9777
1755518133.305082,9561
1755518133.406098,9592
1755518133.507451,9698
1755518133.608079,9510
1755518133.70885,9228
1755518133.809844,9871
1755518133.911116,9005
1755518134.011697,9474
1755518134.112841,9234
1755518134.214025,9171
1755518134.419345,10405
1755518134.521115,10179
1755518134.621852,9430
1755518134.723706,9798
1755518134.824436,9014
1755518134.925263,9382
1755518135.026152,9683
1755518135.127739,9243
1755518135.228533,9564
1755518135.330117,9214
1755518135.431144,9611
1755518135.53215,9573
1755518135.73789,9500
1755518135.838563,9337
1755518135.939516,9420
1755518136.040884,9253
1755518136.142069,9823
1755518136.243088,9760
1755518136.34482,9564
1755518136.445917,9861
1755518136.547517,9084
1755518136.648381,9428
1755518136.749757,9311
1755518136.851171,9821
1755518136.952646,9342
1755518137.159673,9447
1755518137.260918,9679
1755518137.362449,9415
1755518137.463173,9709
1755518137.563849,9088
1755518137.664502,9527
1755518137.767078,9125
1755518137.868276,9476
1755518137.97025,8953
1755518138.071401,9322
1755518138.172362,9280
1755518138.273292,9798
1755518138.37469,9467
1755518138.47798,10039
1755518138.683308,9185
1755518138.785705,9658
1755518138.887027,9297
1755518138.988038,9464
1755518139.089435,9783
1755518139.190142,9274
1755518139.291076,9778
1755518139.392205,9571
1755518139.493323,8979
1755518139.594776,9501
1755518139.696456,9529
1755518139.798173,9831
1755518139.906086,9403
1755518140.01008,9231
1755518140.116877,9835
1755518140.225231,9509
1755518140.428876,9764
1755518140.530158,9784
1755518140.632733,9480
1755518140.733907,9666
1755518140.835328,9199
1755518140.93639,9340
1755518141.037221,9510
1755518141.138292,9478
1755518141.239057,9398
1755518141.340311,9737
1755518141.441398,9397
1755518141.547233,9666
1755518141.752516,9529
1755518141.853481,9062
1755518141.954186,9264
1755518142.055343,9173
1755518142.156744,9319
1755518142.258432,9932
1755518142.359027,9155
1755518142.460359,9878
1755518142.560976,9322
1755518142.662446,9332
1755518142.763127,9664
1755518142.864456,9493
1755518143.066218,9935
1755518143.167378,10211
1755518143.268636,9490
1755518143.370365,9466
1755518143.471644,9962
1755518143.572996,9452
1755518143.674184,8578
1755518143.775838,9738
1755518143.876719,9506
1755518143.978242,9593
1755518144.079353,10147
1755518144.180403,10103
1755518144.28108,10171
1755518144.483354,10107
1755518144.584231,9486
1755518144.685672,10133
1755518144.787137,9697
1755518144.888081,9302
1755518144.989336,9234
1755518145.090035,9960
1755518145.191045,8969
1755518145.292445,9625
1755518145.393819,9331
1755518145.495098,9972
1755518145.596246,9678
1755518145.800326,9346
1755518145.90193,9783
1755518146.003403,9776
1755518146.104852,10054
1755518146.206161,9545
1755518146.306957,9901
1755518146.408894,9486
1755518146.510228,9157
1755518146.610952,9610
1755518146.711871,9750
1755518146.813215,9403
1755518146.913844,9122
1755518147.115795,9347
1755518147.216724,9333
1755518147.317863,9719
1755518147.419177,10373
1755518147.520452,10022
1755518147.621896,8980
1755518147.723124,9246
1755518147.824563,9483
1755518147.926192,9820
1755518148.027936,9494
1755518148.128682,9638
1755518148.229735,9559
1755518148.332821,9584
1755518148.435496,9651
